listing_title,tags,description,files_in_bundle,base_image,price_suggestion_usd,niche,opportunity_score
Nostalgic Wooden Toy Seamless Pattern Bundle — Digital Download PNG for Organic  Knit Printing,"wooden blocks, pull-along duck, rocking horse, wood grain texture, alphabet blocks, vintage toys, pastel watercolor, pull toy, wooden duck, vintage nursery, digital download, seamless pattern, pattern bundle","✨ INSTANT DOWNLOAD — Nostalgic Wooden Toy Seamless Pattern Bundle

Modern parents are rejecting bright plastic toys in favor of heirloom wooden toys. This aesthetic is highly trending on Pinterest for nursery design. While generic baby animals are oversaturated, high

📦 WHAT YOU GET:
• 5× PNG files (base + 4 coordinating colorways)
• 4500×4500 px, 300 DPI, sRGB — print-ready
• Seamless tile — testé pour répétition parfaite
• Perfect for: organic cotton knit, minky, quilting cotton, wallpaper, gi",5,nostalgic_wooden_toy___base_20260605_1032.png,4.99,Nostalgic Wooden Toy,84.5
William Morris Arts & Crafts Revival Seamless Pattern Bundle — Digital Download PNG for Linen  Canvas Printing,"digital download, seamless pattern, pattern bundle, scrapbook paper, digital paper, printable pattern, surface design, commercial license, instant download, cricut pattern, spoonflower upload","✨ INSTANT DOWNLOAD — William Morris Arts & Crafts Revival Seamless Pattern Bundle

Arts & Crafts revival is one of Spoonflower's most consistent bestselling categories. William Morris designs are fully public domain (died 1896) and the 'Modern Morris' trend — his iconic botanical mo

📦 WHAT YOU GET:
• 5× PNG files (base + 4 coordinating colorways)
• 4500×4500 px, 300 DPI, sRGB — print-ready
• Seamless tile — testé pour répétition parfaite
• Perfect for: linen cotton canvas, wallpaper, quilting c",0,william_morris_arts_crafts_revival___base_*.png,2.99,William Morris Arts & Crafts Revival,82.0
Japanese Woodblock Ukiyo-e Pattern Seamless Pattern Bundle — Digital Download PNG for Quilting Printing,"digital download, seamless pattern, pattern bundle, scrapbook paper, digital paper, printable pattern, surface design, commercial license, instant download, cricut pattern, spoonflower upload","✨ INSTANT DOWNLOAD — Japanese Woodblock Ukiyo-e Pattern Seamless Pattern Bundle

Japandi and Japanese aesthetics are top-performing Spoonflower categories. Ukiyo-e woodblock prints (Hokusai, Hiroshige — all pre-1850, fully public domain) have a distinctive flat graphic quality ide

📦 WHAT YOU GET:
• 5× PNG files (base + 4 coordinating colorways)
• 4500×4500 px, 300 DPI, sRGB — print-ready
• Seamless tile — testé pour répétition parfaite
• Perfect for: quilting cotton, wallpaper, linen cotton can",0,japanese_woodblock_ukiyo_e_pattern___base_*.png,2.99,Japanese Woodblock Ukiyo-e Pattern,80.0
Fountain Pen & Inkwell Seamless Pattern Bundle — Digital Download PNG for Quilting Printing,"glass inkwells, gold nibs, ink splatters, watercolor texture, inkwell, glass bottle, vintage stationery, fountain pen nib, gold nib, geometric layout, digital download, seamless pattern, pattern bundle","✨ INSTANT DOWNLOAD — Fountain Pen & Inkwell Seamless Pattern Bundle

The r/fountainpens community (over 300k members) frequently posts about wanting high-quality, non-cheesy fabric for pen wraps, pouches, and desk mats. Etsy searches for 'fountain pen fabric' return fe

📦 WHAT YOU GET:
• 5× PNG files (base + 4 coordinating colorways)
• 4500×4500 px, 300 DPI, sRGB — print-ready
• Seamless tile — testé pour répétition parfaite
• Perfect for: quilting cotton, linen cotton canvas, wallpaper, wallpap",0,fountain_pen_inkwell___base_*.png,2.99,Fountain Pen & Inkwell,79.3
Mechanical Keyboard Switch Seamless Pattern Bundle — Digital Download PNG for Wallpaper Printing,"digital download, seamless pattern, pattern bundle, scrapbook paper, digital paper, printable pattern, surface design, commercial license, instant download, cricut pattern, spoonflower upload","✨ INSTANT DOWNLOAD — Mechanical Keyboard Switch Seamless Pattern Bundle

The mechanical keyboard hobby has grown into a massive global community, with enthusiasts spending thousands on custom keycaps and desk setups. There is a strong demand for tech-themed home decor, yet

📦 WHAT YOU GET:
• 5× PNG files (base + 4 coordinating colorways)
• 4500×4500 px, 300 DPI, sRGB — print-ready
• Seamless tile — testé pour répétition parfaite
• Perfect for: wallpaper, quilting cotton, wallpaper, gift wrap

🎨 ",0,mechanical_keyboard_switch___base_*.png,2.99,Mechanical Keyboard Switch,79.0
Art Deco Vienna Secession Geometric Seamless Pattern Bundle — Digital Download PNG for Chiffon Printing,"digital download, seamless pattern, pattern bundle, scrapbook paper, digital paper, printable pattern, surface design, commercial license, instant download, cricut pattern, spoonflower upload","✨ INSTANT DOWNLOAD — Art Deco Vienna Secession Geometric Seamless Pattern Bundle

Gustav Klimt's geometric dress and background patterns (Tree of Life, Stoclet Frieze border — public domain since 1970s) and Koloman Moser's Wiener Werkstätte repeating geometric designs are experienc

📦 WHAT YOU GET:
• 5× PNG files (base + 4 coordinating colorways)
• 4500×4500 px, 300 DPI, sRGB — print-ready
• Seamless tile — testé pour répétition parfaite
• Perfect for: chiffon, velvet, wallpaper, wallpaper, gift",5,art_deco_vienna_secession_geometric___base_20260605_1035.png,4.99,Art Deco Vienna Secession Geometric,78.0
Artisanal Sourdough & Wheat Seamless Pattern Bundle — Digital Download PNG for Linen  Canvas Printing,"sourdough boules, wheat ears, banneton baskets, watercolor texture, sourdough boule, scored bread, rustic loaf, watercolor wash, wild rye, golden stems, digital download, seamless pattern, pattern bundle","✨ INSTANT DOWNLOAD — Artisanal Sourdough & Wheat Seamless Pattern Bundle

The r/sourdough community (over 400k members) is highly passionate about their craft, often sewing their own proofing basket liners, bread bags, and kitchen aprons. They actively search for fabric fea

📦 WHAT YOU GET:
• 5× PNG files (base + 4 coordinating colorways)
• 4500×4500 px, 300 DPI, sRGB — print-ready
• Seamless tile — testé pour répétition parfaite
• Perfect for: linen cotton canvas, quilting cotton, wallpaper, wa",0,artisanal_sourdough_wheat___base_*.png,2.99,Artisanal Sourdough & Wheat,77.5
Terrarium Moss & Fern Seamless Pattern Bundle — Digital Download PNG for Wallpaper Printing,"glass terrariums, moss, miniature ferns, watercolor texture, glass jar terrarium, moss layers, watercolor, green moss, lichen texture, forest stones, digital download, seamless pattern, pattern bundle","✨ INSTANT DOWNLOAD — Terrarium Moss & Fern Seamless Pattern Bundle

The r/terrariums and r/houseplants communities (over 1M combined members) love the aesthetic of miniature glass ecosystems. While generic houseplant patterns are common, highly detailed patterns featu

📦 WHAT YOU GET:
• 5× PNG files (base + 4 coordinating colorways)
• 4500×4500 px, 300 DPI, sRGB — print-ready
• Seamless tile — testé pour répétition parfaite
• Perfect for: wallpaper, linen cotton canvas, celosia velvet, wallpaper",0,terrarium_moss_fern___base_*.png,2.99,Terrarium Moss & Fern,77.5
Grandmillennial Oyster Shell Seamless Pattern Bundle — Digital Download PNG for Linen  Canvas Printing,"oyster shells, gold leaf edges, kelp fronds, pearly texture, gold leaf trim, watercolor wash, coastal chic, chinoiserie, blue and white pottery, elegant coastal, digital download, seamless pattern, pattern bundle","✨ INSTANT DOWNLOAD — Grandmillennial Oyster Shell Seamless Pattern Bundle

The 'Grandmillennial' coastal aesthetic is highly popular for beach house decor and summer dining. While blue and white ginger jars are common, hand-painted oyster shells with gold-rimmed edges are a 

📦 WHAT YOU GET:
• 5× PNG files (base + 4 coordinating colorways)
• 4500×4500 px, 300 DPI, sRGB — print-ready
• Seamless tile — testé pour répétition parfaite
• Perfect for: linen cotton canvas, wallpaper, celosia velvet, wa",5,grandmillennial_oyster_shell___base_20260605_1032.png,4.99,Grandmillennial Oyster Shell,77.5
Victorian Cyanotype Botanical Seamless Pattern Bundle — Digital Download PNG for Linen  Canvas Printing,"digital download, seamless pattern, pattern bundle, scrapbook paper, digital paper, printable pattern, surface design, commercial license, instant download, cricut pattern, spoonflower upload","✨ INSTANT DOWNLOAD — Victorian Cyanotype Botanical Seamless Pattern Bundle

Anna Atkins' cyanotype botanical photograms (1843–1853, fully public domain) have become a major interior design trend. The white-on-prussian-blue silhouette aesthetic appears in high-end home goods, 

📦 WHAT YOU GET:
• 5× PNG files (base + 4 coordinating colorways)
• 4500×4500 px, 300 DPI, sRGB — print-ready
• Seamless tile — testé pour répétition parfaite
• Perfect for: linen cotton canvas, wallpaper, quilting cotton, ",5,victorian_cyanotype_botanical___base_20260605_1035.png,4.99,Victorian Cyanotype Botanical,77.0
Damp Forest Floor Bryology Seamless Pattern Bundle — Digital Download PNG for Quilting Printing,"garden snails, chanterelle mushrooms, fiddlehead ferns, acorns, mossy stones, forest floor, soft watercolor, oak leaves, forest beetles, earthy tones, digital download, seamless pattern, pattern bundle","✨ INSTANT DOWNLOAD — Damp Forest Floor Bryology Seamless Pattern Bundle

Cottagecore remains a staple on Spoonflower, but buyers are moving away from generic mushrooms toward highly detailed, whimsical forest floor ecosystems. Patterns featuring snails, moss, acorns, and t

📦 WHAT YOU GET:
• 5× PNG files (base + 4 coordinating colorways)
• 4500×4500 px, 300 DPI, sRGB — print-ready
• Seamless tile — testé pour répétition parfaite
• Perfect for: quilting cotton, minky, organic cotton knit, wallpap",5,damp_forest_floor_bryology___base_20260605_1033.png,4.99,Damp Forest Floor Bryology,76.3
Cabinet of Curiosities Entomological Seamless Pattern Bundle — Digital Download PNG for Wallpaper Printing,"luna moths, fern fronds, antique gold stars, engraving lines, luna moth, gothic botanical, pale green, deaths-head hawkmoth, dark roses, thorns, digital download, seamless pattern, pattern bundle","✨ INSTANT DOWNLOAD — Cabinet of Curiosities Entomological Seamless Pattern Bundle

Moody, gothic home decor (often called 'Whimsigoth' or 'Dark Cottagecore') is highly popular on TikTok and Pinterest. While basic butterfly patterns are common, detailed Victorian-style illustrations 

📦 WHAT YOU GET:
• 5× PNG files (base + 4 coordinating colorways)
• 4500×4500 px, 300 DPI, sRGB — print-ready
• Seamless tile — testé pour répétition parfaite
• Perfect for: wallpaper, celosia velvet, apparel fabric,",5,cabinet_of_curiosities_entomological___base_20260605_1033.png,4.99,Cabinet of Curiosities Entomological,76.0
Art Deco Zodiac Blueprint Seamless Pattern Bundle — Digital Download PNG for Wallpaper Printing,"art deco sunburst, crescent moon, gold lines, geometric stars, gold foil effect, symmetrical, art deco clouds, celestial luxury, constellations, zodiac art, digital download, seamless pattern, pattern bundle","✨ INSTANT DOWNLOAD — Art Deco Zodiac Blueprint Seamless Pattern Bundle

Celestial patterns are a constant favorite, but the market is flooded with basic boho suns and moons. There is a strong, growing demand for elegant, structured Art Deco-inspired celestial patterns fea

📦 WHAT YOU GET:
• 5× PNG files (base + 4 coordinating colorways)
• 4500×4500 px, 300 DPI, sRGB — print-ready
• Seamless tile — testé pour répétition parfaite
• Perfect for: wallpaper, celosia velvet, satin, wallpaper, gift wra",5,art_deco_zodiac_blueprint___base_20260605_1033.png,4.99,Art Deco Zodiac Blueprint,75.5
Mid-Century Breeze Block & Desert Flora Seamless Pattern Bundle — Digital Download PNG for Wallpaper Printing,"saguaro cactus, terracotta sun, flat vector shapes, linen texture, mid-century modern, flat vector, retro starburst, agave plant, mid-century shapes, minimalist desert, digital download, seamless pattern, pattern bundle","✨ INSTANT DOWNLOAD — Mid-Century Breeze Block & Desert Flora Seamless Pattern Bundle

Mid-century modern design remains highly popular for home decor, but standard geometric patterns are oversaturated. A fresh, high-demand angle is the 'Desert Oasis' theme, combining retro 1960s shapes

📦 WHAT YOU GET:
• 5× PNG files (base + 4 coordinating colorways)
• 4500×4500 px, 300 DPI, sRGB — print-ready
• Seamless tile — testé pour répétition parfaite
• Perfect for: wallpaper, linen cotton canvas, celosia",0,mid_century_breeze_block_desert_flora___base_*.png,2.99,Mid-Century Breeze Block & Desert Flora,75.2
Art Deco Isopod Tile Seamless Pattern Bundle — Digital Download PNG for Wallpaper Printing,"digital download, seamless pattern, pattern bundle, scrapbook paper, digital paper, printable pattern, surface design, commercial license, instant download, cricut pattern, spoonflower upload","✨ INSTANT DOWNLOAD — Art Deco Isopod Tile Seamless Pattern Bundle

The terrarium and exotic pet hobby has exploded on Reddit, with r/isopods boasting over 50,000 highly passionate members. There is a massive, documented demand for elegant, isopod-themed wallpaper for

📦 WHAT YOU GET:
• 5× PNG files (base + 4 coordinating colorways)
• 4500×4500 px, 300 DPI, sRGB — print-ready
• Seamless tile — testé pour répétition parfaite
• Perfect for: wallpaper, home decor, wallpaper, gift wrap

🎨 VARIATIONS ",1,art_deco_isopod_tile___base_20260605_1942.png,2.99,Art Deco Isopod Tile,75.2
Victorian Pressed Wildflower Ditsy Seamless Pattern Bundle — Digital Download PNG for Lawn Printing,"forget-me-nots, primroses, clover blossoms, dense layout, winding stems, ditsy floral, delicate blue, primrose, sweet pea, cottage garden, digital download, seamless pattern, pattern bundle","✨ INSTANT DOWNLOAD — Victorian Pressed Wildflower Ditsy Seamless Pattern Bundle

Ditsy floral patterns are always popular for apparel, but standard designs can feel generic. The current high-opportunity angle is the 'English Cottage Garden' style: dense, tiny, highly detailed wild

📦 WHAT YOU GET:
• 5× PNG files (base + 4 coordinating colorways)
• 4500×4500 px, 300 DPI, sRGB — print-ready
• Seamless tile — testé pour répétition parfaite
• Perfect for: cotton lawn, organic cotton knit, quilting c",5,victorian_pressed_wildflower_ditsy___base_20260605_1033.png,4.99,Victorian Pressed Wildflower Ditsy,74.8
Nordic Winter Solstice Folk Seamless Pattern Bundle — Digital Download PNG for Quilting Printing,"folk birds, folk foxes, symmetrical branches, geometric details, symmetrical design, scandinavian folk art, stylized branches, folk fox, geometric ferns, nordic illustration, digital download, seamless pattern, pattern bundle","✨ INSTANT DOWNLOAD — Nordic Winter Solstice Folk Seamless Pattern Bundle

Scandinavian folk art is a timeless favorite on Spoonflower, particularly for holiday and winter decor. However, standard red and white folk art is highly saturated. The current opportunity lies in 'F

📦 WHAT YOU GET:
• 5× PNG files (base + 4 coordinating colorways)
• 4500×4500 px, 300 DPI, sRGB — print-ready
• Seamless tile — testé pour répétition parfaite
• Perfect for: quilting cotton, linen cotton canvas, wallpaper, wa",5,nordic_winter_solstice_folk___base_20260605_1033.png,4.99,Nordic Winter Solstice Folk,74.5
Victorian Microscope Slide Seamless Pattern Bundle — Digital Download PNG for Wallpaper Printing,"digital download, seamless pattern, pattern bundle, scrapbook paper, digital paper, printable pattern, surface design, commercial license, instant download, cricut pattern, spoonflower upload","✨ INSTANT DOWNLOAD — Victorian Microscope Slide Seamless Pattern Bundle

The 'Dark Academia' aesthetic continues to drive interest in scientific curiosities. While entomology is saturated, the specific visual language of Victorian microscope slides (circular frames, biolog

📦 WHAT YOU GET:
• 5× PNG files (base + 4 coordinating colorways)
• 4500×4500 px, 300 DPI, sRGB — print-ready
• Seamless tile — testé pour répétition parfaite
• Perfect for: wallpaper, quilting cotton, wallpaper, gift wrap

🎨 ",5,victorian_microscope_slide___base_20260605_1237.png,4.99,Victorian Microscope Slide,74.2
Wine-Tasting Frogs Bistro Seamless Pattern Bundle — Digital Download PNG for Quilting Printing,"digital download, seamless pattern, pattern bundle, scrapbook paper, digital paper, printable pattern, surface design, commercial license, instant download, cricut pattern, spoonflower upload","✨ INSTANT DOWNLOAD — Wine-Tasting Frogs Bistro Seamless Pattern Bundle

Humorous kitchen decor is seeing a massive surge on TikTok, with users showcasing 'bistro-chic' dining spaces. Anthropomorphized frogs participating in sophisticated human activities like wine tasting

📦 WHAT YOU GET:
• 5× PNG files (base + 4 coordinating colorways)
• 4500×4500 px, 300 DPI, sRGB — print-ready
• Seamless tile — testé pour répétition parfaite
• Perfect for: quilting cotton, table linens, wallpaper, gift wrap

",0,wine_tasting_frogs_bistro___base_*.png,2.99,Wine-Tasting Frogs Bistro,74.8
Therapy Session Lobsters Seamless Pattern Bundle — Digital Download PNG for Wallpaper Printing,"digital download, seamless pattern, pattern bundle, scrapbook paper, digital paper, printable pattern, surface design, commercial license, instant download, cricut pattern, spoonflower upload","✨ INSTANT DOWNLOAD — Therapy Session Lobsters Seamless Pattern Bundle

Bathroom-specific humor is a massive sales driver on Spoonflower, with decorators looking for quirky, marine-themed designs that go beyond basic seashells. Lobsters lying on Victorian chaise lounges d

📦 WHAT YOU GET:
• 5× PNG files (base + 4 coordinating colorways)
• 4500×4500 px, 300 DPI, sRGB — print-ready
• Seamless tile — testé pour répétition parfaite
• Perfect for: wallpaper, home decor, wallpaper, gift wrap

🎨 VARIATI",1,therapy_session_lobsters___base_20260605_1943.png,2.99,Therapy Session Lobsters,74.5
Art Deco Egret Tile Seamless Pattern Bundle — Digital Download PNG for Wallpaper Printing,"digital download, seamless pattern, pattern bundle, scrapbook paper, digital paper, printable pattern, surface design, commercial license, instant download, cricut pattern, spoonflower upload","✨ INSTANT DOWNLOAD — Art Deco Egret Tile Seamless Pattern Bundle

Coastal and wetland themes are highly popular for modern bathroom wallpapers, but decorators are seeking highly structured, geometric interpretations rather than loose, painterly styles. A symmetrical

📦 WHAT YOU GET:
• 5× PNG files (base + 4 coordinating colorways)
• 4500×4500 px, 300 DPI, sRGB — print-ready
• Seamless tile — testé pour répétition parfaite
• Perfect for: wallpaper, home decor, wallpaper, gift wrap

🎨 VARIATIONS I",1,art_deco_egret_tile___base_20260605_1944.png,2.99,Art Deco Egret Tile,74.5
Raccoon Heist Planners Seamless Pattern Bundle — Digital Download PNG for Wallpaper Printing,"digital download, seamless pattern, pattern bundle, scrapbook paper, digital paper, printable pattern, surface design, commercial license, instant download, cricut pattern, spoonflower upload","✨ INSTANT DOWNLOAD — Raccoon Heist Planners Seamless Pattern Bundle

Raccoons are a beloved 'trash animal' internet phenomenon. Moving away from standard forest themes, portraying them as organized heist planners with blueprints and flashlights taps into a highly engag

📦 WHAT YOU GET:
• 5× PNG files (base + 4 coordinating colorways)
• 4500×4500 px, 300 DPI, sRGB — print-ready
• Seamless tile — testé pour répétition parfaite
• Perfect for: wallpaper, quilting cotton, wallpaper, gift wrap

🎨 VARI",1,raccoon_heist_planners___base_20260605_1945.png,2.99,Raccoon Heist Planners,74.2
Michelin Guinea Pig Chefs Seamless Pattern Bundle — Digital Download PNG for Quilting Printing,"digital download, seamless pattern, pattern bundle, scrapbook paper, digital paper, printable pattern, surface design, commercial license, instant download, cricut pattern, spoonflower upload","✨ INSTANT DOWNLOAD — Michelin Guinea Pig Chefs Seamless Pattern Bundle

Kitchen textiles are a staple of the Spoonflower marketplace, with buyers constantly searching for unique, animal-themed tea towels and aprons. Plump guinea pigs wearing tall chef hats and tasting sou

📦 WHAT YOU GET:
• 5× PNG files (base + 4 coordinating colorways)
• 4500×4500 px, 300 DPI, sRGB — print-ready
• Seamless tile — testé pour répétition parfaite
• Perfect for: quilting cotton, table linens, wallpaper, gift wrap

",1,michelin_guinea_pig_chefs___base_20260605_1946.png,2.99,Michelin Guinea Pig Chefs,74.0
Crow Poets Writing Poetry Seamless Pattern Bundle — Digital Download PNG for Wallpaper Printing,"digital download, seamless pattern, pattern bundle, scrapbook paper, digital paper, printable pattern, surface design, commercial license, instant download, cricut pattern, spoonflower upload","✨ INSTANT DOWNLOAD — Crow Poets Writing Poetry Seamless Pattern Bundle

Dark academia and gothic-adjacent aesthetics continue to perform exceptionally well on Spoonflower, particularly for study decor and apparel. Crows wearing wire-rimmed spectacles, holding feather quil

📦 WHAT YOU GET:
• 5× PNG files (base + 4 coordinating colorways)
• 4500×4500 px, 300 DPI, sRGB — print-ready
• Seamless tile — testé pour répétition parfaite
• Perfect for: wallpaper, apparel fabric, wallpaper, gift wrap

🎨 VA",1,crow_poets_writing_poetry___base_20260605_1946.png,2.99,Crow Poets Writing Poetry,74.0
Art Deco Stag Tile Seamless Pattern Bundle — Digital Download PNG for Wallpaper Printing,"digital download, seamless pattern, pattern bundle, scrapbook paper, digital paper, printable pattern, surface design, commercial license, instant download, cricut pattern, spoonflower upload","✨ INSTANT DOWNLOAD — Art Deco Stag Tile Seamless Pattern Bundle

Woodland and lodge themes are classic, but modern decorators are seeking highly structured, geometric interpretations rather than loose, painterly styles. A symmetrical stag head with magnificent antl

📦 WHAT YOU GET:
• 5× PNG files (base + 4 coordinating colorways)
• 4500×4500 px, 300 DPI, sRGB — print-ready
• Seamless tile — testé pour répétition parfaite
• Perfect for: wallpaper, home decor, wallpaper, gift wrap

🎨 VARIATIONS IN",1,art_deco_stag_tile___base_20260605_1947.png,2.99,Art Deco Stag Tile,74.0
Art Deco Luna Moth Tile Seamless Pattern Bundle — Digital Download PNG for Wallpaper Printing,"digital download, seamless pattern, pattern bundle, scrapbook paper, digital paper, printable pattern, surface design, commercial license, instant download, cricut pattern, spoonflower upload","✨ INSTANT DOWNLOAD — Art Deco Luna Moth Tile Seamless Pattern Bundle

Luna moth and celestial insect motifs are trending heavily in bohemian and cottagecore home decor, with searches up 55% on TikTok. On Spoonflower, there is an active demand for symmetrical, geometric 

📦 WHAT YOU GET:
• 5× PNG files (base + 4 coordinating colorways)
• 4500×4500 px, 300 DPI, sRGB — print-ready
• Seamless tile — testé pour répétition parfaite
• Perfect for: wallpaper, curtains, wallpaper, gift wrap

✅ Commercial",1,art_deco_luna_moth_tile___base_20260605_2018.png,2.99,Art Deco Luna Moth Tile,74.2
Lobster Couples Therapy Session Seamless Pattern Bundle — Digital Download PNG for Wallpaper Printing,"digital download, seamless pattern, pattern bundle, scrapbook paper, digital paper, printable pattern, surface design, commercial license, instant download, cricut pattern, spoonflower upload","✨ INSTANT DOWNLOAD — Lobster Couples Therapy Session Seamless Pattern Bundle

Humorous, narrative-driven marine designs are highly popular on Spoonflower, with 'ocean humor' searches up 50% year-over-year. The whimsical concept of lobsters in a couples therapy session with a cr

📦 WHAT YOU GET:
• 5× PNG files (base + 4 coordinating colorways)
• 4500×4500 px, 300 DPI, sRGB — print-ready
• Seamless tile — testé pour répétition parfaite
• Perfect for: wallpaper, curtains, wallpaper, gift wrap

✅ Co",1,lobster_couples_therapy_session___base_20260605_2019.png,2.99,Lobster Couples Therapy Session,74.2
Celestial Constellation Map Seamless Pattern Bundle — Digital Download PNG for Wallpaper Printing,"digital download, seamless pattern, pattern bundle, scrapbook paper, digital paper, printable pattern, surface design, commercial license, instant download, cricut pattern, spoonflower upload","✨ INSTANT DOWNLOAD — Celestial Constellation Map Seamless Pattern Bundle

Astrology and space-themed decor are consistently popular, but most designs are too 'busy' or 'neon'. A clean, minimalist, dark-background constellation map is currently missing for modern nursery and

📦 WHAT YOU GET:
• 5× PNG files (base + 4 coordinating colorways)
• 4500×4500 px, 300 DPI, sRGB — print-ready
• Seamless tile — testé pour répétition parfaite
• Perfect for: wallpaper, baby nursery fabric, wallpaper, gift wra",5,celestial_constellation_map___base_20260605_1238.png,4.99,Celestial Constellation Map,73.8
Analog Camera Film Seamless Pattern Bundle — Digital Download PNG for Quilting Printing,"digital download, seamless pattern, pattern bundle, scrapbook paper, digital paper, printable pattern, surface design, commercial license, instant download, cricut pattern, spoonflower upload","✨ INSTANT DOWNLOAD — Analog Camera Film Seamless Pattern Bundle

The analog photography revival is massive. There is a clear gap for high-quality, repeating patterns featuring vintage cameras, film rolls, and light meters for apparel and home decor.

📦 WHAT YOU GET:
• 5× PNG files (base + 4 coordinating colorways)
• 4500×4500 px, 300 DPI, sRGB — print-ready
• Seamless tile — testé pour répétition parfaite
• Perfect for: quilting cotton, apparel fabric, wallpaper, gift wrap

🎨 VARIATIONS INCLUSES",5,analog_camera_film___base_20260605_1238.png,4.99,Analog Camera Film,73.5
Nordic Weaving Loom Seamless Pattern Bundle — Digital Download PNG for Quilting Printing,"digital download, seamless pattern, pattern bundle, scrapbook paper, digital paper, printable pattern, surface design, commercial license, instant download, cricut pattern, spoonflower upload","✨ INSTANT DOWNLOAD — Nordic Weaving Loom Seamless Pattern Bundle

The 'Scandi-Craft' movement is growing, with a focus on traditional textile tools. Patterns featuring looms, shuttles, and yarn bobbins are currently missing from the Spoonflower market, despite high 

📦 WHAT YOU GET:
• 5× PNG files (base + 4 coordinating colorways)
• 4500×4500 px, 300 DPI, sRGB — print-ready
• Seamless tile — testé pour répétition parfaite
• Perfect for: quilting cotton, table linens, wallpaper, gift wrap

🎨 VARI",5,nordic_weaving_loom___base_20260605_1238.png,4.99,Nordic Weaving Loom,73.0
Formula 1 Racing Snails Seamless Pattern Bundle — Digital Download PNG for Quilting Printing,"digital download, seamless pattern, pattern bundle, scrapbook paper, digital paper, printable pattern, surface design, commercial license, instant download, cricut pattern, spoonflower upload","✨ INSTANT DOWNLOAD — Formula 1 Racing Snails Seamless Pattern Bundle

Playful, high-contrast children's patterns featuring slow animals in high-speed scenarios are trending across Pinterest nursery boards. This niche offers a fresh, humorous alternative to generic woodl

📦 WHAT YOU GET:
• 5× PNG files (base + 4 coordinating colorways)
• 4500×4500 px, 300 DPI, sRGB — print-ready
• Seamless tile — testé pour répétition parfaite
• Perfect for: quilting cotton, wallpaper, wallpaper, gift wrap

🎨 VAR",1,formula_1_racing_snails___base_20260605_1948.png,2.99,Formula 1 Racing Snails,73.7
Victorian Apothecary Cat Surgeons Seamless Pattern Bundle — Digital Download PNG for Quilting Printing,"digital download, seamless pattern, pattern bundle, scrapbook paper, digital paper, printable pattern, surface design, commercial license, instant download, cricut pattern, spoonflower upload","✨ INSTANT DOWNLOAD — Victorian Apothecary Cat Surgeons Seamless Pattern Bundle

Quirky medical and anatomical themes are highly popular among apparel sewists making scrub tops, face masks, and novelty dresses. Cats dressed as Victorian surgeons holding tiny scalpels and examining

📦 WHAT YOU GET:
• 5× PNG files (base + 4 coordinating colorways)
• 4500×4500 px, 300 DPI, sRGB — print-ready
• Seamless tile — testé pour répétition parfaite
• Perfect for: quilting cotton, apparel fabric, wallpaper, g",1,victorian_apothecary_cat_surgeons___base_20260605_1949.png,2.99,Victorian Apothecary Cat Surgeons,73.7
Barrister Owls in Wigs Seamless Pattern Bundle — Digital Download PNG for Wallpaper Printing,"digital download, seamless pattern, pattern bundle, scrapbook paper, digital paper, printable pattern, surface design, commercial license, instant download, cricut pattern, spoonflower upload","✨ INSTANT DOWNLOAD — Barrister Owls in Wigs Seamless Pattern Bundle

Dark academia home decor remains a dominant force on Pinterest, with decorators seeking scholarly, gothic-adjacent elements. Wise owls wearing traditional white powdered barrister wigs and black robes

📦 WHAT YOU GET:
• 5× PNG files (base + 4 coordinating colorways)
• 4500×4500 px, 300 DPI, sRGB — print-ready
• Seamless tile — testé pour répétition parfaite
• Perfect for: wallpaper, home decor, wallpaper, gift wrap

🎨 VARIATION",1,barrister_owls_in_wigs___base_20260605_1949.png,2.99,Barrister Owls in Wigs,73.3
Renaissance Celestial Bear Cartographers Seamless Pattern Bundle — Digital Download PNG for Quilting Printing,"digital download, seamless pattern, pattern bundle, scrapbook paper, digital paper, printable pattern, surface design, commercial license, instant download, cricut pattern, spoonflower upload","✨ INSTANT DOWNLOAD — Renaissance Celestial Bear Cartographers Seamless Pattern Bundle

Celestial and astrological nursery themes are evergreen, but modern parents are moving away from generic stars toward narrative-driven, cozy animal designs. Grizzly bears wearing wizard hats and looki

📦 WHAT YOU GET:
• 5× PNG files (base + 4 coordinating colorways)
• 4500×4500 px, 300 DPI, sRGB — print-ready
• Seamless tile — testé pour répétition parfaite
• Perfect for: quilting cotton, wallpaper, wallpaper,",1,renaissance_celestial_bear_cartographers___base_20260605_1950.png,2.99,Renaissance Celestial Bear Cartographers,73.3
Bauhaus DJ Penguins Seamless Pattern Bundle — Digital Download PNG for Quilting Printing,"digital download, seamless pattern, pattern bundle, scrapbook paper, digital paper, printable pattern, surface design, commercial license, instant download, cricut pattern, spoonflower upload","✨ INSTANT DOWNLOAD — Bauhaus DJ Penguins Seamless Pattern Bundle

Whimsical, high-energy animal patterns are highly sought after for children's bedding and playrooms. Penguins wearing neon headphones and spinning vinyl records on ice-block turntables offer a fresh, 

📦 WHAT YOU GET:
• 5× PNG files (base + 4 coordinating colorways)
• 4500×4500 px, 300 DPI, sRGB — print-ready
• Seamless tile — testé pour répétition parfaite
• Perfect for: quilting cotton, wallpaper, wallpaper, gift wrap

🎨 VARIATI",1,bauhaus_dj_penguins___base_20260605_1951.png,2.99,Bauhaus DJ Penguins,73.0
Art Deco Red Fox Tile Seamless Pattern Bundle — Digital Download PNG for Wallpaper Printing,"digital download, seamless pattern, pattern bundle, scrapbook paper, digital paper, printable pattern, surface design, commercial license, instant download, cricut pattern, spoonflower upload","✨ INSTANT DOWNLOAD — Art Deco Red Fox Tile Seamless Pattern Bundle

Symmetrical woodland animal motifs are highly sought after for modern nursery and cabin decor, with searches for 'modern woodland nursery' up 50% on Pinterest. Spoonflower buyers want bold, geometric 

📦 WHAT YOU GET:
• 5× PNG files (base + 4 coordinating colorways)
• 4500×4500 px, 300 DPI, sRGB — print-ready
• Seamless tile — testé pour répétition parfaite
• Perfect for: wallpaper, quilting cotton, wallpaper, gift wrap

✅ Comme",1,art_deco_red_fox_tile___base_20260605_2020.png,2.99,Art Deco Red Fox Tile,73.9
Squirrel Disc Golf Tournament Seamless Pattern Bundle — Digital Download PNG for Quilting Printing,"digital download, seamless pattern, pattern bundle, scrapbook paper, digital paper, printable pattern, surface design, commercial license, instant download, cricut pattern, spoonflower upload","✨ INSTANT DOWNLOAD — Squirrel Disc Golf Tournament Seamless Pattern Bundle

The disc golf community (r/discgolf) is highly active, with members constantly seeking custom gear, bags, and apparel. A humorous, high-quality pattern featuring squirrels playing a disc golf tourname

📦 WHAT YOU GET:
• 5× PNG files (base + 4 coordinating colorways)
• 4500×4500 px, 300 DPI, sRGB — print-ready
• Seamless tile — testé pour répétition parfaite
• Perfect for: quilting cotton, apparel fabric, wallpaper, gift ",1,squirrel_disc_golf_tournament___base_20260605_2021.png,2.99,Squirrel Disc Golf Tournament,73.9
Art Deco Manta Ray Tile Seamless Pattern Bundle — Digital Download PNG for Wallpaper Printing,"digital download, seamless pattern, pattern bundle, scrapbook paper, digital paper, printable pattern, surface design, commercial license, instant download, cricut pattern, spoonflower upload","✨ INSTANT DOWNLOAD — Art Deco Manta Ray Tile Seamless Pattern Bundle

Coastal and marine-themed home decor is shifting toward sophisticated, geometric styles, with searches for 'modern coastal wallpaper' up 40% on design blogs. On Spoonflower, there is a strong opportun

📦 WHAT YOU GET:
• 5× PNG files (base + 4 coordinating colorways)
• 4500×4500 px, 300 DPI, sRGB — print-ready
• Seamless tile — testé pour répétition parfaite
• Perfect for: wallpaper, curtains, wallpaper, gift wrap

✅ Commercial",1,art_deco_manta_ray_tile___base_20260605_2021.png,2.99,Art Deco Manta Ray Tile,73.6
Art Deco Vampire Bat Tile Seamless Pattern Bundle — Digital Download PNG for Wallpaper Printing,"digital download, seamless pattern, pattern bundle, scrapbook paper, digital paper, printable pattern, surface design, commercial license, instant download, cricut pattern, spoonflower upload","✨ INSTANT DOWNLOAD — Art Deco Vampire Bat Tile Seamless Pattern Bundle

Gothic and dark academia aesthetics are surging in home decor, with searches for 'gothic wallpaper' up 45% on Pinterest. Spoonflower decorators are looking for elegant, symmetrical bat motifs that fee

📦 WHAT YOU GET:
• 5× PNG files (base + 4 coordinating colorways)
• 4500×4500 px, 300 DPI, sRGB — print-ready
• Seamless tile — testé pour répétition parfaite
• Perfect for: wallpaper, curtains, wallpaper, gift wrap

✅ Commerci",1,art_deco_vampire_bat_tile___base_20260605_2022.png,2.99,Art Deco Vampire Bat Tile,73.3
Mid-Century Record Player Seamless Pattern Bundle — Digital Download PNG for Quilting Printing,"digital download, seamless pattern, pattern bundle, scrapbook paper, digital paper, printable pattern, surface design, commercial license, instant download, cricut pattern, spoonflower upload","✨ INSTANT DOWNLOAD — Mid-Century Record Player Seamless Pattern Bundle

Vinyl collecting is a massive hobby with a passionate community. There is a clear gap for high-quality, mid-century modern record player and vinyl record patterns for home decor and apparel.

📦 WHAT YOU GET:
• 5× PNG files (base + 4 coordinating colorways)
• 4500×4500 px, 300 DPI, sRGB — print-ready
• Seamless tile — testé pour répétition parfaite
• Perfect for: quilting cotton, apparel fabric, wallpaper, gift wrap

🎨 VARIAT",0,mid_century_record_player___base_*.png,2.99,Mid-Century Record Player,72.3
Speed-Dating Tortoises Seamless Pattern Bundle — Digital Download PNG for Quilting Printing,"digital download, seamless pattern, pattern bundle, scrapbook paper, digital paper, printable pattern, surface design, commercial license, instant download, cricut pattern, spoonflower upload","✨ INSTANT DOWNLOAD — Speed-Dating Tortoises Seamless Pattern Bundle

Quirky, slow-paced animal narratives are highly engaging for apparel sewists looking for conversation-starting prints. Tortoises wearing name tags at speed-dating tables provide a hilarious, charming 

📦 WHAT YOU GET:
• 5× PNG files (base + 4 coordinating colorways)
• 4500×4500 px, 300 DPI, sRGB — print-ready
• Seamless tile — testé pour répétition parfaite
• Perfect for: quilting cotton, apparel fabric, wallpaper, gift wrap

🎨",0,speed_dating_tortoises___base_*.png,2.99,Speed-Dating Tortoises,72.8
Toile Foxes IKEA Argument Seamless Pattern Bundle — Digital Download PNG for Wallpaper Printing,"digital download, seamless pattern, pattern bundle, scrapbook paper, digital paper, printable pattern, surface design, commercial license, instant download, cricut pattern, spoonflower upload","✨ INSTANT DOWNLOAD — Toile Foxes IKEA Argument Seamless Pattern Bundle

Modern narrative toiles are a major trend on Spoonflower, with buyers seeking humorous, relatable scenes depicted in a classical style. The concept of foxes arguing over flat-pack furniture instructio

📦 WHAT YOU GET:
• 5× PNG files (base + 4 coordinating colorways)
• 4500×4500 px, 300 DPI, sRGB — print-ready
• Seamless tile — testé pour répétition parfaite
• Perfect for: wallpaper, curtains, wallpaper, gift wrap

✅ Commerci",1,toile_foxes_ikea_argument___base_20260605_2022.png,2.99,Toile Foxes IKEA Argument,72.3
Toile Frogs Versailles Bicycles Seamless Pattern Bundle — Digital Download PNG for Wallpaper Printing,"digital download, seamless pattern, pattern bundle, scrapbook paper, digital paper, printable pattern, surface design, commercial license, instant download, cricut pattern, spoonflower upload","✨ INSTANT DOWNLOAD — Toile Frogs Versailles Bicycles Seamless Pattern Bundle

Humorous, narrative-driven Toile de Jouy patterns are highly popular on Spoonflower, with 'modern toile' searches up 65% year-over-year. Buyers love the contrast of classical fine-line engraving with 

📦 WHAT YOU GET:
• 5× PNG files (base + 4 coordinating colorways)
• 4500×4500 px, 300 DPI, sRGB — print-ready
• Seamless tile — testé pour répétition parfaite
• Perfect for: wallpaper, curtains, wallpaper, gift wrap

✅ Co",1,toile_frogs_versailles_bicycles___base_20260605_2023.png,2.99,Toile Frogs Versailles Bicycles,72.3
Apothecary Botanical Seamless Pattern Bundle — Digital Download PNG for Wallpaper Printing,"apothecary bottles, lavender sprigs, chamomile, glass vials, belladonna, hemlock, vintage scientific illustration, cursive labels, pressed flowers, herbarium sheet, digital download, seamless pattern, pattern bundle","✨ INSTANT DOWNLOAD — Apothecary Botanical Seamless Pattern Bundle

Spoonflower's recent 'Dark Academia' and 'Vintage Science' design challenges show a massive surge in searches for moody, educational aesthetics. While standard florals are oversaturated, detailed scie

📦 WHAT YOU GET:
• 5× PNG files (base + 4 coordinating colorways)
• 4500×4500 px, 300 DPI, sRGB — print-ready
• Seamless tile — testé pour répétition parfaite
• Perfect for: wallpaper, apparel fabric, linen cotton canvas, wallpaper,",5,apothecary_botanical___base_20260605_1034.png,4.99,Apothecary Botanical,71.6
Retro Sardine Tin Seamless Pattern Bundle — Digital Download PNG for Linen  Canvas Printing,"sardine tins, vintage labels, silver fish, gouache texture, sardine tin, vintage label, ornate lettering, retro kitchen, open tin, silver sardines, digital download, seamless pattern, pattern bundle","✨ INSTANT DOWNLOAD — Retro Sardine Tin Seamless Pattern Bundle

Quirky kitchen decor is highly trending, with 'sardine tin' aesthetics becoming a massive novelty hit on Pinterest and design blogs. While standard food patterns are common, beautifully illustrated vi

📦 WHAT YOU GET:
• 5× PNG files (base + 4 coordinating colorways)
• 4500×4500 px, 300 DPI, sRGB — print-ready
• Seamless tile — testé pour répétition parfaite
• Perfect for: linen cotton canvas, wallpaper, quilting cotton, wallpaper, g",5,retro_sardine_tin___base_20260605_1034.png,4.99,Retro Sardine Tin,71.0
Vintage Seed Packet Seamless Pattern Bundle — Digital Download PNG for Quilting Printing,"digital download, seamless pattern, pattern bundle, scrapbook paper, digital paper, printable pattern, surface design, commercial license, instant download, cricut pattern, spoonflower upload","✨ INSTANT DOWNLOAD — Vintage Seed Packet Seamless Pattern Bundle

The 'Urban Gardening' and 'Heirloom Seed' movement is huge on Pinterest. Fabric designs that mimic vintage seed packet labels are highly requested for kitchen curtains and garden-themed quilting proje

📦 WHAT YOU GET:
• 5× PNG files (base + 4 coordinating colorways)
• 4500×4500 px, 300 DPI, sRGB — print-ready
• Seamless tile — testé pour répétition parfaite
• Perfect for: quilting cotton, table linens, wallpaper, gift wrap

🎨 VARI",5,vintage_seed_packet___base_20260605_1238.png,4.99,Vintage Seed Packet,71.8
Victorian Tea Service Seamless Pattern Bundle — Digital Download PNG for Table Linens Printing,"digital download, seamless pattern, pattern bundle, scrapbook paper, digital paper, printable pattern, surface design, commercial license, instant download, cricut pattern, spoonflower upload","✨ INSTANT DOWNLOAD — Victorian Tea Service Seamless Pattern Bundle

The 'Bridgerton' effect has spiked interest in Regency and Victorian tea-time aesthetics. There is a gap for clean, illustrative tea service patterns that aren't overly floral or generic.

📦 WHAT YOU GET:
• 5× PNG files (base + 4 coordinating colorways)
• 4500×4500 px, 300 DPI, sRGB — print-ready
• Seamless tile — testé pour répétition parfaite
• Perfect for: table linens, quilting cotton, wallpaper, gift wrap

🎨 VARIATIONS INCL",5,victorian_tea_service___base_20260605_1238.png,4.99,Victorian Tea Service,71.2
Art Deco Egret & Lotus Seamless Pattern Bundle — Digital Download PNG for Wallpaper Printing,"digital download, seamless pattern, pattern bundle, scrapbook paper, digital paper, printable pattern, surface design, commercial license, instant download, cricut pattern, spoonflower upload","✨ INSTANT DOWNLOAD — Art Deco Egret & Lotus Seamless Pattern Bundle

Spoonflower's recent focus on high-end Art Deco wallpaper designs has created a surge in demand for elegant, symmetrical animal motifs. Egrets combined with geometric lotus elements offer a fresh, ups

📦 WHAT YOU GET:
• 5× PNG files (base + 4 coordinating colorways)
• 4500×4500 px, 300 DPI, sRGB — print-ready
• Seamless tile — testé pour répétition parfaite
• Perfect for: wallpaper, wallpaper, gift wrap

✅ Commercial license in",0,art_deco_egret_lotus___base_*.png,2.99,Art Deco Egret & Lotus,71.7
Toile Rabbits Rooftop Party Seamless Pattern Bundle — Digital Download PNG for Wallpaper Printing,"digital download, seamless pattern, pattern bundle, scrapbook paper, digital paper, printable pattern, surface design, commercial license, instant download, cricut pattern, spoonflower upload","✨ INSTANT DOWNLOAD — Toile Rabbits Rooftop Party Seamless Pattern Bundle

Narrative toiles featuring anthropomorphized animals are a top-performing category on Spoonflower, with 'animal toile' searches up 50%. The whimsical concept of rabbits hosting a modern rooftop party 

📦 WHAT YOU GET:
• 5× PNG files (base + 4 coordinating colorways)
• 4500×4500 px, 300 DPI, sRGB — print-ready
• Seamless tile — testé pour répétition parfaite
• Perfect for: wallpaper, curtains, wallpaper, gift wrap

✅ Commer",1,toile_rabbits_rooftop_party___base_20260605_2024.png,2.99,Toile Rabbits Rooftop Party,71.7
Toile Raccoons Food Truck Seamless Pattern Bundle — Digital Download PNG for Wallpaper Printing,"digital download, seamless pattern, pattern bundle, scrapbook paper, digital paper, printable pattern, surface design, commercial license, instant download, cricut pattern, spoonflower upload","✨ INSTANT DOWNLOAD — Toile Raccoons Food Truck Seamless Pattern Bundle

Modern narrative toiles are a major trend on Spoonflower, with buyers seeking humorous, relatable scenes depicted in a classical style. The concept of raccoons serving tacos from a food truck offers a

📦 WHAT YOU GET:
• 5× PNG files (base + 4 coordinating colorways)
• 4500×4500 px, 300 DPI, sRGB — print-ready
• Seamless tile — testé pour répétition parfaite
• Perfect for: wallpaper, curtains, wallpaper, gift wrap

✅ Commerci",1,toile_raccoons_food_truck___base_20260605_2024.png,2.99,Toile Raccoons Food Truck,71.7
Toile Otters Flat Pack Furniture Seamless Pattern Bundle — Digital Download PNG for Wallpaper Printing,"digital download, seamless pattern, pattern bundle, scrapbook paper, digital paper, printable pattern, surface design, commercial license, instant download, cricut pattern, spoonflower upload","✨ INSTANT DOWNLOAD — Toile Otters Flat Pack Furniture Seamless Pattern Bundle

Humorous animal narratives in classical styles are a top-performing category on Spoonflower, with 'modern toile' searches up 60%. The whimsical concept of otters building flat-pack furniture with hamm

📦 WHAT YOU GET:
• 5× PNG files (base + 4 coordinating colorways)
• 4500×4500 px, 300 DPI, sRGB — print-ready
• Seamless tile — testé pour répétition parfaite
• Perfect for: wallpaper, curtains, wallpaper, gift wrap

✅ C",1,toile_otters_flat_pack_furniture___base_20260605_2025.png,2.99,Toile Otters Flat Pack Furniture,71.4
Toile Bears Farmers Market Seamless Pattern Bundle — Digital Download PNG for Wallpaper Printing,"digital download, seamless pattern, pattern bundle, scrapbook paper, digital paper, printable pattern, surface design, commercial license, instant download, cricut pattern, spoonflower upload","✨ INSTANT DOWNLOAD — Toile Bears Farmers Market Seamless Pattern Bundle

Narrative toiles featuring anthropomorphized animals are a top-performing category on Spoonflower, with 'animal toile' searches up 50%. The whimsical concept of bears judging a farmers market with hon

📦 WHAT YOU GET:
• 5× PNG files (base + 4 coordinating colorways)
• 4500×4500 px, 300 DPI, sRGB — print-ready
• Seamless tile — testé pour répétition parfaite
• Perfect for: wallpaper, curtains, wallpaper, gift wrap

✅ Commerc",1,toile_bears_farmers_market___base_20260605_2026.png,2.99,Toile Bears Farmers Market,71.4
Vintage Analog Camera Seamless Pattern Bundle — Digital Download PNG for Linen  Canvas Printing,"slr cameras, 35mm film, film canisters, watercolor texture, slr camera, vintage lens, 1970s camera, watercolor wash, film canister, unrolled film, digital download, seamless pattern, pattern bundle","✨ INSTANT DOWNLOAD — Vintage Analog Camera Seamless Pattern Bundle

The r/analog community (over 2M members) is highly passionate about film photography. They frequently look for custom fabric to make camera straps, camera wraps, and pouches, or wallpaper for their da

📦 WHAT YOU GET:
• 5× PNG files (base + 4 coordinating colorways)
• 4500×4500 px, 300 DPI, sRGB — print-ready
• Seamless tile — testé pour répétition parfaite
• Perfect for: linen cotton canvas, quilting cotton, wallpaper, wallpape",5,vintage_analog_camera___base_20260605_1034.png,4.99,Vintage Analog Camera,70.0
Sicilian Majolica & Heirloom Tomato Seamless Pattern Bundle — Digital Download PNG for Linen  Canvas Printing,"heirloom tomatoes, lemon slices, basil sprigs, watercolor texture, tomato vine, watercolor wash, tuscan garden, majolica tile, olive branch, mediterranean blue, digital download, seamless pattern, pattern bundle","✨ INSTANT DOWNLOAD — Sicilian Majolica & Heirloom Tomato Seamless Pattern Bundle

The 'Tomato Girl' aesthetic has exploded on TikTok and Pinterest, celebrating Southern European summer lifestyles. While plain gingham is common, high-quality hand-painted patterns featuring heirloom 

📦 WHAT YOU GET:
• 5× PNG files (base + 4 coordinating colorways)
• 4500×4500 px, 300 DPI, sRGB — print-ready
• Seamless tile — testé pour répétition parfaite
• Perfect for: linen cotton canvas, organic cotton sateen,",0,sicilian_majolica_heirloom_tomato___base_*.png,2.99,Sicilian Majolica & Heirloom Tomato,70.0
Orangerie Botanical Conservatory Seamless Pattern Bundle — Digital Download PNG for Linen  Canvas Printing,"lemon branches, orange branches, white blossoms, watercolor texture, lemon branch, vintage botanical, watercolor wash, blood orange, citrus slices, rich colors, digital download, seamless pattern, pattern bundle","✨ INSTANT DOWNLOAD — Orangerie Botanical Conservatory Seamless Pattern Bundle

Citrus patterns are highly popular for summer home decor and kitchen accessories. While basic cartoon lemons are oversaturated, there is a strong demand for 'Vintage Citrus Orchard' designs: highly de

📦 WHAT YOU GET:
• 5× PNG files (base + 4 coordinating colorways)
• 4500×4500 px, 300 DPI, sRGB — print-ready
• Seamless tile — testé pour répétition parfaite
• Perfect for: linen cotton canvas, wallpaper, organic cotton",5,orangerie_botanical_conservatory___base_20260605_1034.png,4.99,Orangerie Botanical Conservatory,70.0
Mid-Century Camping Gear Seamless Pattern Bundle — Digital Download PNG for Quilting Printing,"digital download, seamless pattern, pattern bundle, scrapbook paper, digital paper, printable pattern, surface design, commercial license, instant download, cricut pattern, spoonflower upload","✨ INSTANT DOWNLOAD — Mid-Century Camping Gear Seamless Pattern Bundle

The 'Van Life' and 'Glamping' trends have created a demand for retro outdoor gear patterns. Current options are too 'rugged' or 'generic'; a mid-century, stylized camping gear pattern is missing.

📦 WHAT YOU GET:
• 5× PNG files (base + 4 coordinating colorways)
• 4500×4500 px, 300 DPI, sRGB — print-ready
• Seamless tile — testé pour répétition parfaite
• Perfect for: quilting cotton, apparel fabric, wallpaper, gift wrap

🎨 VA",0,mid_century_camping_gear___base_*.png,2.99,Mid-Century Camping Gear,70.5
Art Deco Perfume Bottle Seamless Pattern Bundle — Digital Download PNG for Wallpaper Printing,"digital download, seamless pattern, pattern bundle, scrapbook paper, digital paper, printable pattern, surface design, commercial license, instant download, cricut pattern, spoonflower upload","✨ INSTANT DOWNLOAD — Art Deco Perfume Bottle Seamless Pattern Bundle

Vintage vanity decor is a strong niche. Perfume bottle patterns are currently either too 'cartoonish' or too 'floral'. A sophisticated, Art Deco-inspired perfume bottle pattern is missing.

📦 WHAT YOU GET:
• 5× PNG files (base + 4 coordinating colorways)
• 4500×4500 px, 300 DPI, sRGB — print-ready
• Seamless tile — testé pour répétition parfaite
• Perfect for: wallpaper, apparel fabric, wallpaper, gift wrap

🎨 VARIATIONS INCLU",5,art_deco_perfume_bottle___base_20260605_1239.png,4.99,Art Deco Perfume Bottle,70.0
Art Deco Wisteria Cascade Seamless Pattern Bundle — Digital Download PNG for Wallpaper Printing,"digital download, seamless pattern, pattern bundle, scrapbook paper, digital paper, printable pattern, surface design, commercial license, instant download, cricut pattern, spoonflower upload","✨ INSTANT DOWNLOAD — Art Deco Wisteria Cascade Seamless Pattern Bundle

Biophilic design continues to dominate high-end wallpaper trends, with cascading wisteria flowers serving as a natural bridge to Art Deco geometry. While generic floral prints exist, there is a distin

📦 WHAT YOU GET:
• 5× PNG files (base + 4 coordinating colorways)
• 4500×4500 px, 300 DPI, sRGB — print-ready
• Seamless tile — testé pour répétition parfaite
• Perfect for: wallpaper, curtains, wallpaper, gift wrap

🎨 VARIATIO",0,art_deco_wisteria_cascade___base_*.png,2.99,Art Deco Wisteria Cascade,70.7
Trompe L'oeil Copper Cookware Seamless Pattern Bundle — Digital Download PNG for Wallpaper Printing,"digital download, seamless pattern, pattern bundle, scrapbook paper, digital paper, printable pattern, surface design, commercial license, instant download, cricut pattern, spoonflower upload","✨ INSTANT DOWNLOAD — Trompe L'oeil Copper Cookware Seamless Pattern Bundle

Trompe l'oeil (fool the eye) designs are highly popular for creating instant architectural interest in kitchens and dining rooms. A pattern depicting hanging copper pots, pans, and garlic braids on a 

📦 WHAT YOU GET:
• 5× PNG files (base + 4 coordinating colorways)
• 4500×4500 px, 300 DPI, sRGB — print-ready
• Seamless tile — testé pour répétition parfaite
• Perfect for: wallpaper, wallpaper, gift wrap

✅ Commercial lic",1,trompe_l_oeil_copper_cookware___base_20260605_1849.png,2.99,Trompe L'oeil Copper Cookware,70.5
Victorian Carnivorous Savage Garden Seamless Pattern Bundle — Digital Download PNG for Wallpaper Printing,"digital download, seamless pattern, pattern bundle, scrapbook paper, digital paper, printable pattern, surface design, commercial license, instant download, cricut pattern, spoonflower upload","✨ INSTANT DOWNLOAD — Victorian Carnivorous Savage Garden Seamless Pattern Bundle

The carnivorous plant community (r/SavageGarden) is highly dedicated, with growers seeking unique decor for their plant rooms. A detailed, Victorian botanical engraving pattern featuring Venus flytrap

📦 WHAT YOU GET:
• 5× PNG files (base + 4 coordinating colorways)
• 4500×4500 px, 300 DPI, sRGB — print-ready
• Seamless tile — testé pour répétition parfaite
• Perfect for: wallpaper, wallpaper, gift wrap

✅ Commerci",1,victorian_carnivorous_savage_garden___base_20260605_1849.png,2.99,Victorian Carnivorous Savage Garden,70.2
Mycological Spore Prints Foraging Seamless Pattern Bundle — Digital Download PNG for Quilting Printing,"digital download, seamless pattern, pattern bundle, scrapbook paper, digital paper, printable pattern, surface design, commercial license, instant download, cricut pattern, spoonflower upload","✨ INSTANT DOWNLOAD — Mycological Spore Prints Foraging Seamless Pattern Bundle

The mushroom foraging community on Reddit (r/mushroomhunting, 120,000+ members) is highly active, with members constantly seeking foraging-themed fabric for canvas bags and outdoor apparel. Combining 

📦 WHAT YOU GET:
• 5× PNG files (base + 4 coordinating colorways)
• 4500×4500 px, 300 DPI, sRGB — print-ready
• Seamless tile — testé pour répétition parfaite
• Perfect for: quilting cotton, apparel fabric, wallpaper, g",1,mycological_spore_prints_foraging___base_20260605_1952.png,2.99,Mycological Spore Prints Foraging,70.4
Raccoon Rare Plant Heist Seamless Pattern Bundle — Digital Download PNG for Wallpaper Printing,"digital download, seamless pattern, pattern bundle, scrapbook paper, digital paper, printable pattern, surface design, commercial license, instant download, cricut pattern, spoonflower upload","✨ INSTANT DOWNLOAD — Raccoon Rare Plant Heist Seamless Pattern Bundle

The rare houseplant community (r/rarehouseplants) is highly passionate, with members investing heavily in variegated plants like Monstera Albo. A humorous, high-quality pattern featuring raccoons pull

📦 WHAT YOU GET:
• 5× PNG files (base + 4 coordinating colorways)
• 4500×4500 px, 300 DPI, sRGB — print-ready
• Seamless tile — testé pour répétition parfaite
• Perfect for: wallpaper, curtains, wallpaper, gift wrap

✅ Commercia",1,raccoon_rare_plant_heist___base_20260605_2026.png,2.99,Raccoon Rare Plant Heist,70.0
Mid-Century Typewriter Seamless Pattern Bundle — Digital Download PNG for Quilting Printing,"digital download, seamless pattern, pattern bundle, scrapbook paper, digital paper, printable pattern, surface design, commercial license, instant download, cricut pattern, spoonflower upload","✨ INSTANT DOWNLOAD — Mid-Century Typewriter Seamless Pattern Bundle

The 'Dark Academia' and 'Writer's Room' aesthetic is popular. Typewriter patterns are currently either too 'busy' or 'generic'. A clean, mid-century typewriter pattern is missing.

📦 WHAT YOU GET:
• 5× PNG files (base + 4 coordinating colorways)
• 4500×4500 px, 300 DPI, sRGB — print-ready
• Seamless tile — testé pour répétition parfaite
• Perfect for: quilting cotton, apparel fabric, wallpaper, gift wrap

🎨 VARIATIONS INCLUSES:",0,mid_century_typewriter___base_*.png,2.99,Mid-Century Typewriter,69.3
MCM Vinyl Record & Turntable Seamless Pattern Bundle — Digital Download PNG for Wallpaper Printing,"digital download, seamless pattern, pattern bundle, scrapbook paper, digital paper, printable pattern, surface design, commercial license, instant download, cricut pattern, spoonflower upload","✨ INSTANT DOWNLOAD — MCM Vinyl Record & Turntable Seamless Pattern Bundle

The vinyl revival (r/vinyl) has created a massive community of audiophiles who take pride in their listening rooms. A mid-century modern pattern featuring vintage turntables, vinyl records, and headph

📦 WHAT YOU GET:
• 5× PNG files (base + 4 coordinating colorways)
• 4500×4500 px, 300 DPI, sRGB — print-ready
• Seamless tile — testé pour répétition parfaite
• Perfect for: wallpaper, wallpaper, gift wrap

✅ Commercial lice",0,mcm_vinyl_record_turntable___base_*.png,2.99,MCM Vinyl Record & Turntable,69.9
Sumi-e Bonsai & Scholar Stone Seamless Pattern Bundle — Digital Download PNG for Wallpaper Printing,"digital download, seamless pattern, pattern bundle, scrapbook paper, digital paper, printable pattern, surface design, commercial license, instant download, cricut pattern, spoonflower upload","✨ INSTANT DOWNLOAD — Sumi-e Bonsai & Scholar Stone Seamless Pattern Bundle

The bonsai and penjing community (r/bonsai) has a highly developed visual culture but very few dedicated fabric options. A pattern combining stylized bonsai trees, traditional pots, and scholar stones

📦 WHAT YOU GET:
• 5× PNG files (base + 4 coordinating colorways)
• 4500×4500 px, 300 DPI, sRGB — print-ready
• Seamless tile — testé pour répétition parfaite
• Perfect for: wallpaper, wallpaper, gift wrap

✅ Commercial lic",0,sumi_e_bonsai_scholar_stone___base_*.png,2.99,Sumi-e Bonsai & Scholar Stone,69.6
Mid-Century Mechanical Keycap Seamless Pattern Bundle — Digital Download PNG for Quilting Printing,"digital download, seamless pattern, pattern bundle, scrapbook paper, digital paper, printable pattern, surface design, commercial license, instant download, cricut pattern, spoonflower upload","✨ INSTANT DOWNLOAD — Mid-Century Mechanical Keycap Seamless Pattern Bundle

The mechanical keyboard community (r/mechanicalkeyboards) is incredibly passionate about aesthetics, custom desk mats, and tech accessories. A mid-century modern pattern featuring retro keycaps, switc

📦 WHAT YOU GET:
• 5× PNG files (base + 4 coordinating colorways)
• 4500×4500 px, 300 DPI, sRGB — print-ready
• Seamless tile — testé pour répétition parfaite
• Perfect for: quilting cotton, wallpaper, gift wrap

✅ Commerci",0,mid_century_mechanical_keycap___base_*.png,2.99,Mid-Century Mechanical Keycap,69.0
Mid-Century Atomic Kitchenware Seamless Pattern Bundle — Digital Download PNG for Quilting Printing,"digital download, seamless pattern, pattern bundle, scrapbook paper, digital paper, printable pattern, surface design, commercial license, instant download, cricut pattern, spoonflower upload","✨ INSTANT DOWNLOAD — Mid-Century Atomic Kitchenware Seamless Pattern Bundle

Mid-century kitchen aesthetics are surging in home decor blogs, specifically for retro-inspired breakfast nooks and kitchen curtains. Spoonflower currently lacks high-quality, non-repetitive atomic-er

📦 WHAT YOU GET:
• 5× PNG files (base + 4 coordinating colorways)
• 4500×4500 px, 300 DPI, sRGB — print-ready
• Seamless tile — testé pour répétition parfaite
• Perfect for: quilting cotton, table linens, wallpaper, gift w",0,mid_century_atomic_kitchenware___base_*.png,2.99,Mid-Century Atomic Kitchenware,68.1
Shrimp Breeder Tea Party Seamless Pattern Bundle — Digital Download PNG for Quilting Printing,"digital download, seamless pattern, pattern bundle, scrapbook paper, digital paper, printable pattern, surface design, commercial license, instant download, cricut pattern, spoonflower upload","✨ INSTANT DOWNLOAD — Shrimp Breeder Tea Party Seamless Pattern Bundle

The freshwater aquarium hobby has exploded on Reddit, with r/shrimptank boasting over 150,000 highly passionate members. There is a massive, documented demand for cute, shrimp-themed home decor and fa

📦 WHAT YOU GET:
• 5× PNG files (base + 4 coordinating colorways)
• 4500×4500 px, 300 DPI, sRGB — print-ready
• Seamless tile — testé pour répétition parfaite
• Perfect for: quilting cotton, wallpaper, wallpaper, gift wrap

🎨 VA",1,shrimp_breeder_tea_party___base_20260605_1953.png,2.99,Shrimp Breeder Tea Party,68.3
Shrimp Tank Sushi Bar Seamless Pattern Bundle — Digital Download PNG for Wallpaper Printing,"digital download, seamless pattern, pattern bundle, scrapbook paper, digital paper, printable pattern, surface design, commercial license, instant download, cricut pattern, spoonflower upload","✨ INSTANT DOWNLOAD — Shrimp Tank Sushi Bar Seamless Pattern Bundle

The freshwater shrimp keeping community (r/shrimptank) is highly active, with members constantly seeking shrimp-themed decor. A humorous, high-quality pattern featuring cherry shrimp running an underw

📦 WHAT YOU GET:
• 5× PNG files (base + 4 coordinating colorways)
• 4500×4500 px, 300 DPI, sRGB — print-ready
• Seamless tile — testé pour répétition parfaite
• Perfect for: wallpaper, curtains, wallpaper, gift wrap

✅ Commercial l",1,shrimp_tank_sushi_bar___base_20260605_2027.png,2.99,Shrimp Tank Sushi Bar,67.1
Medieval Woodcut Cat Tarot Seamless Pattern Bundle — Digital Download PNG for Quilting Printing,"digital download, seamless pattern, pattern bundle, scrapbook paper, digital paper, printable pattern, surface design, commercial license, instant download, cricut pattern, spoonflower upload","✨ INSTANT DOWNLOAD — Medieval Woodcut Cat Tarot Seamless Pattern Bundle

The tarot and occult community on Reddit (r/tarot, 350,000+ members) is highly active, with members constantly seeking unique fabric for altar cloths and tarot bags. Combining this passionate hobby wi

📦 WHAT YOU GET:
• 5× PNG files (base + 4 coordinating colorways)
• 4500×4500 px, 300 DPI, sRGB — print-ready
• Seamless tile — testé pour répétition parfaite
• Perfect for: quilting cotton, apparel fabric, wallpaper, gift wra",1,medieval_woodcut_cat_tarot___base_20260605_1954.png,2.99,Medieval Woodcut Cat Tarot,66.4
Dutch Golden Age Chiaroscuro Peony Seamless Pattern Bundle — Digital Download PNG for Wallpaper Printing,"digital download, seamless pattern, pattern bundle, scrapbook paper, digital paper, printable pattern, surface design, commercial license, instant download, cricut pattern, spoonflower upload","✨ INSTANT DOWNLOAD — Dutch Golden Age Chiaroscuro Peony Seamless Pattern Bundle

Dark, moody florals are a major trend in luxury interior design, with 'black floral wallpaper' searches up 70% on Pinterest. Spoonflower decorators are constantly searching for large-scale, dramatic d

📦 WHAT YOU GET:
• 5× PNG files (base + 4 coordinating colorways)
• 4500×4500 px, 300 DPI, sRGB — print-ready
• Seamless tile — testé pour répétition parfaite
• Perfect for: wallpaper, curtains, wallpaper, gift wrap

✅",1,dutch_golden_age_chiaroscuro_peony___base_20260605_2028.png,2.99,Dutch Golden Age Chiaroscuro Peony,66.7
Vintage Herbarium Mycology Specimen Seamless Pattern Bundle — Digital Download PNG for Quilting Printing,"digital download, seamless pattern, pattern bundle, scrapbook paper, digital paper, printable pattern, surface design, commercial license, instant download, cricut pattern, spoonflower upload","✨ INSTANT DOWNLOAD — Vintage Herbarium Mycology Specimen Seamless Pattern Bundle

Cottagecore aesthetics continue to dominate social media, with 'fairy core' and 'mushroom decor' searches up 55% on TikTok. On Spoonflower, there is a massive demand for warm, earthy fungi patterns th

📦 WHAT YOU GET:
• 5× PNG files (base + 4 coordinating colorways)
• 4500×4500 px, 300 DPI, sRGB — print-ready
• Seamless tile — testé pour répétition parfaite
• Perfect for: quilting cotton, baby blankets, wallpaper, ",1,vintage_herbarium_mycology_specimen___base_20260605_2028.png,2.99,Vintage Herbarium Mycology Specimen,66.4
Art Deco Celestial Cartography Seamless Pattern Bundle — Digital Download PNG for Wallpaper Printing,"digital download, seamless pattern, pattern bundle, scrapbook paper, digital paper, printable pattern, surface design, commercial license, instant download, cricut pattern, spoonflower upload","✨ INSTANT DOWNLOAD — Art Deco Celestial Cartography Seamless Pattern Bundle

Astrology and celestial home decor searches have spiked 45% on Pinterest as consumers seek mystical, personalized interior spaces. On Spoonflower, there is a strong demand for sophisticated, dark-back

📦 WHAT YOU GET:
• 5× PNG files (base + 4 coordinating colorways)
• 4500×4500 px, 300 DPI, sRGB — print-ready
• Seamless tile — testé pour répétition parfaite
• Perfect for: wallpaper, bedding, wallpaper, gift wrap

✅ Comm",1,art_deco_celestial_cartography___base_20260605_2029.png,2.99,Art Deco Celestial Cartography,66.1
Deep Navy Protea Botanical Seamless Pattern Bundle — Digital Download PNG for Wallpaper Printing,"digital download, seamless pattern, pattern bundle, scrapbook paper, digital paper, printable pattern, surface design, commercial license, instant download, cricut pattern, spoonflower upload","✨ INSTANT DOWNLOAD — Deep Navy Protea Botanical Seamless Pattern Bundle

Protea and exotic botanical designs are gaining traction in modern bohemian home decor, with searches up 40% on design blogs. On Spoonflower, there is an opportunity for large-scale, dense protea patt

📦 WHAT YOU GET:
• 5× PNG files (base + 4 coordinating colorways)
• 4500×4500 px, 300 DPI, sRGB — print-ready
• Seamless tile — testé pour répétition parfaite
• Perfect for: wallpaper, curtains, wallpaper, gift wrap

✅ Commerc",1,deep_navy_protea_botanical___base_20260605_2030.png,2.99,Deep Navy Protea Botanical,66.1
Tarot Card Arcana Seamless Pattern Bundle — Digital Download PNG for Quilting Printing,"digital download, seamless pattern, pattern bundle, scrapbook paper, digital paper, printable pattern, surface design, commercial license, instant download, cricut pattern, spoonflower upload","✨ INSTANT DOWNLOAD — Tarot Card Arcana Seamless Pattern Bundle

The occult and tarot community is massive and highly engaged. There is a strong demand for sophisticated, repeating patterns featuring tarot card imagery that can be used for altar cloths, tarot bags,

📦 WHAT YOU GET:
• 5× PNG files (base + 4 coordinating colorways)
• 4500×4500 px, 300 DPI, sRGB — print-ready
• Seamless tile — testé pour répétition parfaite
• Perfect for: quilting cotton, wallpaper, wallpaper, gift wrap

🎨 VARIATION",5,tarot_card_arcana___base_20260605_1239.png,4.99,Tarot Card Arcana,65.1
Art Nouveau Peacock Feather Seamless Pattern Bundle — Digital Download PNG for Wallpaper Printing,"digital download, seamless pattern, pattern bundle, scrapbook paper, digital paper, printable pattern, surface design, commercial license, instant download, cricut pattern, spoonflower upload","✨ INSTANT DOWNLOAD — Art Nouveau Peacock Feather Seamless Pattern Bundle

Peacock feathers are a quintessential Art Nouveau motif, representing luxury, beauty, and decadence. By focusing on a highly stylized, dense, and overlapping layout of peacock feathers in rich jewel t

📦 WHAT YOU GET:
• 5× PNG files (base + 4 coordinating colorways)
• 4500×4500 px, 300 DPI, sRGB — print-ready
• Seamless tile — testé pour répétition parfaite
• Perfect for: wallpaper, curtains, wallpaper, gift wrap

🎨 VARIAT",0,art_nouveau_peacock_feather___base_*.png,2.99,Art Nouveau Peacock Feather,65.5
Art Deco Astrolabe Alignment Seamless Pattern Bundle — Digital Download PNG for Wallpaper Printing,"digital download, seamless pattern, pattern bundle, scrapbook paper, digital paper, printable pattern, surface design, commercial license, instant download, cricut pattern, spoonflower upload","✨ INSTANT DOWNLOAD — Art Deco Astrolabe Alignment Seamless Pattern Bundle

Planetary alignment and zodiac themes are trending heavily in Gen Z and Millennial home decor, with searches for 'astrology bedroom' up 60% year-over-year. Spoonflower buyers are actively looking for 

📦 WHAT YOU GET:
• 5× PNG files (base + 4 coordinating colorways)
• 4500×4500 px, 300 DPI, sRGB — print-ready
• Seamless tile — testé pour répétition parfaite
• Perfect for: wallpaper, curtains, wallpaper, gift wrap

✅ Comme",1,art_deco_astrolabe_alignment___base_20260605_2030.png,2.99,Art Deco Astrolabe Alignment,65.8
Japanese Aquascape Freshwater Botanical Seamless Pattern Bundle — Digital Download PNG for Wallpaper Printing,"digital download, seamless pattern, pattern bundle, scrapbook paper, digital paper, printable pattern, surface design, commercial license, instant download, cricut pattern, spoonflower upload","✨ INSTANT DOWNLOAD — Japanese Aquascape Freshwater Botanical Seamless Pattern Bundle

The aquascaping and planted tank hobby has exploded on Reddit (r/plantedtank, r/aquariums) and TikTok, with enthusiasts seeking home decor that reflects their passion. There is a strong demand for wal

📦 WHAT YOU GET:
• 5× PNG files (base + 4 coordinating colorways)
• 4500×4500 px, 300 DPI, sRGB — print-ready
• Seamless tile — testé pour répétition parfaite
• Perfect for: wallpaper, home decor, wallpaper, gift ",5,japanese_aquascape_freshwater_botanical___base_20260605_1143.png,4.99,Japanese Aquascape Freshwater Botanical,64.1
Art Deco Octopus Tile Seamless Pattern Bundle — Digital Download PNG for Wallpaper Printing,"digital download, seamless pattern, pattern bundle, scrapbook paper, digital paper, printable pattern, surface design, commercial license, instant download, cricut pattern, spoonflower upload","✨ INSTANT DOWNLOAD — Art Deco Octopus Tile Seamless Pattern Bundle

Symmetrical Art Deco animal tiles are highly sought after for luxury bathroom wallpapers. An octopus with tentacles radiating in elegant, geometric curves offers a sophisticated, high-contrast design 

📦 WHAT YOU GET:
• 5× PNG files (base + 4 coordinating colorways)
• 4500×4500 px, 300 DPI, sRGB — print-ready
• Seamless tile — testé pour répétition parfaite
• Perfect for: wallpaper, home decor, wallpaper, gift wrap

🎨 VARIATIONS",1,art_deco_octopus_tile___base_20260605_1954.png,2.99,Art Deco Octopus Tile,64.4
Block Print Chinoiserie Hydrangea Seamless Pattern Bundle — Digital Download PNG for Wallpaper Printing,"digital download, seamless pattern, pattern bundle, scrapbook paper, digital paper, printable pattern, surface design, commercial license, instant download, cricut pattern, spoonflower upload","✨ INSTANT DOWNLOAD — Block Print Chinoiserie Hydrangea Seamless Pattern Bundle

Grandmillennial and coastal grandmother aesthetics continue to dominate interior design, driving search volume for classic blue-and-white motifs. On Spoonflower, there is a high demand for wallpaper a

📦 WHAT YOU GET:
• 5× PNG files (base + 4 coordinating colorways)
• 4500×4500 px, 300 DPI, sRGB — print-ready
• Seamless tile — testé pour répétition parfaite
• Perfect for: wallpaper, table linens, wallpaper, gift wrap",5,block_print_chinoiserie_hydrangea___base_20260605_1143.png,4.99,Block Print Chinoiserie Hydrangea,63.9
Cyanotype Tidal Pool Botanical Seamless Pattern Bundle — Digital Download PNG for Wallpaper Printing,"digital download, seamless pattern, pattern bundle, scrapbook paper, digital paper, printable pattern, surface design, commercial license, instant download, cricut pattern, spoonflower upload","✨ INSTANT DOWNLOAD — Cyanotype Tidal Pool Botanical Seamless Pattern Bundle

The resurgence of historical photographic processes like cyanotype has captured the attention of coastal and bohemian decorators. While standard beach themes are oversaturated, a high-contrast, botani

📦 WHAT YOU GET:
• 5× PNG files (base + 4 coordinating colorways)
• 4500×4500 px, 300 DPI, sRGB — print-ready
• Seamless tile — testé pour répétition parfaite
• Perfect for: wallpaper, curtains, wallpaper, gift wrap

✅ Com",5,cyanotype_tidal_pool_botanical___base_20260605_1143.png,4.99,Cyanotype Tidal Pool Botanical,63.6
Gothic Herbarium Nightshade Botanical Seamless Pattern Bundle — Digital Download PNG for Wallpaper Printing,"digital download, seamless pattern, pattern bundle, scrapbook paper, digital paper, printable pattern, surface design, commercial license, instant download, cricut pattern, spoonflower upload","✨ INSTANT DOWNLOAD — Gothic Herbarium Nightshade Botanical Seamless Pattern Bundle

The 'dark academia' and gothic home decor trends have created a strong market for moody, dark botanical prints. Spoonflower buyers are looking for wallpaper and bedding that features poisonous plants 

📦 WHAT YOU GET:
• 5× PNG files (base + 4 coordinating colorways)
• 4500×4500 px, 300 DPI, sRGB — print-ready
• Seamless tile — testé pour répétition parfaite
• Perfect for: wallpaper, bedding, wallpaper, gift wrap
",5,gothic_herbarium_nightshade_botanical___base_20260605_1143.png,4.99,Gothic Herbarium Nightshade Botanical,63.3
Gothic Victorian Toxic Mycology Seamless Pattern Bundle — Digital Download PNG for Quilting Printing,"digital download, seamless pattern, pattern bundle, scrapbook paper, digital paper, printable pattern, surface design, commercial license, instant download, cricut pattern, spoonflower upload","✨ INSTANT DOWNLOAD — Gothic Victorian Toxic Mycology Seamless Pattern Bundle

The cottagecore and 'goblincore' trends have matured into a sophisticated appreciation for dark, academic scientific illustrations. While the market is flooded with generic cute cartoon mushrooms, hig

📦 WHAT YOU GET:
• 5× PNG files (base + 4 coordinating colorways)
• 4500×4500 px, 300 DPI, sRGB — print-ready
• Seamless tile — testé pour répétition parfaite
• Perfect for: quilting cotton, wallpaper, wallpaper, gift wra",5,gothic_victorian_toxic_mycology___base_20260605_1143.png,4.99,Gothic Victorian Toxic Mycology,63.0
Art Deco Ginkgo Biloba Fan Seamless Pattern Bundle — Digital Download PNG for Wallpaper Printing,"digital download, seamless pattern, pattern bundle, scrapbook paper, digital paper, printable pattern, surface design, commercial license, instant download, cricut pattern, spoonflower upload","✨ INSTANT DOWNLOAD — Art Deco Ginkgo Biloba Fan Seamless Pattern Bundle

Ginkgo biloba leaves are a classic design motif, but when rendered in a bold, large-scale Art Deco fan layout, they become a highly sophisticated wallpaper option. The fan shape aligns perfectly with 

📦 WHAT YOU GET:
• 5× PNG files (base + 4 coordinating colorways)
• 4500×4500 px, 300 DPI, sRGB — print-ready
• Seamless tile — testé pour répétition parfaite
• Perfect for: wallpaper, wallpaper, gift wrap

✅ Commercial licens",1,art_deco_ginkgo_biloba_fan___base_20260605_1852.png,2.99,Art Deco Ginkgo Biloba Fan,63.6
Art Nouveau Wisteria Canopy Seamless Pattern Bundle — Digital Download PNG for Wallpaper Printing,"digital download, seamless pattern, pattern bundle, scrapbook paper, digital paper, printable pattern, surface design, commercial license, instant download, cricut pattern, spoonflower upload","✨ INSTANT DOWNLOAD — Art Nouveau Wisteria Canopy Seamless Pattern Bundle

Cascading florals are highly sought after for wallpaper, as they create a beautiful 'canopy' effect in bedrooms and dining spaces. Art Nouveau wisteria, with its drooping lavender clusters and winding

📦 WHAT YOU GET:
• 5× PNG files (base + 4 coordinating colorways)
• 4500×4500 px, 300 DPI, sRGB — print-ready
• Seamless tile — testé pour répétition parfaite
• Perfect for: wallpaper, wallpaper, gift wrap

✅ Commercial licen",1,art_nouveau_wisteria_canopy___base_20260605_1853.png,2.99,Art Nouveau Wisteria Canopy,63.0
Art Deco Koi Fish Tile Seamless Pattern Bundle — Digital Download PNG for Wallpaper Printing,"digital download, seamless pattern, pattern bundle, scrapbook paper, digital paper, printable pattern, surface design, commercial license, instant download, cricut pattern, spoonflower upload","✨ INSTANT DOWNLOAD — Art Deco Koi Fish Tile Seamless Pattern Bundle

Art Deco animal tiles are experiencing a major revival in luxury bathroom and entryway design, with searches for 'Art Deco tile' up 65% on Pinterest. Spoonflower decorators are actively seeking symmet

📦 WHAT YOU GET:
• 5× PNG files (base + 4 coordinating colorways)
• 4500×4500 px, 300 DPI, sRGB — print-ready
• Seamless tile — testé pour répétition parfaite
• Perfect for: wallpaper, curtains, wallpaper, gift wrap

✅ Commercial ",1,art_deco_koi_fish_tile___base_20260605_2031.png,2.99,Art Deco Koi Fish Tile,63.7
Mid-Century Modular Synthesizer Patch Seamless Pattern Bundle — Digital Download PNG for Home Decor Printing,"digital download, seamless pattern, pattern bundle, scrapbook paper, digital paper, printable pattern, surface design, commercial license, instant download, cricut pattern, spoonflower upload","✨ INSTANT DOWNLOAD — Mid-Century Modular Synthesizer Patch Seamless Pattern Bundle

The modular synthesizer and electronic music community (r/modular, r/synthesizers) is highly passionate about their studio setups, often seeking custom fabric for acoustic panels, dust covers, and stu

📦 WHAT YOU GET:
• 5× PNG files (base + 4 coordinating colorways)
• 4500×4500 px, 300 DPI, sRGB — print-ready
• Seamless tile — testé pour répétition parfaite
• Perfect for: home decor, wallpaper, wallpaper, gift wr",0,mid_century_modular_synthesizer_patch___base_*.png,2.99,Mid-Century Modular Synthesizer Patch,62.7
Sami Arctic Folk Fauna Seamless Pattern Bundle — Digital Download PNG for Apparel Fabric Printing,"digital download, seamless pattern, pattern bundle, scrapbook paper, digital paper, printable pattern, surface design, commercial license, instant download, cricut pattern, spoonflower upload","✨ INSTANT DOWNLOAD — Sami Arctic Folk Fauna Seamless Pattern Bundle

Folk art remains highly popular for children's apparel and nursery decor, but standard forest animals (foxes, deer) are oversaturated. Modern parents are moving toward authentic, circumpolar Sami-insp

📦 WHAT YOU GET:
• 5× PNG files (base + 4 coordinating colorways)
• 4500×4500 px, 300 DPI, sRGB — print-ready
• Seamless tile — testé pour répétition parfaite
• Perfect for: apparel fabric, quilting cotton, wallpaper, gift wrap

✅",5,sami_arctic_folk_fauna___base_20260605_1144.png,4.99,Sami Arctic Folk Fauna,62.7
Cottagecore Heirloom Tomato Vine Seamless Pattern Bundle — Digital Download PNG for Table Linens Printing,"digital download, seamless pattern, pattern bundle, scrapbook paper, digital paper, printable pattern, surface design, commercial license, instant download, cricut pattern, spoonflower upload","✨ INSTANT DOWNLOAD — Cottagecore Heirloom Tomato Vine Seamless Pattern Bundle

The 'cottagecore' and kitchen garden movements have sparked a massive interest in home gardening and artisanal food. Spoonflower buyers are actively searching for tomato and vegetable-themed fabrics f

📦 WHAT YOU GET:
• 5× PNG files (base + 4 coordinating colorways)
• 4500×4500 px, 300 DPI, sRGB — print-ready
• Seamless tile — testé pour répétition parfaite
• Perfect for: table linens, quilting cotton, wallpaper, gift",5,cottagecore_heirloom_tomato_vine___base_20260605_1144.png,4.99,Cottagecore Heirloom Tomato Vine,62.4
1950s Scandinavian Enamelware Seamless Pattern Bundle — Digital Download PNG for Quilting Printing,"digital download, seamless pattern, pattern bundle, scrapbook paper, digital paper, printable pattern, surface design, commercial license, instant download, cricut pattern, spoonflower upload","✨ INSTANT DOWNLOAD — 1950s Scandinavian Enamelware Seamless Pattern Bundle

Retro kitchen aesthetics are highly popular, but generic retro clip art is oversaturated. There is a massive collector community around mid-century Scandinavian enamelware (such as Cathrineholm and Fi

📦 WHAT YOU GET:
• 5× PNG files (base + 4 coordinating colorways)
• 4500×4500 px, 300 DPI, sRGB — print-ready
• Seamless tile — testé pour répétition parfaite
• Perfect for: quilting cotton, table linens, wallpaper, gift wr",5,1950s_scandinavian_enamelware___base_20260605_1144.png,4.99,1950s Scandinavian Enamelware,62.1
Urban Foraging Fungi Seamless Pattern Bundle — Digital Download PNG for Quilting Printing,"digital download, seamless pattern, pattern bundle, scrapbook paper, digital paper, printable pattern, surface design, commercial license, instant download, cricut pattern, spoonflower upload","✨ INSTANT DOWNLOAD — Urban Foraging Fungi Seamless Pattern Bundle

The mushroom foraging community is growing rapidly. There is a significant gap for patterns that look like authentic, scientific field guides rather than 'cute' or 'whimsical' mushroom designs.

📦 WHAT YOU GET:
• 5× PNG files (base + 4 coordinating colorways)
• 4500×4500 px, 300 DPI, sRGB — print-ready
• Seamless tile — testé pour répétition parfaite
• Perfect for: quilting cotton, wallpaper, wallpaper, gift wrap

🎨 VARIATIONS IN",5,urban_foraging_fungi___base_20260605_1239.png,4.99,Urban Foraging Fungi,62.1
Victorian Frog Professor Portrait Seamless Pattern Bundle — Digital Download PNG for Wallpaper Printing,"digital download, seamless pattern, pattern bundle, scrapbook paper, digital paper, printable pattern, surface design, commercial license, instant download, cricut pattern, spoonflower upload","✨ INSTANT DOWNLOAD — Victorian Frog Professor Portrait Seamless Pattern Bundle

The 'Dark Academia' and 'Whimsigoth' aesthetics are driving massive engagement on TikTok and Pinterest. Anthropomorphized animal portraits in ornate frames (specifically frogs, owls, and badgers) are 

📦 WHAT YOU GET:
• 5× PNG files (base + 4 coordinating colorways)
• 4500×4500 px, 300 DPI, sRGB — print-ready
• Seamless tile — testé pour répétition parfaite
• Perfect for: wallpaper, wallpaper, gift wrap

✅ Commercial",1,victorian_frog_professor_portrait___base_20260605_1854.png,2.99,Victorian Frog Professor Portrait,62.8
MCM Monstera & Palm Shadow Seamless Pattern Bundle — Digital Download PNG for Wallpaper Printing,"digital download, seamless pattern, pattern bundle, scrapbook paper, digital paper, printable pattern, surface design, commercial license, instant download, cricut pattern, spoonflower upload","✨ INSTANT DOWNLOAD — MCM Monstera & Palm Shadow Seamless Pattern Bundle

Tropical leaf patterns are a perennial favorite, but standard green-on-white designs are oversaturated. A mid-century modern take featuring overlapping monstera and fan palm leaves in a warm, earthy p

📦 WHAT YOU GET:
• 5× PNG files (base + 4 coordinating colorways)
• 4500×4500 px, 300 DPI, sRGB — print-ready
• Seamless tile — testé pour répétition parfaite
• Perfect for: wallpaper, wallpaper, gift wrap

✅ Commercial licens",0,mcm_monstera_palm_shadow___base_*.png,2.99,MCM Monstera & Palm Shadow,62.7
Vintage Apothecary Soap & Bath Seamless Pattern Bundle — Digital Download PNG for Wallpaper Printing,"digital download, seamless pattern, pattern bundle, scrapbook paper, digital paper, printable pattern, surface design, commercial license, instant download, cricut pattern, spoonflower upload","✨ INSTANT DOWNLOAD — Vintage Apothecary Soap & Bath Seamless Pattern Bundle

Bathroom-specific wallpaper is a massive growth category on Spoonflower, as homeowners look for fun, themed designs for powder rooms. Vintage apothecary soap bars, bubble baths, and clawfoot tubs offe

📦 WHAT YOU GET:
• 5× PNG files (base + 4 coordinating colorways)
• 4500×4500 px, 300 DPI, sRGB — print-ready
• Seamless tile — testé pour répétition parfaite
• Perfect for: wallpaper, wallpaper, gift wrap

✅ Commercial li",0,vintage_apothecary_soap_bath___base_*.png,2.99,Vintage Apothecary Soap & Bath,62.4
Vintage Haberdashery & Notions Seamless Pattern Bundle — Digital Download PNG for Quilting Printing,"digital download, seamless pattern, pattern bundle, scrapbook paper, digital paper, printable pattern, surface design, commercial license, instant download, cricut pattern, spoonflower upload","✨ INSTANT DOWNLOAD — Vintage Haberdashery & Notions Seamless Pattern Bundle

The crafting community on Spoonflower is highly self-referential; sewists love buying fabric that features sewing tools. Antique scissors, wooden thread spools, brass thimbles, and vintage buttons in 

📦 WHAT YOU GET:
• 5× PNG files (base + 4 coordinating colorways)
• 4500×4500 px, 300 DPI, sRGB — print-ready
• Seamless tile — testé pour répétition parfaite
• Perfect for: quilting cotton, wallpaper, gift wrap

✅ Commerc",0,vintage_haberdashery_notions___base_*.png,2.99,Vintage Haberdashery & Notions,62.4
Victorian Ink Bottle Stationery Seamless Pattern Bundle — Digital Download PNG for Quilting Printing,"digital download, seamless pattern, pattern bundle, scrapbook paper, digital paper, printable pattern, surface design, commercial license, instant download, cricut pattern, spoonflower upload","✨ INSTANT DOWNLOAD — Victorian Ink Bottle Stationery Seamless Pattern Bundle

The fountain pen and stationery community is highly passionate, with active subreddits like r/fountainpens showing users constantly searching for custom pen wraps, cases, and desk mats. There is a doc

📦 WHAT YOU GET:
• 5× PNG files (base + 4 coordinating colorways)
• 4500×4500 px, 300 DPI, sRGB — print-ready
• Seamless tile — testé pour répétition parfaite
• Perfect for: quilting cotton, wallpaper, wallpaper, gift wra",5,victorian_ink_bottle_stationery___base_20260605_1144.png,4.99,Victorian Ink Bottle Stationery,61.8
Art Deco Astronomical Astrolabe Seamless Pattern Bundle — Digital Download PNG for Wallpaper Printing,"digital download, seamless pattern, pattern bundle, scrapbook paper, digital paper, printable pattern, surface design, commercial license, instant download, cricut pattern, spoonflower upload","✨ INSTANT DOWNLOAD — Art Deco Astronomical Astrolabe Seamless Pattern Bundle

Celestial motifs are a staple in nursery and home decor, but the market is oversaturated with basic boho suns and moons. A sophisticated 1920s Art Deco geometric approach focusing on historical astron

📦 WHAT YOU GET:
• 5× PNG files (base + 4 coordinating colorways)
• 4500×4500 px, 300 DPI, sRGB — print-ready
• Seamless tile — testé pour répétition parfaite
• Perfect for: wallpaper, bedding, wallpaper, gift wrap

✅ Com",5,art_deco_astronomical_astrolabe___base_20260605_1144.png,4.99,Art Deco Astronomical Astrolabe,61.8
Arts & Crafts Poison Garden Seamless Pattern Bundle — Digital Download PNG for Wallpaper Printing,"digital download, seamless pattern, pattern bundle, scrapbook paper, digital paper, printable pattern, surface design, commercial license, instant download, cricut pattern, spoonflower upload","✨ INSTANT DOWNLOAD — Arts & Crafts Poison Garden Seamless Pattern Bundle

The Arts and Crafts movement continues to influence high-end interior design, but standard William Morris patterns are heavily saturated. Spoonflower buyers are looking for a dark, sophisticated twist

📦 WHAT YOU GET:
• 5× PNG files (base + 4 coordinating colorways)
• 4500×4500 px, 300 DPI, sRGB — print-ready
• Seamless tile — testé pour répétition parfaite
• Perfect for: wallpaper, curtains, wallpaper, gift wrap

✅ Commer",0,arts_crafts_poison_garden___base_*.png,2.99,Arts & Crafts Poison Garden,61.5
Edo Woodblock Tea Garden Seamless Pattern Bundle — Digital Download PNG for Wallpaper Printing,"digital download, seamless pattern, pattern bundle, scrapbook paper, digital paper, printable pattern, surface design, commercial license, instant download, cricut pattern, spoonflower upload","✨ INSTANT DOWNLOAD — Edo Woodblock Tea Garden Seamless Pattern Bundle

Japandi design remains a major force, driving demand for serene, nature-inspired patterns. While standard koi ponds are common, a highly specific focus on the traditional Japanese tea ceremony—featuri

📦 WHAT YOU GET:
• 5× PNG files (base + 4 coordinating colorways)
• 4500×4500 px, 300 DPI, sRGB — print-ready
• Seamless tile — testé pour répétition parfaite
• Perfect for: wallpaper, apparel fabric, wallpaper, gift wrap

✅ Com",5,edo_woodblock_tea_garden___base_20260605_1145.png,4.99,Edo Woodblock Tea Garden,61.2
Aquarium Plantscape Seamless Pattern Bundle — Digital Download PNG for Wallpaper Printing,"digital download, seamless pattern, pattern bundle, scrapbook paper, digital paper, printable pattern, surface design, commercial license, instant download, cricut pattern, spoonflower upload","✨ INSTANT DOWNLOAD — Aquarium Plantscape Seamless Pattern Bundle

The aquascaping community is highly visual and obsessed with specific aquatic plant species (Anubias, Bucephalandra). There is a massive gap for high-quality, botanical-style fabric patterns that appe

📦 WHAT YOU GET:
• 5× PNG files (base + 4 coordinating colorways)
• 4500×4500 px, 300 DPI, sRGB — print-ready
• Seamless tile — testé pour répétition parfaite
• Perfect for: wallpaper, quilting cotton, wallpaper, gift wrap

🎨 VARIATI",5,aquarium_plantscape___base_20260605_1239.png,4.99,Aquarium Plantscape,61.1
Edwardian Tea & Petit Fours Seamless Pattern Bundle — Digital Download PNG for Quilting Printing,"digital download, seamless pattern, pattern bundle, scrapbook paper, digital paper, printable pattern, surface design, commercial license, instant download, cricut pattern, spoonflower upload","✨ INSTANT DOWNLOAD — Edwardian Tea & Petit Fours Seamless Pattern Bundle

The 'Coquette' and 'Grandmillennial' aesthetics continue to dominate home decor and apparel, driving demand for ultra-feminine, nostalgic designs. Delicate Edwardian teacups, tiered cake stands, and p

📦 WHAT YOU GET:
• 5× PNG files (base + 4 coordinating colorways)
• 4500×4500 px, 300 DPI, sRGB — print-ready
• Seamless tile — testé pour répétition parfaite
• Perfect for: quilting cotton, wallpaper, gift wrap

✅ Commercial",0,edwardian_tea_petit_fours___base_*.png,2.99,Edwardian Tea & Petit Fours,61.8
Mid-Century Joshua Tree Mojave Nocturne Seamless Pattern Bundle — Digital Download PNG for Quilting Printing,"digital download, seamless pattern, pattern bundle, scrapbook paper, digital paper, printable pattern, surface design, commercial license, instant download, cricut pattern, spoonflower upload","✨ INSTANT DOWNLOAD — Mid-Century Joshua Tree Mojave Nocturne Seamless Pattern Bundle

Southwestern and desert-themed decor are highly popular for nurseries, but the market is saturated with generic watercolor saguaro cacti. A clean, mid-century modern flat illustration approach focusin

📦 WHAT YOU GET:
• 5× PNG files (base + 4 coordinating colorways)
• 4500×4500 px, 300 DPI, sRGB — print-ready
• Seamless tile — testé pour répétition parfaite
• Perfect for: quilting cotton, wallpaper, wallpaper, ",0,mid_century_joshua_tree_mojave_nocturne___base_*.png,2.99,Mid-Century Joshua Tree Mojave Nocturne,60.9
Art Nouveau Greenhouse Passiflora Seamless Pattern Bundle — Digital Download PNG for Wallpaper Printing,"digital download, seamless pattern, pattern bundle, scrapbook paper, digital paper, printable pattern, surface design, commercial license, instant download, cricut pattern, spoonflower upload","✨ INSTANT DOWNLOAD — Art Nouveau Greenhouse Passiflora Seamless Pattern Bundle

Art Nouveau's organic, flowing curves are seeing a major resurgence in luxury wallpaper and apparel design. While dragonflies and water lilies are common, the intricate, exotic structure of the passio

📦 WHAT YOU GET:
• 5× PNG files (base + 4 coordinating colorways)
• 4500×4500 px, 300 DPI, sRGB — print-ready
• Seamless tile — testé pour répétition parfaite
• Perfect for: wallpaper, apparel fabric, wallpaper, gift wr",5,art_nouveau_greenhouse_passiflora___base_20260605_1145.png,4.99,Art Nouveau Greenhouse Passiflora,60.6
Artisanal Sourdough Scoring Folk Seamless Pattern Bundle — Digital Download PNG for Table Linens Printing,"digital download, seamless pattern, pattern bundle, scrapbook paper, digital paper, printable pattern, surface design, commercial license, instant download, cricut pattern, spoonflower upload","✨ INSTANT DOWNLOAD — Artisanal Sourdough Scoring Folk Seamless Pattern Bundle

The home baking and sourdough movement has a massive, dedicated community on Reddit (r/sourdough) and Instagram. Enthusiasts love custom kitchen textiles like aprons, proofing cloth covers, and bread 

📦 WHAT YOU GET:
• 5× PNG files (base + 4 coordinating colorways)
• 4500×4500 px, 300 DPI, sRGB — print-ready
• Seamless tile — testé pour répétition parfaite
• Perfect for: table linens, quilting cotton, wallpaper, gift",5,artisanal_sourdough_scoring_folk___base_20260605_1145.png,4.99,Artisanal Sourdough Scoring Folk,60.1
Art Deco Fan Mosaic Seamless Pattern Bundle — Digital Download PNG for Wallpaper Printing,"digital download, seamless pattern, pattern bundle, scrapbook paper, digital paper, printable pattern, surface design, commercial license, instant download, cricut pattern, spoonflower upload","✨ INSTANT DOWNLOAD — Art Deco Fan Mosaic Seamless Pattern Bundle

Art Deco is a perennial favorite, but current market trends favor 'maximalist geometric' wallpaper. A dense, interlocking fan pattern in modern, non-traditional colors (like sage and terracotta) is hi

📦 WHAT YOU GET:
• 5× PNG files (base + 4 coordinating colorways)
• 4500×4500 px, 300 DPI, sRGB — print-ready
• Seamless tile — testé pour répétition parfaite
• Perfect for: wallpaper, apparel fabric, wallpaper, gift wrap

🎨 VARIATIO",5,art_deco_fan_mosaic___base_20260605_1240.png,4.99,Art Deco Fan Mosaic,60.1
Art Nouveau Luna Moth Stained Glass Seamless Pattern Bundle — Digital Download PNG for Wallpaper Printing,"digital download, seamless pattern, pattern bundle, scrapbook paper, digital paper, printable pattern, surface design, commercial license, instant download, cricut pattern, spoonflower upload","✨ INSTANT DOWNLOAD — Art Nouveau Luna Moth Stained Glass Seamless Pattern Bundle

Luna moths are a highly coveted motif in Whimsigoth and dark academia aesthetics. By arranging their delicate wings and bodies into an interlocking, stained-glass-like geometric mosaic, this pattern t

📦 WHAT YOU GET:
• 5× PNG files (base + 4 coordinating colorways)
• 4500×4500 px, 300 DPI, sRGB — print-ready
• Seamless tile — testé pour répétition parfaite
• Perfect for: wallpaper, apparel fabric, wallpaper, gift ",0,art_nouveau_luna_moth_stained_glass___base_*.png,2.99,Art Nouveau Luna Moth Stained Glass,60.2
Art Deco Tiger Tile Seamless Pattern Bundle — Digital Download PNG for Wallpaper Printing,"digital download, seamless pattern, pattern bundle, scrapbook paper, digital paper, printable pattern, surface design, commercial license, instant download, cricut pattern, spoonflower upload","✨ INSTANT DOWNLOAD — Art Deco Tiger Tile Seamless Pattern Bundle

Bold, statement animal prints are highly popular for modern apparel and accent wallpapers. A symmetrical tiger face framed by geometric Art Deco sunburst lines offers a powerful, high-contrast design 

📦 WHAT YOU GET:
• 5× PNG files (base + 4 coordinating colorways)
• 4500×4500 px, 300 DPI, sRGB — print-ready
• Seamless tile — testé pour répétition parfaite
• Perfect for: wallpaper, apparel fabric, wallpaper, gift wrap

🎨 VARIATIO",1,art_deco_tiger_tile___base_20260605_1955.png,2.99,Art Deco Tiger Tile,60.5
Coastal Salt Marsh Heron Seamless Pattern Bundle — Digital Download PNG for Wallpaper Printing,"digital download, seamless pattern, pattern bundle, scrapbook paper, digital paper, printable pattern, surface design, commercial license, instant download, cricut pattern, spoonflower upload","✨ INSTANT DOWNLOAD — Coastal Salt Marsh Heron Seamless Pattern Bundle

Coastal and wetland-inspired home decor is seeing a shift away from generic seashells toward sophisticated salt marsh ecosystems. Herons, with their elegant silhouettes and long necks, are perfect for

📦 WHAT YOU GET:
• 5× PNG files (base + 4 coordinating colorways)
• 4500×4500 px, 300 DPI, sRGB — print-ready
• Seamless tile — testé pour répétition parfaite
• Perfect for: wallpaper, bedding, wallpaper, gift wrap

🎨 VARIATIONS",0,coastal_salt_marsh_heron___base_*.png,2.99,Coastal Salt Marsh Heron,59.1
Art Deco Crane Geometry Seamless Pattern Bundle — Digital Download PNG for Wallpaper Printing,"digital download, seamless pattern, pattern bundle, scrapbook paper, digital paper, printable pattern, surface design, commercial license, instant download, cricut pattern, spoonflower upload","✨ INSTANT DOWNLOAD — Art Deco Crane Geometry Seamless Pattern Bundle

Art Deco animal patterns, particularly elegant wading birds, are a proven bestseller category on Spoonflower. By focusing on the geometric silhouette of the crane where the wings themselves form the r

📦 WHAT YOU GET:
• 5× PNG files (base + 4 coordinating colorways)
• 4500×4500 px, 300 DPI, sRGB — print-ready
• Seamless tile — testé pour répétition parfaite
• Perfect for: wallpaper, bedding, wallpaper, gift wrap

🎨 VARIATIONS ",0,art_deco_crane_geometry___base_*.png,2.99,Art Deco Crane Geometry,58.0
Art Deco Ginkgo Fan Seamless Pattern Bundle — Digital Download PNG for Wallpaper Printing,"digital download, seamless pattern, pattern bundle, scrapbook paper, digital paper, printable pattern, surface design, commercial license, instant download, cricut pattern, spoonflower upload","✨ INSTANT DOWNLOAD — Art Deco Ginkgo Fan Seamless Pattern Bundle

Biophilic design continues to dominate high-end wallpaper trends, with ginkgo leaves serving as a natural bridge to Art Deco geometry. While generic ginkgo prints exist, there is a distinct shortage o

📦 WHAT YOU GET:
• 5× PNG files (base + 4 coordinating colorways)
• 4500×4500 px, 300 DPI, sRGB — print-ready
• Seamless tile — testé pour répétition parfaite
• Perfect for: wallpaper, curtains, wallpaper, gift wrap

🎨 VARIATIONS INC",0,art_deco_ginkgo_fan___base_*.png,2.99,Art Deco Ginkgo Fan,57.0
MCM Swallow & Cloud Seamless Pattern Bundle — Digital Download PNG for Quilting Printing,"digital download, seamless pattern, pattern bundle, scrapbook paper, digital paper, printable pattern, surface design, commercial license, instant download, cricut pattern, spoonflower upload","✨ INSTANT DOWNLOAD — MCM Swallow & Cloud Seamless Pattern Bundle

Mid-century modern aesthetics remain a staple on Pinterest home decor boards, but buyers are moving away from generic boomerangs toward organic, stylized animal prints. Symmetrical swallows paired wit

📦 WHAT YOU GET:
• 5× PNG files (base + 4 coordinating colorways)
• 4500×4500 px, 300 DPI, sRGB — print-ready
• Seamless tile — testé pour répétition parfaite
• Perfect for: quilting cotton, wallpaper, gift wrap

✅ Commercial license",0,mcm_swallow_cloud___base_*.png,2.99,MCM Swallow & Cloud,56.2
Art Deco Peacock Tile Seamless Pattern Bundle — Digital Download PNG for Wallpaper Printing,"digital download, seamless pattern, pattern bundle, scrapbook paper, digital paper, printable pattern, surface design, commercial license, instant download, cricut pattern, spoonflower upload","✨ INSTANT DOWNLOAD — Art Deco Peacock Tile Seamless Pattern Bundle

Peacock motifs are a classic interior design staple, but modern decorators are seeking highly structured, geometric interpretations rather than loose, painterly styles. A symmetrical peacock with tail

📦 WHAT YOU GET:
• 5× PNG files (base + 4 coordinating colorways)
• 4500×4500 px, 300 DPI, sRGB — print-ready
• Seamless tile — testé pour répétition parfaite
• Perfect for: wallpaper, home decor, wallpaper, gift wrap

🎨 VARIATIONS",1,art_deco_peacock_tile___base_20260605_1956.png,2.99,Art Deco Peacock Tile,56.1
Anthropomorphized Citrus Picnic Seamless Pattern Bundle — Digital Download PNG for Quilting Printing,"digital download, seamless pattern, pattern bundle, scrapbook paper, digital paper, printable pattern, surface design, commercial license, instant download, cricut pattern, spoonflower upload","✨ INSTANT DOWNLOAD — Anthropomorphized Citrus Picnic Seamless Pattern Bundle

Playful, food-themed patterns with human characteristics (anthropomorphism) are highly engaging and perform exceptionally well in Spoonflower design challenges. Lemons and limes sunbathing, dancing, o

📦 WHAT YOU GET:
• 5× PNG files (base + 4 coordinating colorways)
• 4500×4500 px, 300 DPI, sRGB — print-ready
• Seamless tile — testé pour répétition parfaite
• Perfect for: quilting cotton, wallpaper, gift wrap

✅ Commer",1,anthropomorphized_citrus_picnic___base_20260605_1858.png,2.99,Anthropomorphized Citrus Picnic,55.7
Art Nouveau Dragonfly & Lily Seamless Pattern Bundle — Digital Download PNG for Wallpaper Printing,"digital download, seamless pattern, pattern bundle, scrapbook paper, digital paper, printable pattern, surface design, commercial license, instant download, cricut pattern, spoonflower upload","✨ INSTANT DOWNLOAD — Art Nouveau Dragonfly & Lily Seamless Pattern Bundle

The revival of organic, flowing Art Nouveau lines is trending across home decor, especially in lighting and tile design. Symmetrical dragonflies with stained-glass wings combined with water lilies off

📦 WHAT YOU GET:
• 5× PNG files (base + 4 coordinating colorways)
• 4500×4500 px, 300 DPI, sRGB — print-ready
• Seamless tile — testé pour répétition parfaite
• Perfect for: wallpaper, wallpaper, gift wrap

✅ Commercial lice",0,art_nouveau_dragonfly_lily___base_*.png,2.99,Art Nouveau Dragonfly & Lily,54.9
Art Deco Gothic Bat Seamless Pattern Bundle — Digital Download PNG for Wallpaper Printing,"digital download, seamless pattern, pattern bundle, scrapbook paper, digital paper, printable pattern, surface design, commercial license, instant download, cricut pattern, spoonflower upload","✨ INSTANT DOWNLOAD — Art Deco Gothic Bat Seamless Pattern Bundle

The 'Gothcore' and 'Whimsigoth' interior design movements have made spooky-chic decor a year-round trend, rather than just seasonal Halloween fodder. An Art Deco approach to bat silhouettes—focusing o

📦 WHAT YOU GET:
• 5× PNG files (base + 4 coordinating colorways)
• 4500×4500 px, 300 DPI, sRGB — print-ready
• Seamless tile — testé pour répétition parfaite
• Perfect for: wallpaper, apparel fabric, wallpaper, gift wrap

🎨 VARIATIO",0,art_deco_gothic_bat___base_*.png,2.99,Art Deco Gothic Bat,43.0
Vintage Seed Packet Ditsy Seamless Pattern Bundle — Digital Download PNG for Quilting Printing,"digital download, seamless pattern, pattern bundle, scrapbook paper, digital paper, printable pattern, surface design, commercial license, instant download, cricut pattern, spoonflower upload","✨ INSTANT DOWNLOAD — Vintage Seed Packet Ditsy Seamless Pattern Bundle

The cottagecore and 'slow living' movements have made vintage gardening aesthetics highly popular. While modern seed packet designs exist, there is a distinct shortage of highly detailed, 19th-century

📦 WHAT YOU GET:
• 5× PNG files (base + 4 coordinating colorways)
• 4500×4500 px, 300 DPI, sRGB — print-ready
• Seamless tile — testé pour répétition parfaite
• Perfect for: quilting cotton, table linens, wallpaper, gift wrap

",0,vintage_seed_packet_ditsy___base_*.png,2.99,Vintage Seed Packet Ditsy,43.0
Mid-Century Pyrex Butterprint Folk Seamless Pattern Bundle — Digital Download PNG for Quilting Printing,"digital download, seamless pattern, pattern bundle, scrapbook paper, digital paper, printable pattern, surface design, commercial license, instant download, cricut pattern, spoonflower upload","✨ INSTANT DOWNLOAD — Mid-Century Pyrex Butterprint Folk Seamless Pattern Bundle

Vintage kitchenware collecting has exploded on TikTok and Instagram, with Pyrex 'Butterprint' (Amish farm print) being one of the most coveted patterns. Translating this specific 1950s folk aesthetic 

📦 WHAT YOU GET:
• 5× PNG files (base + 4 coordinating colorways)
• 4500×4500 px, 300 DPI, sRGB — print-ready
• Seamless tile — testé pour répétition parfaite
• Perfect for: quilting cotton, table linens, wallpaper, gi",0,mid_century_pyrex_butterprint_folk___base_*.png,2.99,Mid-Century Pyrex Butterprint Folk,43.0
1970s Bohemian Rattan & Palm Seamless Pattern Bundle — Digital Download PNG for Wallpaper Printing,"digital download, seamless pattern, pattern bundle, scrapbook paper, digital paper, printable pattern, surface design, commercial license, instant download, cricut pattern, spoonflower upload","✨ INSTANT DOWNLOAD — 1970s Bohemian Rattan & Palm Seamless Pattern Bundle

The revival of 1970s interior design has brought rattan, wicker, and warm earth tones back to the forefront of home decor. A pattern that combines the intricate, geometric weave of rattan with stylize

📦 WHAT YOU GET:
• 5× PNG files (base + 4 coordinating colorways)
• 4500×4500 px, 300 DPI, sRGB — print-ready
• Seamless tile — testé pour répétition parfaite
• Perfect for: wallpaper, curtains, wallpaper, gift wrap

🎨 VARIA",0,1970s_bohemian_rattan_palm___base_*.png,2.99,1970s Bohemian Rattan & Palm,43.0
Vintage Vinyl Record & Turntable Seamless Pattern Bundle — Digital Download PNG for Wallpaper Printing,"digital download, seamless pattern, pattern bundle, scrapbook paper, digital paper, printable pattern, surface design, commercial license, instant download, cricut pattern, spoonflower upload","✨ INSTANT DOWNLOAD — Vintage Vinyl Record & Turntable Seamless Pattern Bundle

The vinyl record revival has created a passionate community of audiophiles who love decorating their listening rooms. While generic music notes are common, a pattern focusing specifically on vintage t

📦 WHAT YOU GET:
• 5× PNG files (base + 4 coordinating colorways)
• 4500×4500 px, 300 DPI, sRGB — print-ready
• Seamless tile — testé pour répétition parfaite
• Perfect for: wallpaper, quilting cotton, wallpaper, gift wr",0,vintage_vinyl_record_turntable___base_*.png,2.99,Vintage Vinyl Record & Turntable,43.0
Vintage Board Game & Dice Seamless Pattern Bundle — Digital Download PNG for Wallpaper Printing,"digital download, seamless pattern, pattern bundle, scrapbook paper, digital paper, printable pattern, surface design, commercial license, instant download, cricut pattern, spoonflower upload","✨ INSTANT DOWNLOAD — Vintage Board Game & Dice Seamless Pattern Bundle

The board game renaissance has created a massive community of tabletop gamers who love hosting game nights. While generic chessboards are common, a pattern focusing specifically on vintage board game 

📦 WHAT YOU GET:
• 5× PNG files (base + 4 coordinating colorways)
• 4500×4500 px, 300 DPI, sRGB — print-ready
• Seamless tile — testé pour répétition parfaite
• Perfect for: wallpaper, quilting cotton, wallpaper, gift wrap

🎨 V",0,vintage_board_game_dice___base_*.png,2.99,Vintage Board Game & Dice,43.0
Guerilla Gardening Seed Bomb Seamless Pattern Bundle — Digital Download PNG for Wallpaper Printing,"digital download, seamless pattern, pattern bundle, scrapbook paper, digital paper, printable pattern, surface design, commercial license, instant download, cricut pattern, spoonflower upload","✨ INSTANT DOWNLOAD — Guerilla Gardening Seed Bomb Seamless Pattern Bundle

The guerilla gardening and urban rewilding movements have gained massive traction on TikTok and Instagram, with young activists throwing 'seed bombs' to plant wildflowers in neglected urban spaces. A 

📦 WHAT YOU GET:
• 5× PNG files (base + 4 coordinating colorways)
• 4500×4500 px, 300 DPI, sRGB — print-ready
• Seamless tile — testé pour répétition parfaite
• Perfect for: wallpaper, quilting cotton, wallpaper, gift wrap

",0,guerilla_gardening_seed_bomb___base_*.png,2.99,Guerilla Gardening Seed Bomb,43.0
Alpine Edelweiss Folk Art Seamless Pattern Bundle — Digital Download PNG for Quilting Printing,"digital download, seamless pattern, pattern bundle, scrapbook paper, digital paper, printable pattern, surface design, commercial license, instant download, cricut pattern, spoonflower upload","✨ INSTANT DOWNLOAD — Alpine Edelweiss Folk Art Seamless Pattern Bundle

With the rise of 'Alpine Cottagecore' and European winter travel aesthetics on Pinterest, traditional Swiss and Austrian folk art is seeing a resurgence. Focusing on the iconic edelweiss flower combin

📦 WHAT YOU GET:
• 5× PNG files (base + 4 coordinating colorways)
• 4500×4500 px, 300 DPI, sRGB — print-ready
• Seamless tile — testé pour répétition parfaite
• Perfect for: quilting cotton, nursery fabric, wallpaper, gift wrap",0,alpine_edelweiss_folk_art___base_*.png,2.99,Alpine Edelweiss Folk Art,43.0
Minimalist Bonsai & Viewing Stone Seamless Pattern Bundle — Digital Download PNG for Wallpaper Printing,"digital download, seamless pattern, pattern bundle, scrapbook paper, digital paper, printable pattern, surface design, commercial license, instant download, cricut pattern, spoonflower upload","✨ INSTANT DOWNLOAD — Minimalist Bonsai & Viewing Stone Seamless Pattern Bundle

The bonsai and suiseki (viewing stone) hobbies have a dedicated global following, with enthusiasts valuing minimalist, zen-like aesthetics. While generic Japanese waves or cherry blossoms are common, 

📦 WHAT YOU GET:
• 5× PNG files (base + 4 coordinating colorways)
• 4500×4500 px, 300 DPI, sRGB — print-ready
• Seamless tile — testé pour répétition parfaite
• Perfect for: wallpaper, quilting cotton, wallpaper, gift w",0,minimalist_bonsai_viewing_stone___base_*.png,2.99,Minimalist Bonsai & Viewing Stone,43.0
Art Nouveau Dragonfly Mosaic Seamless Pattern Bundle — Digital Download PNG for Wallpaper Printing,"digital download, seamless pattern, pattern bundle, scrapbook paper, digital paper, printable pattern, surface design, commercial license, instant download, cricut pattern, spoonflower upload","✨ INSTANT DOWNLOAD — Art Nouveau Dragonfly Mosaic Seamless Pattern Bundle

Dragonflies are a classic Art Nouveau motif, symbolizing change and elegance. By arranging their wings and bodies into an interlocking, stained-glass-like geometric mosaic, this pattern taps into the 

📦 WHAT YOU GET:
• 5× PNG files (base + 4 coordinating colorways)
• 4500×4500 px, 300 DPI, sRGB — print-ready
• Seamless tile — testé pour répétition parfaite
• Perfect for: wallpaper, apparel fabric, wallpaper, gift wrap

🎨",0,art_nouveau_dragonfly_mosaic___base_*.png,2.99,Art Nouveau Dragonfly Mosaic,35.5
Cottagecore Terracotta Herb Garden Seamless Pattern Bundle — Digital Download PNG for Table Linens Printing,"digital download, seamless pattern, pattern bundle, scrapbook paper, digital paper, printable pattern, surface design, commercial license, instant download, cricut pattern, spoonflower upload","✨ INSTANT DOWNLOAD — Cottagecore Terracotta Herb Garden Seamless Pattern Bundle

The cottagecore kitchen aesthetic remains highly popular, with home cooks and gardeners seeking rustic, botanical-themed textiles. While generic herb prints are common, focusing specifically on potted

📦 WHAT YOU GET:
• 5× PNG files (base + 4 coordinating colorways)
• 4500×4500 px, 300 DPI, sRGB — print-ready
• Seamless tile — testé pour répétition parfaite
• Perfect for: table linens, quilting cotton, wallpaper, gi",0,cottagecore_terracotta_herb_garden___base_*.png,2.99,Cottagecore Terracotta Herb Garden,35.5
Victorian Algaeology Herbarium Seamless Pattern Bundle — Digital Download PNG for Wallpaper Printing,"digital download, seamless pattern, pattern bundle, scrapbook paper, digital paper, printable pattern, surface design, commercial license, instant download, cricut pattern, spoonflower upload","✨ INSTANT DOWNLOAD — Victorian Algaeology Herbarium Seamless Pattern Bundle

With the rise of dark academia and coastal-scientific aesthetics, Victorian-era natural history studies are highly sought after. While land botanicals are common, the study of marine algae (phycology/

📦 WHAT YOU GET:
• 5× PNG files (base + 4 coordinating colorways)
• 4500×4500 px, 300 DPI, sRGB — print-ready
• Seamless tile — testé pour répétition parfaite
• Perfect for: wallpaper, apparel fabric, wallpaper, gift wrap
",0,victorian_algaeology_herbarium___base_*.png,2.99,Victorian Algaeology Herbarium,35.5
