priority,filename,colorway,design_title,category,tags,repeat_type,description,niche,opportunity_score,size_mb,path
84,nostalgic_wooden_toy___base_20260605_1032.png,base,Nostalgic Wooden Toy Seamless Repeat Pattern — Fabric & Wallpaper,Abstract & Painterly,"wooden blocks, pull-along duck, rocking horse, wood grain texture, alphabet blocks, vintage toys, pastel watercolor, pull toy, wooden duck, vintage nursery, soft shading, heirloom toy, nostalgic nursery, soft watercolor, wooden train, toy tracks, playroom pattern, soft colors, nostalgic, gentle",basic,"Nostalgic Wooden Toy — nostalgic, gentle, warm, playful seamless basic pattern.

Modern parents are rejecting bright plastic toys in favor of heirloom wooden toys. This aesthetic is highly trending on Pinterest for nursery design. While generic baby animals are oversaturated, high

Perfect for organic cotton knit, minky, quilting cotton.
Designed for nursery and baby room decorators making crib sheets, curtains, and baby quilts.

Keywords: wooden blocks, pull-along duck, rocking horse, wood grain texture, alphabet blocks, vintage toys, pastel watercolor, pull toy

File: PNG 4500×4500 px, 300 DPI, sRGB — ready to upload to Spoonflower.",Nostalgic Wooden Toy,84,11.8,./output/spoonflower/nostalgic_wooden_toy___base_20260605_1032.png
84,nostalgic_wooden_toy___base_20260605_1032__cool_ocean.png,cool_ocean,Nostalgic Wooden Toy Seamless Pattern — Blue Ocean,Abstract & Painterly,"wooden blocks, pull-along duck, rocking horse, wood grain texture, alphabet blocks, vintage toys, pastel watercolor, pull toy, wooden duck, vintage nursery, soft shading, heirloom toy, nostalgic nursery, soft watercolor, wooden train, toy tracks, playroom pattern, soft colors, nostalgic, gentle",basic,"Nostalgic Wooden Toy — nostalgic, gentle, warm, playful seamless basic pattern.

Modern parents are rejecting bright plastic toys in favor of heirloom wooden toys. This aesthetic is highly trending on Pinterest for nursery design. While generic baby animals are oversaturated, high

Perfect for organic cotton knit, minky, quilting cotton.
Designed for nursery and baby room decorators making crib sheets, curtains, and baby quilts.

Keywords: wooden blocks, pull-along duck, rocking horse, wood grain texture, alphabet blocks, vintage toys, pastel watercolor, pull toy

File: PNG 4500×4500 px, 300 DPI, sRGB — ready to upload to Spoonflower.",Nostalgic Wooden Toy,84,4.4,./output/colorways/nostalgic_wooden_toy___base_20260605_1032__cool_ocean.png
84,nostalgic_wooden_toy___base_20260605_1032__earth_autumn.png,earth_autumn,Nostalgic Wooden Toy Seamless Pattern — Earth Tones,Abstract & Painterly,"wooden blocks, pull-along duck, rocking horse, wood grain texture, alphabet blocks, vintage toys, pastel watercolor, pull toy, wooden duck, vintage nursery, soft shading, heirloom toy, nostalgic nursery, soft watercolor, wooden train, toy tracks, playroom pattern, soft colors, nostalgic, gentle",basic,"Nostalgic Wooden Toy — nostalgic, gentle, warm, playful seamless basic pattern.

Modern parents are rejecting bright plastic toys in favor of heirloom wooden toys. This aesthetic is highly trending on Pinterest for nursery design. While generic baby animals are oversaturated, high

Perfect for organic cotton knit, minky, quilting cotton.
Designed for nursery and baby room decorators making crib sheets, curtains, and baby quilts.

Keywords: wooden blocks, pull-along duck, rocking horse, wood grain texture, alphabet blocks, vintage toys, pastel watercolor, pull toy

File: PNG 4500×4500 px, 300 DPI, sRGB — ready to upload to Spoonflower.",Nostalgic Wooden Toy,84,4.3,./output/colorways/nostalgic_wooden_toy___base_20260605_1032__earth_autumn.png
84,nostalgic_wooden_toy___base_20260605_1032__midnight.png,midnight,Nostalgic Wooden Toy Seamless Pattern — Midnight Dark,Abstract & Painterly,"wooden blocks, pull-along duck, rocking horse, wood grain texture, alphabet blocks, vintage toys, pastel watercolor, pull toy, wooden duck, vintage nursery, soft shading, heirloom toy, nostalgic nursery, soft watercolor, wooden train, toy tracks, playroom pattern, soft colors, nostalgic, gentle",basic,"Nostalgic Wooden Toy — nostalgic, gentle, warm, playful seamless basic pattern.

Modern parents are rejecting bright plastic toys in favor of heirloom wooden toys. This aesthetic is highly trending on Pinterest for nursery design. While generic baby animals are oversaturated, high

Perfect for organic cotton knit, minky, quilting cotton.
Designed for nursery and baby room decorators making crib sheets, curtains, and baby quilts.

Keywords: wooden blocks, pull-along duck, rocking horse, wood grain texture, alphabet blocks, vintage toys, pastel watercolor, pull toy

File: PNG 4500×4500 px, 300 DPI, sRGB — ready to upload to Spoonflower.",Nostalgic Wooden Toy,84,3.4,./output/colorways/nostalgic_wooden_toy___base_20260605_1032__midnight.png
84,nostalgic_wooden_toy___base_20260605_1032__rose_gold.png,rose_gold,Nostalgic Wooden Toy Seamless Pattern — Rose Gold Blush,Abstract & Painterly,"wooden blocks, pull-along duck, rocking horse, wood grain texture, alphabet blocks, vintage toys, pastel watercolor, pull toy, wooden duck, vintage nursery, soft shading, heirloom toy, nostalgic nursery, soft watercolor, wooden train, toy tracks, playroom pattern, soft colors, nostalgic, gentle",basic,"Nostalgic Wooden Toy — nostalgic, gentle, warm, playful seamless basic pattern.

Modern parents are rejecting bright plastic toys in favor of heirloom wooden toys. This aesthetic is highly trending on Pinterest for nursery design. While generic baby animals are oversaturated, high

Perfect for organic cotton knit, minky, quilting cotton.
Designed for nursery and baby room decorators making crib sheets, curtains, and baby quilts.

Keywords: wooden blocks, pull-along duck, rocking horse, wood grain texture, alphabet blocks, vintage toys, pastel watercolor, pull toy

File: PNG 4500×4500 px, 300 DPI, sRGB — ready to upload to Spoonflower.",Nostalgic Wooden Toy,84,4.6,./output/colorways/nostalgic_wooden_toy___base_20260605_1032__rose_gold.png
78,art_deco_vienna_secession_geometric___base_20260605_1035.png,base,Art Deco Vienna Secession Geometric Seamless Repeat Pattern — Fabric & Wallpaper,Animals & Insects,"sophisticated, luxurious, geometric, architectural, chiffon, velvet, wallpaper, seamless pattern, repeat pattern, surface design, fabric pattern",grid,"Art Deco Vienna Secession Geometric — sophisticated, luxurious, geometric, architectural seamless grid pattern.

Gustav Klimt's geometric dress and background patterns (Tree of Life, Stoclet Frieze border — public domain since 1970s) and Koloman Moser's Wiener Werkstätte repeating geometric designs are experienc

Perfect for chiffon, velvet, wallpaper.
Designed for fashion sewists making statement dresses and linings, premium home decor crafters.

Keywords: 

File: PNG 4500×4500 px, 300 DPI, sRGB — ready to upload to Spoonflower.",Art Deco Vienna Secession Geometric,78,17.7,./output/spoonflower/art_deco_vienna_secession_geometric___base_20260605_1035.png
78,art_deco_vienna_secession_geometric___base_20260605_1035__cool_ocean.png,cool_ocean,Art Deco Vienna Secession Geometric Seamless Pattern — Blue Ocean,Animals & Insects,"sophisticated, luxurious, geometric, architectural, chiffon, velvet, wallpaper, seamless pattern, repeat pattern, surface design, fabric pattern",grid,"Art Deco Vienna Secession Geometric — sophisticated, luxurious, geometric, architectural seamless grid pattern.

Gustav Klimt's geometric dress and background patterns (Tree of Life, Stoclet Frieze border — public domain since 1970s) and Koloman Moser's Wiener Werkstätte repeating geometric designs are experienc

Perfect for chiffon, velvet, wallpaper.
Designed for fashion sewists making statement dresses and linings, premium home decor crafters.

Keywords: 

File: PNG 4500×4500 px, 300 DPI, sRGB — ready to upload to Spoonflower.",Art Deco Vienna Secession Geometric,78,12.3,./output/colorways/art_deco_vienna_secession_geometric___base_20260605_1035__cool_ocean.png
78,art_deco_vienna_secession_geometric___base_20260605_1035__earth_autumn.png,earth_autumn,Art Deco Vienna Secession Geometric Seamless Pattern — Earth Tones,Animals & Insects,"sophisticated, luxurious, geometric, architectural, chiffon, velvet, wallpaper, seamless pattern, repeat pattern, surface design, fabric pattern",grid,"Art Deco Vienna Secession Geometric — sophisticated, luxurious, geometric, architectural seamless grid pattern.

Gustav Klimt's geometric dress and background patterns (Tree of Life, Stoclet Frieze border — public domain since 1970s) and Koloman Moser's Wiener Werkstätte repeating geometric designs are experienc

Perfect for chiffon, velvet, wallpaper.
Designed for fashion sewists making statement dresses and linings, premium home decor crafters.

Keywords: 

File: PNG 4500×4500 px, 300 DPI, sRGB — ready to upload to Spoonflower.",Art Deco Vienna Secession Geometric,78,11.8,./output/colorways/art_deco_vienna_secession_geometric___base_20260605_1035__earth_autumn.png
78,art_deco_vienna_secession_geometric___base_20260605_1035__midnight.png,midnight,Art Deco Vienna Secession Geometric Seamless Pattern — Midnight Dark,Animals & Insects,"sophisticated, luxurious, geometric, architectural, chiffon, velvet, wallpaper, seamless pattern, repeat pattern, surface design, fabric pattern",grid,"Art Deco Vienna Secession Geometric — sophisticated, luxurious, geometric, architectural seamless grid pattern.

Gustav Klimt's geometric dress and background patterns (Tree of Life, Stoclet Frieze border — public domain since 1970s) and Koloman Moser's Wiener Werkstätte repeating geometric designs are experienc

Perfect for chiffon, velvet, wallpaper.
Designed for fashion sewists making statement dresses and linings, premium home decor crafters.

Keywords: 

File: PNG 4500×4500 px, 300 DPI, sRGB — ready to upload to Spoonflower.",Art Deco Vienna Secession Geometric,78,9.6,./output/colorways/art_deco_vienna_secession_geometric___base_20260605_1035__midnight.png
78,art_deco_vienna_secession_geometric___base_20260605_1035__rose_gold.png,rose_gold,Art Deco Vienna Secession Geometric Seamless Pattern — Rose Gold Blush,Animals & Insects,"sophisticated, luxurious, geometric, architectural, chiffon, velvet, wallpaper, seamless pattern, repeat pattern, surface design, fabric pattern",grid,"Art Deco Vienna Secession Geometric — sophisticated, luxurious, geometric, architectural seamless grid pattern.

Gustav Klimt's geometric dress and background patterns (Tree of Life, Stoclet Frieze border — public domain since 1970s) and Koloman Moser's Wiener Werkstätte repeating geometric designs are experienc

Perfect for chiffon, velvet, wallpaper.
Designed for fashion sewists making statement dresses and linings, premium home decor crafters.

Keywords: 

File: PNG 4500×4500 px, 300 DPI, sRGB — ready to upload to Spoonflower.",Art Deco Vienna Secession Geometric,78,12.6,./output/colorways/art_deco_vienna_secession_geometric___base_20260605_1035__rose_gold.png
77,grandmillennial_oyster_shell___base_20260605_1032.png,base,Grandmillennial Oyster Shell Seamless Repeat Pattern — Fabric & Wallpaper,Abstract & Painterly,"oyster shells, gold leaf edges, kelp fronds, pearly texture, gold leaf trim, watercolor wash, coastal chic, chinoiserie, blue and white pottery, elegant coastal, scallop shells, ocean botanical, oyster mosaic, interlocking shells, natural texture, pearly sheen, elegant, coastal, refined, artisanal",half-drop,"Grandmillennial Oyster Shell — elegant, coastal, refined, artisanal seamless half-drop pattern.

The 'Grandmillennial' coastal aesthetic is highly popular for beach house decor and summer dining. While blue and white ginger jars are common, hand-painted oyster shells with gold-rimmed edges are a 

Perfect for linen cotton canvas, wallpaper, celosia velvet.
Designed for home decorators making table runners, placemats, and coastal bathroom wallpaper.

Keywords: oyster shells, gold leaf edges, kelp fronds, pearly texture, gold leaf trim, watercolor wash, coastal chic, chinoiserie

File: PNG 4500×4500 px, 300 DPI, sRGB — ready to upload to Spoonflower.",Grandmillennial Oyster Shell,77,7.5,./output/spoonflower/grandmillennial_oyster_shell___base_20260605_1032.png
77,victorian_cyanotype_botanical___base_20260605_1035.png,base,Victorian Cyanotype Botanical Seamless Repeat Pattern — Fabric & Wallpaper,Floral & Botanical,"scientific, serene, vintage, artisanal, sophisticated, linen fabric canvas, wallpaper, quilting fabric, seamless pattern, repeat pattern, surface design, fabric pattern",tossed scatter,"Victorian Cyanotype Botanical — scientific, serene, vintage, artisanal, sophisticated seamless tossed scatter pattern.

Anna Atkins' cyanotype botanical photograms (1843–1853, fully public domain) have become a major interior design trend. The white-on-prussian-blue silhouette aesthetic appears in high-end home goods, 

Perfect for linen cotton canvas, wallpaper, quilting cotton.
Designed for botanical art enthusiasts, interior decorators seeking statement wallpaper, fashion sewists making artistic statement pieces.

Keywords: 

File: PNG 4500×4500 px, 300 DPI, sRGB — ready to upload to Spoonflower.",Victorian Cyanotype Botanical,77,19.2,./output/spoonflower/victorian_cyanotype_botanical___base_20260605_1035.png
77,grandmillennial_oyster_shell___base_20260605_1032__cool_ocean.png,cool_ocean,Grandmillennial Oyster Shell Seamless Pattern — Blue Ocean,Abstract & Painterly,"oyster shells, gold leaf edges, kelp fronds, pearly texture, gold leaf trim, watercolor wash, coastal chic, chinoiserie, blue and white pottery, elegant coastal, scallop shells, ocean botanical, oyster mosaic, interlocking shells, natural texture, pearly sheen, elegant, coastal, refined, artisanal",half-drop,"Grandmillennial Oyster Shell — elegant, coastal, refined, artisanal seamless half-drop pattern.

The 'Grandmillennial' coastal aesthetic is highly popular for beach house decor and summer dining. While blue and white ginger jars are common, hand-painted oyster shells with gold-rimmed edges are a 

Perfect for linen cotton canvas, wallpaper, celosia velvet.
Designed for home decorators making table runners, placemats, and coastal bathroom wallpaper.

Keywords: oyster shells, gold leaf edges, kelp fronds, pearly texture, gold leaf trim, watercolor wash, coastal chic, chinoiserie

File: PNG 4500×4500 px, 300 DPI, sRGB — ready to upload to Spoonflower.",Grandmillennial Oyster Shell,77,6.4,./output/colorways/grandmillennial_oyster_shell___base_20260605_1032__cool_ocean.png
77,victorian_cyanotype_botanical___base_20260605_1035__cool_ocean.png,cool_ocean,Victorian Cyanotype Botanical Seamless Pattern — Blue Ocean,Floral & Botanical,"scientific, serene, vintage, artisanal, sophisticated, linen fabric canvas, wallpaper, quilting fabric, seamless pattern, repeat pattern, surface design, fabric pattern",tossed scatter,"Victorian Cyanotype Botanical — scientific, serene, vintage, artisanal, sophisticated seamless tossed scatter pattern.

Anna Atkins' cyanotype botanical photograms (1843–1853, fully public domain) have become a major interior design trend. The white-on-prussian-blue silhouette aesthetic appears in high-end home goods, 

Perfect for linen cotton canvas, wallpaper, quilting cotton.
Designed for botanical art enthusiasts, interior decorators seeking statement wallpaper, fashion sewists making artistic statement pieces.

Keywords: 

File: PNG 4500×4500 px, 300 DPI, sRGB — ready to upload to Spoonflower.",Victorian Cyanotype Botanical,77,10.8,./output/colorways/victorian_cyanotype_botanical___base_20260605_1035__cool_ocean.png
77,grandmillennial_oyster_shell___base_20260605_1032__earth_autumn.png,earth_autumn,Grandmillennial Oyster Shell Seamless Pattern — Earth Tones,Abstract & Painterly,"oyster shells, gold leaf edges, kelp fronds, pearly texture, gold leaf trim, watercolor wash, coastal chic, chinoiserie, blue and white pottery, elegant coastal, scallop shells, ocean botanical, oyster mosaic, interlocking shells, natural texture, pearly sheen, elegant, coastal, refined, artisanal",half-drop,"Grandmillennial Oyster Shell — elegant, coastal, refined, artisanal seamless half-drop pattern.

The 'Grandmillennial' coastal aesthetic is highly popular for beach house decor and summer dining. While blue and white ginger jars are common, hand-painted oyster shells with gold-rimmed edges are a 

Perfect for linen cotton canvas, wallpaper, celosia velvet.
Designed for home decorators making table runners, placemats, and coastal bathroom wallpaper.

Keywords: oyster shells, gold leaf edges, kelp fronds, pearly texture, gold leaf trim, watercolor wash, coastal chic, chinoiserie

File: PNG 4500×4500 px, 300 DPI, sRGB — ready to upload to Spoonflower.",Grandmillennial Oyster Shell,77,6.2,./output/colorways/grandmillennial_oyster_shell___base_20260605_1032__earth_autumn.png
77,victorian_cyanotype_botanical___base_20260605_1035__earth_autumn.png,earth_autumn,Victorian Cyanotype Botanical Seamless Pattern — Earth Tones,Floral & Botanical,"scientific, serene, vintage, artisanal, sophisticated, linen fabric canvas, wallpaper, quilting fabric, seamless pattern, repeat pattern, surface design, fabric pattern",tossed scatter,"Victorian Cyanotype Botanical — scientific, serene, vintage, artisanal, sophisticated seamless tossed scatter pattern.

Anna Atkins' cyanotype botanical photograms (1843–1853, fully public domain) have become a major interior design trend. The white-on-prussian-blue silhouette aesthetic appears in high-end home goods, 

Perfect for linen cotton canvas, wallpaper, quilting cotton.
Designed for botanical art enthusiasts, interior decorators seeking statement wallpaper, fashion sewists making artistic statement pieces.

Keywords: 

File: PNG 4500×4500 px, 300 DPI, sRGB — ready to upload to Spoonflower.",Victorian Cyanotype Botanical,77,10.6,./output/colorways/victorian_cyanotype_botanical___base_20260605_1035__earth_autumn.png
77,grandmillennial_oyster_shell___base_20260605_1032__midnight.png,midnight,Grandmillennial Oyster Shell Seamless Pattern — Midnight Dark,Abstract & Painterly,"oyster shells, gold leaf edges, kelp fronds, pearly texture, gold leaf trim, watercolor wash, coastal chic, chinoiserie, blue and white pottery, elegant coastal, scallop shells, ocean botanical, oyster mosaic, interlocking shells, natural texture, pearly sheen, elegant, coastal, refined, artisanal",half-drop,"Grandmillennial Oyster Shell — elegant, coastal, refined, artisanal seamless half-drop pattern.

The 'Grandmillennial' coastal aesthetic is highly popular for beach house decor and summer dining. While blue and white ginger jars are common, hand-painted oyster shells with gold-rimmed edges are a 

Perfect for linen cotton canvas, wallpaper, celosia velvet.
Designed for home decorators making table runners, placemats, and coastal bathroom wallpaper.

Keywords: oyster shells, gold leaf edges, kelp fronds, pearly texture, gold leaf trim, watercolor wash, coastal chic, chinoiserie

File: PNG 4500×4500 px, 300 DPI, sRGB — ready to upload to Spoonflower.",Grandmillennial Oyster Shell,77,4.9,./output/colorways/grandmillennial_oyster_shell___base_20260605_1032__midnight.png
77,victorian_cyanotype_botanical___base_20260605_1035__midnight.png,midnight,Victorian Cyanotype Botanical Seamless Pattern — Midnight Dark,Floral & Botanical,"scientific, serene, vintage, artisanal, sophisticated, linen fabric canvas, wallpaper, quilting fabric, seamless pattern, repeat pattern, surface design, fabric pattern",tossed scatter,"Victorian Cyanotype Botanical — scientific, serene, vintage, artisanal, sophisticated seamless tossed scatter pattern.

Anna Atkins' cyanotype botanical photograms (1843–1853, fully public domain) have become a major interior design trend. The white-on-prussian-blue silhouette aesthetic appears in high-end home goods, 

Perfect for linen cotton canvas, wallpaper, quilting cotton.
Designed for botanical art enthusiasts, interior decorators seeking statement wallpaper, fashion sewists making artistic statement pieces.

Keywords: 

File: PNG 4500×4500 px, 300 DPI, sRGB — ready to upload to Spoonflower.",Victorian Cyanotype Botanical,77,8.7,./output/colorways/victorian_cyanotype_botanical___base_20260605_1035__midnight.png
77,grandmillennial_oyster_shell___base_20260605_1032__rose_gold.png,rose_gold,Grandmillennial Oyster Shell Seamless Pattern — Rose Gold Blush,Abstract & Painterly,"oyster shells, gold leaf edges, kelp fronds, pearly texture, gold leaf trim, watercolor wash, coastal chic, chinoiserie, blue and white pottery, elegant coastal, scallop shells, ocean botanical, oyster mosaic, interlocking shells, natural texture, pearly sheen, elegant, coastal, refined, artisanal",half-drop,"Grandmillennial Oyster Shell — elegant, coastal, refined, artisanal seamless half-drop pattern.

The 'Grandmillennial' coastal aesthetic is highly popular for beach house decor and summer dining. While blue and white ginger jars are common, hand-painted oyster shells with gold-rimmed edges are a 

Perfect for linen cotton canvas, wallpaper, celosia velvet.
Designed for home decorators making table runners, placemats, and coastal bathroom wallpaper.

Keywords: oyster shells, gold leaf edges, kelp fronds, pearly texture, gold leaf trim, watercolor wash, coastal chic, chinoiserie

File: PNG 4500×4500 px, 300 DPI, sRGB — ready to upload to Spoonflower.",Grandmillennial Oyster Shell,77,6.2,./output/colorways/grandmillennial_oyster_shell___base_20260605_1032__rose_gold.png
77,victorian_cyanotype_botanical___base_20260605_1035__rose_gold.png,rose_gold,Victorian Cyanotype Botanical Seamless Pattern — Rose Gold Blush,Floral & Botanical,"scientific, serene, vintage, artisanal, sophisticated, linen fabric canvas, wallpaper, quilting fabric, seamless pattern, repeat pattern, surface design, fabric pattern",tossed scatter,"Victorian Cyanotype Botanical — scientific, serene, vintage, artisanal, sophisticated seamless tossed scatter pattern.

Anna Atkins' cyanotype botanical photograms (1843–1853, fully public domain) have become a major interior design trend. The white-on-prussian-blue silhouette aesthetic appears in high-end home goods, 

Perfect for linen cotton canvas, wallpaper, quilting cotton.
Designed for botanical art enthusiasts, interior decorators seeking statement wallpaper, fashion sewists making artistic statement pieces.

Keywords: 

File: PNG 4500×4500 px, 300 DPI, sRGB — ready to upload to Spoonflower.",Victorian Cyanotype Botanical,77,11.1,./output/colorways/victorian_cyanotype_botanical___base_20260605_1035__rose_gold.png
76,cabinet_of_curiosities_entomological___base_20260605_1033.png,base,Cabinet of Curiosities Entomological Seamless Repeat Pattern — Fabric & Wallpaper,Abstract & Painterly,"luna moths, fern fronds, antique gold stars, engraving lines, luna moth, gothic botanical, pale green, deaths-head hawkmoth, dark roses, thorns, victorian gothic, moths, moon phases, gold stars, celestial gothic, curiosity cabinet, pinned moths, scientific labels, vintage grid, moody",mirror,"Cabinet of Curiosities Entomological — moody, gothic, mysterious, elegant seamless mirror pattern.

Moody, gothic home decor (often called 'Whimsigoth' or 'Dark Cottagecore') is highly popular on TikTok and Pinterest. While basic butterfly patterns are common, detailed Victorian-style illustrations 

Perfect for wallpaper, celosia velvet, apparel fabric.
Designed for wallpaper home decorators and sewists making statement apparel and velvet cushions.

Keywords: luna moths, fern fronds, antique gold stars, engraving lines, luna moth, gothic botanical, pale green, death's-head hawkmoth

File: PNG 4500×4500 px, 300 DPI, sRGB — ready to upload to Spoonflower.",Cabinet of Curiosities Entomological,76,14.5,./output/spoonflower/cabinet_of_curiosities_entomological___base_20260605_1033.png
76,damp_forest_floor_bryology___base_20260605_1033.png,base,Damp Forest Floor Bryology Seamless Repeat Pattern — Fabric & Wallpaper,Nature & Outdoors,"garden snails, chanterelle mushrooms, fiddlehead ferns, acorns, mossy stones, forest floor, soft watercolor, oak leaves, forest beetles, earthy tones, fern fronds, forest foliage, botanical green, pinecones, pine needles, woodland floor, whimsical, cozy, natural, enchanting",brick,"Damp Forest Floor Bryology — whimsical, cozy, natural, enchanting seamless brick pattern.

Cottagecore remains a staple on Spoonflower, but buyers are moving away from generic mushrooms toward highly detailed, whimsical forest floor ecosystems. Patterns featuring snails, moss, acorns, and t

Perfect for quilting cotton, minky, organic cotton knit.
Designed for quilters making baby blankets and nursery decorators designing whimsical baby rooms.

Keywords: garden snails, chanterelle mushrooms, fiddlehead ferns, acorns, mossy stones, forest floor, soft watercolor, oak leaves

File: PNG 4500×4500 px, 300 DPI, sRGB — ready to upload to Spoonflower.",Damp Forest Floor Bryology,76,12.7,./output/spoonflower/damp_forest_floor_bryology___base_20260605_1033.png
76,cabinet_of_curiosities_entomological___base_20260605_1033__cool_ocean.png,cool_ocean,Cabinet of Curiosities Entomological Seamless Pattern — Blue Ocean,Abstract & Painterly,"luna moths, fern fronds, antique gold stars, engraving lines, luna moth, gothic botanical, pale green, deaths-head hawkmoth, dark roses, thorns, victorian gothic, moths, moon phases, gold stars, celestial gothic, curiosity cabinet, pinned moths, scientific labels, vintage grid, moody",mirror,"Cabinet of Curiosities Entomological — moody, gothic, mysterious, elegant seamless mirror pattern.

Moody, gothic home decor (often called 'Whimsigoth' or 'Dark Cottagecore') is highly popular on TikTok and Pinterest. While basic butterfly patterns are common, detailed Victorian-style illustrations 

Perfect for wallpaper, celosia velvet, apparel fabric.
Designed for wallpaper home decorators and sewists making statement apparel and velvet cushions.

Keywords: luna moths, fern fronds, antique gold stars, engraving lines, luna moth, gothic botanical, pale green, death's-head hawkmoth

File: PNG 4500×4500 px, 300 DPI, sRGB — ready to upload to Spoonflower.",Cabinet of Curiosities Entomological,76,9.7,./output/colorways/cabinet_of_curiosities_entomological___base_20260605_1033__cool_ocean.png
76,damp_forest_floor_bryology___base_20260605_1033__cool_ocean.png,cool_ocean,Damp Forest Floor Bryology Seamless Pattern — Blue Ocean,Nature & Outdoors,"garden snails, chanterelle mushrooms, fiddlehead ferns, acorns, mossy stones, forest floor, soft watercolor, oak leaves, forest beetles, earthy tones, fern fronds, forest foliage, botanical green, pinecones, pine needles, woodland floor, whimsical, cozy, natural, enchanting",brick,"Damp Forest Floor Bryology — whimsical, cozy, natural, enchanting seamless brick pattern.

Cottagecore remains a staple on Spoonflower, but buyers are moving away from generic mushrooms toward highly detailed, whimsical forest floor ecosystems. Patterns featuring snails, moss, acorns, and t

Perfect for quilting cotton, minky, organic cotton knit.
Designed for quilters making baby blankets and nursery decorators designing whimsical baby rooms.

Keywords: garden snails, chanterelle mushrooms, fiddlehead ferns, acorns, mossy stones, forest floor, soft watercolor, oak leaves

File: PNG 4500×4500 px, 300 DPI, sRGB — ready to upload to Spoonflower.",Damp Forest Floor Bryology,76,5.4,./output/colorways/damp_forest_floor_bryology___base_20260605_1033__cool_ocean.png
76,cabinet_of_curiosities_entomological___base_20260605_1033__earth_autumn.png,earth_autumn,Cabinet of Curiosities Entomological Seamless Pattern — Earth Tones,Abstract & Painterly,"luna moths, fern fronds, antique gold stars, engraving lines, luna moth, gothic botanical, pale green, deaths-head hawkmoth, dark roses, thorns, victorian gothic, moths, moon phases, gold stars, celestial gothic, curiosity cabinet, pinned moths, scientific labels, vintage grid, moody",mirror,"Cabinet of Curiosities Entomological — moody, gothic, mysterious, elegant seamless mirror pattern.

Moody, gothic home decor (often called 'Whimsigoth' or 'Dark Cottagecore') is highly popular on TikTok and Pinterest. While basic butterfly patterns are common, detailed Victorian-style illustrations 

Perfect for wallpaper, celosia velvet, apparel fabric.
Designed for wallpaper home decorators and sewists making statement apparel and velvet cushions.

Keywords: luna moths, fern fronds, antique gold stars, engraving lines, luna moth, gothic botanical, pale green, death's-head hawkmoth

File: PNG 4500×4500 px, 300 DPI, sRGB — ready to upload to Spoonflower.",Cabinet of Curiosities Entomological,76,9.6,./output/colorways/cabinet_of_curiosities_entomological___base_20260605_1033__earth_autumn.png
76,damp_forest_floor_bryology___base_20260605_1033__earth_autumn.png,earth_autumn,Damp Forest Floor Bryology Seamless Pattern — Earth Tones,Nature & Outdoors,"garden snails, chanterelle mushrooms, fiddlehead ferns, acorns, mossy stones, forest floor, soft watercolor, oak leaves, forest beetles, earthy tones, fern fronds, forest foliage, botanical green, pinecones, pine needles, woodland floor, whimsical, cozy, natural, enchanting",brick,"Damp Forest Floor Bryology — whimsical, cozy, natural, enchanting seamless brick pattern.

Cottagecore remains a staple on Spoonflower, but buyers are moving away from generic mushrooms toward highly detailed, whimsical forest floor ecosystems. Patterns featuring snails, moss, acorns, and t

Perfect for quilting cotton, minky, organic cotton knit.
Designed for quilters making baby blankets and nursery decorators designing whimsical baby rooms.

Keywords: garden snails, chanterelle mushrooms, fiddlehead ferns, acorns, mossy stones, forest floor, soft watercolor, oak leaves

File: PNG 4500×4500 px, 300 DPI, sRGB — ready to upload to Spoonflower.",Damp Forest Floor Bryology,76,5.1,./output/colorways/damp_forest_floor_bryology___base_20260605_1033__earth_autumn.png
76,cabinet_of_curiosities_entomological___base_20260605_1033__midnight.png,midnight,Cabinet of Curiosities Entomological Seamless Pattern — Midnight Dark,Abstract & Painterly,"luna moths, fern fronds, antique gold stars, engraving lines, luna moth, gothic botanical, pale green, deaths-head hawkmoth, dark roses, thorns, victorian gothic, moths, moon phases, gold stars, celestial gothic, curiosity cabinet, pinned moths, scientific labels, vintage grid, moody",mirror,"Cabinet of Curiosities Entomological — moody, gothic, mysterious, elegant seamless mirror pattern.

Moody, gothic home decor (often called 'Whimsigoth' or 'Dark Cottagecore') is highly popular on TikTok and Pinterest. While basic butterfly patterns are common, detailed Victorian-style illustrations 

Perfect for wallpaper, celosia velvet, apparel fabric.
Designed for wallpaper home decorators and sewists making statement apparel and velvet cushions.

Keywords: luna moths, fern fronds, antique gold stars, engraving lines, luna moth, gothic botanical, pale green, death's-head hawkmoth

File: PNG 4500×4500 px, 300 DPI, sRGB — ready to upload to Spoonflower.",Cabinet of Curiosities Entomological,76,7.6,./output/colorways/cabinet_of_curiosities_entomological___base_20260605_1033__midnight.png
76,damp_forest_floor_bryology___base_20260605_1033__midnight.png,midnight,Damp Forest Floor Bryology Seamless Pattern — Midnight Dark,Nature & Outdoors,"garden snails, chanterelle mushrooms, fiddlehead ferns, acorns, mossy stones, forest floor, soft watercolor, oak leaves, forest beetles, earthy tones, fern fronds, forest foliage, botanical green, pinecones, pine needles, woodland floor, whimsical, cozy, natural, enchanting",brick,"Damp Forest Floor Bryology — whimsical, cozy, natural, enchanting seamless brick pattern.

Cottagecore remains a staple on Spoonflower, but buyers are moving away from generic mushrooms toward highly detailed, whimsical forest floor ecosystems. Patterns featuring snails, moss, acorns, and t

Perfect for quilting cotton, minky, organic cotton knit.
Designed for quilters making baby blankets and nursery decorators designing whimsical baby rooms.

Keywords: garden snails, chanterelle mushrooms, fiddlehead ferns, acorns, mossy stones, forest floor, soft watercolor, oak leaves

File: PNG 4500×4500 px, 300 DPI, sRGB — ready to upload to Spoonflower.",Damp Forest Floor Bryology,76,4.4,./output/colorways/damp_forest_floor_bryology___base_20260605_1033__midnight.png
76,cabinet_of_curiosities_entomological___base_20260605_1033__rose_gold.png,rose_gold,Cabinet of Curiosities Entomological Seamless Pattern — Rose Gold Blush,Abstract & Painterly,"luna moths, fern fronds, antique gold stars, engraving lines, luna moth, gothic botanical, pale green, deaths-head hawkmoth, dark roses, thorns, victorian gothic, moths, moon phases, gold stars, celestial gothic, curiosity cabinet, pinned moths, scientific labels, vintage grid, moody",mirror,"Cabinet of Curiosities Entomological — moody, gothic, mysterious, elegant seamless mirror pattern.

Moody, gothic home decor (often called 'Whimsigoth' or 'Dark Cottagecore') is highly popular on TikTok and Pinterest. While basic butterfly patterns are common, detailed Victorian-style illustrations 

Perfect for wallpaper, celosia velvet, apparel fabric.
Designed for wallpaper home decorators and sewists making statement apparel and velvet cushions.

Keywords: luna moths, fern fronds, antique gold stars, engraving lines, luna moth, gothic botanical, pale green, death's-head hawkmoth

File: PNG 4500×4500 px, 300 DPI, sRGB — ready to upload to Spoonflower.",Cabinet of Curiosities Entomological,76,10.0,./output/colorways/cabinet_of_curiosities_entomological___base_20260605_1033__rose_gold.png
76,damp_forest_floor_bryology___base_20260605_1033__rose_gold.png,rose_gold,Damp Forest Floor Bryology Seamless Pattern — Rose Gold Blush,Nature & Outdoors,"garden snails, chanterelle mushrooms, fiddlehead ferns, acorns, mossy stones, forest floor, soft watercolor, oak leaves, forest beetles, earthy tones, fern fronds, forest foliage, botanical green, pinecones, pine needles, woodland floor, whimsical, cozy, natural, enchanting",brick,"Damp Forest Floor Bryology — whimsical, cozy, natural, enchanting seamless brick pattern.

Cottagecore remains a staple on Spoonflower, but buyers are moving away from generic mushrooms toward highly detailed, whimsical forest floor ecosystems. Patterns featuring snails, moss, acorns, and t

Perfect for quilting cotton, minky, organic cotton knit.
Designed for quilters making baby blankets and nursery decorators designing whimsical baby rooms.

Keywords: garden snails, chanterelle mushrooms, fiddlehead ferns, acorns, mossy stones, forest floor, soft watercolor, oak leaves

File: PNG 4500×4500 px, 300 DPI, sRGB — ready to upload to Spoonflower.",Damp Forest Floor Bryology,76,5.5,./output/colorways/damp_forest_floor_bryology___base_20260605_1033__rose_gold.png
75,art_deco_isopod_tile___base_20260605_1942.png,base,Art Deco Isopod Tile Seamless Repeat Pattern — Fabric & Wallpaper,Animals & Insects,"luxurious, sophisticated, geometric, opulent, wallpaper, home decor, seamless pattern, repeat pattern, surface design, fabric pattern",mirror,"Art Deco Isopod Tile — luxurious, sophisticated, geometric, opulent seamless mirror pattern.

The terrarium and exotic pet hobby has exploded on Reddit, with r/isopods boasting over 50,000 highly passionate members. There is a massive, documented demand for elegant, isopod-themed wallpaper for

Perfect for wallpaper, home decor.
Designed for wallpaper home decorators making statement accent walls for plant and terrarium rooms.

Keywords: 

File: PNG 4500×4500 px, 300 DPI, sRGB — ready to upload to Spoonflower.",Art Deco Isopod Tile,75,17.8,./output/spoonflower/art_deco_isopod_tile___base_20260605_1942.png
75,art_deco_zodiac_blueprint___base_20260605_1033.png,base,Art Deco Zodiac Blueprint Seamless Repeat Pattern — Fabric & Wallpaper,Geometric,"art deco sunburst, crescent moon, gold lines, geometric stars, gold foil effect, symmetrical, art deco clouds, celestial luxury, constellations, zodiac art, fine gold lines, astronomy, astrological chart, geometric grid, vintage astronomy, gold line art, luxurious, mystical, structured, elegant",mirror,"Art Deco Zodiac Blueprint — luxurious, mystical, structured, elegant seamless mirror pattern.

Celestial patterns are a constant favorite, but the market is flooded with basic boho suns and moons. There is a strong, growing demand for elegant, structured Art Deco-inspired celestial patterns fea

Perfect for wallpaper, celosia velvet, satin.
Designed for wallpaper home decorators and sewists making luxury bedding and curtains.

Keywords: art deco sunburst, crescent moon, gold lines, geometric stars, gold foil effect, symmetrical, art deco clouds, celestial luxury

File: PNG 4500×4500 px, 300 DPI, sRGB — ready to upload to Spoonflower.",Art Deco Zodiac Blueprint,75,21.7,./output/spoonflower/art_deco_zodiac_blueprint___base_20260605_1033.png
75,art_deco_zodiac_blueprint___base_20260605_1033__cool_ocean.png,cool_ocean,Art Deco Zodiac Blueprint Seamless Pattern — Blue Ocean,Geometric,"art deco sunburst, crescent moon, gold lines, geometric stars, gold foil effect, symmetrical, art deco clouds, celestial luxury, constellations, zodiac art, fine gold lines, astronomy, astrological chart, geometric grid, vintage astronomy, gold line art, luxurious, mystical, structured, elegant",mirror,"Art Deco Zodiac Blueprint — luxurious, mystical, structured, elegant seamless mirror pattern.

Celestial patterns are a constant favorite, but the market is flooded with basic boho suns and moons. There is a strong, growing demand for elegant, structured Art Deco-inspired celestial patterns fea

Perfect for wallpaper, celosia velvet, satin.
Designed for wallpaper home decorators and sewists making luxury bedding and curtains.

Keywords: art deco sunburst, crescent moon, gold lines, geometric stars, gold foil effect, symmetrical, art deco clouds, celestial luxury

File: PNG 4500×4500 px, 300 DPI, sRGB — ready to upload to Spoonflower.",Art Deco Zodiac Blueprint,75,15.4,./output/colorways/art_deco_zodiac_blueprint___base_20260605_1033__cool_ocean.png
75,art_deco_zodiac_blueprint___base_20260605_1033__earth_autumn.png,earth_autumn,Art Deco Zodiac Blueprint Seamless Pattern — Earth Tones,Geometric,"art deco sunburst, crescent moon, gold lines, geometric stars, gold foil effect, symmetrical, art deco clouds, celestial luxury, constellations, zodiac art, fine gold lines, astronomy, astrological chart, geometric grid, vintage astronomy, gold line art, luxurious, mystical, structured, elegant",mirror,"Art Deco Zodiac Blueprint — luxurious, mystical, structured, elegant seamless mirror pattern.

Celestial patterns are a constant favorite, but the market is flooded with basic boho suns and moons. There is a strong, growing demand for elegant, structured Art Deco-inspired celestial patterns fea

Perfect for wallpaper, celosia velvet, satin.
Designed for wallpaper home decorators and sewists making luxury bedding and curtains.

Keywords: art deco sunburst, crescent moon, gold lines, geometric stars, gold foil effect, symmetrical, art deco clouds, celestial luxury

File: PNG 4500×4500 px, 300 DPI, sRGB — ready to upload to Spoonflower.",Art Deco Zodiac Blueprint,75,14.9,./output/colorways/art_deco_zodiac_blueprint___base_20260605_1033__earth_autumn.png
75,art_deco_zodiac_blueprint___base_20260605_1033__midnight.png,midnight,Art Deco Zodiac Blueprint Seamless Pattern — Midnight Dark,Geometric,"art deco sunburst, crescent moon, gold lines, geometric stars, gold foil effect, symmetrical, art deco clouds, celestial luxury, constellations, zodiac art, fine gold lines, astronomy, astrological chart, geometric grid, vintage astronomy, gold line art, luxurious, mystical, structured, elegant",mirror,"Art Deco Zodiac Blueprint — luxurious, mystical, structured, elegant seamless mirror pattern.

Celestial patterns are a constant favorite, but the market is flooded with basic boho suns and moons. There is a strong, growing demand for elegant, structured Art Deco-inspired celestial patterns fea

Perfect for wallpaper, celosia velvet, satin.
Designed for wallpaper home decorators and sewists making luxury bedding and curtains.

Keywords: art deco sunburst, crescent moon, gold lines, geometric stars, gold foil effect, symmetrical, art deco clouds, celestial luxury

File: PNG 4500×4500 px, 300 DPI, sRGB — ready to upload to Spoonflower.",Art Deco Zodiac Blueprint,75,12.1,./output/colorways/art_deco_zodiac_blueprint___base_20260605_1033__midnight.png
75,art_deco_zodiac_blueprint___base_20260605_1033__rose_gold.png,rose_gold,Art Deco Zodiac Blueprint Seamless Pattern — Rose Gold Blush,Geometric,"art deco sunburst, crescent moon, gold lines, geometric stars, gold foil effect, symmetrical, art deco clouds, celestial luxury, constellations, zodiac art, fine gold lines, astronomy, astrological chart, geometric grid, vintage astronomy, gold line art, luxurious, mystical, structured, elegant",mirror,"Art Deco Zodiac Blueprint — luxurious, mystical, structured, elegant seamless mirror pattern.

Celestial patterns are a constant favorite, but the market is flooded with basic boho suns and moons. There is a strong, growing demand for elegant, structured Art Deco-inspired celestial patterns fea

Perfect for wallpaper, celosia velvet, satin.
Designed for wallpaper home decorators and sewists making luxury bedding and curtains.

Keywords: art deco sunburst, crescent moon, gold lines, geometric stars, gold foil effect, symmetrical, art deco clouds, celestial luxury

File: PNG 4500×4500 px, 300 DPI, sRGB — ready to upload to Spoonflower.",Art Deco Zodiac Blueprint,75,15.9,./output/colorways/art_deco_zodiac_blueprint___base_20260605_1033__rose_gold.png
74,art_deco_egret_tile___base_20260605_1944.png,base,Art Deco Egret Tile Seamless Repeat Pattern — Fabric & Wallpaper,Animals & Insects,"luxurious, sophisticated, geometric, opulent, wallpaper, home decor, seamless pattern, repeat pattern, surface design, fabric pattern",mirror,"Art Deco Egret Tile — luxurious, sophisticated, geometric, opulent seamless mirror pattern.

Coastal and wetland themes are highly popular for modern bathroom wallpapers, but decorators are seeking highly structured, geometric interpretations rather than loose, painterly styles. A symmetrical

Perfect for wallpaper, home decor.
Designed for bathroom and bedroom wallpaper decorators making statement accent walls.

Keywords: 

File: PNG 4500×4500 px, 300 DPI, sRGB — ready to upload to Spoonflower.",Art Deco Egret Tile,74,17.1,./output/spoonflower/art_deco_egret_tile___base_20260605_1944.png
74,art_deco_luna_moth_tile___base_20260605_2018.png,base,Art Deco Luna Moth Tile Seamless Repeat Pattern — Fabric & Wallpaper,Animals & Insects,"mystical, geometric, serene, wallpaper, curtains, seamless pattern, repeat pattern, surface design, fabric pattern",mirror,"Art Deco Luna Moth Tile — mystical, geometric, serene seamless mirror pattern.

Luna moth and celestial insect motifs are trending heavily in bohemian and cottagecore home decor, with searches up 55% on TikTok. On Spoonflower, there is an active demand for symmetrical, geometric 

Perfect for wallpaper, curtains.
Designed for wallpaper home decorators making statement bedroom walls.

Keywords: 

File: PNG 4500×4500 px, 300 DPI, sRGB — ready to upload to Spoonflower.",Art Deco Luna Moth Tile,74,17.3,./output/spoonflower/art_deco_luna_moth_tile___base_20260605_2018.png
74,art_deco_stag_tile___base_20260605_1947.png,base,Art Deco Stag Tile Seamless Repeat Pattern — Fabric & Wallpaper,Animals & Insects,"luxurious, sophisticated, geometric, opulent, wallpaper, home decor, seamless pattern, repeat pattern, surface design, fabric pattern",mirror,"Art Deco Stag Tile — luxurious, sophisticated, geometric, opulent seamless mirror pattern.

Woodland and lodge themes are classic, but modern decorators are seeking highly structured, geometric interpretations rather than loose, painterly styles. A symmetrical stag head with magnificent antl

Perfect for wallpaper, home decor.
Designed for study and library wallpaper decorators making statement accent walls.

Keywords: 

File: PNG 4500×4500 px, 300 DPI, sRGB — ready to upload to Spoonflower.",Art Deco Stag Tile,74,20.2,./output/spoonflower/art_deco_stag_tile___base_20260605_1947.png
74,crow_poets_writing_poetry___base_20260605_1946.png,base,Crow Poets Writing Poetry Seamless Repeat Pattern — Fabric & Wallpaper,Abstract & Painterly,"literary, gothic, dark academia, humorous, wallpaper, apparel fabric, seamless pattern, repeat pattern, surface design, fabric pattern",half-drop,"Crow Poets Writing Poetry — literary, gothic, dark academia, humorous seamless half-drop pattern.

Dark academia and gothic-adjacent aesthetics continue to perform exceptionally well on Spoonflower, particularly for study decor and apparel. Crows wearing wire-rimmed spectacles, holding feather quil

Perfect for wallpaper, apparel fabric.
Designed for study and library decorators making wallpaper, and apparel sewists making dark academia dresses.

Keywords: 

File: PNG 4500×4500 px, 300 DPI, sRGB — ready to upload to Spoonflower.",Crow Poets Writing Poetry,74,22.6,./output/spoonflower/crow_poets_writing_poetry___base_20260605_1946.png
74,lobster_couples_therapy_session___base_20260605_2019.png,base,Lobster Couples Therapy Session Seamless Repeat Pattern — Fabric & Wallpaper,Animals & Insects,"humorous, whimsical, narrative, wallpaper, curtains, seamless pattern, repeat pattern, surface design, fabric pattern",half-drop,"Lobster Couples Therapy Session — humorous, whimsical, narrative seamless half-drop pattern.

Humorous, narrative-driven marine designs are highly popular on Spoonflower, with 'ocean humor' searches up 50% year-over-year. The whimsical concept of lobsters in a couples therapy session with a cr

Perfect for wallpaper, curtains.
Designed for wallpaper home decorators making statement bathroom walls.

Keywords: 

File: PNG 4500×4500 px, 300 DPI, sRGB — ready to upload to Spoonflower.",Lobster Couples Therapy Session,74,19.9,./output/spoonflower/lobster_couples_therapy_session___base_20260605_2019.png
74,michelin_guinea_pig_chefs___base_20260605_1946.png,base,Michelin Guinea Pig Chefs Seamless Repeat Pattern — Fabric & Wallpaper,Abstract & Painterly,"cozy, humorous, culinary, charming, quilting fabric, table linens, seamless pattern, repeat pattern, surface design, fabric pattern, wallpaper",basic,"Michelin Guinea Pig Chefs — cozy, humorous, culinary, charming seamless basic pattern.

Kitchen textiles are a staple of the Spoonflower marketplace, with buyers constantly searching for unique, animal-themed tea towels and aprons. Plump guinea pigs wearing tall chef hats and tasting sou

Perfect for quilting cotton, table linens.
Designed for kitchen decorators making tea towels, aprons, table runners, and oven mitts.

Keywords: 

File: PNG 4500×4500 px, 300 DPI, sRGB — ready to upload to Spoonflower.",Michelin Guinea Pig Chefs,74,20.0,./output/spoonflower/michelin_guinea_pig_chefs___base_20260605_1946.png
74,nordic_winter_solstice_folk___base_20260605_1033.png,base,Nordic Winter Solstice Folk Seamless Repeat Pattern — Fabric & Wallpaper,Folk & Traditional,"folk birds, folk foxes, symmetrical branches, geometric details, symmetrical design, scandinavian folk art, stylized branches, folk fox, geometric ferns, nordic illustration, cozy forest, floral vines, nordic stripes, geometric leaves, folk pattern, folk mandala, woodland animals, repeating grid, nordic design, cozy",mirror,"Nordic Winter Solstice Folk — cozy, traditional, structured, whimsical seamless mirror pattern.

Scandinavian folk art is a timeless favorite on Spoonflower, particularly for holiday and winter decor. However, standard red and white folk art is highly saturated. The current opportunity lies in 'F

Perfect for quilting cotton, linen cotton canvas, wallpaper.
Designed for quilters making cozy winter quilts and home decorators making table linens.

Keywords: folk birds, folk foxes, symmetrical branches, geometric details, symmetrical design, scandinavian folk art, stylized branches, folk fox

File: PNG 4500×4500 px, 300 DPI, sRGB — ready to upload to Spoonflower.",Nordic Winter Solstice Folk,74,18.8,./output/spoonflower/nordic_winter_solstice_folk___base_20260605_1033.png
74,raccoon_heist_planners___base_20260605_1945.png,base,Raccoon Heist Planners Seamless Repeat Pattern — Fabric & Wallpaper,Animals & Insects,"mysterious, humorous, adventurous, playful, wallpaper, quilting fabric, seamless pattern, repeat pattern, surface design, fabric pattern",half-drop,"Raccoon Heist Planners — mysterious, humorous, adventurous, playful seamless half-drop pattern.

Raccoons are a beloved 'trash animal' internet phenomenon. Moving away from standard forest themes, portraying them as organized heist planners with blueprints and flashlights taps into a highly engag

Perfect for wallpaper, quilting cotton.
Designed for playroom and nursery decorators making wallpaper and kids' apparel.

Keywords: 

File: PNG 4500×4500 px, 300 DPI, sRGB — ready to upload to Spoonflower.",Raccoon Heist Planners,74,18.4,./output/spoonflower/raccoon_heist_planners___base_20260605_1945.png
74,therapy_session_lobsters___base_20260605_1943.png,base,Therapy Session Lobsters Seamless Repeat Pattern — Fabric & Wallpaper,Animals & Insects,"humorous, theatrical, quirky, marine, wallpaper, home decor, seamless pattern, repeat pattern, surface design, fabric pattern",half-drop,"Therapy Session Lobsters — humorous, theatrical, quirky, marine seamless half-drop pattern.

Bathroom-specific humor is a massive sales driver on Spoonflower, with decorators looking for quirky, marine-themed designs that go beyond basic seashells. Lobsters lying on Victorian chaise lounges d

Perfect for wallpaper, home decor.
Designed for bathroom and WC decorators making quirky shower curtains, wallpaper, and bath mats.

Keywords: 

File: PNG 4500×4500 px, 300 DPI, sRGB — ready to upload to Spoonflower.",Therapy Session Lobsters,74,20.0,./output/spoonflower/therapy_session_lobsters___base_20260605_1943.png
74,victorian_microscope_slide___base_20260605_1237.png,base,Victorian Microscope Slide Seamless Repeat Pattern — Fabric & Wallpaper,Vintage & Retro,"scientific, moody, academic, wallpaper, quilting fabric, seamless pattern, repeat pattern, surface design, fabric pattern",basic,"Victorian Microscope Slide — scientific, moody, academic seamless basic pattern.

The 'Dark Academia' aesthetic continues to drive interest in scientific curiosities. While entomology is saturated, the specific visual language of Victorian microscope slides (circular frames, biolog

Perfect for wallpaper, quilting cotton.
Designed for wallpaper home decorators and quilters making sophisticated, scholarly-themed quilts..

Keywords: 

File: PNG 4500×4500 px, 300 DPI, sRGB — ready to upload to Spoonflower.",Victorian Microscope Slide,74,23.7,./output/spoonflower/victorian_microscope_slide___base_20260605_1237.png
74,victorian_pressed_wildflower_ditsy___base_20260605_1033.png,base,Victorian Pressed Wildflower Ditsy Seamless Repeat Pattern — Fabric & Wallpaper,Floral & Botanical,"forget-me-nots, primroses, clover blossoms, dense layout, winding stems, ditsy floral, delicate blue, primrose, sweet pea, cottage garden, dense floral, wild strawberries, strawberry blossom, ditsy vine, sweet cottage, chamomile daisy, pink clover, meadow pattern, dense ditsy, romantic",brick,"Victorian Pressed Wildflower Ditsy — romantic, nostalgic, delicate, sweet seamless brick pattern.

Ditsy floral patterns are always popular for apparel, but standard designs can feel generic. The current high-opportunity angle is the 'English Cottage Garden' style: dense, tiny, highly detailed wild

Perfect for cotton lawn, organic cotton knit, quilting cotton.
Designed for apparel sewists making vintage-style dresses, blouses, and children's clothing.

Keywords: forget-me-nots, primroses, clover blossoms, dense layout, winding stems, ditsy floral, delicate blue, primrose

File: PNG 4500×4500 px, 300 DPI, sRGB — ready to upload to Spoonflower.",Victorian Pressed Wildflower Ditsy,74,8.2,./output/spoonflower/victorian_pressed_wildflower_ditsy___base_20260605_1033.png
74,nordic_winter_solstice_folk___base_20260605_1033__cool_ocean.png,cool_ocean,Nordic Winter Solstice Folk Seamless Pattern — Blue Ocean,Folk & Traditional,"folk birds, folk foxes, symmetrical branches, geometric details, symmetrical design, scandinavian folk art, stylized branches, folk fox, geometric ferns, nordic illustration, cozy forest, floral vines, nordic stripes, geometric leaves, folk pattern, folk mandala, woodland animals, repeating grid, nordic design, cozy",mirror,"Nordic Winter Solstice Folk — cozy, traditional, structured, whimsical seamless mirror pattern.

Scandinavian folk art is a timeless favorite on Spoonflower, particularly for holiday and winter decor. However, standard red and white folk art is highly saturated. The current opportunity lies in 'F

Perfect for quilting cotton, linen cotton canvas, wallpaper.
Designed for quilters making cozy winter quilts and home decorators making table linens.

Keywords: folk birds, folk foxes, symmetrical branches, geometric details, symmetrical design, scandinavian folk art, stylized branches, folk fox

File: PNG 4500×4500 px, 300 DPI, sRGB — ready to upload to Spoonflower.",Nordic Winter Solstice Folk,74,9.1,./output/colorways/nordic_winter_solstice_folk___base_20260605_1033__cool_ocean.png
74,victorian_microscope_slide___base_20260605_1237__cool_ocean.png,cool_ocean,Victorian Microscope Slide Seamless Pattern — Blue Ocean,Vintage & Retro,"scientific, moody, academic, wallpaper, quilting fabric, seamless pattern, repeat pattern, surface design, fabric pattern",basic,"Victorian Microscope Slide — scientific, moody, academic seamless basic pattern.

The 'Dark Academia' aesthetic continues to drive interest in scientific curiosities. While entomology is saturated, the specific visual language of Victorian microscope slides (circular frames, biolog

Perfect for wallpaper, quilting cotton.
Designed for wallpaper home decorators and quilters making sophisticated, scholarly-themed quilts..

Keywords: 

File: PNG 4500×4500 px, 300 DPI, sRGB — ready to upload to Spoonflower.",Victorian Microscope Slide,74,15.0,./output/colorways/victorian_microscope_slide___base_20260605_1237__cool_ocean.png
74,victorian_pressed_wildflower_ditsy___base_20260605_1033__cool_ocean.png,cool_ocean,Victorian Pressed Wildflower Ditsy Seamless Pattern — Blue Ocean,Floral & Botanical,"forget-me-nots, primroses, clover blossoms, dense layout, winding stems, ditsy floral, delicate blue, primrose, sweet pea, cottage garden, dense floral, wild strawberries, strawberry blossom, ditsy vine, sweet cottage, chamomile daisy, pink clover, meadow pattern, dense ditsy, romantic",brick,"Victorian Pressed Wildflower Ditsy — romantic, nostalgic, delicate, sweet seamless brick pattern.

Ditsy floral patterns are always popular for apparel, but standard designs can feel generic. The current high-opportunity angle is the 'English Cottage Garden' style: dense, tiny, highly detailed wild

Perfect for cotton lawn, organic cotton knit, quilting cotton.
Designed for apparel sewists making vintage-style dresses, blouses, and children's clothing.

Keywords: forget-me-nots, primroses, clover blossoms, dense layout, winding stems, ditsy floral, delicate blue, primrose

File: PNG 4500×4500 px, 300 DPI, sRGB — ready to upload to Spoonflower.",Victorian Pressed Wildflower Ditsy,74,3.4,./output/colorways/victorian_pressed_wildflower_ditsy___base_20260605_1033__cool_ocean.png
74,nordic_winter_solstice_folk___base_20260605_1033__earth_autumn.png,earth_autumn,Nordic Winter Solstice Folk Seamless Pattern — Earth Tones,Folk & Traditional,"folk birds, folk foxes, symmetrical branches, geometric details, symmetrical design, scandinavian folk art, stylized branches, folk fox, geometric ferns, nordic illustration, cozy forest, floral vines, nordic stripes, geometric leaves, folk pattern, folk mandala, woodland animals, repeating grid, nordic design, cozy",mirror,"Nordic Winter Solstice Folk — cozy, traditional, structured, whimsical seamless mirror pattern.

Scandinavian folk art is a timeless favorite on Spoonflower, particularly for holiday and winter decor. However, standard red and white folk art is highly saturated. The current opportunity lies in 'F

Perfect for quilting cotton, linen cotton canvas, wallpaper.
Designed for quilters making cozy winter quilts and home decorators making table linens.

Keywords: folk birds, folk foxes, symmetrical branches, geometric details, symmetrical design, scandinavian folk art, stylized branches, folk fox

File: PNG 4500×4500 px, 300 DPI, sRGB — ready to upload to Spoonflower.",Nordic Winter Solstice Folk,74,8.7,./output/colorways/nordic_winter_solstice_folk___base_20260605_1033__earth_autumn.png
74,victorian_microscope_slide___base_20260605_1237__earth_autumn.png,earth_autumn,Victorian Microscope Slide Seamless Pattern — Earth Tones,Vintage & Retro,"scientific, moody, academic, wallpaper, quilting fabric, seamless pattern, repeat pattern, surface design, fabric pattern",basic,"Victorian Microscope Slide — scientific, moody, academic seamless basic pattern.

The 'Dark Academia' aesthetic continues to drive interest in scientific curiosities. While entomology is saturated, the specific visual language of Victorian microscope slides (circular frames, biolog

Perfect for wallpaper, quilting cotton.
Designed for wallpaper home decorators and quilters making sophisticated, scholarly-themed quilts..

Keywords: 

File: PNG 4500×4500 px, 300 DPI, sRGB — ready to upload to Spoonflower.",Victorian Microscope Slide,74,14.5,./output/colorways/victorian_microscope_slide___base_20260605_1237__earth_autumn.png
74,victorian_pressed_wildflower_ditsy___base_20260605_1033__earth_autumn.png,earth_autumn,Victorian Pressed Wildflower Ditsy Seamless Pattern — Earth Tones,Floral & Botanical,"forget-me-nots, primroses, clover blossoms, dense layout, winding stems, ditsy floral, delicate blue, primrose, sweet pea, cottage garden, dense floral, wild strawberries, strawberry blossom, ditsy vine, sweet cottage, chamomile daisy, pink clover, meadow pattern, dense ditsy, romantic",brick,"Victorian Pressed Wildflower Ditsy — romantic, nostalgic, delicate, sweet seamless brick pattern.

Ditsy floral patterns are always popular for apparel, but standard designs can feel generic. The current high-opportunity angle is the 'English Cottage Garden' style: dense, tiny, highly detailed wild

Perfect for cotton lawn, organic cotton knit, quilting cotton.
Designed for apparel sewists making vintage-style dresses, blouses, and children's clothing.

Keywords: forget-me-nots, primroses, clover blossoms, dense layout, winding stems, ditsy floral, delicate blue, primrose

File: PNG 4500×4500 px, 300 DPI, sRGB — ready to upload to Spoonflower.",Victorian Pressed Wildflower Ditsy,74,3.3,./output/colorways/victorian_pressed_wildflower_ditsy___base_20260605_1033__earth_autumn.png
74,nordic_winter_solstice_folk___base_20260605_1033__midnight.png,midnight,Nordic Winter Solstice Folk Seamless Pattern — Midnight Dark,Folk & Traditional,"folk birds, folk foxes, symmetrical branches, geometric details, symmetrical design, scandinavian folk art, stylized branches, folk fox, geometric ferns, nordic illustration, cozy forest, floral vines, nordic stripes, geometric leaves, folk pattern, folk mandala, woodland animals, repeating grid, nordic design, cozy",mirror,"Nordic Winter Solstice Folk — cozy, traditional, structured, whimsical seamless mirror pattern.

Scandinavian folk art is a timeless favorite on Spoonflower, particularly for holiday and winter decor. However, standard red and white folk art is highly saturated. The current opportunity lies in 'F

Perfect for quilting cotton, linen cotton canvas, wallpaper.
Designed for quilters making cozy winter quilts and home decorators making table linens.

Keywords: folk birds, folk foxes, symmetrical branches, geometric details, symmetrical design, scandinavian folk art, stylized branches, folk fox

File: PNG 4500×4500 px, 300 DPI, sRGB — ready to upload to Spoonflower.",Nordic Winter Solstice Folk,74,7.1,./output/colorways/nordic_winter_solstice_folk___base_20260605_1033__midnight.png
74,victorian_microscope_slide___base_20260605_1237__midnight.png,midnight,Victorian Microscope Slide Seamless Pattern — Midnight Dark,Vintage & Retro,"scientific, moody, academic, wallpaper, quilting fabric, seamless pattern, repeat pattern, surface design, fabric pattern",basic,"Victorian Microscope Slide — scientific, moody, academic seamless basic pattern.

The 'Dark Academia' aesthetic continues to drive interest in scientific curiosities. While entomology is saturated, the specific visual language of Victorian microscope slides (circular frames, biolog

Perfect for wallpaper, quilting cotton.
Designed for wallpaper home decorators and quilters making sophisticated, scholarly-themed quilts..

Keywords: 

File: PNG 4500×4500 px, 300 DPI, sRGB — ready to upload to Spoonflower.",Victorian Microscope Slide,74,11.8,./output/colorways/victorian_microscope_slide___base_20260605_1237__midnight.png
74,victorian_pressed_wildflower_ditsy___base_20260605_1033__midnight.png,midnight,Victorian Pressed Wildflower Ditsy Seamless Pattern — Midnight Dark,Floral & Botanical,"forget-me-nots, primroses, clover blossoms, dense layout, winding stems, ditsy floral, delicate blue, primrose, sweet pea, cottage garden, dense floral, wild strawberries, strawberry blossom, ditsy vine, sweet cottage, chamomile daisy, pink clover, meadow pattern, dense ditsy, romantic",brick,"Victorian Pressed Wildflower Ditsy — romantic, nostalgic, delicate, sweet seamless brick pattern.

Ditsy floral patterns are always popular for apparel, but standard designs can feel generic. The current high-opportunity angle is the 'English Cottage Garden' style: dense, tiny, highly detailed wild

Perfect for cotton lawn, organic cotton knit, quilting cotton.
Designed for apparel sewists making vintage-style dresses, blouses, and children's clothing.

Keywords: forget-me-nots, primroses, clover blossoms, dense layout, winding stems, ditsy floral, delicate blue, primrose

File: PNG 4500×4500 px, 300 DPI, sRGB — ready to upload to Spoonflower.",Victorian Pressed Wildflower Ditsy,74,2.6,./output/colorways/victorian_pressed_wildflower_ditsy___base_20260605_1033__midnight.png
74,nordic_winter_solstice_folk___base_20260605_1033__rose_gold.png,rose_gold,Nordic Winter Solstice Folk Seamless Pattern — Rose Gold Blush,Folk & Traditional,"folk birds, folk foxes, symmetrical branches, geometric details, symmetrical design, scandinavian folk art, stylized branches, folk fox, geometric ferns, nordic illustration, cozy forest, floral vines, nordic stripes, geometric leaves, folk pattern, folk mandala, woodland animals, repeating grid, nordic design, cozy",mirror,"Nordic Winter Solstice Folk — cozy, traditional, structured, whimsical seamless mirror pattern.

Scandinavian folk art is a timeless favorite on Spoonflower, particularly for holiday and winter decor. However, standard red and white folk art is highly saturated. The current opportunity lies in 'F

Perfect for quilting cotton, linen cotton canvas, wallpaper.
Designed for quilters making cozy winter quilts and home decorators making table linens.

Keywords: folk birds, folk foxes, symmetrical branches, geometric details, symmetrical design, scandinavian folk art, stylized branches, folk fox

File: PNG 4500×4500 px, 300 DPI, sRGB — ready to upload to Spoonflower.",Nordic Winter Solstice Folk,74,9.2,./output/colorways/nordic_winter_solstice_folk___base_20260605_1033__rose_gold.png
74,victorian_microscope_slide___base_20260605_1237__rose_gold.png,rose_gold,Victorian Microscope Slide Seamless Pattern — Rose Gold Blush,Vintage & Retro,"scientific, moody, academic, wallpaper, quilting fabric, seamless pattern, repeat pattern, surface design, fabric pattern",basic,"Victorian Microscope Slide — scientific, moody, academic seamless basic pattern.

The 'Dark Academia' aesthetic continues to drive interest in scientific curiosities. While entomology is saturated, the specific visual language of Victorian microscope slides (circular frames, biolog

Perfect for wallpaper, quilting cotton.
Designed for wallpaper home decorators and quilters making sophisticated, scholarly-themed quilts..

Keywords: 

File: PNG 4500×4500 px, 300 DPI, sRGB — ready to upload to Spoonflower.",Victorian Microscope Slide,74,15.3,./output/colorways/victorian_microscope_slide___base_20260605_1237__rose_gold.png
74,victorian_pressed_wildflower_ditsy___base_20260605_1033__rose_gold.png,rose_gold,Victorian Pressed Wildflower Ditsy Seamless Pattern — Rose Gold Blush,Floral & Botanical,"forget-me-nots, primroses, clover blossoms, dense layout, winding stems, ditsy floral, delicate blue, primrose, sweet pea, cottage garden, dense floral, wild strawberries, strawberry blossom, ditsy vine, sweet cottage, chamomile daisy, pink clover, meadow pattern, dense ditsy, romantic",brick,"Victorian Pressed Wildflower Ditsy — romantic, nostalgic, delicate, sweet seamless brick pattern.

Ditsy floral patterns are always popular for apparel, but standard designs can feel generic. The current high-opportunity angle is the 'English Cottage Garden' style: dense, tiny, highly detailed wild

Perfect for cotton lawn, organic cotton knit, quilting cotton.
Designed for apparel sewists making vintage-style dresses, blouses, and children's clothing.

Keywords: forget-me-nots, primroses, clover blossoms, dense layout, winding stems, ditsy floral, delicate blue, primrose

File: PNG 4500×4500 px, 300 DPI, sRGB — ready to upload to Spoonflower.",Victorian Pressed Wildflower Ditsy,74,3.4,./output/colorways/victorian_pressed_wildflower_ditsy___base_20260605_1033__rose_gold.png
73,analog_camera_film___base_20260605_1238.png,base,Analog Camera Film Seamless Repeat Pattern — Fabric & Wallpaper,Vintage & Retro,"retro, photographic, cool, quilting fabric, apparel fabric, seamless pattern, repeat pattern, surface design, fabric pattern, wallpaper",basic,"Analog Camera Film — retro, photographic, cool seamless basic pattern.

The analog photography revival is massive. There is a clear gap for high-quality, repeating patterns featuring vintage cameras, film rolls, and light meters for apparel and home decor.

Perfect for quilting cotton, apparel fabric.
Designed for film photographers and apparel sewists..

Keywords: 

File: PNG 4500×4500 px, 300 DPI, sRGB — ready to upload to Spoonflower.",Analog Camera Film,73,16.4,./output/spoonflower/analog_camera_film___base_20260605_1238.png
73,art_deco_manta_ray_tile___base_20260605_2021.png,base,Art Deco Manta Ray Tile Seamless Repeat Pattern — Fabric & Wallpaper,Geometric,"geometric, coastal, serene, wallpaper, curtains, seamless pattern, repeat pattern, surface design, fabric pattern",mirror,"Art Deco Manta Ray Tile — geometric, coastal, serene seamless mirror pattern.

Coastal and marine-themed home decor is shifting toward sophisticated, geometric styles, with searches for 'modern coastal wallpaper' up 40% on design blogs. On Spoonflower, there is a strong opportun

Perfect for wallpaper, curtains.
Designed for wallpaper home decorators making statement bathroom walls.

Keywords: 

File: PNG 4500×4500 px, 300 DPI, sRGB — ready to upload to Spoonflower.",Art Deco Manta Ray Tile,73,17.0,./output/spoonflower/art_deco_manta_ray_tile___base_20260605_2021.png
73,art_deco_red_fox_tile___base_20260605_2020.png,base,Art Deco Red Fox Tile Seamless Repeat Pattern — Fabric & Wallpaper,Animals & Insects,"geometric, woodland, modern, wallpaper, quilting fabric, seamless pattern, repeat pattern, surface design, fabric pattern",mirror,"Art Deco Red Fox Tile — geometric, woodland, modern seamless mirror pattern.

Symmetrical woodland animal motifs are highly sought after for modern nursery and cabin decor, with searches for 'modern woodland nursery' up 50% on Pinterest. Spoonflower buyers want bold, geometric 

Perfect for wallpaper, quilting cotton.
Designed for nursery and baby room decorators making statement walls.

Keywords: 

File: PNG 4500×4500 px, 300 DPI, sRGB — ready to upload to Spoonflower.",Art Deco Red Fox Tile,73,18.4,./output/spoonflower/art_deco_red_fox_tile___base_20260605_2020.png
73,art_deco_vampire_bat_tile___base_20260605_2022.png,base,Art Deco Vampire Bat Tile Seamless Repeat Pattern — Fabric & Wallpaper,Animals & Insects,"gothic, dramatic, geometric, wallpaper, curtains, seamless pattern, repeat pattern, surface design, fabric pattern",mirror,"Art Deco Vampire Bat Tile — gothic, dramatic, geometric seamless mirror pattern.

Gothic and dark academia aesthetics are surging in home decor, with searches for 'gothic wallpaper' up 45% on Pinterest. Spoonflower decorators are looking for elegant, symmetrical bat motifs that fee

Perfect for wallpaper, curtains.
Designed for wallpaper home decorators making dramatic statement walls.

Keywords: 

File: PNG 4500×4500 px, 300 DPI, sRGB — ready to upload to Spoonflower.",Art Deco Vampire Bat Tile,73,13.2,./output/spoonflower/art_deco_vampire_bat_tile___base_20260605_2022.png
73,barrister_owls_in_wigs___base_20260605_1949.png,base,Barrister Owls in Wigs Seamless Repeat Pattern — Fabric & Wallpaper,Abstract & Painterly,"scholarly, dark academia, gothic, humorous, wallpaper, home decor, seamless pattern, repeat pattern, surface design, fabric pattern",basic,"Barrister Owls in Wigs — scholarly, dark academia, gothic, humorous seamless basic pattern.

Dark academia home decor remains a dominant force on Pinterest, with decorators seeking scholarly, gothic-adjacent elements. Wise owls wearing traditional white powdered barrister wigs and black robes

Perfect for wallpaper, home decor.
Designed for study and office decorators making wallpaper, library curtains, and book bags.

Keywords: 

File: PNG 4500×4500 px, 300 DPI, sRGB — ready to upload to Spoonflower.",Barrister Owls in Wigs,73,23.1,./output/spoonflower/barrister_owls_in_wigs___base_20260605_1949.png
73,bauhaus_dj_penguins___base_20260605_1951.png,base,Bauhaus DJ Penguins Seamless Repeat Pattern — Fabric & Wallpaper,Abstract & Painterly,"energetic, humorous, modern, playful, quilting fabric, wallpaper, seamless pattern, repeat pattern, surface design, fabric pattern",half-drop,"Bauhaus DJ Penguins — energetic, humorous, modern, playful seamless half-drop pattern.

Whimsical, high-energy animal patterns are highly sought after for children's bedding and playrooms. Penguins wearing neon headphones and spinning vinyl records on ice-block turntables offer a fresh, 

Perfect for quilting cotton, wallpaper.
Designed for nursery and baby room decorators making playful bedding, pajamas, and wallpaper.

Keywords: 

File: PNG 4500×4500 px, 300 DPI, sRGB — ready to upload to Spoonflower.",Bauhaus DJ Penguins,73,16.6,./output/spoonflower/bauhaus_dj_penguins___base_20260605_1951.png
73,celestial_constellation_map___base_20260605_1238.png,base,Celestial Constellation Map Seamless Repeat Pattern — Fabric & Wallpaper,Abstract & Painterly,"celestial, dreamy, minimalist, wallpaper, baby nursery fabric, seamless pattern, repeat pattern, surface design, fabric pattern",basic,"Celestial Constellation Map — celestial, dreamy, minimalist seamless basic pattern.

Astrology and space-themed decor are consistently popular, but most designs are too 'busy' or 'neon'. A clean, minimalist, dark-background constellation map is currently missing for modern nursery and

Perfect for wallpaper, baby nursery fabric.
Designed for nursery and baby room decorators and wallpaper home decorators..

Keywords: 

File: PNG 4500×4500 px, 300 DPI, sRGB — ready to upload to Spoonflower.",Celestial Constellation Map,73,19.1,./output/spoonflower/celestial_constellation_map___base_20260605_1238.png
73,formula_1_racing_snails___base_20260605_1948.png,base,Formula 1 Racing Snails Seamless Repeat Pattern — Fabric & Wallpaper,Animals & Insects,"playful, humorous, whimsical, dynamic, quilting fabric, wallpaper, seamless pattern, repeat pattern, surface design, fabric pattern",half-drop,"Formula 1 Racing Snails — playful, humorous, whimsical, dynamic seamless half-drop pattern.

Playful, high-contrast children's patterns featuring slow animals in high-speed scenarios are trending across Pinterest nursery boards. This niche offers a fresh, humorous alternative to generic woodl

Perfect for quilting cotton, wallpaper.
Designed for nursery and baby room decorators making playful wallpapers and baby blankets.

Keywords: 

File: PNG 4500×4500 px, 300 DPI, sRGB — ready to upload to Spoonflower.",Formula 1 Racing Snails,73,16.4,./output/spoonflower/formula_1_racing_snails___base_20260605_1948.png
73,nordic_weaving_loom___base_20260605_1238.png,base,Nordic Weaving Loom Seamless Repeat Pattern — Fabric & Wallpaper,Folk & Traditional,"crafty, cozy, traditional, quilting fabric, table linens, seamless pattern, repeat pattern, surface design, fabric pattern, wallpaper",basic,"Nordic Weaving Loom — crafty, cozy, traditional seamless basic pattern.

The 'Scandi-Craft' movement is growing, with a focus on traditional textile tools. Patterns featuring looms, shuttles, and yarn bobbins are currently missing from the Spoonflower market, despite high 

Perfect for quilting cotton, table linens.
Designed for quilters making sewing-room decor and apparel sewists..

Keywords: 

File: PNG 4500×4500 px, 300 DPI, sRGB — ready to upload to Spoonflower.",Nordic Weaving Loom,73,14.1,./output/spoonflower/nordic_weaving_loom___base_20260605_1238.png
73,renaissance_celestial_bear_cartographers___base_20260605_1950.png,base,Renaissance Celestial Bear Cartographers Seamless Repeat Pattern — Fabric & Wallpaper,Abstract & Painterly,"imaginative, cozy, celestial, whimsical, quilting fabric, wallpaper, seamless pattern, repeat pattern, surface design, fabric pattern",half-drop,"Renaissance Celestial Bear Cartographers — imaginative, cozy, celestial, whimsical seamless half-drop pattern.

Celestial and astrological nursery themes are evergreen, but modern parents are moving away from generic stars toward narrative-driven, cozy animal designs. Grizzly bears wearing wizard hats and looki

Perfect for quilting cotton, wallpaper.
Designed for nursery and baby room decorators making cozy quilts, pajamas, and wallpaper.

Keywords: 

File: PNG 4500×4500 px, 300 DPI, sRGB — ready to upload to Spoonflower.",Renaissance Celestial Bear Cartographers,73,18.2,./output/spoonflower/renaissance_celestial_bear_cartographers___base_20260605_1950.png
73,squirrel_disc_golf_tournament___base_20260605_2021.png,base,Squirrel Disc Golf Tournament Seamless Repeat Pattern — Fabric & Wallpaper,Abstract & Painterly,"humorous, whimsical, narrative, quilting fabric, apparel fabric, seamless pattern, repeat pattern, surface design, fabric pattern, wallpaper",half-drop,"Squirrel Disc Golf Tournament — humorous, whimsical, narrative seamless half-drop pattern.

The disc golf community (r/discgolf) is highly active, with members constantly seeking custom gear, bags, and apparel. A humorous, high-quality pattern featuring squirrels playing a disc golf tourname

Perfect for quilting cotton, apparel fabric.
Designed for apparel sewists making custom shirts and bags.

Keywords: 

File: PNG 4500×4500 px, 300 DPI, sRGB — ready to upload to Spoonflower.",Squirrel Disc Golf Tournament,73,19.2,./output/spoonflower/squirrel_disc_golf_tournament___base_20260605_2021.png
73,victorian_apothecary_cat_surgeons___base_20260605_1949.png,base,Victorian Apothecary Cat Surgeons Seamless Repeat Pattern — Fabric & Wallpaper,Animals & Insects,"scholarly, medical, humorous, historical, quilting fabric, apparel fabric, seamless pattern, repeat pattern, surface design, fabric pattern, wallpaper",basic,"Victorian Apothecary Cat Surgeons — scholarly, medical, humorous, historical seamless basic pattern.

Quirky medical and anatomical themes are highly popular among apparel sewists making scrub tops, face masks, and novelty dresses. Cats dressed as Victorian surgeons holding tiny scalpels and examining

Perfect for quilting cotton, apparel fabric.
Designed for apparel sewists making quirky scrub tops and dresses, and study decorators.

Keywords: 

File: PNG 4500×4500 px, 300 DPI, sRGB — ready to upload to Spoonflower.",Victorian Apothecary Cat Surgeons,73,22.1,./output/spoonflower/victorian_apothecary_cat_surgeons___base_20260605_1949.png
73,analog_camera_film___base_20260605_1238__cool_ocean.png,cool_ocean,Analog Camera Film Seamless Pattern — Blue Ocean,Vintage & Retro,"retro, photographic, cool, quilting fabric, apparel fabric, seamless pattern, repeat pattern, surface design, fabric pattern, wallpaper",basic,"Analog Camera Film — retro, photographic, cool seamless basic pattern.

The analog photography revival is massive. There is a clear gap for high-quality, repeating patterns featuring vintage cameras, film rolls, and light meters for apparel and home decor.

Perfect for quilting cotton, apparel fabric.
Designed for film photographers and apparel sewists..

Keywords: 

File: PNG 4500×4500 px, 300 DPI, sRGB — ready to upload to Spoonflower.",Analog Camera Film,73,6.8,./output/colorways/analog_camera_film___base_20260605_1238__cool_ocean.png
73,celestial_constellation_map___base_20260605_1238__cool_ocean.png,cool_ocean,Celestial Constellation Map Seamless Pattern — Blue Ocean,Abstract & Painterly,"celestial, dreamy, minimalist, wallpaper, baby nursery fabric, seamless pattern, repeat pattern, surface design, fabric pattern",basic,"Celestial Constellation Map — celestial, dreamy, minimalist seamless basic pattern.

Astrology and space-themed decor are consistently popular, but most designs are too 'busy' or 'neon'. A clean, minimalist, dark-background constellation map is currently missing for modern nursery and

Perfect for wallpaper, baby nursery fabric.
Designed for nursery and baby room decorators and wallpaper home decorators..

Keywords: 

File: PNG 4500×4500 px, 300 DPI, sRGB — ready to upload to Spoonflower.",Celestial Constellation Map,73,8.9,./output/colorways/celestial_constellation_map___base_20260605_1238__cool_ocean.png
73,nordic_weaving_loom___base_20260605_1238__cool_ocean.png,cool_ocean,Nordic Weaving Loom Seamless Pattern — Blue Ocean,Folk & Traditional,"crafty, cozy, traditional, quilting fabric, table linens, seamless pattern, repeat pattern, surface design, fabric pattern, wallpaper",basic,"Nordic Weaving Loom — crafty, cozy, traditional seamless basic pattern.

The 'Scandi-Craft' movement is growing, with a focus on traditional textile tools. Patterns featuring looms, shuttles, and yarn bobbins are currently missing from the Spoonflower market, despite high 

Perfect for quilting cotton, table linens.
Designed for quilters making sewing-room decor and apparel sewists..

Keywords: 

File: PNG 4500×4500 px, 300 DPI, sRGB — ready to upload to Spoonflower.",Nordic Weaving Loom,73,6.7,./output/colorways/nordic_weaving_loom___base_20260605_1238__cool_ocean.png
73,analog_camera_film___base_20260605_1238__earth_autumn.png,earth_autumn,Analog Camera Film Seamless Pattern — Earth Tones,Vintage & Retro,"retro, photographic, cool, quilting fabric, apparel fabric, seamless pattern, repeat pattern, surface design, fabric pattern, wallpaper",basic,"Analog Camera Film — retro, photographic, cool seamless basic pattern.

The analog photography revival is massive. There is a clear gap for high-quality, repeating patterns featuring vintage cameras, film rolls, and light meters for apparel and home decor.

Perfect for quilting cotton, apparel fabric.
Designed for film photographers and apparel sewists..

Keywords: 

File: PNG 4500×4500 px, 300 DPI, sRGB — ready to upload to Spoonflower.",Analog Camera Film,73,6.6,./output/colorways/analog_camera_film___base_20260605_1238__earth_autumn.png
73,celestial_constellation_map___base_20260605_1238__earth_autumn.png,earth_autumn,Celestial Constellation Map Seamless Pattern — Earth Tones,Abstract & Painterly,"celestial, dreamy, minimalist, wallpaper, baby nursery fabric, seamless pattern, repeat pattern, surface design, fabric pattern",basic,"Celestial Constellation Map — celestial, dreamy, minimalist seamless basic pattern.

Astrology and space-themed decor are consistently popular, but most designs are too 'busy' or 'neon'. A clean, minimalist, dark-background constellation map is currently missing for modern nursery and

Perfect for wallpaper, baby nursery fabric.
Designed for nursery and baby room decorators and wallpaper home decorators..

Keywords: 

File: PNG 4500×4500 px, 300 DPI, sRGB — ready to upload to Spoonflower.",Celestial Constellation Map,73,8.8,./output/colorways/celestial_constellation_map___base_20260605_1238__earth_autumn.png
73,nordic_weaving_loom___base_20260605_1238__earth_autumn.png,earth_autumn,Nordic Weaving Loom Seamless Pattern — Earth Tones,Folk & Traditional,"crafty, cozy, traditional, quilting fabric, table linens, seamless pattern, repeat pattern, surface design, fabric pattern, wallpaper",basic,"Nordic Weaving Loom — crafty, cozy, traditional seamless basic pattern.

The 'Scandi-Craft' movement is growing, with a focus on traditional textile tools. Patterns featuring looms, shuttles, and yarn bobbins are currently missing from the Spoonflower market, despite high 

Perfect for quilting cotton, table linens.
Designed for quilters making sewing-room decor and apparel sewists..

Keywords: 

File: PNG 4500×4500 px, 300 DPI, sRGB — ready to upload to Spoonflower.",Nordic Weaving Loom,73,6.5,./output/colorways/nordic_weaving_loom___base_20260605_1238__earth_autumn.png
73,analog_camera_film___base_20260605_1238__midnight.png,midnight,Analog Camera Film Seamless Pattern — Midnight Dark,Vintage & Retro,"retro, photographic, cool, quilting fabric, apparel fabric, seamless pattern, repeat pattern, surface design, fabric pattern, wallpaper",basic,"Analog Camera Film — retro, photographic, cool seamless basic pattern.

The analog photography revival is massive. There is a clear gap for high-quality, repeating patterns featuring vintage cameras, film rolls, and light meters for apparel and home decor.

Perfect for quilting cotton, apparel fabric.
Designed for film photographers and apparel sewists..

Keywords: 

File: PNG 4500×4500 px, 300 DPI, sRGB — ready to upload to Spoonflower.",Analog Camera Film,73,5.2,./output/colorways/analog_camera_film___base_20260605_1238__midnight.png
73,celestial_constellation_map___base_20260605_1238__midnight.png,midnight,Celestial Constellation Map Seamless Pattern — Midnight Dark,Abstract & Painterly,"celestial, dreamy, minimalist, wallpaper, baby nursery fabric, seamless pattern, repeat pattern, surface design, fabric pattern",basic,"Celestial Constellation Map — celestial, dreamy, minimalist seamless basic pattern.

Astrology and space-themed decor are consistently popular, but most designs are too 'busy' or 'neon'. A clean, minimalist, dark-background constellation map is currently missing for modern nursery and

Perfect for wallpaper, baby nursery fabric.
Designed for nursery and baby room decorators and wallpaper home decorators..

Keywords: 

File: PNG 4500×4500 px, 300 DPI, sRGB — ready to upload to Spoonflower.",Celestial Constellation Map,73,7.2,./output/colorways/celestial_constellation_map___base_20260605_1238__midnight.png
73,nordic_weaving_loom___base_20260605_1238__midnight.png,midnight,Nordic Weaving Loom Seamless Pattern — Midnight Dark,Folk & Traditional,"crafty, cozy, traditional, quilting fabric, table linens, seamless pattern, repeat pattern, surface design, fabric pattern, wallpaper",basic,"Nordic Weaving Loom — crafty, cozy, traditional seamless basic pattern.

The 'Scandi-Craft' movement is growing, with a focus on traditional textile tools. Patterns featuring looms, shuttles, and yarn bobbins are currently missing from the Spoonflower market, despite high 

Perfect for quilting cotton, table linens.
Designed for quilters making sewing-room decor and apparel sewists..

Keywords: 

File: PNG 4500×4500 px, 300 DPI, sRGB — ready to upload to Spoonflower.",Nordic Weaving Loom,73,5.2,./output/colorways/nordic_weaving_loom___base_20260605_1238__midnight.png
73,analog_camera_film___base_20260605_1238__rose_gold.png,rose_gold,Analog Camera Film Seamless Pattern — Rose Gold Blush,Vintage & Retro,"retro, photographic, cool, quilting fabric, apparel fabric, seamless pattern, repeat pattern, surface design, fabric pattern, wallpaper",basic,"Analog Camera Film — retro, photographic, cool seamless basic pattern.

The analog photography revival is massive. There is a clear gap for high-quality, repeating patterns featuring vintage cameras, film rolls, and light meters for apparel and home decor.

Perfect for quilting cotton, apparel fabric.
Designed for film photographers and apparel sewists..

Keywords: 

File: PNG 4500×4500 px, 300 DPI, sRGB — ready to upload to Spoonflower.",Analog Camera Film,73,6.9,./output/colorways/analog_camera_film___base_20260605_1238__rose_gold.png
73,celestial_constellation_map___base_20260605_1238__rose_gold.png,rose_gold,Celestial Constellation Map Seamless Pattern — Rose Gold Blush,Abstract & Painterly,"celestial, dreamy, minimalist, wallpaper, baby nursery fabric, seamless pattern, repeat pattern, surface design, fabric pattern",basic,"Celestial Constellation Map — celestial, dreamy, minimalist seamless basic pattern.

Astrology and space-themed decor are consistently popular, but most designs are too 'busy' or 'neon'. A clean, minimalist, dark-background constellation map is currently missing for modern nursery and

Perfect for wallpaper, baby nursery fabric.
Designed for nursery and baby room decorators and wallpaper home decorators..

Keywords: 

File: PNG 4500×4500 px, 300 DPI, sRGB — ready to upload to Spoonflower.",Celestial Constellation Map,73,9.0,./output/colorways/celestial_constellation_map___base_20260605_1238__rose_gold.png
73,nordic_weaving_loom___base_20260605_1238__rose_gold.png,rose_gold,Nordic Weaving Loom Seamless Pattern — Rose Gold Blush,Folk & Traditional,"crafty, cozy, traditional, quilting fabric, table linens, seamless pattern, repeat pattern, surface design, fabric pattern, wallpaper",basic,"Nordic Weaving Loom — crafty, cozy, traditional seamless basic pattern.

The 'Scandi-Craft' movement is growing, with a focus on traditional textile tools. Patterns featuring looms, shuttles, and yarn bobbins are currently missing from the Spoonflower market, despite high 

Perfect for quilting cotton, table linens.
Designed for quilters making sewing-room decor and apparel sewists..

Keywords: 

File: PNG 4500×4500 px, 300 DPI, sRGB — ready to upload to Spoonflower.",Nordic Weaving Loom,73,6.7,./output/colorways/nordic_weaving_loom___base_20260605_1238__rose_gold.png
72,toile_foxes_ikea_argument___base_20260605_2022.png,base,Toile Foxes IKEA Argument Seamless Repeat Pattern — Fabric & Wallpaper,Animals & Insects,"humorous, narrative, classical, wallpaper, curtains, seamless pattern, repeat pattern, surface design, fabric pattern",half-drop,"Toile Foxes IKEA Argument — humorous, narrative, classical seamless half-drop pattern.

Modern narrative toiles are a major trend on Spoonflower, with buyers seeking humorous, relatable scenes depicted in a classical style. The concept of foxes arguing over flat-pack furniture instructio

Perfect for wallpaper, curtains.
Designed for wallpaper home decorators making statement living room walls.

Keywords: 

File: PNG 4500×4500 px, 300 DPI, sRGB — ready to upload to Spoonflower.",Toile Foxes IKEA Argument,72,7.7,./output/spoonflower/toile_foxes_ikea_argument___base_20260605_2022.png
72,toile_frogs_versailles_bicycles___base_20260605_2023.png,base,Toile Frogs Versailles Bicycles Seamless Repeat Pattern — Fabric & Wallpaper,Animals & Insects,"humorous, classical, narrative, wallpaper, curtains, seamless pattern, repeat pattern, surface design, fabric pattern",half-drop,"Toile Frogs Versailles Bicycles — humorous, classical, narrative seamless half-drop pattern.

Humorous, narrative-driven Toile de Jouy patterns are highly popular on Spoonflower, with 'modern toile' searches up 65% year-over-year. Buyers love the contrast of classical fine-line engraving with 

Perfect for wallpaper, curtains.
Designed for wallpaper home decorators making statement bathroom walls.

Keywords: 

File: PNG 4500×4500 px, 300 DPI, sRGB — ready to upload to Spoonflower.",Toile Frogs Versailles Bicycles,72,14.1,./output/spoonflower/toile_frogs_versailles_bicycles___base_20260605_2023.png
71,apothecary_botanical___base_20260605_1034.png,base,Apothecary Botanical Seamless Repeat Pattern — Fabric & Wallpaper,Floral & Botanical,"apothecary bottles, lavender sprigs, chamomile, glass vials, belladonna, hemlock, vintage scientific illustration, cursive labels, pressed flowers, herbarium sheet, aged paper texture, botanical specimen, amber glass, vintage pharmacy, loose leaf tea, star anise, dried citrus, cozy kitchen pattern, scientific, nostalgic",half-drop,"Apothecary Botanical — scientific, nostalgic, academic, mysterious seamless half-drop pattern.

Spoonflower's recent 'Dark Academia' and 'Vintage Science' design challenges show a massive surge in searches for moody, educational aesthetics. While standard florals are oversaturated, detailed scie

Perfect for wallpaper, apparel fabric, linen cotton canvas.
Designed for wallpaper home decorators and apparel sewists making statement dresses and study room wallpaper.

Keywords: apothecary bottles, lavender sprigs, chamomile, glass vials, belladonna, hemlock, vintage scientific illustration, cursive labels

File: PNG 4500×4500 px, 300 DPI, sRGB — ready to upload to Spoonflower.",Apothecary Botanical,71,15.4,./output/spoonflower/apothecary_botanical___base_20260605_1034.png
71,retro_sardine_tin___base_20260605_1034.png,base,Retro Sardine Tin Seamless Repeat Pattern — Fabric & Wallpaper,Vintage & Retro,"sardine tins, vintage labels, silver fish, gouache texture, sardine tin, vintage label, ornate lettering, retro kitchen, open tin, silver sardines, olive oil, glistening fish, portuguese tiles, azulejo, blue and white, whole sardines, lemon wedges, dill sprigs, tossed layout, quirky",half-drop,"Retro Sardine Tin — quirky, retro, artisanal, playful seamless half-drop pattern.

Quirky kitchen decor is highly trending, with 'sardine tin' aesthetics becoming a massive novelty hit on Pinterest and design blogs. While standard food patterns are common, beautifully illustrated vi

Perfect for linen cotton canvas, wallpaper, quilting cotton.
Designed for home decorators making kitchen towels, aprons, and quirky dining wallpaper.

Keywords: sardine tins, vintage labels, silver fish, gouache texture, sardine tin, vintage label, ornate lettering, retro kitchen

File: PNG 4500×4500 px, 300 DPI, sRGB — ready to upload to Spoonflower.",Retro Sardine Tin,71,15.2,./output/spoonflower/retro_sardine_tin___base_20260605_1034.png
71,toile_bears_farmers_market___base_20260605_2026.png,base,Toile Bears Farmers Market Seamless Repeat Pattern — Fabric & Wallpaper,Folk & Traditional,"humorous, narrative, classical, wallpaper, curtains, seamless pattern, repeat pattern, surface design, fabric pattern",half-drop,"Toile Bears Farmers Market — humorous, narrative, classical seamless half-drop pattern.

Narrative toiles featuring anthropomorphized animals are a top-performing category on Spoonflower, with 'animal toile' searches up 50%. The whimsical concept of bears judging a farmers market with hon

Perfect for wallpaper, curtains.
Designed for wallpaper home decorators making statement kitchen walls.

Keywords: 

File: PNG 4500×4500 px, 300 DPI, sRGB — ready to upload to Spoonflower.",Toile Bears Farmers Market,71,16.3,./output/spoonflower/toile_bears_farmers_market___base_20260605_2026.png
71,toile_otters_flat_pack_furniture___base_20260605_2025.png,base,Toile Otters Flat Pack Furniture Seamless Repeat Pattern — Fabric & Wallpaper,Folk & Traditional,"humorous, narrative, classical, wallpaper, curtains, seamless pattern, repeat pattern, surface design, fabric pattern",half-drop,"Toile Otters Flat Pack Furniture — humorous, narrative, classical seamless half-drop pattern.

Humorous animal narratives in classical styles are a top-performing category on Spoonflower, with 'modern toile' searches up 60%. The whimsical concept of otters building flat-pack furniture with hamm

Perfect for wallpaper, curtains.
Designed for wallpaper home decorators making statement living room walls.

Keywords: 

File: PNG 4500×4500 px, 300 DPI, sRGB — ready to upload to Spoonflower.",Toile Otters Flat Pack Furniture,71,22.5,./output/spoonflower/toile_otters_flat_pack_furniture___base_20260605_2025.png
71,toile_rabbits_rooftop_party___base_20260605_2024.png,base,Toile Rabbits Rooftop Party Seamless Repeat Pattern — Fabric & Wallpaper,Folk & Traditional,"humorous, narrative, classical, wallpaper, curtains, seamless pattern, repeat pattern, surface design, fabric pattern",half-drop,"Toile Rabbits Rooftop Party — humorous, narrative, classical seamless half-drop pattern.

Narrative toiles featuring anthropomorphized animals are a top-performing category on Spoonflower, with 'animal toile' searches up 50%. The whimsical concept of rabbits hosting a modern rooftop party 

Perfect for wallpaper, curtains.
Designed for wallpaper home decorators making statement dining room walls.

Keywords: 

File: PNG 4500×4500 px, 300 DPI, sRGB — ready to upload to Spoonflower.",Toile Rabbits Rooftop Party,71,14.9,./output/spoonflower/toile_rabbits_rooftop_party___base_20260605_2024.png
71,toile_raccoons_food_truck___base_20260605_2024.png,base,Toile Raccoons Food Truck Seamless Repeat Pattern — Fabric & Wallpaper,Animals & Insects,"humorous, narrative, classical, wallpaper, curtains, seamless pattern, repeat pattern, surface design, fabric pattern",half-drop,"Toile Raccoons Food Truck — humorous, narrative, classical seamless half-drop pattern.

Modern narrative toiles are a major trend on Spoonflower, with buyers seeking humorous, relatable scenes depicted in a classical style. The concept of raccoons serving tacos from a food truck offers a

Perfect for wallpaper, curtains.
Designed for wallpaper home decorators making statement kitchen walls.

Keywords: 

File: PNG 4500×4500 px, 300 DPI, sRGB — ready to upload to Spoonflower.",Toile Raccoons Food Truck,71,14.0,./output/spoonflower/toile_raccoons_food_truck___base_20260605_2024.png
71,victorian_tea_service___base_20260605_1238.png,base,Victorian Tea Service Seamless Repeat Pattern — Fabric & Wallpaper,Food & Drink,"elegant, refined, vintage, table linens, quilting fabric, seamless pattern, repeat pattern, surface design, fabric pattern, wallpaper",basic,"Victorian Tea Service — elegant, refined, vintage seamless basic pattern.

The 'Bridgerton' effect has spiked interest in Regency and Victorian tea-time aesthetics. There is a gap for clean, illustrative tea service patterns that aren't overly floral or generic.

Perfect for table linens, quilting cotton.
Designed for quilters making tea-cozy quilts and table linen decorators..

Keywords: 

File: PNG 4500×4500 px, 300 DPI, sRGB — ready to upload to Spoonflower.",Victorian Tea Service,71,12.8,./output/spoonflower/victorian_tea_service___base_20260605_1238.png
71,vintage_seed_packet___base_20260605_1238.png,base,Vintage Seed Packet Seamless Repeat Pattern — Fabric & Wallpaper,Floral & Botanical,"rustic, garden, vintage, quilting fabric, table linens, seamless pattern, repeat pattern, surface design, fabric pattern, wallpaper",basic,"Vintage Seed Packet — rustic, garden, vintage seamless basic pattern.

The 'Urban Gardening' and 'Heirloom Seed' movement is huge on Pinterest. Fabric designs that mimic vintage seed packet labels are highly requested for kitchen curtains and garden-themed quilting proje

Perfect for quilting cotton, table linens.
Designed for quilters making garden-themed quilts and home decorators..

Keywords: 

File: PNG 4500×4500 px, 300 DPI, sRGB — ready to upload to Spoonflower.",Vintage Seed Packet,71,20.4,./output/spoonflower/vintage_seed_packet___base_20260605_1238.png
71,apothecary_botanical___base_20260605_1034__cool_ocean.png,cool_ocean,Apothecary Botanical Seamless Pattern — Blue Ocean,Floral & Botanical,"apothecary bottles, lavender sprigs, chamomile, glass vials, belladonna, hemlock, vintage scientific illustration, cursive labels, pressed flowers, herbarium sheet, aged paper texture, botanical specimen, amber glass, vintage pharmacy, loose leaf tea, star anise, dried citrus, cozy kitchen pattern, scientific, nostalgic",half-drop,"Apothecary Botanical — scientific, nostalgic, academic, mysterious seamless half-drop pattern.

Spoonflower's recent 'Dark Academia' and 'Vintage Science' design challenges show a massive surge in searches for moody, educational aesthetics. While standard florals are oversaturated, detailed scie

Perfect for wallpaper, apparel fabric, linen cotton canvas.
Designed for wallpaper home decorators and apparel sewists making statement dresses and study room wallpaper.

Keywords: apothecary bottles, lavender sprigs, chamomile, glass vials, belladonna, hemlock, vintage scientific illustration, cursive labels

File: PNG 4500×4500 px, 300 DPI, sRGB — ready to upload to Spoonflower.",Apothecary Botanical,71,8.6,./output/colorways/apothecary_botanical___base_20260605_1034__cool_ocean.png
71,retro_sardine_tin___base_20260605_1034__cool_ocean.png,cool_ocean,Retro Sardine Tin Seamless Pattern — Blue Ocean,Vintage & Retro,"sardine tins, vintage labels, silver fish, gouache texture, sardine tin, vintage label, ornate lettering, retro kitchen, open tin, silver sardines, olive oil, glistening fish, portuguese tiles, azulejo, blue and white, whole sardines, lemon wedges, dill sprigs, tossed layout, quirky",half-drop,"Retro Sardine Tin — quirky, retro, artisanal, playful seamless half-drop pattern.

Quirky kitchen decor is highly trending, with 'sardine tin' aesthetics becoming a massive novelty hit on Pinterest and design blogs. While standard food patterns are common, beautifully illustrated vi

Perfect for linen cotton canvas, wallpaper, quilting cotton.
Designed for home decorators making kitchen towels, aprons, and quirky dining wallpaper.

Keywords: sardine tins, vintage labels, silver fish, gouache texture, sardine tin, vintage label, ornate lettering, retro kitchen

File: PNG 4500×4500 px, 300 DPI, sRGB — ready to upload to Spoonflower.",Retro Sardine Tin,71,7.5,./output/colorways/retro_sardine_tin___base_20260605_1034__cool_ocean.png
71,victorian_tea_service___base_20260605_1238__cool_ocean.png,cool_ocean,Victorian Tea Service Seamless Pattern — Blue Ocean,Food & Drink,"elegant, refined, vintage, table linens, quilting fabric, seamless pattern, repeat pattern, surface design, fabric pattern, wallpaper",basic,"Victorian Tea Service — elegant, refined, vintage seamless basic pattern.

The 'Bridgerton' effect has spiked interest in Regency and Victorian tea-time aesthetics. There is a gap for clean, illustrative tea service patterns that aren't overly floral or generic.

Perfect for table linens, quilting cotton.
Designed for quilters making tea-cozy quilts and table linen decorators..

Keywords: 

File: PNG 4500×4500 px, 300 DPI, sRGB — ready to upload to Spoonflower.",Victorian Tea Service,71,7.6,./output/colorways/victorian_tea_service___base_20260605_1238__cool_ocean.png
71,vintage_seed_packet___base_20260605_1238__cool_ocean.png,cool_ocean,Vintage Seed Packet Seamless Pattern — Blue Ocean,Floral & Botanical,"rustic, garden, vintage, quilting fabric, table linens, seamless pattern, repeat pattern, surface design, fabric pattern, wallpaper",basic,"Vintage Seed Packet — rustic, garden, vintage seamless basic pattern.

The 'Urban Gardening' and 'Heirloom Seed' movement is huge on Pinterest. Fabric designs that mimic vintage seed packet labels are highly requested for kitchen curtains and garden-themed quilting proje

Perfect for quilting cotton, table linens.
Designed for quilters making garden-themed quilts and home decorators..

Keywords: 

File: PNG 4500×4500 px, 300 DPI, sRGB — ready to upload to Spoonflower.",Vintage Seed Packet,71,14.7,./output/colorways/vintage_seed_packet___base_20260605_1238__cool_ocean.png
71,apothecary_botanical___base_20260605_1034__earth_autumn.png,earth_autumn,Apothecary Botanical Seamless Pattern — Earth Tones,Floral & Botanical,"apothecary bottles, lavender sprigs, chamomile, glass vials, belladonna, hemlock, vintage scientific illustration, cursive labels, pressed flowers, herbarium sheet, aged paper texture, botanical specimen, amber glass, vintage pharmacy, loose leaf tea, star anise, dried citrus, cozy kitchen pattern, scientific, nostalgic",half-drop,"Apothecary Botanical — scientific, nostalgic, academic, mysterious seamless half-drop pattern.

Spoonflower's recent 'Dark Academia' and 'Vintage Science' design challenges show a massive surge in searches for moody, educational aesthetics. While standard florals are oversaturated, detailed scie

Perfect for wallpaper, apparel fabric, linen cotton canvas.
Designed for wallpaper home decorators and apparel sewists making statement dresses and study room wallpaper.

Keywords: apothecary bottles, lavender sprigs, chamomile, glass vials, belladonna, hemlock, vintage scientific illustration, cursive labels

File: PNG 4500×4500 px, 300 DPI, sRGB — ready to upload to Spoonflower.",Apothecary Botanical,71,8.2,./output/colorways/apothecary_botanical___base_20260605_1034__earth_autumn.png
71,retro_sardine_tin___base_20260605_1034__earth_autumn.png,earth_autumn,Retro Sardine Tin Seamless Pattern — Earth Tones,Vintage & Retro,"sardine tins, vintage labels, silver fish, gouache texture, sardine tin, vintage label, ornate lettering, retro kitchen, open tin, silver sardines, olive oil, glistening fish, portuguese tiles, azulejo, blue and white, whole sardines, lemon wedges, dill sprigs, tossed layout, quirky",half-drop,"Retro Sardine Tin — quirky, retro, artisanal, playful seamless half-drop pattern.

Quirky kitchen decor is highly trending, with 'sardine tin' aesthetics becoming a massive novelty hit on Pinterest and design blogs. While standard food patterns are common, beautifully illustrated vi

Perfect for linen cotton canvas, wallpaper, quilting cotton.
Designed for home decorators making kitchen towels, aprons, and quirky dining wallpaper.

Keywords: sardine tins, vintage labels, silver fish, gouache texture, sardine tin, vintage label, ornate lettering, retro kitchen

File: PNG 4500×4500 px, 300 DPI, sRGB — ready to upload to Spoonflower.",Retro Sardine Tin,71,7.3,./output/colorways/retro_sardine_tin___base_20260605_1034__earth_autumn.png
71,victorian_tea_service___base_20260605_1238__earth_autumn.png,earth_autumn,Victorian Tea Service Seamless Pattern — Earth Tones,Food & Drink,"elegant, refined, vintage, table linens, quilting fabric, seamless pattern, repeat pattern, surface design, fabric pattern, wallpaper",basic,"Victorian Tea Service — elegant, refined, vintage seamless basic pattern.

The 'Bridgerton' effect has spiked interest in Regency and Victorian tea-time aesthetics. There is a gap for clean, illustrative tea service patterns that aren't overly floral or generic.

Perfect for table linens, quilting cotton.
Designed for quilters making tea-cozy quilts and table linen decorators..

Keywords: 

File: PNG 4500×4500 px, 300 DPI, sRGB — ready to upload to Spoonflower.",Victorian Tea Service,71,7.6,./output/colorways/victorian_tea_service___base_20260605_1238__earth_autumn.png
71,vintage_seed_packet___base_20260605_1238__earth_autumn.png,earth_autumn,Vintage Seed Packet Seamless Pattern — Earth Tones,Floral & Botanical,"rustic, garden, vintage, quilting fabric, table linens, seamless pattern, repeat pattern, surface design, fabric pattern, wallpaper",basic,"Vintage Seed Packet — rustic, garden, vintage seamless basic pattern.

The 'Urban Gardening' and 'Heirloom Seed' movement is huge on Pinterest. Fabric designs that mimic vintage seed packet labels are highly requested for kitchen curtains and garden-themed quilting proje

Perfect for quilting cotton, table linens.
Designed for quilters making garden-themed quilts and home decorators..

Keywords: 

File: PNG 4500×4500 px, 300 DPI, sRGB — ready to upload to Spoonflower.",Vintage Seed Packet,71,14.5,./output/colorways/vintage_seed_packet___base_20260605_1238__earth_autumn.png
71,apothecary_botanical___base_20260605_1034__midnight.png,midnight,Apothecary Botanical Seamless Pattern — Midnight Dark,Floral & Botanical,"apothecary bottles, lavender sprigs, chamomile, glass vials, belladonna, hemlock, vintage scientific illustration, cursive labels, pressed flowers, herbarium sheet, aged paper texture, botanical specimen, amber glass, vintage pharmacy, loose leaf tea, star anise, dried citrus, cozy kitchen pattern, scientific, nostalgic",half-drop,"Apothecary Botanical — scientific, nostalgic, academic, mysterious seamless half-drop pattern.

Spoonflower's recent 'Dark Academia' and 'Vintage Science' design challenges show a massive surge in searches for moody, educational aesthetics. While standard florals are oversaturated, detailed scie

Perfect for wallpaper, apparel fabric, linen cotton canvas.
Designed for wallpaper home decorators and apparel sewists making statement dresses and study room wallpaper.

Keywords: apothecary bottles, lavender sprigs, chamomile, glass vials, belladonna, hemlock, vintage scientific illustration, cursive labels

File: PNG 4500×4500 px, 300 DPI, sRGB — ready to upload to Spoonflower.",Apothecary Botanical,71,7.0,./output/colorways/apothecary_botanical___base_20260605_1034__midnight.png
71,retro_sardine_tin___base_20260605_1034__midnight.png,midnight,Retro Sardine Tin Seamless Pattern — Midnight Dark,Vintage & Retro,"sardine tins, vintage labels, silver fish, gouache texture, sardine tin, vintage label, ornate lettering, retro kitchen, open tin, silver sardines, olive oil, glistening fish, portuguese tiles, azulejo, blue and white, whole sardines, lemon wedges, dill sprigs, tossed layout, quirky",half-drop,"Retro Sardine Tin — quirky, retro, artisanal, playful seamless half-drop pattern.

Quirky kitchen decor is highly trending, with 'sardine tin' aesthetics becoming a massive novelty hit on Pinterest and design blogs. While standard food patterns are common, beautifully illustrated vi

Perfect for linen cotton canvas, wallpaper, quilting cotton.
Designed for home decorators making kitchen towels, aprons, and quirky dining wallpaper.

Keywords: sardine tins, vintage labels, silver fish, gouache texture, sardine tin, vintage label, ornate lettering, retro kitchen

File: PNG 4500×4500 px, 300 DPI, sRGB — ready to upload to Spoonflower.",Retro Sardine Tin,71,5.9,./output/colorways/retro_sardine_tin___base_20260605_1034__midnight.png
71,victorian_tea_service___base_20260605_1238__midnight.png,midnight,Victorian Tea Service Seamless Pattern — Midnight Dark,Food & Drink,"elegant, refined, vintage, table linens, quilting fabric, seamless pattern, repeat pattern, surface design, fabric pattern, wallpaper",basic,"Victorian Tea Service — elegant, refined, vintage seamless basic pattern.

The 'Bridgerton' effect has spiked interest in Regency and Victorian tea-time aesthetics. There is a gap for clean, illustrative tea service patterns that aren't overly floral or generic.

Perfect for table linens, quilting cotton.
Designed for quilters making tea-cozy quilts and table linen decorators..

Keywords: 

File: PNG 4500×4500 px, 300 DPI, sRGB — ready to upload to Spoonflower.",Victorian Tea Service,71,6.1,./output/colorways/victorian_tea_service___base_20260605_1238__midnight.png
71,vintage_seed_packet___base_20260605_1238__midnight.png,midnight,Vintage Seed Packet Seamless Pattern — Midnight Dark,Floral & Botanical,"rustic, garden, vintage, quilting fabric, table linens, seamless pattern, repeat pattern, surface design, fabric pattern, wallpaper",basic,"Vintage Seed Packet — rustic, garden, vintage seamless basic pattern.

The 'Urban Gardening' and 'Heirloom Seed' movement is huge on Pinterest. Fabric designs that mimic vintage seed packet labels are highly requested for kitchen curtains and garden-themed quilting proje

Perfect for quilting cotton, table linens.
Designed for quilters making garden-themed quilts and home decorators..

Keywords: 

File: PNG 4500×4500 px, 300 DPI, sRGB — ready to upload to Spoonflower.",Vintage Seed Packet,71,11.5,./output/colorways/vintage_seed_packet___base_20260605_1238__midnight.png
71,apothecary_botanical___base_20260605_1034__rose_gold.png,rose_gold,Apothecary Botanical Seamless Pattern — Rose Gold Blush,Floral & Botanical,"apothecary bottles, lavender sprigs, chamomile, glass vials, belladonna, hemlock, vintage scientific illustration, cursive labels, pressed flowers, herbarium sheet, aged paper texture, botanical specimen, amber glass, vintage pharmacy, loose leaf tea, star anise, dried citrus, cozy kitchen pattern, scientific, nostalgic",half-drop,"Apothecary Botanical — scientific, nostalgic, academic, mysterious seamless half-drop pattern.

Spoonflower's recent 'Dark Academia' and 'Vintage Science' design challenges show a massive surge in searches for moody, educational aesthetics. While standard florals are oversaturated, detailed scie

Perfect for wallpaper, apparel fabric, linen cotton canvas.
Designed for wallpaper home decorators and apparel sewists making statement dresses and study room wallpaper.

Keywords: apothecary bottles, lavender sprigs, chamomile, glass vials, belladonna, hemlock, vintage scientific illustration, cursive labels

File: PNG 4500×4500 px, 300 DPI, sRGB — ready to upload to Spoonflower.",Apothecary Botanical,71,8.7,./output/colorways/apothecary_botanical___base_20260605_1034__rose_gold.png
71,retro_sardine_tin___base_20260605_1034__rose_gold.png,rose_gold,Retro Sardine Tin Seamless Pattern — Rose Gold Blush,Vintage & Retro,"sardine tins, vintage labels, silver fish, gouache texture, sardine tin, vintage label, ornate lettering, retro kitchen, open tin, silver sardines, olive oil, glistening fish, portuguese tiles, azulejo, blue and white, whole sardines, lemon wedges, dill sprigs, tossed layout, quirky",half-drop,"Retro Sardine Tin — quirky, retro, artisanal, playful seamless half-drop pattern.

Quirky kitchen decor is highly trending, with 'sardine tin' aesthetics becoming a massive novelty hit on Pinterest and design blogs. While standard food patterns are common, beautifully illustrated vi

Perfect for linen cotton canvas, wallpaper, quilting cotton.
Designed for home decorators making kitchen towels, aprons, and quirky dining wallpaper.

Keywords: sardine tins, vintage labels, silver fish, gouache texture, sardine tin, vintage label, ornate lettering, retro kitchen

File: PNG 4500×4500 px, 300 DPI, sRGB — ready to upload to Spoonflower.",Retro Sardine Tin,71,7.8,./output/colorways/retro_sardine_tin___base_20260605_1034__rose_gold.png
71,victorian_tea_service___base_20260605_1238__rose_gold.png,rose_gold,Victorian Tea Service Seamless Pattern — Rose Gold Blush,Food & Drink,"elegant, refined, vintage, table linens, quilting fabric, seamless pattern, repeat pattern, surface design, fabric pattern, wallpaper",basic,"Victorian Tea Service — elegant, refined, vintage seamless basic pattern.

The 'Bridgerton' effect has spiked interest in Regency and Victorian tea-time aesthetics. There is a gap for clean, illustrative tea service patterns that aren't overly floral or generic.

Perfect for table linens, quilting cotton.
Designed for quilters making tea-cozy quilts and table linen decorators..

Keywords: 

File: PNG 4500×4500 px, 300 DPI, sRGB — ready to upload to Spoonflower.",Victorian Tea Service,71,7.8,./output/colorways/victorian_tea_service___base_20260605_1238__rose_gold.png
71,vintage_seed_packet___base_20260605_1238__rose_gold.png,rose_gold,Vintage Seed Packet Seamless Pattern — Rose Gold Blush,Floral & Botanical,"rustic, garden, vintage, quilting fabric, table linens, seamless pattern, repeat pattern, surface design, fabric pattern, wallpaper",basic,"Vintage Seed Packet — rustic, garden, vintage seamless basic pattern.

The 'Urban Gardening' and 'Heirloom Seed' movement is huge on Pinterest. Fabric designs that mimic vintage seed packet labels are highly requested for kitchen curtains and garden-themed quilting proje

Perfect for quilting cotton, table linens.
Designed for quilters making garden-themed quilts and home decorators..

Keywords: 

File: PNG 4500×4500 px, 300 DPI, sRGB — ready to upload to Spoonflower.",Vintage Seed Packet,71,15.0,./output/colorways/vintage_seed_packet___base_20260605_1238__rose_gold.png
70,art_deco_perfume_bottle___base_20260605_1239.png,base,Art Deco Perfume Bottle Seamless Repeat Pattern — Fabric & Wallpaper,Geometric,"luxurious, vintage, elegant, wallpaper, apparel fabric, seamless pattern, repeat pattern, surface design, fabric pattern",basic,"Art Deco Perfume Bottle — luxurious, vintage, elegant seamless basic pattern.

Vintage vanity decor is a strong niche. Perfume bottle patterns are currently either too 'cartoonish' or too 'floral'. A sophisticated, Art Deco-inspired perfume bottle pattern is missing.

Perfect for wallpaper, apparel fabric.
Designed for wallpaper home decorators and apparel sewists..

Keywords: 

File: PNG 4500×4500 px, 300 DPI, sRGB — ready to upload to Spoonflower.",Art Deco Perfume Bottle,70,15.1,./output/spoonflower/art_deco_perfume_bottle___base_20260605_1239.png
70,mycological_spore_prints_foraging___base_20260605_1952.png,base,Mycological Spore Prints Foraging Seamless Repeat Pattern — Fabric & Wallpaper,Floral & Botanical,"scientific, botanical, rustic, adventurous, quilting fabric, apparel fabric, seamless pattern, repeat pattern, surface design, fabric pattern, wallpaper",half-drop,"Mycological Spore Prints Foraging — scientific, botanical, rustic, adventurous seamless half-drop pattern.

The mushroom foraging community on Reddit (r/mushroomhunting, 120,000+ members) is highly active, with members constantly seeking foraging-themed fabric for canvas bags and outdoor apparel. Combining 

Perfect for quilting cotton, apparel fabric.
Designed for apparel sewists making foraging bags, aprons, and outdoor apparel.

Keywords: 

File: PNG 4500×4500 px, 300 DPI, sRGB — ready to upload to Spoonflower.",Mycological Spore Prints Foraging,70,20.6,./output/spoonflower/mycological_spore_prints_foraging___base_20260605_1952.png
70,orangerie_botanical_conservatory___base_20260605_1034.png,base,Orangerie Botanical Conservatory Seamless Repeat Pattern — Fabric & Wallpaper,Floral & Botanical,"lemon branches, orange branches, white blossoms, watercolor texture, lemon branch, vintage botanical, watercolor wash, blood orange, citrus slices, rich colors, botanical illustration, pink grapefruit, citrus grid, geometric layout, fresh botanical, mixed citrus, lemons and limes, tossed layout, detailed leaves, fresh",half-drop,"Orangerie Botanical Conservatory — fresh, classic, detailed, sunny seamless half-drop pattern.

Citrus patterns are highly popular for summer home decor and kitchen accessories. While basic cartoon lemons are oversaturated, there is a strong demand for 'Vintage Citrus Orchard' designs: highly de

Perfect for linen cotton canvas, wallpaper, organic cotton sateen.
Designed for home decorators making kitchen curtains, tablecloths, and wallpaper.

Keywords: lemon branches, orange branches, white blossoms, watercolor texture, lemon branch, vintage botanical, watercolor wash, blood orange

File: PNG 4500×4500 px, 300 DPI, sRGB — ready to upload to Spoonflower.",Orangerie Botanical Conservatory,70,14.0,./output/spoonflower/orangerie_botanical_conservatory___base_20260605_1034.png
70,raccoon_rare_plant_heist___base_20260605_2026.png,base,Raccoon Rare Plant Heist Seamless Repeat Pattern — Fabric & Wallpaper,Floral & Botanical,"humorous, whimsical, narrative, wallpaper, curtains, seamless pattern, repeat pattern, surface design, fabric pattern",half-drop,"Raccoon Rare Plant Heist — humorous, whimsical, narrative seamless half-drop pattern.

The rare houseplant community (r/rarehouseplants) is highly passionate, with members investing heavily in variegated plants like Monstera Albo. A humorous, high-quality pattern featuring raccoons pull

Perfect for wallpaper, curtains.
Designed for wallpaper home decorators making statement living room walls.

Keywords: 

File: PNG 4500×4500 px, 300 DPI, sRGB — ready to upload to Spoonflower.",Raccoon Rare Plant Heist,70,19.4,./output/spoonflower/raccoon_rare_plant_heist___base_20260605_2026.png
70,trompe_l_oeil_copper_cookware___base_20260605_1849.png,base,Trompe L'oeil Copper Cookware Seamless Repeat Pattern — Fabric & Wallpaper,Abstract & Painterly,"rustic, culinary, cozy, realistic, wallpaper, seamless pattern, repeat pattern, surface design, fabric pattern",basic,"Trompe L'oeil Copper Cookware — rustic, culinary, cozy, realistic seamless basic pattern.

Trompe l'oeil (fool the eye) designs are highly popular for creating instant architectural interest in kitchens and dining rooms. A pattern depicting hanging copper pots, pans, and garlic braids on a 

Perfect for wallpaper.
Designed for wallpaper home decorators making kitchen walls and tea towels.

Keywords: 

File: PNG 4500×4500 px, 300 DPI, sRGB — ready to upload to Spoonflower.",Trompe L'oeil Copper Cookware,70,22.6,./output/spoonflower/trompe_l_oeil_copper_cookware___base_20260605_1849.png
70,victorian_carnivorous_savage_garden___base_20260605_1849.png,base,Victorian Carnivorous Savage Garden Seamless Repeat Pattern — Fabric & Wallpaper,Floral & Botanical,"gothic, scientific, exotic, detailed, wallpaper, seamless pattern, repeat pattern, surface design, fabric pattern",basic,"Victorian Carnivorous Savage Garden — gothic, scientific, exotic, detailed seamless basic pattern.

The carnivorous plant community (r/SavageGarden) is highly dedicated, with growers seeking unique decor for their plant rooms. A detailed, Victorian botanical engraving pattern featuring Venus flytrap

Perfect for wallpaper.
Designed for wallpaper home decorators making plant room walls and curtains.

Keywords: 

File: PNG 4500×4500 px, 300 DPI, sRGB — ready to upload to Spoonflower.",Victorian Carnivorous Savage Garden,70,25.8,./output/spoonflower/victorian_carnivorous_savage_garden___base_20260605_1849.png
70,vintage_analog_camera___base_20260605_1034.png,base,Vintage Analog Camera Seamless Repeat Pattern — Fabric & Wallpaper,Vintage & Retro,"slr cameras, 35mm film, film canisters, watercolor texture, slr camera, vintage lens, 1970s camera, watercolor wash, film canister, unrolled film, retro layout, tlr camera, twin lens reflex, vintage camera, detailed line art, darkroom enlarger, developing tray, safelight, film clips, retro",basic,"Vintage Analog Camera — retro, nostalgic, technical, artistic seamless basic pattern.

The r/analog community (over 2M members) is highly passionate about film photography. They frequently look for custom fabric to make camera straps, camera wraps, and pouches, or wallpaper for their da

Perfect for linen cotton canvas, quilting cotton, wallpaper.
Designed for sewists making camera straps, gear pouches, and darkroom wallpaper.

Keywords: slr cameras, 35mm film, film canisters, watercolor texture, slr camera, vintage lens, 1970s camera, watercolor wash

File: PNG 4500×4500 px, 300 DPI, sRGB — ready to upload to Spoonflower.",Vintage Analog Camera,70,14.8,./output/spoonflower/vintage_analog_camera___base_20260605_1034.png
70,art_deco_perfume_bottle___base_20260605_1239__cool_ocean.png,cool_ocean,Art Deco Perfume Bottle Seamless Pattern — Blue Ocean,Geometric,"luxurious, vintage, elegant, wallpaper, apparel fabric, seamless pattern, repeat pattern, surface design, fabric pattern",basic,"Art Deco Perfume Bottle — luxurious, vintage, elegant seamless basic pattern.

Vintage vanity decor is a strong niche. Perfume bottle patterns are currently either too 'cartoonish' or too 'floral'. A sophisticated, Art Deco-inspired perfume bottle pattern is missing.

Perfect for wallpaper, apparel fabric.
Designed for wallpaper home decorators and apparel sewists..

Keywords: 

File: PNG 4500×4500 px, 300 DPI, sRGB — ready to upload to Spoonflower.",Art Deco Perfume Bottle,70,7.1,./output/colorways/art_deco_perfume_bottle___base_20260605_1239__cool_ocean.png
70,orangerie_botanical_conservatory___base_20260605_1034__cool_ocean.png,cool_ocean,Orangerie Botanical Conservatory Seamless Pattern — Blue Ocean,Floral & Botanical,"lemon branches, orange branches, white blossoms, watercolor texture, lemon branch, vintage botanical, watercolor wash, blood orange, citrus slices, rich colors, botanical illustration, pink grapefruit, citrus grid, geometric layout, fresh botanical, mixed citrus, lemons and limes, tossed layout, detailed leaves, fresh",half-drop,"Orangerie Botanical Conservatory — fresh, classic, detailed, sunny seamless half-drop pattern.

Citrus patterns are highly popular for summer home decor and kitchen accessories. While basic cartoon lemons are oversaturated, there is a strong demand for 'Vintage Citrus Orchard' designs: highly de

Perfect for linen cotton canvas, wallpaper, organic cotton sateen.
Designed for home decorators making kitchen curtains, tablecloths, and wallpaper.

Keywords: lemon branches, orange branches, white blossoms, watercolor texture, lemon branch, vintage botanical, watercolor wash, blood orange

File: PNG 4500×4500 px, 300 DPI, sRGB — ready to upload to Spoonflower.",Orangerie Botanical Conservatory,70,7.6,./output/colorways/orangerie_botanical_conservatory___base_20260605_1034__cool_ocean.png
70,vintage_analog_camera___base_20260605_1034__cool_ocean.png,cool_ocean,Vintage Analog Camera Seamless Pattern — Blue Ocean,Vintage & Retro,"slr cameras, 35mm film, film canisters, watercolor texture, slr camera, vintage lens, 1970s camera, watercolor wash, film canister, unrolled film, retro layout, tlr camera, twin lens reflex, vintage camera, detailed line art, darkroom enlarger, developing tray, safelight, film clips, retro",basic,"Vintage Analog Camera — retro, nostalgic, technical, artistic seamless basic pattern.

The r/analog community (over 2M members) is highly passionate about film photography. They frequently look for custom fabric to make camera straps, camera wraps, and pouches, or wallpaper for their da

Perfect for linen cotton canvas, quilting cotton, wallpaper.
Designed for sewists making camera straps, gear pouches, and darkroom wallpaper.

Keywords: slr cameras, 35mm film, film canisters, watercolor texture, slr camera, vintage lens, 1970s camera, watercolor wash

File: PNG 4500×4500 px, 300 DPI, sRGB — ready to upload to Spoonflower.",Vintage Analog Camera,70,6.4,./output/colorways/vintage_analog_camera___base_20260605_1034__cool_ocean.png
70,art_deco_perfume_bottle___base_20260605_1239__earth_autumn.png,earth_autumn,Art Deco Perfume Bottle Seamless Pattern — Earth Tones,Geometric,"luxurious, vintage, elegant, wallpaper, apparel fabric, seamless pattern, repeat pattern, surface design, fabric pattern",basic,"Art Deco Perfume Bottle — luxurious, vintage, elegant seamless basic pattern.

Vintage vanity decor is a strong niche. Perfume bottle patterns are currently either too 'cartoonish' or too 'floral'. A sophisticated, Art Deco-inspired perfume bottle pattern is missing.

Perfect for wallpaper, apparel fabric.
Designed for wallpaper home decorators and apparel sewists..

Keywords: 

File: PNG 4500×4500 px, 300 DPI, sRGB — ready to upload to Spoonflower.",Art Deco Perfume Bottle,70,6.7,./output/colorways/art_deco_perfume_bottle___base_20260605_1239__earth_autumn.png
70,orangerie_botanical_conservatory___base_20260605_1034__earth_autumn.png,earth_autumn,Orangerie Botanical Conservatory Seamless Pattern — Earth Tones,Floral & Botanical,"lemon branches, orange branches, white blossoms, watercolor texture, lemon branch, vintage botanical, watercolor wash, blood orange, citrus slices, rich colors, botanical illustration, pink grapefruit, citrus grid, geometric layout, fresh botanical, mixed citrus, lemons and limes, tossed layout, detailed leaves, fresh",half-drop,"Orangerie Botanical Conservatory — fresh, classic, detailed, sunny seamless half-drop pattern.

Citrus patterns are highly popular for summer home decor and kitchen accessories. While basic cartoon lemons are oversaturated, there is a strong demand for 'Vintage Citrus Orchard' designs: highly de

Perfect for linen cotton canvas, wallpaper, organic cotton sateen.
Designed for home decorators making kitchen curtains, tablecloths, and wallpaper.

Keywords: lemon branches, orange branches, white blossoms, watercolor texture, lemon branch, vintage botanical, watercolor wash, blood orange

File: PNG 4500×4500 px, 300 DPI, sRGB — ready to upload to Spoonflower.",Orangerie Botanical Conservatory,70,7.5,./output/colorways/orangerie_botanical_conservatory___base_20260605_1034__earth_autumn.png
70,vintage_analog_camera___base_20260605_1034__earth_autumn.png,earth_autumn,Vintage Analog Camera Seamless Pattern — Earth Tones,Vintage & Retro,"slr cameras, 35mm film, film canisters, watercolor texture, slr camera, vintage lens, 1970s camera, watercolor wash, film canister, unrolled film, retro layout, tlr camera, twin lens reflex, vintage camera, detailed line art, darkroom enlarger, developing tray, safelight, film clips, retro",basic,"Vintage Analog Camera — retro, nostalgic, technical, artistic seamless basic pattern.

The r/analog community (over 2M members) is highly passionate about film photography. They frequently look for custom fabric to make camera straps, camera wraps, and pouches, or wallpaper for their da

Perfect for linen cotton canvas, quilting cotton, wallpaper.
Designed for sewists making camera straps, gear pouches, and darkroom wallpaper.

Keywords: slr cameras, 35mm film, film canisters, watercolor texture, slr camera, vintage lens, 1970s camera, watercolor wash

File: PNG 4500×4500 px, 300 DPI, sRGB — ready to upload to Spoonflower.",Vintage Analog Camera,70,6.2,./output/colorways/vintage_analog_camera___base_20260605_1034__earth_autumn.png
70,art_deco_perfume_bottle___base_20260605_1239__midnight.png,midnight,Art Deco Perfume Bottle Seamless Pattern — Midnight Dark,Geometric,"luxurious, vintage, elegant, wallpaper, apparel fabric, seamless pattern, repeat pattern, surface design, fabric pattern",basic,"Art Deco Perfume Bottle — luxurious, vintage, elegant seamless basic pattern.

Vintage vanity decor is a strong niche. Perfume bottle patterns are currently either too 'cartoonish' or too 'floral'. A sophisticated, Art Deco-inspired perfume bottle pattern is missing.

Perfect for wallpaper, apparel fabric.
Designed for wallpaper home decorators and apparel sewists..

Keywords: 

File: PNG 4500×4500 px, 300 DPI, sRGB — ready to upload to Spoonflower.",Art Deco Perfume Bottle,70,5.5,./output/colorways/art_deco_perfume_bottle___base_20260605_1239__midnight.png
70,orangerie_botanical_conservatory___base_20260605_1034__midnight.png,midnight,Orangerie Botanical Conservatory Seamless Pattern — Midnight Dark,Floral & Botanical,"lemon branches, orange branches, white blossoms, watercolor texture, lemon branch, vintage botanical, watercolor wash, blood orange, citrus slices, rich colors, botanical illustration, pink grapefruit, citrus grid, geometric layout, fresh botanical, mixed citrus, lemons and limes, tossed layout, detailed leaves, fresh",half-drop,"Orangerie Botanical Conservatory — fresh, classic, detailed, sunny seamless half-drop pattern.

Citrus patterns are highly popular for summer home decor and kitchen accessories. While basic cartoon lemons are oversaturated, there is a strong demand for 'Vintage Citrus Orchard' designs: highly de

Perfect for linen cotton canvas, wallpaper, organic cotton sateen.
Designed for home decorators making kitchen curtains, tablecloths, and wallpaper.

Keywords: lemon branches, orange branches, white blossoms, watercolor texture, lemon branch, vintage botanical, watercolor wash, blood orange

File: PNG 4500×4500 px, 300 DPI, sRGB — ready to upload to Spoonflower.",Orangerie Botanical Conservatory,70,6.1,./output/colorways/orangerie_botanical_conservatory___base_20260605_1034__midnight.png
70,vintage_analog_camera___base_20260605_1034__midnight.png,midnight,Vintage Analog Camera Seamless Pattern — Midnight Dark,Vintage & Retro,"slr cameras, 35mm film, film canisters, watercolor texture, slr camera, vintage lens, 1970s camera, watercolor wash, film canister, unrolled film, retro layout, tlr camera, twin lens reflex, vintage camera, detailed line art, darkroom enlarger, developing tray, safelight, film clips, retro",basic,"Vintage Analog Camera — retro, nostalgic, technical, artistic seamless basic pattern.

The r/analog community (over 2M members) is highly passionate about film photography. They frequently look for custom fabric to make camera straps, camera wraps, and pouches, or wallpaper for their da

Perfect for linen cotton canvas, quilting cotton, wallpaper.
Designed for sewists making camera straps, gear pouches, and darkroom wallpaper.

Keywords: slr cameras, 35mm film, film canisters, watercolor texture, slr camera, vintage lens, 1970s camera, watercolor wash

File: PNG 4500×4500 px, 300 DPI, sRGB — ready to upload to Spoonflower.",Vintage Analog Camera,70,5.1,./output/colorways/vintage_analog_camera___base_20260605_1034__midnight.png
70,art_deco_perfume_bottle___base_20260605_1239__rose_gold.png,rose_gold,Art Deco Perfume Bottle Seamless Pattern — Rose Gold Blush,Geometric,"luxurious, vintage, elegant, wallpaper, apparel fabric, seamless pattern, repeat pattern, surface design, fabric pattern",basic,"Art Deco Perfume Bottle — luxurious, vintage, elegant seamless basic pattern.

Vintage vanity decor is a strong niche. Perfume bottle patterns are currently either too 'cartoonish' or too 'floral'. A sophisticated, Art Deco-inspired perfume bottle pattern is missing.

Perfect for wallpaper, apparel fabric.
Designed for wallpaper home decorators and apparel sewists..

Keywords: 

File: PNG 4500×4500 px, 300 DPI, sRGB — ready to upload to Spoonflower.",Art Deco Perfume Bottle,70,7.2,./output/colorways/art_deco_perfume_bottle___base_20260605_1239__rose_gold.png
70,orangerie_botanical_conservatory___base_20260605_1034__rose_gold.png,rose_gold,Orangerie Botanical Conservatory Seamless Pattern — Rose Gold Blush,Floral & Botanical,"lemon branches, orange branches, white blossoms, watercolor texture, lemon branch, vintage botanical, watercolor wash, blood orange, citrus slices, rich colors, botanical illustration, pink grapefruit, citrus grid, geometric layout, fresh botanical, mixed citrus, lemons and limes, tossed layout, detailed leaves, fresh",half-drop,"Orangerie Botanical Conservatory — fresh, classic, detailed, sunny seamless half-drop pattern.

Citrus patterns are highly popular for summer home decor and kitchen accessories. While basic cartoon lemons are oversaturated, there is a strong demand for 'Vintage Citrus Orchard' designs: highly de

Perfect for linen cotton canvas, wallpaper, organic cotton sateen.
Designed for home decorators making kitchen curtains, tablecloths, and wallpaper.

Keywords: lemon branches, orange branches, white blossoms, watercolor texture, lemon branch, vintage botanical, watercolor wash, blood orange

File: PNG 4500×4500 px, 300 DPI, sRGB — ready to upload to Spoonflower.",Orangerie Botanical Conservatory,70,7.7,./output/colorways/orangerie_botanical_conservatory___base_20260605_1034__rose_gold.png
70,vintage_analog_camera___base_20260605_1034__rose_gold.png,rose_gold,Vintage Analog Camera Seamless Pattern — Rose Gold Blush,Vintage & Retro,"slr cameras, 35mm film, film canisters, watercolor texture, slr camera, vintage lens, 1970s camera, watercolor wash, film canister, unrolled film, retro layout, tlr camera, twin lens reflex, vintage camera, detailed line art, darkroom enlarger, developing tray, safelight, film clips, retro",basic,"Vintage Analog Camera — retro, nostalgic, technical, artistic seamless basic pattern.

The r/analog community (over 2M members) is highly passionate about film photography. They frequently look for custom fabric to make camera straps, camera wraps, and pouches, or wallpaper for their da

Perfect for linen cotton canvas, quilting cotton, wallpaper.
Designed for sewists making camera straps, gear pouches, and darkroom wallpaper.

Keywords: slr cameras, 35mm film, film canisters, watercolor texture, slr camera, vintage lens, 1970s camera, watercolor wash

File: PNG 4500×4500 px, 300 DPI, sRGB — ready to upload to Spoonflower.",Vintage Analog Camera,70,6.5,./output/colorways/vintage_analog_camera___base_20260605_1034__rose_gold.png
68,shrimp_breeder_tea_party___base_20260605_1953.png,base,Shrimp Breeder Tea Party Seamless Repeat Pattern — Fabric & Wallpaper,Food & Drink,"cozy, whimsical, humorous, marine, quilting fabric, wallpaper, seamless pattern, repeat pattern, surface design, fabric pattern",half-drop,"Shrimp Breeder Tea Party — cozy, whimsical, humorous, marine seamless half-drop pattern.

The freshwater aquarium hobby has exploded on Reddit, with r/shrimptank boasting over 150,000 highly passionate members. There is a massive, documented demand for cute, shrimp-themed home decor and fa

Perfect for quilting cotton, wallpaper.
Designed for nursery and baby room decorators making playful bedding, pajamas, and wallpaper.

Keywords: 

File: PNG 4500×4500 px, 300 DPI, sRGB — ready to upload to Spoonflower.",Shrimp Breeder Tea Party,68,18.9,./output/spoonflower/shrimp_breeder_tea_party___base_20260605_1953.png
67,shrimp_tank_sushi_bar___base_20260605_2027.png,base,Shrimp Tank Sushi Bar Seamless Repeat Pattern — Fabric & Wallpaper,Abstract & Painterly,"humorous, whimsical, narrative, wallpaper, curtains, seamless pattern, repeat pattern, surface design, fabric pattern",half-drop,"Shrimp Tank Sushi Bar — humorous, whimsical, narrative seamless half-drop pattern.

The freshwater shrimp keeping community (r/shrimptank) is highly active, with members constantly seeking shrimp-themed decor. A humorous, high-quality pattern featuring cherry shrimp running an underw

Perfect for wallpaper, curtains.
Designed for wallpaper home decorators making statement bathroom walls.

Keywords: 

File: PNG 4500×4500 px, 300 DPI, sRGB — ready to upload to Spoonflower.",Shrimp Tank Sushi Bar,67,21.2,./output/spoonflower/shrimp_tank_sushi_bar___base_20260605_2027.png
66,art_deco_celestial_cartography___base_20260605_2029.png,base,Art Deco Celestial Cartography Seamless Repeat Pattern — Fabric & Wallpaper,Geometric,"mystical, scientific, elegant, wallpaper, bedding, seamless pattern, repeat pattern, surface design, fabric pattern",half-drop,"Art Deco Celestial Cartography — mystical, scientific, elegant seamless half-drop pattern.

Astrology and celestial home decor searches have spiked 45% on Pinterest as consumers seek mystical, personalized interior spaces. On Spoonflower, there is a strong demand for sophisticated, dark-back

Perfect for wallpaper, bedding.
Designed for wallpaper home decorators making statement walls and bedding.

Keywords: 

File: PNG 4500×4500 px, 300 DPI, sRGB — ready to upload to Spoonflower.",Art Deco Celestial Cartography,66,19.9,./output/spoonflower/art_deco_celestial_cartography___base_20260605_2029.png
66,deep_navy_protea_botanical___base_20260605_2030.png,base,Deep Navy Protea Botanical Seamless Repeat Pattern — Fabric & Wallpaper,Floral & Botanical,"exotic, dramatic, botanical, wallpaper, curtains, seamless pattern, repeat pattern, surface design, fabric pattern",half-drop,"Deep Navy Protea Botanical — exotic, dramatic, botanical seamless half-drop pattern.

Protea and exotic botanical designs are gaining traction in modern bohemian home decor, with searches up 40% on design blogs. On Spoonflower, there is an opportunity for large-scale, dense protea patt

Perfect for wallpaper, curtains.
Designed for wallpaper home decorators making statement walls and curtains.

Keywords: 

File: PNG 4500×4500 px, 300 DPI, sRGB — ready to upload to Spoonflower.",Deep Navy Protea Botanical,66,20.5,./output/spoonflower/deep_navy_protea_botanical___base_20260605_2030.png
66,dutch_golden_age_chiaroscuro_peony___base_20260605_2028.png,base,Dutch Golden Age Chiaroscuro Peony Seamless Repeat Pattern — Fabric & Wallpaper,Abstract & Painterly,"dramatic, luxurious, romantic, wallpaper, curtains, seamless pattern, repeat pattern, surface design, fabric pattern",half-drop,"Dutch Golden Age Chiaroscuro Peony — dramatic, luxurious, romantic seamless half-drop pattern.

Dark, moody florals are a major trend in luxury interior design, with 'black floral wallpaper' searches up 70% on Pinterest. Spoonflower decorators are constantly searching for large-scale, dramatic d

Perfect for wallpaper, curtains.
Designed for wallpaper home decorators making dramatic statement walls.

Keywords: 

File: PNG 4500×4500 px, 300 DPI, sRGB — ready to upload to Spoonflower.",Dutch Golden Age Chiaroscuro Peony,66,18.5,./output/spoonflower/dutch_golden_age_chiaroscuro_peony___base_20260605_2028.png
66,medieval_woodcut_cat_tarot___base_20260605_1954.png,base,Medieval Woodcut Cat Tarot Seamless Repeat Pattern — Fabric & Wallpaper,Animals & Insects,"mystical, esoteric, humorous, literary, quilting fabric, apparel fabric, seamless pattern, repeat pattern, surface design, fabric pattern, wallpaper",basic,"Medieval Woodcut Cat Tarot — mystical, esoteric, humorous, literary seamless basic pattern.

The tarot and occult community on Reddit (r/tarot, 350,000+ members) is highly active, with members constantly seeking unique fabric for altar cloths and tarot bags. Combining this passionate hobby wi

Perfect for quilting cotton, apparel fabric.
Designed for quilters making altar cloths, and apparel sewists making mystical dresses.

Keywords: 

File: PNG 4500×4500 px, 300 DPI, sRGB — ready to upload to Spoonflower.",Medieval Woodcut Cat Tarot,66,26.9,./output/spoonflower/medieval_woodcut_cat_tarot___base_20260605_1954.png
66,vintage_herbarium_mycology_specimen___base_20260605_2028.png,base,Vintage Herbarium Mycology Specimen Seamless Repeat Pattern — Fabric & Wallpaper,Floral & Botanical,"whimsical, cozy, botanical, quilting fabric, baby blankets, seamless pattern, repeat pattern, surface design, fabric pattern, wallpaper",half-drop,"Vintage Herbarium Mycology Specimen — whimsical, cozy, botanical seamless half-drop pattern.

Cottagecore aesthetics continue to dominate social media, with 'fairy core' and 'mushroom decor' searches up 55% on TikTok. On Spoonflower, there is a massive demand for warm, earthy fungi patterns th

Perfect for quilting cotton, baby blankets.
Designed for quilters making baby blankets and quilts.

Keywords: 

File: PNG 4500×4500 px, 300 DPI, sRGB — ready to upload to Spoonflower.",Vintage Herbarium Mycology Specimen,66,20.2,./output/spoonflower/vintage_herbarium_mycology_specimen___base_20260605_2028.png
65,art_deco_astrolabe_alignment___base_20260605_2030.png,base,Art Deco Astrolabe Alignment Seamless Repeat Pattern — Fabric & Wallpaper,Geometric,"mystical, celestial, geometric, wallpaper, curtains, seamless pattern, repeat pattern, surface design, fabric pattern",half-drop,"Art Deco Astrolabe Alignment — mystical, celestial, geometric seamless half-drop pattern.

Planetary alignment and zodiac themes are trending heavily in Gen Z and Millennial home decor, with searches for 'astrology bedroom' up 60% year-over-year. Spoonflower buyers are actively looking for 

Perfect for wallpaper, curtains.
Designed for wallpaper home decorators making custom curtains and bedding.

Keywords: 

File: PNG 4500×4500 px, 300 DPI, sRGB — ready to upload to Spoonflower.",Art Deco Astrolabe Alignment,65,19.9,./output/spoonflower/art_deco_astrolabe_alignment___base_20260605_2030.png
65,tarot_card_arcana___base_20260605_1239.png,base,Tarot Card Arcana Seamless Repeat Pattern — Fabric & Wallpaper,Abstract & Painterly,"mystical, occult, elegant, quilting fabric, wallpaper, seamless pattern, repeat pattern, surface design, fabric pattern",basic,"Tarot Card Arcana — mystical, occult, elegant seamless basic pattern.

The occult and tarot community is massive and highly engaged. There is a strong demand for sophisticated, repeating patterns featuring tarot card imagery that can be used for altar cloths, tarot bags,

Perfect for quilting cotton, wallpaper.
Designed for tarot enthusiasts and home decor decorators..

Keywords: 

File: PNG 4500×4500 px, 300 DPI, sRGB — ready to upload to Spoonflower.",Tarot Card Arcana,65,23.0,./output/spoonflower/tarot_card_arcana___base_20260605_1239.png
65,tarot_card_arcana___base_20260605_1239__cool_ocean.png,cool_ocean,Tarot Card Arcana Seamless Pattern — Blue Ocean,Abstract & Painterly,"mystical, occult, elegant, quilting fabric, wallpaper, seamless pattern, repeat pattern, surface design, fabric pattern",basic,"Tarot Card Arcana — mystical, occult, elegant seamless basic pattern.

The occult and tarot community is massive and highly engaged. There is a strong demand for sophisticated, repeating patterns featuring tarot card imagery that can be used for altar cloths, tarot bags,

Perfect for quilting cotton, wallpaper.
Designed for tarot enthusiasts and home decor decorators..

Keywords: 

File: PNG 4500×4500 px, 300 DPI, sRGB — ready to upload to Spoonflower.",Tarot Card Arcana,65,15.3,./output/colorways/tarot_card_arcana___base_20260605_1239__cool_ocean.png
65,tarot_card_arcana___base_20260605_1239__earth_autumn.png,earth_autumn,Tarot Card Arcana Seamless Pattern — Earth Tones,Abstract & Painterly,"mystical, occult, elegant, quilting fabric, wallpaper, seamless pattern, repeat pattern, surface design, fabric pattern",basic,"Tarot Card Arcana — mystical, occult, elegant seamless basic pattern.

The occult and tarot community is massive and highly engaged. There is a strong demand for sophisticated, repeating patterns featuring tarot card imagery that can be used for altar cloths, tarot bags,

Perfect for quilting cotton, wallpaper.
Designed for tarot enthusiasts and home decor decorators..

Keywords: 

File: PNG 4500×4500 px, 300 DPI, sRGB — ready to upload to Spoonflower.",Tarot Card Arcana,65,14.9,./output/colorways/tarot_card_arcana___base_20260605_1239__earth_autumn.png
65,tarot_card_arcana___base_20260605_1239__midnight.png,midnight,Tarot Card Arcana Seamless Pattern — Midnight Dark,Abstract & Painterly,"mystical, occult, elegant, quilting fabric, wallpaper, seamless pattern, repeat pattern, surface design, fabric pattern",basic,"Tarot Card Arcana — mystical, occult, elegant seamless basic pattern.

The occult and tarot community is massive and highly engaged. There is a strong demand for sophisticated, repeating patterns featuring tarot card imagery that can be used for altar cloths, tarot bags,

Perfect for quilting cotton, wallpaper.
Designed for tarot enthusiasts and home decor decorators..

Keywords: 

File: PNG 4500×4500 px, 300 DPI, sRGB — ready to upload to Spoonflower.",Tarot Card Arcana,65,12.4,./output/colorways/tarot_card_arcana___base_20260605_1239__midnight.png
65,tarot_card_arcana___base_20260605_1239__rose_gold.png,rose_gold,Tarot Card Arcana Seamless Pattern — Rose Gold Blush,Abstract & Painterly,"mystical, occult, elegant, quilting fabric, wallpaper, seamless pattern, repeat pattern, surface design, fabric pattern",basic,"Tarot Card Arcana — mystical, occult, elegant seamless basic pattern.

The occult and tarot community is massive and highly engaged. There is a strong demand for sophisticated, repeating patterns featuring tarot card imagery that can be used for altar cloths, tarot bags,

Perfect for quilting cotton, wallpaper.
Designed for tarot enthusiasts and home decor decorators..

Keywords: 

File: PNG 4500×4500 px, 300 DPI, sRGB — ready to upload to Spoonflower.",Tarot Card Arcana,65,15.9,./output/colorways/tarot_card_arcana___base_20260605_1239__rose_gold.png
64,art_deco_octopus_tile___base_20260605_1954.png,base,Art Deco Octopus Tile Seamless Repeat Pattern — Fabric & Wallpaper,Animals & Insects,"luxurious, sophisticated, geometric, opulent, wallpaper, home decor, seamless pattern, repeat pattern, surface design, fabric pattern",mirror,"Art Deco Octopus Tile — luxurious, sophisticated, geometric, opulent seamless mirror pattern.

Symmetrical Art Deco animal tiles are highly sought after for luxury bathroom wallpapers. An octopus with tentacles radiating in elegant, geometric curves offers a sophisticated, high-contrast design 

Perfect for wallpaper, home decor.
Designed for bathroom wallpaper home decorators making statement accent walls.

Keywords: 

File: PNG 4500×4500 px, 300 DPI, sRGB — ready to upload to Spoonflower.",Art Deco Octopus Tile,64,19.3,./output/spoonflower/art_deco_octopus_tile___base_20260605_1954.png
64,japanese_aquascape_freshwater_botanical___base_20260605_1143.png,base,Japanese Aquascape Freshwater Botanical Seamless Repeat Pattern — Fabric & Wallpaper,Floral & Botanical,"serene, botanical, aquatic, modern, wallpaper, home decor, seamless pattern, repeat pattern, surface design, fabric pattern",half-drop,"Japanese Aquascape Freshwater Botanical — serene, botanical, aquatic, modern seamless half-drop pattern.

The aquascaping and planted tank hobby has exploded on Reddit (r/plantedtank, r/aquariums) and TikTok, with enthusiasts seeking home decor that reflects their passion. There is a strong demand for wal

Perfect for wallpaper, home decor.
Designed for wallpaper home decorators making study walls and home decorators making custom cushions.

Keywords: 

File: PNG 4500×4500 px, 300 DPI, sRGB — ready to upload to Spoonflower.",Japanese Aquascape Freshwater Botanical,64,19.9,./output/spoonflower/japanese_aquascape_freshwater_botanical___base_20260605_1143.png
64,japanese_aquascape_freshwater_botanical___base_20260605_1143__cool_ocean.png,cool_ocean,Japanese Aquascape Freshwater Botanical Seamless Pattern — Blue Ocean,Floral & Botanical,"serene, botanical, aquatic, modern, wallpaper, home decor, seamless pattern, repeat pattern, surface design, fabric pattern",half-drop,"Japanese Aquascape Freshwater Botanical — serene, botanical, aquatic, modern seamless half-drop pattern.

The aquascaping and planted tank hobby has exploded on Reddit (r/plantedtank, r/aquariums) and TikTok, with enthusiasts seeking home decor that reflects their passion. There is a strong demand for wal

Perfect for wallpaper, home decor.
Designed for wallpaper home decorators making study walls and home decorators making custom cushions.

Keywords: 

File: PNG 4500×4500 px, 300 DPI, sRGB — ready to upload to Spoonflower.",Japanese Aquascape Freshwater Botanical,64,13.5,./output/colorways/japanese_aquascape_freshwater_botanical___base_20260605_1143__cool_ocean.png
64,japanese_aquascape_freshwater_botanical___base_20260605_1143__earth_autumn.png,earth_autumn,Japanese Aquascape Freshwater Botanical Seamless Pattern — Earth Tones,Floral & Botanical,"serene, botanical, aquatic, modern, wallpaper, home decor, seamless pattern, repeat pattern, surface design, fabric pattern",half-drop,"Japanese Aquascape Freshwater Botanical — serene, botanical, aquatic, modern seamless half-drop pattern.

The aquascaping and planted tank hobby has exploded on Reddit (r/plantedtank, r/aquariums) and TikTok, with enthusiasts seeking home decor that reflects their passion. There is a strong demand for wal

Perfect for wallpaper, home decor.
Designed for wallpaper home decorators making study walls and home decorators making custom cushions.

Keywords: 

File: PNG 4500×4500 px, 300 DPI, sRGB — ready to upload to Spoonflower.",Japanese Aquascape Freshwater Botanical,64,13.0,./output/colorways/japanese_aquascape_freshwater_botanical___base_20260605_1143__earth_autumn.png
64,japanese_aquascape_freshwater_botanical___base_20260605_1143__midnight.png,midnight,Japanese Aquascape Freshwater Botanical Seamless Pattern — Midnight Dark,Floral & Botanical,"serene, botanical, aquatic, modern, wallpaper, home decor, seamless pattern, repeat pattern, surface design, fabric pattern",half-drop,"Japanese Aquascape Freshwater Botanical — serene, botanical, aquatic, modern seamless half-drop pattern.

The aquascaping and planted tank hobby has exploded on Reddit (r/plantedtank, r/aquariums) and TikTok, with enthusiasts seeking home decor that reflects their passion. There is a strong demand for wal

Perfect for wallpaper, home decor.
Designed for wallpaper home decorators making study walls and home decorators making custom cushions.

Keywords: 

File: PNG 4500×4500 px, 300 DPI, sRGB — ready to upload to Spoonflower.",Japanese Aquascape Freshwater Botanical,64,10.6,./output/colorways/japanese_aquascape_freshwater_botanical___base_20260605_1143__midnight.png
64,japanese_aquascape_freshwater_botanical___base_20260605_1143__rose_gold.png,rose_gold,Japanese Aquascape Freshwater Botanical Seamless Pattern — Rose Gold Blush,Floral & Botanical,"serene, botanical, aquatic, modern, wallpaper, home decor, seamless pattern, repeat pattern, surface design, fabric pattern",half-drop,"Japanese Aquascape Freshwater Botanical — serene, botanical, aquatic, modern seamless half-drop pattern.

The aquascaping and planted tank hobby has exploded on Reddit (r/plantedtank, r/aquariums) and TikTok, with enthusiasts seeking home decor that reflects their passion. There is a strong demand for wal

Perfect for wallpaper, home decor.
Designed for wallpaper home decorators making study walls and home decorators making custom cushions.

Keywords: 

File: PNG 4500×4500 px, 300 DPI, sRGB — ready to upload to Spoonflower.",Japanese Aquascape Freshwater Botanical,64,13.5,./output/colorways/japanese_aquascape_freshwater_botanical___base_20260605_1143__rose_gold.png
63,art_deco_ginkgo_biloba_fan___base_20260605_1852.png,base,Art Deco Ginkgo Biloba Fan Seamless Repeat Pattern — Fabric & Wallpaper,Floral & Botanical,"luxurious, geometric, botanical, architectural, wallpaper, seamless pattern, repeat pattern, surface design, fabric pattern",basic,"Art Deco Ginkgo Biloba Fan — luxurious, geometric, botanical, architectural seamless basic pattern.

Ginkgo biloba leaves are a classic design motif, but when rendered in a bold, large-scale Art Deco fan layout, they become a highly sophisticated wallpaper option. The fan shape aligns perfectly with 

Perfect for wallpaper.
Designed for wallpaper home decorators making statement walls and dining room wallpaper.

Keywords: 

File: PNG 4500×4500 px, 300 DPI, sRGB — ready to upload to Spoonflower.",Art Deco Ginkgo Biloba Fan,63,23.2,./output/spoonflower/art_deco_ginkgo_biloba_fan___base_20260605_1852.png
63,art_deco_koi_fish_tile___base_20260605_2031.png,base,Art Deco Koi Fish Tile Seamless Repeat Pattern — Fabric & Wallpaper,Animals & Insects,"luxurious, geometric, serene, wallpaper, curtains, seamless pattern, repeat pattern, surface design, fabric pattern",mirror,"Art Deco Koi Fish Tile — luxurious, geometric, serene seamless mirror pattern.

Art Deco animal tiles are experiencing a major revival in luxury bathroom and entryway design, with searches for 'Art Deco tile' up 65% on Pinterest. Spoonflower decorators are actively seeking symmet

Perfect for wallpaper, curtains.
Designed for wallpaper home decorators making statement bathroom walls.

Keywords: 

File: PNG 4500×4500 px, 300 DPI, sRGB — ready to upload to Spoonflower.",Art Deco Koi Fish Tile,63,19.5,./output/spoonflower/art_deco_koi_fish_tile___base_20260605_2031.png
63,art_nouveau_wisteria_canopy___base_20260605_1853.png,base,Art Nouveau Wisteria Canopy Seamless Repeat Pattern — Fabric & Wallpaper,Floral & Botanical,"romantic, flowing, botanical, dramatic, wallpaper, seamless pattern, repeat pattern, surface design, fabric pattern",basic,"Art Nouveau Wisteria Canopy — romantic, flowing, botanical, dramatic seamless basic pattern.

Cascading florals are highly sought after for wallpaper, as they create a beautiful 'canopy' effect in bedrooms and dining spaces. Art Nouveau wisteria, with its drooping lavender clusters and winding

Perfect for wallpaper.
Designed for wallpaper home decorators making bedroom walls and luxury bedding.

Keywords: 

File: PNG 4500×4500 px, 300 DPI, sRGB — ready to upload to Spoonflower.",Art Nouveau Wisteria Canopy,63,14.3,./output/spoonflower/art_nouveau_wisteria_canopy___base_20260605_1853.png
63,block_print_chinoiserie_hydrangea___base_20260605_1143.png,base,Block Print Chinoiserie Hydrangea Seamless Repeat Pattern — Fabric & Wallpaper,Folk & Traditional,"romantic, nostalgic, coastal, clean, wallpaper, table linens, seamless pattern, repeat pattern, surface design, fabric pattern",half-drop,"Block Print Chinoiserie Hydrangea — romantic, nostalgic, coastal, clean seamless half-drop pattern.

Grandmillennial and coastal grandmother aesthetics continue to dominate interior design, driving search volume for classic blue-and-white motifs. On Spoonflower, there is a high demand for wallpaper a

Perfect for wallpaper, table linens.
Designed for wallpaper home decorators making statement walls and dining table linens.

Keywords: 

File: PNG 4500×4500 px, 300 DPI, sRGB — ready to upload to Spoonflower.",Block Print Chinoiserie Hydrangea,63,14.0,./output/spoonflower/block_print_chinoiserie_hydrangea___base_20260605_1143.png
63,cyanotype_tidal_pool_botanical___base_20260605_1143.png,base,Cyanotype Tidal Pool Botanical Seamless Repeat Pattern — Fabric & Wallpaper,Floral & Botanical,"artistic, coastal, scientific, serene, wallpaper, curtains, seamless pattern, repeat pattern, surface design, fabric pattern",half-drop,"Cyanotype Tidal Pool Botanical — artistic, coastal, scientific, serene seamless half-drop pattern.

The resurgence of historical photographic processes like cyanotype has captured the attention of coastal and bohemian decorators. While standard beach themes are oversaturated, a high-contrast, botani

Perfect for wallpaper, curtains.
Designed for wallpaper home decorators making statement walls and coastal living room curtains.

Keywords: 

File: PNG 4500×4500 px, 300 DPI, sRGB — ready to upload to Spoonflower.",Cyanotype Tidal Pool Botanical,63,19.3,./output/spoonflower/cyanotype_tidal_pool_botanical___base_20260605_1143.png
63,gothic_herbarium_nightshade_botanical___base_20260605_1143.png,base,Gothic Herbarium Nightshade Botanical Seamless Repeat Pattern — Fabric & Wallpaper,Floral & Botanical,"moody, gothic, academic, scientific, wallpaper, bedding, seamless pattern, repeat pattern, surface design, fabric pattern",half-drop,"Gothic Herbarium Nightshade Botanical — moody, gothic, academic, scientific seamless half-drop pattern.

The 'dark academia' and gothic home decor trends have created a strong market for moody, dark botanical prints. Spoonflower buyers are looking for wallpaper and bedding that features poisonous plants 

Perfect for wallpaper, bedding.
Designed for wallpaper home decorators making moody bedrooms and apparel sewists making gothic dresses.

Keywords: 

File: PNG 4500×4500 px, 300 DPI, sRGB — ready to upload to Spoonflower.",Gothic Herbarium Nightshade Botanical,63,22.4,./output/spoonflower/gothic_herbarium_nightshade_botanical___base_20260605_1143.png
63,gothic_victorian_toxic_mycology___base_20260605_1143.png,base,Gothic Victorian Toxic Mycology Seamless Repeat Pattern — Fabric & Wallpaper,Vintage & Retro,"scientific, gothic, natural, academic, quilting fabric, wallpaper, seamless pattern, repeat pattern, surface design, fabric pattern",half-drop,"Gothic Victorian Toxic Mycology — scientific, gothic, natural, academic seamless half-drop pattern.

The cottagecore and 'goblincore' trends have matured into a sophisticated appreciation for dark, academic scientific illustrations. While the market is flooded with generic cute cartoon mushrooms, hig

Perfect for quilting cotton, wallpaper.
Designed for quilters making autumn-themed quilts and home decorators making kitchen curtains.

Keywords: 

File: PNG 4500×4500 px, 300 DPI, sRGB — ready to upload to Spoonflower.",Gothic Victorian Toxic Mycology,63,21.4,./output/spoonflower/gothic_victorian_toxic_mycology___base_20260605_1143.png
63,block_print_chinoiserie_hydrangea___base_20260605_1143__cool_ocean.png,cool_ocean,Block Print Chinoiserie Hydrangea Seamless Pattern — Blue Ocean,Folk & Traditional,"romantic, nostalgic, coastal, clean, wallpaper, table linens, seamless pattern, repeat pattern, surface design, fabric pattern",half-drop,"Block Print Chinoiserie Hydrangea — romantic, nostalgic, coastal, clean seamless half-drop pattern.

Grandmillennial and coastal grandmother aesthetics continue to dominate interior design, driving search volume for classic blue-and-white motifs. On Spoonflower, there is a high demand for wallpaper a

Perfect for wallpaper, table linens.
Designed for wallpaper home decorators making statement walls and dining table linens.

Keywords: 

File: PNG 4500×4500 px, 300 DPI, sRGB — ready to upload to Spoonflower.",Block Print Chinoiserie Hydrangea,63,8.7,./output/colorways/block_print_chinoiserie_hydrangea___base_20260605_1143__cool_ocean.png
63,cyanotype_tidal_pool_botanical___base_20260605_1143__cool_ocean.png,cool_ocean,Cyanotype Tidal Pool Botanical Seamless Pattern — Blue Ocean,Floral & Botanical,"artistic, coastal, scientific, serene, wallpaper, curtains, seamless pattern, repeat pattern, surface design, fabric pattern",half-drop,"Cyanotype Tidal Pool Botanical — artistic, coastal, scientific, serene seamless half-drop pattern.

The resurgence of historical photographic processes like cyanotype has captured the attention of coastal and bohemian decorators. While standard beach themes are oversaturated, a high-contrast, botani

Perfect for wallpaper, curtains.
Designed for wallpaper home decorators making statement walls and coastal living room curtains.

Keywords: 

File: PNG 4500×4500 px, 300 DPI, sRGB — ready to upload to Spoonflower.",Cyanotype Tidal Pool Botanical,63,16.7,./output/colorways/cyanotype_tidal_pool_botanical___base_20260605_1143__cool_ocean.png
63,gothic_herbarium_nightshade_botanical___base_20260605_1143__cool_ocean.png,cool_ocean,Gothic Herbarium Nightshade Botanical Seamless Pattern — Blue Ocean,Floral & Botanical,"moody, gothic, academic, scientific, wallpaper, bedding, seamless pattern, repeat pattern, surface design, fabric pattern",half-drop,"Gothic Herbarium Nightshade Botanical — moody, gothic, academic, scientific seamless half-drop pattern.

The 'dark academia' and gothic home decor trends have created a strong market for moody, dark botanical prints. Spoonflower buyers are looking for wallpaper and bedding that features poisonous plants 

Perfect for wallpaper, bedding.
Designed for wallpaper home decorators making moody bedrooms and apparel sewists making gothic dresses.

Keywords: 

File: PNG 4500×4500 px, 300 DPI, sRGB — ready to upload to Spoonflower.",Gothic Herbarium Nightshade Botanical,63,14.5,./output/colorways/gothic_herbarium_nightshade_botanical___base_20260605_1143__cool_ocean.png
63,gothic_victorian_toxic_mycology___base_20260605_1143__cool_ocean.png,cool_ocean,Gothic Victorian Toxic Mycology Seamless Pattern — Blue Ocean,Vintage & Retro,"scientific, gothic, natural, academic, quilting fabric, wallpaper, seamless pattern, repeat pattern, surface design, fabric pattern",half-drop,"Gothic Victorian Toxic Mycology — scientific, gothic, natural, academic seamless half-drop pattern.

The cottagecore and 'goblincore' trends have matured into a sophisticated appreciation for dark, academic scientific illustrations. While the market is flooded with generic cute cartoon mushrooms, hig

Perfect for quilting cotton, wallpaper.
Designed for quilters making autumn-themed quilts and home decorators making kitchen curtains.

Keywords: 

File: PNG 4500×4500 px, 300 DPI, sRGB — ready to upload to Spoonflower.",Gothic Victorian Toxic Mycology,63,13.7,./output/colorways/gothic_victorian_toxic_mycology___base_20260605_1143__cool_ocean.png
63,block_print_chinoiserie_hydrangea___base_20260605_1143__earth_autumn.png,earth_autumn,Block Print Chinoiserie Hydrangea Seamless Pattern — Earth Tones,Folk & Traditional,"romantic, nostalgic, coastal, clean, wallpaper, table linens, seamless pattern, repeat pattern, surface design, fabric pattern",half-drop,"Block Print Chinoiserie Hydrangea — romantic, nostalgic, coastal, clean seamless half-drop pattern.

Grandmillennial and coastal grandmother aesthetics continue to dominate interior design, driving search volume for classic blue-and-white motifs. On Spoonflower, there is a high demand for wallpaper a

Perfect for wallpaper, table linens.
Designed for wallpaper home decorators making statement walls and dining table linens.

Keywords: 

File: PNG 4500×4500 px, 300 DPI, sRGB — ready to upload to Spoonflower.",Block Print Chinoiserie Hydrangea,63,8.3,./output/colorways/block_print_chinoiserie_hydrangea___base_20260605_1143__earth_autumn.png
63,cyanotype_tidal_pool_botanical___base_20260605_1143__earth_autumn.png,earth_autumn,Cyanotype Tidal Pool Botanical Seamless Pattern — Earth Tones,Floral & Botanical,"artistic, coastal, scientific, serene, wallpaper, curtains, seamless pattern, repeat pattern, surface design, fabric pattern",half-drop,"Cyanotype Tidal Pool Botanical — artistic, coastal, scientific, serene seamless half-drop pattern.

The resurgence of historical photographic processes like cyanotype has captured the attention of coastal and bohemian decorators. While standard beach themes are oversaturated, a high-contrast, botani

Perfect for wallpaper, curtains.
Designed for wallpaper home decorators making statement walls and coastal living room curtains.

Keywords: 

File: PNG 4500×4500 px, 300 DPI, sRGB — ready to upload to Spoonflower.",Cyanotype Tidal Pool Botanical,63,16.1,./output/colorways/cyanotype_tidal_pool_botanical___base_20260605_1143__earth_autumn.png
63,gothic_herbarium_nightshade_botanical___base_20260605_1143__earth_autumn.png,earth_autumn,Gothic Herbarium Nightshade Botanical Seamless Pattern — Earth Tones,Floral & Botanical,"moody, gothic, academic, scientific, wallpaper, bedding, seamless pattern, repeat pattern, surface design, fabric pattern",half-drop,"Gothic Herbarium Nightshade Botanical — moody, gothic, academic, scientific seamless half-drop pattern.

The 'dark academia' and gothic home decor trends have created a strong market for moody, dark botanical prints. Spoonflower buyers are looking for wallpaper and bedding that features poisonous plants 

Perfect for wallpaper, bedding.
Designed for wallpaper home decorators making moody bedrooms and apparel sewists making gothic dresses.

Keywords: 

File: PNG 4500×4500 px, 300 DPI, sRGB — ready to upload to Spoonflower.",Gothic Herbarium Nightshade Botanical,63,14.3,./output/colorways/gothic_herbarium_nightshade_botanical___base_20260605_1143__earth_autumn.png
63,gothic_victorian_toxic_mycology___base_20260605_1143__earth_autumn.png,earth_autumn,Gothic Victorian Toxic Mycology Seamless Pattern — Earth Tones,Vintage & Retro,"scientific, gothic, natural, academic, quilting fabric, wallpaper, seamless pattern, repeat pattern, surface design, fabric pattern",half-drop,"Gothic Victorian Toxic Mycology — scientific, gothic, natural, academic seamless half-drop pattern.

The cottagecore and 'goblincore' trends have matured into a sophisticated appreciation for dark, academic scientific illustrations. While the market is flooded with generic cute cartoon mushrooms, hig

Perfect for quilting cotton, wallpaper.
Designed for quilters making autumn-themed quilts and home decorators making kitchen curtains.

Keywords: 

File: PNG 4500×4500 px, 300 DPI, sRGB — ready to upload to Spoonflower.",Gothic Victorian Toxic Mycology,63,13.5,./output/colorways/gothic_victorian_toxic_mycology___base_20260605_1143__earth_autumn.png
63,block_print_chinoiserie_hydrangea___base_20260605_1143__midnight.png,midnight,Block Print Chinoiserie Hydrangea Seamless Pattern — Midnight Dark,Folk & Traditional,"romantic, nostalgic, coastal, clean, wallpaper, table linens, seamless pattern, repeat pattern, surface design, fabric pattern",half-drop,"Block Print Chinoiserie Hydrangea — romantic, nostalgic, coastal, clean seamless half-drop pattern.

Grandmillennial and coastal grandmother aesthetics continue to dominate interior design, driving search volume for classic blue-and-white motifs. On Spoonflower, there is a high demand for wallpaper a

Perfect for wallpaper, table linens.
Designed for wallpaper home decorators making statement walls and dining table linens.

Keywords: 

File: PNG 4500×4500 px, 300 DPI, sRGB — ready to upload to Spoonflower.",Block Print Chinoiserie Hydrangea,63,7.0,./output/colorways/block_print_chinoiserie_hydrangea___base_20260605_1143__midnight.png
63,cyanotype_tidal_pool_botanical___base_20260605_1143__midnight.png,midnight,Cyanotype Tidal Pool Botanical Seamless Pattern — Midnight Dark,Floral & Botanical,"artistic, coastal, scientific, serene, wallpaper, curtains, seamless pattern, repeat pattern, surface design, fabric pattern",half-drop,"Cyanotype Tidal Pool Botanical — artistic, coastal, scientific, serene seamless half-drop pattern.

The resurgence of historical photographic processes like cyanotype has captured the attention of coastal and bohemian decorators. While standard beach themes are oversaturated, a high-contrast, botani

Perfect for wallpaper, curtains.
Designed for wallpaper home decorators making statement walls and coastal living room curtains.

Keywords: 

File: PNG 4500×4500 px, 300 DPI, sRGB — ready to upload to Spoonflower.",Cyanotype Tidal Pool Botanical,63,13.2,./output/colorways/cyanotype_tidal_pool_botanical___base_20260605_1143__midnight.png
63,gothic_herbarium_nightshade_botanical___base_20260605_1143__midnight.png,midnight,Gothic Herbarium Nightshade Botanical Seamless Pattern — Midnight Dark,Floral & Botanical,"moody, gothic, academic, scientific, wallpaper, bedding, seamless pattern, repeat pattern, surface design, fabric pattern",half-drop,"Gothic Herbarium Nightshade Botanical — moody, gothic, academic, scientific seamless half-drop pattern.

The 'dark academia' and gothic home decor trends have created a strong market for moody, dark botanical prints. Spoonflower buyers are looking for wallpaper and bedding that features poisonous plants 

Perfect for wallpaper, bedding.
Designed for wallpaper home decorators making moody bedrooms and apparel sewists making gothic dresses.

Keywords: 

File: PNG 4500×4500 px, 300 DPI, sRGB — ready to upload to Spoonflower.",Gothic Herbarium Nightshade Botanical,63,11.6,./output/colorways/gothic_herbarium_nightshade_botanical___base_20260605_1143__midnight.png
63,gothic_victorian_toxic_mycology___base_20260605_1143__midnight.png,midnight,Gothic Victorian Toxic Mycology Seamless Pattern — Midnight Dark,Vintage & Retro,"scientific, gothic, natural, academic, quilting fabric, wallpaper, seamless pattern, repeat pattern, surface design, fabric pattern",half-drop,"Gothic Victorian Toxic Mycology — scientific, gothic, natural, academic seamless half-drop pattern.

The cottagecore and 'goblincore' trends have matured into a sophisticated appreciation for dark, academic scientific illustrations. While the market is flooded with generic cute cartoon mushrooms, hig

Perfect for quilting cotton, wallpaper.
Designed for quilters making autumn-themed quilts and home decorators making kitchen curtains.

Keywords: 

File: PNG 4500×4500 px, 300 DPI, sRGB — ready to upload to Spoonflower.",Gothic Victorian Toxic Mycology,63,10.9,./output/colorways/gothic_victorian_toxic_mycology___base_20260605_1143__midnight.png
63,block_print_chinoiserie_hydrangea___base_20260605_1143__rose_gold.png,rose_gold,Block Print Chinoiserie Hydrangea Seamless Pattern — Rose Gold Blush,Folk & Traditional,"romantic, nostalgic, coastal, clean, wallpaper, table linens, seamless pattern, repeat pattern, surface design, fabric pattern",half-drop,"Block Print Chinoiserie Hydrangea — romantic, nostalgic, coastal, clean seamless half-drop pattern.

Grandmillennial and coastal grandmother aesthetics continue to dominate interior design, driving search volume for classic blue-and-white motifs. On Spoonflower, there is a high demand for wallpaper a

Perfect for wallpaper, table linens.
Designed for wallpaper home decorators making statement walls and dining table linens.

Keywords: 

File: PNG 4500×4500 px, 300 DPI, sRGB — ready to upload to Spoonflower.",Block Print Chinoiserie Hydrangea,63,8.8,./output/colorways/block_print_chinoiserie_hydrangea___base_20260605_1143__rose_gold.png
63,cyanotype_tidal_pool_botanical___base_20260605_1143__rose_gold.png,rose_gold,Cyanotype Tidal Pool Botanical Seamless Pattern — Rose Gold Blush,Floral & Botanical,"artistic, coastal, scientific, serene, wallpaper, curtains, seamless pattern, repeat pattern, surface design, fabric pattern",half-drop,"Cyanotype Tidal Pool Botanical — artistic, coastal, scientific, serene seamless half-drop pattern.

The resurgence of historical photographic processes like cyanotype has captured the attention of coastal and bohemian decorators. While standard beach themes are oversaturated, a high-contrast, botani

Perfect for wallpaper, curtains.
Designed for wallpaper home decorators making statement walls and coastal living room curtains.

Keywords: 

File: PNG 4500×4500 px, 300 DPI, sRGB — ready to upload to Spoonflower.",Cyanotype Tidal Pool Botanical,63,16.9,./output/colorways/cyanotype_tidal_pool_botanical___base_20260605_1143__rose_gold.png
63,gothic_herbarium_nightshade_botanical___base_20260605_1143__rose_gold.png,rose_gold,Gothic Herbarium Nightshade Botanical Seamless Pattern — Rose Gold Blush,Floral & Botanical,"moody, gothic, academic, scientific, wallpaper, bedding, seamless pattern, repeat pattern, surface design, fabric pattern",half-drop,"Gothic Herbarium Nightshade Botanical — moody, gothic, academic, scientific seamless half-drop pattern.

The 'dark academia' and gothic home decor trends have created a strong market for moody, dark botanical prints. Spoonflower buyers are looking for wallpaper and bedding that features poisonous plants 

Perfect for wallpaper, bedding.
Designed for wallpaper home decorators making moody bedrooms and apparel sewists making gothic dresses.

Keywords: 

File: PNG 4500×4500 px, 300 DPI, sRGB — ready to upload to Spoonflower.",Gothic Herbarium Nightshade Botanical,63,14.8,./output/colorways/gothic_herbarium_nightshade_botanical___base_20260605_1143__rose_gold.png
63,gothic_victorian_toxic_mycology___base_20260605_1143__rose_gold.png,rose_gold,Gothic Victorian Toxic Mycology Seamless Pattern — Rose Gold Blush,Vintage & Retro,"scientific, gothic, natural, academic, quilting fabric, wallpaper, seamless pattern, repeat pattern, surface design, fabric pattern",half-drop,"Gothic Victorian Toxic Mycology — scientific, gothic, natural, academic seamless half-drop pattern.

The cottagecore and 'goblincore' trends have matured into a sophisticated appreciation for dark, academic scientific illustrations. While the market is flooded with generic cute cartoon mushrooms, hig

Perfect for quilting cotton, wallpaper.
Designed for quilters making autumn-themed quilts and home decorators making kitchen curtains.

Keywords: 

File: PNG 4500×4500 px, 300 DPI, sRGB — ready to upload to Spoonflower.",Gothic Victorian Toxic Mycology,63,14.1,./output/colorways/gothic_victorian_toxic_mycology___base_20260605_1143__rose_gold.png
62,1950s_scandinavian_enamelware___base_20260605_1144.png,base,1950s Scandinavian Enamelware Seamless Repeat Pattern — Fabric & Wallpaper,Vintage & Retro,"retro, playful, nostalgic, clean, quilting fabric, table linens, seamless pattern, repeat pattern, surface design, fabric pattern, wallpaper",basic,"1950s Scandinavian Enamelware — retro, playful, nostalgic, clean seamless basic pattern.

Retro kitchen aesthetics are highly popular, but generic retro clip art is oversaturated. There is a massive collector community around mid-century Scandinavian enamelware (such as Cathrineholm and Fi

Perfect for quilting cotton, table linens.
Designed for quilters making kitchen accessories and home decorators making table runners.

Keywords: 

File: PNG 4500×4500 px, 300 DPI, sRGB — ready to upload to Spoonflower.",1950s Scandinavian Enamelware,62,12.6,./output/spoonflower/1950s_scandinavian_enamelware___base_20260605_1144.png
62,cottagecore_heirloom_tomato_vine___base_20260605_1144.png,base,Cottagecore Heirloom Tomato Vine Seamless Repeat Pattern — Fabric & Wallpaper,Floral & Botanical,"rustic, botanical, organic, cozy, table linens, quilting fabric, seamless pattern, repeat pattern, surface design, fabric pattern, wallpaper",half-drop,"Cottagecore Heirloom Tomato Vine — rustic, botanical, organic, cozy seamless half-drop pattern.

The 'cottagecore' and kitchen garden movements have sparked a massive interest in home gardening and artisanal food. Spoonflower buyers are actively searching for tomato and vegetable-themed fabrics f

Perfect for table linens, quilting cotton.
Designed for quilters making kitchen accessories and home decorators making table linens.

Keywords: 

File: PNG 4500×4500 px, 300 DPI, sRGB — ready to upload to Spoonflower.",Cottagecore Heirloom Tomato Vine,62,15.2,./output/spoonflower/cottagecore_heirloom_tomato_vine___base_20260605_1144.png
62,sami_arctic_folk_fauna___base_20260605_1144.png,base,Sami Arctic Folk Fauna Seamless Repeat Pattern — Fabric & Wallpaper,Folk & Traditional,"whimsical, cozy, structured, traditional, apparel fabric, quilting fabric, seamless pattern, repeat pattern, surface design, fabric pattern, wallpaper",basic,"Sami Arctic Folk Fauna — whimsical, cozy, structured, traditional seamless basic pattern.

Folk art remains highly popular for children's apparel and nursery decor, but standard forest animals (foxes, deer) are oversaturated. Modern parents are moving toward authentic, circumpolar Sami-insp

Perfect for apparel fabric, quilting cotton.
Designed for apparel sewists making children's dresses and baby room decorators making nursery wallpaper.

Keywords: 

File: PNG 4500×4500 px, 300 DPI, sRGB — ready to upload to Spoonflower.",Sami Arctic Folk Fauna,62,15.4,./output/spoonflower/sami_arctic_folk_fauna___base_20260605_1144.png
62,urban_foraging_fungi___base_20260605_1239.png,base,Urban Foraging Fungi Seamless Repeat Pattern — Fabric & Wallpaper,Floral & Botanical,"scientific, rustic, earthy, quilting fabric, wallpaper, seamless pattern, repeat pattern, surface design, fabric pattern",basic,"Urban Foraging Fungi — scientific, rustic, earthy seamless basic pattern.

The mushroom foraging community is growing rapidly. There is a significant gap for patterns that look like authentic, scientific field guides rather than 'cute' or 'whimsical' mushroom designs.

Perfect for quilting cotton, wallpaper.
Designed for mushroom foragers and home decor decorators..

Keywords: 

File: PNG 4500×4500 px, 300 DPI, sRGB — ready to upload to Spoonflower.",Urban Foraging Fungi,62,19.5,./output/spoonflower/urban_foraging_fungi___base_20260605_1239.png
62,victorian_frog_professor_portrait___base_20260605_1854.png,base,Victorian Frog Professor Portrait Seamless Repeat Pattern — Fabric & Wallpaper,Animals & Insects,"academic, humorous, vintage, scholarly, wallpaper, seamless pattern, repeat pattern, surface design, fabric pattern",half-drop,"Victorian Frog Professor Portrait — academic, humorous, vintage, scholarly seamless half-drop pattern.

The 'Dark Academia' and 'Whimsigoth' aesthetics are driving massive engagement on TikTok and Pinterest. Anthropomorphized animal portraits in ornate frames (specifically frogs, owls, and badgers) are 

Perfect for wallpaper.
Designed for wallpaper home decorators making statement walls and study decor.

Keywords: 

File: PNG 4500×4500 px, 300 DPI, sRGB — ready to upload to Spoonflower.",Victorian Frog Professor Portrait,62,23.9,./output/spoonflower/victorian_frog_professor_portrait___base_20260605_1854.png
62,1950s_scandinavian_enamelware___base_20260605_1144__cool_ocean.png,cool_ocean,1950s Scandinavian Enamelware Seamless Pattern — Blue Ocean,Vintage & Retro,"retro, playful, nostalgic, clean, quilting fabric, table linens, seamless pattern, repeat pattern, surface design, fabric pattern, wallpaper",basic,"1950s Scandinavian Enamelware — retro, playful, nostalgic, clean seamless basic pattern.

Retro kitchen aesthetics are highly popular, but generic retro clip art is oversaturated. There is a massive collector community around mid-century Scandinavian enamelware (such as Cathrineholm and Fi

Perfect for quilting cotton, table linens.
Designed for quilters making kitchen accessories and home decorators making table runners.

Keywords: 

File: PNG 4500×4500 px, 300 DPI, sRGB — ready to upload to Spoonflower.",1950s Scandinavian Enamelware,62,3.7,./output/colorways/1950s_scandinavian_enamelware___base_20260605_1144__cool_ocean.png
62,cottagecore_heirloom_tomato_vine___base_20260605_1144__cool_ocean.png,cool_ocean,Cottagecore Heirloom Tomato Vine Seamless Pattern — Blue Ocean,Floral & Botanical,"rustic, botanical, organic, cozy, table linens, quilting fabric, seamless pattern, repeat pattern, surface design, fabric pattern, wallpaper",half-drop,"Cottagecore Heirloom Tomato Vine — rustic, botanical, organic, cozy seamless half-drop pattern.

The 'cottagecore' and kitchen garden movements have sparked a massive interest in home gardening and artisanal food. Spoonflower buyers are actively searching for tomato and vegetable-themed fabrics f

Perfect for table linens, quilting cotton.
Designed for quilters making kitchen accessories and home decorators making table linens.

Keywords: 

File: PNG 4500×4500 px, 300 DPI, sRGB — ready to upload to Spoonflower.",Cottagecore Heirloom Tomato Vine,62,8.6,./output/colorways/cottagecore_heirloom_tomato_vine___base_20260605_1144__cool_ocean.png
62,sami_arctic_folk_fauna___base_20260605_1144__cool_ocean.png,cool_ocean,Sami Arctic Folk Fauna Seamless Pattern — Blue Ocean,Folk & Traditional,"whimsical, cozy, structured, traditional, apparel fabric, quilting fabric, seamless pattern, repeat pattern, surface design, fabric pattern, wallpaper",basic,"Sami Arctic Folk Fauna — whimsical, cozy, structured, traditional seamless basic pattern.

Folk art remains highly popular for children's apparel and nursery decor, but standard forest animals (foxes, deer) are oversaturated. Modern parents are moving toward authentic, circumpolar Sami-insp

Perfect for apparel fabric, quilting cotton.
Designed for apparel sewists making children's dresses and baby room decorators making nursery wallpaper.

Keywords: 

File: PNG 4500×4500 px, 300 DPI, sRGB — ready to upload to Spoonflower.",Sami Arctic Folk Fauna,62,6.5,./output/colorways/sami_arctic_folk_fauna___base_20260605_1144__cool_ocean.png
62,urban_foraging_fungi___base_20260605_1239__cool_ocean.png,cool_ocean,Urban Foraging Fungi Seamless Pattern — Blue Ocean,Floral & Botanical,"scientific, rustic, earthy, quilting fabric, wallpaper, seamless pattern, repeat pattern, surface design, fabric pattern",basic,"Urban Foraging Fungi — scientific, rustic, earthy seamless basic pattern.

The mushroom foraging community is growing rapidly. There is a significant gap for patterns that look like authentic, scientific field guides rather than 'cute' or 'whimsical' mushroom designs.

Perfect for quilting cotton, wallpaper.
Designed for mushroom foragers and home decor decorators..

Keywords: 

File: PNG 4500×4500 px, 300 DPI, sRGB — ready to upload to Spoonflower.",Urban Foraging Fungi,62,12.1,./output/colorways/urban_foraging_fungi___base_20260605_1239__cool_ocean.png
62,1950s_scandinavian_enamelware___base_20260605_1144__earth_autumn.png,earth_autumn,1950s Scandinavian Enamelware Seamless Pattern — Earth Tones,Vintage & Retro,"retro, playful, nostalgic, clean, quilting fabric, table linens, seamless pattern, repeat pattern, surface design, fabric pattern, wallpaper",basic,"1950s Scandinavian Enamelware — retro, playful, nostalgic, clean seamless basic pattern.

Retro kitchen aesthetics are highly popular, but generic retro clip art is oversaturated. There is a massive collector community around mid-century Scandinavian enamelware (such as Cathrineholm and Fi

Perfect for quilting cotton, table linens.
Designed for quilters making kitchen accessories and home decorators making table runners.

Keywords: 

File: PNG 4500×4500 px, 300 DPI, sRGB — ready to upload to Spoonflower.",1950s Scandinavian Enamelware,62,3.5,./output/colorways/1950s_scandinavian_enamelware___base_20260605_1144__earth_autumn.png
62,cottagecore_heirloom_tomato_vine___base_20260605_1144__earth_autumn.png,earth_autumn,Cottagecore Heirloom Tomato Vine Seamless Pattern — Earth Tones,Floral & Botanical,"rustic, botanical, organic, cozy, table linens, quilting fabric, seamless pattern, repeat pattern, surface design, fabric pattern, wallpaper",half-drop,"Cottagecore Heirloom Tomato Vine — rustic, botanical, organic, cozy seamless half-drop pattern.

The 'cottagecore' and kitchen garden movements have sparked a massive interest in home gardening and artisanal food. Spoonflower buyers are actively searching for tomato and vegetable-themed fabrics f

Perfect for table linens, quilting cotton.
Designed for quilters making kitchen accessories and home decorators making table linens.

Keywords: 

File: PNG 4500×4500 px, 300 DPI, sRGB — ready to upload to Spoonflower.",Cottagecore Heirloom Tomato Vine,62,8.3,./output/colorways/cottagecore_heirloom_tomato_vine___base_20260605_1144__earth_autumn.png
62,sami_arctic_folk_fauna___base_20260605_1144__earth_autumn.png,earth_autumn,Sami Arctic Folk Fauna Seamless Pattern — Earth Tones,Folk & Traditional,"whimsical, cozy, structured, traditional, apparel fabric, quilting fabric, seamless pattern, repeat pattern, surface design, fabric pattern, wallpaper",basic,"Sami Arctic Folk Fauna — whimsical, cozy, structured, traditional seamless basic pattern.

Folk art remains highly popular for children's apparel and nursery decor, but standard forest animals (foxes, deer) are oversaturated. Modern parents are moving toward authentic, circumpolar Sami-insp

Perfect for apparel fabric, quilting cotton.
Designed for apparel sewists making children's dresses and baby room decorators making nursery wallpaper.

Keywords: 

File: PNG 4500×4500 px, 300 DPI, sRGB — ready to upload to Spoonflower.",Sami Arctic Folk Fauna,62,6.4,./output/colorways/sami_arctic_folk_fauna___base_20260605_1144__earth_autumn.png
62,urban_foraging_fungi___base_20260605_1239__earth_autumn.png,earth_autumn,Urban Foraging Fungi Seamless Pattern — Earth Tones,Floral & Botanical,"scientific, rustic, earthy, quilting fabric, wallpaper, seamless pattern, repeat pattern, surface design, fabric pattern",basic,"Urban Foraging Fungi — scientific, rustic, earthy seamless basic pattern.

The mushroom foraging community is growing rapidly. There is a significant gap for patterns that look like authentic, scientific field guides rather than 'cute' or 'whimsical' mushroom designs.

Perfect for quilting cotton, wallpaper.
Designed for mushroom foragers and home decor decorators..

Keywords: 

File: PNG 4500×4500 px, 300 DPI, sRGB — ready to upload to Spoonflower.",Urban Foraging Fungi,62,11.8,./output/colorways/urban_foraging_fungi___base_20260605_1239__earth_autumn.png
62,1950s_scandinavian_enamelware___base_20260605_1144__midnight.png,midnight,1950s Scandinavian Enamelware Seamless Pattern — Midnight Dark,Vintage & Retro,"retro, playful, nostalgic, clean, quilting fabric, table linens, seamless pattern, repeat pattern, surface design, fabric pattern, wallpaper",basic,"1950s Scandinavian Enamelware — retro, playful, nostalgic, clean seamless basic pattern.

Retro kitchen aesthetics are highly popular, but generic retro clip art is oversaturated. There is a massive collector community around mid-century Scandinavian enamelware (such as Cathrineholm and Fi

Perfect for quilting cotton, table linens.
Designed for quilters making kitchen accessories and home decorators making table runners.

Keywords: 

File: PNG 4500×4500 px, 300 DPI, sRGB — ready to upload to Spoonflower.",1950s Scandinavian Enamelware,62,2.9,./output/colorways/1950s_scandinavian_enamelware___base_20260605_1144__midnight.png
62,cottagecore_heirloom_tomato_vine___base_20260605_1144__midnight.png,midnight,Cottagecore Heirloom Tomato Vine Seamless Pattern — Midnight Dark,Floral & Botanical,"rustic, botanical, organic, cozy, table linens, quilting fabric, seamless pattern, repeat pattern, surface design, fabric pattern, wallpaper",half-drop,"Cottagecore Heirloom Tomato Vine — rustic, botanical, organic, cozy seamless half-drop pattern.

The 'cottagecore' and kitchen garden movements have sparked a massive interest in home gardening and artisanal food. Spoonflower buyers are actively searching for tomato and vegetable-themed fabrics f

Perfect for table linens, quilting cotton.
Designed for quilters making kitchen accessories and home decorators making table linens.

Keywords: 

File: PNG 4500×4500 px, 300 DPI, sRGB — ready to upload to Spoonflower.",Cottagecore Heirloom Tomato Vine,62,6.7,./output/colorways/cottagecore_heirloom_tomato_vine___base_20260605_1144__midnight.png
62,sami_arctic_folk_fauna___base_20260605_1144__midnight.png,midnight,Sami Arctic Folk Fauna Seamless Pattern — Midnight Dark,Folk & Traditional,"whimsical, cozy, structured, traditional, apparel fabric, quilting fabric, seamless pattern, repeat pattern, surface design, fabric pattern, wallpaper",basic,"Sami Arctic Folk Fauna — whimsical, cozy, structured, traditional seamless basic pattern.

Folk art remains highly popular for children's apparel and nursery decor, but standard forest animals (foxes, deer) are oversaturated. Modern parents are moving toward authentic, circumpolar Sami-insp

Perfect for apparel fabric, quilting cotton.
Designed for apparel sewists making children's dresses and baby room decorators making nursery wallpaper.

Keywords: 

File: PNG 4500×4500 px, 300 DPI, sRGB — ready to upload to Spoonflower.",Sami Arctic Folk Fauna,62,5.1,./output/colorways/sami_arctic_folk_fauna___base_20260605_1144__midnight.png
62,urban_foraging_fungi___base_20260605_1239__midnight.png,midnight,Urban Foraging Fungi Seamless Pattern — Midnight Dark,Floral & Botanical,"scientific, rustic, earthy, quilting fabric, wallpaper, seamless pattern, repeat pattern, surface design, fabric pattern",basic,"Urban Foraging Fungi — scientific, rustic, earthy seamless basic pattern.

The mushroom foraging community is growing rapidly. There is a significant gap for patterns that look like authentic, scientific field guides rather than 'cute' or 'whimsical' mushroom designs.

Perfect for quilting cotton, wallpaper.
Designed for mushroom foragers and home decor decorators..

Keywords: 

File: PNG 4500×4500 px, 300 DPI, sRGB — ready to upload to Spoonflower.",Urban Foraging Fungi,62,9.8,./output/colorways/urban_foraging_fungi___base_20260605_1239__midnight.png
62,1950s_scandinavian_enamelware___base_20260605_1144__rose_gold.png,rose_gold,1950s Scandinavian Enamelware Seamless Pattern — Rose Gold Blush,Vintage & Retro,"retro, playful, nostalgic, clean, quilting fabric, table linens, seamless pattern, repeat pattern, surface design, fabric pattern, wallpaper",basic,"1950s Scandinavian Enamelware — retro, playful, nostalgic, clean seamless basic pattern.

Retro kitchen aesthetics are highly popular, but generic retro clip art is oversaturated. There is a massive collector community around mid-century Scandinavian enamelware (such as Cathrineholm and Fi

Perfect for quilting cotton, table linens.
Designed for quilters making kitchen accessories and home decorators making table runners.

Keywords: 

File: PNG 4500×4500 px, 300 DPI, sRGB — ready to upload to Spoonflower.",1950s Scandinavian Enamelware,62,3.7,./output/colorways/1950s_scandinavian_enamelware___base_20260605_1144__rose_gold.png
62,cottagecore_heirloom_tomato_vine___base_20260605_1144__rose_gold.png,rose_gold,Cottagecore Heirloom Tomato Vine Seamless Pattern — Rose Gold Blush,Floral & Botanical,"rustic, botanical, organic, cozy, table linens, quilting fabric, seamless pattern, repeat pattern, surface design, fabric pattern, wallpaper",half-drop,"Cottagecore Heirloom Tomato Vine — rustic, botanical, organic, cozy seamless half-drop pattern.

The 'cottagecore' and kitchen garden movements have sparked a massive interest in home gardening and artisanal food. Spoonflower buyers are actively searching for tomato and vegetable-themed fabrics f

Perfect for table linens, quilting cotton.
Designed for quilters making kitchen accessories and home decorators making table linens.

Keywords: 

File: PNG 4500×4500 px, 300 DPI, sRGB — ready to upload to Spoonflower.",Cottagecore Heirloom Tomato Vine,62,8.7,./output/colorways/cottagecore_heirloom_tomato_vine___base_20260605_1144__rose_gold.png
62,sami_arctic_folk_fauna___base_20260605_1144__rose_gold.png,rose_gold,Sami Arctic Folk Fauna Seamless Pattern — Rose Gold Blush,Folk & Traditional,"whimsical, cozy, structured, traditional, apparel fabric, quilting fabric, seamless pattern, repeat pattern, surface design, fabric pattern, wallpaper",basic,"Sami Arctic Folk Fauna — whimsical, cozy, structured, traditional seamless basic pattern.

Folk art remains highly popular for children's apparel and nursery decor, but standard forest animals (foxes, deer) are oversaturated. Modern parents are moving toward authentic, circumpolar Sami-insp

Perfect for apparel fabric, quilting cotton.
Designed for apparel sewists making children's dresses and baby room decorators making nursery wallpaper.

Keywords: 

File: PNG 4500×4500 px, 300 DPI, sRGB — ready to upload to Spoonflower.",Sami Arctic Folk Fauna,62,6.7,./output/colorways/sami_arctic_folk_fauna___base_20260605_1144__rose_gold.png
62,urban_foraging_fungi___base_20260605_1239__rose_gold.png,rose_gold,Urban Foraging Fungi Seamless Pattern — Rose Gold Blush,Floral & Botanical,"scientific, rustic, earthy, quilting fabric, wallpaper, seamless pattern, repeat pattern, surface design, fabric pattern",basic,"Urban Foraging Fungi — scientific, rustic, earthy seamless basic pattern.

The mushroom foraging community is growing rapidly. There is a significant gap for patterns that look like authentic, scientific field guides rather than 'cute' or 'whimsical' mushroom designs.

Perfect for quilting cotton, wallpaper.
Designed for mushroom foragers and home decor decorators..

Keywords: 

File: PNG 4500×4500 px, 300 DPI, sRGB — ready to upload to Spoonflower.",Urban Foraging Fungi,62,12.4,./output/colorways/urban_foraging_fungi___base_20260605_1239__rose_gold.png
61,aquarium_plantscape___base_20260605_1239.png,base,Aquarium Plantscape Seamless Repeat Pattern — Fabric & Wallpaper,Floral & Botanical,"botanical, lush, aquatic, wallpaper, quilting fabric, seamless pattern, repeat pattern, surface design, fabric pattern",basic,"Aquarium Plantscape — botanical, lush, aquatic seamless basic pattern.

The aquascaping community is highly visual and obsessed with specific aquatic plant species (Anubias, Bucephalandra). There is a massive gap for high-quality, botanical-style fabric patterns that appe

Perfect for wallpaper, quilting cotton.
Designed for aquarium hobbyists and home decor enthusiasts..

Keywords: 

File: PNG 4500×4500 px, 300 DPI, sRGB — ready to upload to Spoonflower.",Aquarium Plantscape,61,23.6,./output/spoonflower/aquarium_plantscape___base_20260605_1239.png
61,art_deco_astronomical_astrolabe___base_20260605_1144.png,base,Art Deco Astronomical Astrolabe Seamless Repeat Pattern — Fabric & Wallpaper,Geometric,"elegant, celestial, geometric, architectural, wallpaper, bedding, seamless pattern, repeat pattern, surface design, fabric pattern",brick,"Art Deco Astronomical Astrolabe — elegant, celestial, geometric, architectural seamless brick pattern.

Celestial motifs are a staple in nursery and home decor, but the market is oversaturated with basic boho suns and moons. A sophisticated 1920s Art Deco geometric approach focusing on historical astron

Perfect for wallpaper, bedding.
Designed for nursery and baby room decorators making modern crib sheets and wallpaper.

Keywords: 

File: PNG 4500×4500 px, 300 DPI, sRGB — ready to upload to Spoonflower.",Art Deco Astronomical Astrolabe,61,18.6,./output/spoonflower/art_deco_astronomical_astrolabe___base_20260605_1144.png
61,edo_woodblock_tea_garden___base_20260605_1145.png,base,Edo Woodblock Tea Garden Seamless Repeat Pattern — Fabric & Wallpaper,Floral & Botanical,"serene, traditional, natural, elegant, wallpaper, apparel fabric, seamless pattern, repeat pattern, surface design, fabric pattern",half-drop,"Edo Woodblock Tea Garden — serene, traditional, natural, elegant seamless half-drop pattern.

Japandi design remains a major force, driving demand for serene, nature-inspired patterns. While standard koi ponds are common, a highly specific focus on the traditional Japanese tea ceremony—featuri

Perfect for wallpaper, apparel fabric.
Designed for wallpaper home decorators making serene bedrooms and apparel sewists making robes.

Keywords: 

File: PNG 4500×4500 px, 300 DPI, sRGB — ready to upload to Spoonflower.",Edo Woodblock Tea Garden,61,19.8,./output/spoonflower/edo_woodblock_tea_garden___base_20260605_1145.png
61,victorian_ink_bottle_stationery___base_20260605_1144.png,base,Victorian Ink Bottle Stationery Seamless Repeat Pattern — Fabric & Wallpaper,Vintage & Retro,"academic, nostalgic, scientific, literary, quilting fabric, wallpaper, seamless pattern, repeat pattern, surface design, fabric pattern",half-drop,"Victorian Ink Bottle Stationery — academic, nostalgic, scientific, literary seamless half-drop pattern.

The fountain pen and stationery community is highly passionate, with active subreddits like r/fountainpens showing users constantly searching for custom pen wraps, cases, and desk mats. There is a doc

Perfect for quilting cotton, wallpaper.
Designed for quilters making pen wraps and home decorators making desk mats.

Keywords: 

File: PNG 4500×4500 px, 300 DPI, sRGB — ready to upload to Spoonflower.",Victorian Ink Bottle Stationery,61,15.7,./output/spoonflower/victorian_ink_bottle_stationery___base_20260605_1144.png
61,aquarium_plantscape___base_20260605_1239__cool_ocean.png,cool_ocean,Aquarium Plantscape Seamless Pattern — Blue Ocean,Floral & Botanical,"botanical, lush, aquatic, wallpaper, quilting fabric, seamless pattern, repeat pattern, surface design, fabric pattern",basic,"Aquarium Plantscape — botanical, lush, aquatic seamless basic pattern.

The aquascaping community is highly visual and obsessed with specific aquatic plant species (Anubias, Bucephalandra). There is a massive gap for high-quality, botanical-style fabric patterns that appe

Perfect for wallpaper, quilting cotton.
Designed for aquarium hobbyists and home decor enthusiasts..

Keywords: 

File: PNG 4500×4500 px, 300 DPI, sRGB — ready to upload to Spoonflower.",Aquarium Plantscape,61,17.9,./output/colorways/aquarium_plantscape___base_20260605_1239__cool_ocean.png
61,art_deco_astronomical_astrolabe___base_20260605_1144__cool_ocean.png,cool_ocean,Art Deco Astronomical Astrolabe Seamless Pattern — Blue Ocean,Geometric,"elegant, celestial, geometric, architectural, wallpaper, bedding, seamless pattern, repeat pattern, surface design, fabric pattern",brick,"Art Deco Astronomical Astrolabe — elegant, celestial, geometric, architectural seamless brick pattern.

Celestial motifs are a staple in nursery and home decor, but the market is oversaturated with basic boho suns and moons. A sophisticated 1920s Art Deco geometric approach focusing on historical astron

Perfect for wallpaper, bedding.
Designed for nursery and baby room decorators making modern crib sheets and wallpaper.

Keywords: 

File: PNG 4500×4500 px, 300 DPI, sRGB — ready to upload to Spoonflower.",Art Deco Astronomical Astrolabe,61,11.6,./output/colorways/art_deco_astronomical_astrolabe___base_20260605_1144__cool_ocean.png
61,edo_woodblock_tea_garden___base_20260605_1145__cool_ocean.png,cool_ocean,Edo Woodblock Tea Garden Seamless Pattern — Blue Ocean,Floral & Botanical,"serene, traditional, natural, elegant, wallpaper, apparel fabric, seamless pattern, repeat pattern, surface design, fabric pattern",half-drop,"Edo Woodblock Tea Garden — serene, traditional, natural, elegant seamless half-drop pattern.

Japandi design remains a major force, driving demand for serene, nature-inspired patterns. While standard koi ponds are common, a highly specific focus on the traditional Japanese tea ceremony—featuri

Perfect for wallpaper, apparel fabric.
Designed for wallpaper home decorators making serene bedrooms and apparel sewists making robes.

Keywords: 

File: PNG 4500×4500 px, 300 DPI, sRGB — ready to upload to Spoonflower.",Edo Woodblock Tea Garden,61,14.7,./output/colorways/edo_woodblock_tea_garden___base_20260605_1145__cool_ocean.png
61,victorian_ink_bottle_stationery___base_20260605_1144__cool_ocean.png,cool_ocean,Victorian Ink Bottle Stationery Seamless Pattern — Blue Ocean,Vintage & Retro,"academic, nostalgic, scientific, literary, quilting fabric, wallpaper, seamless pattern, repeat pattern, surface design, fabric pattern",half-drop,"Victorian Ink Bottle Stationery — academic, nostalgic, scientific, literary seamless half-drop pattern.

The fountain pen and stationery community is highly passionate, with active subreddits like r/fountainpens showing users constantly searching for custom pen wraps, cases, and desk mats. There is a doc

Perfect for quilting cotton, wallpaper.
Designed for quilters making pen wraps and home decorators making desk mats.

Keywords: 

File: PNG 4500×4500 px, 300 DPI, sRGB — ready to upload to Spoonflower.",Victorian Ink Bottle Stationery,61,8.2,./output/colorways/victorian_ink_bottle_stationery___base_20260605_1144__cool_ocean.png
61,aquarium_plantscape___base_20260605_1239__earth_autumn.png,earth_autumn,Aquarium Plantscape Seamless Pattern — Earth Tones,Floral & Botanical,"botanical, lush, aquatic, wallpaper, quilting fabric, seamless pattern, repeat pattern, surface design, fabric pattern",basic,"Aquarium Plantscape — botanical, lush, aquatic seamless basic pattern.

The aquascaping community is highly visual and obsessed with specific aquatic plant species (Anubias, Bucephalandra). There is a massive gap for high-quality, botanical-style fabric patterns that appe

Perfect for wallpaper, quilting cotton.
Designed for aquarium hobbyists and home decor enthusiasts..

Keywords: 

File: PNG 4500×4500 px, 300 DPI, sRGB — ready to upload to Spoonflower.",Aquarium Plantscape,61,17.7,./output/colorways/aquarium_plantscape___base_20260605_1239__earth_autumn.png
61,art_deco_astronomical_astrolabe___base_20260605_1144__earth_autumn.png,earth_autumn,Art Deco Astronomical Astrolabe Seamless Pattern — Earth Tones,Geometric,"elegant, celestial, geometric, architectural, wallpaper, bedding, seamless pattern, repeat pattern, surface design, fabric pattern",brick,"Art Deco Astronomical Astrolabe — elegant, celestial, geometric, architectural seamless brick pattern.

Celestial motifs are a staple in nursery and home decor, but the market is oversaturated with basic boho suns and moons. A sophisticated 1920s Art Deco geometric approach focusing on historical astron

Perfect for wallpaper, bedding.
Designed for nursery and baby room decorators making modern crib sheets and wallpaper.

Keywords: 

File: PNG 4500×4500 px, 300 DPI, sRGB — ready to upload to Spoonflower.",Art Deco Astronomical Astrolabe,61,11.4,./output/colorways/art_deco_astronomical_astrolabe___base_20260605_1144__earth_autumn.png
61,edo_woodblock_tea_garden___base_20260605_1145__earth_autumn.png,earth_autumn,Edo Woodblock Tea Garden Seamless Pattern — Earth Tones,Floral & Botanical,"serene, traditional, natural, elegant, wallpaper, apparel fabric, seamless pattern, repeat pattern, surface design, fabric pattern",half-drop,"Edo Woodblock Tea Garden — serene, traditional, natural, elegant seamless half-drop pattern.

Japandi design remains a major force, driving demand for serene, nature-inspired patterns. While standard koi ponds are common, a highly specific focus on the traditional Japanese tea ceremony—featuri

Perfect for wallpaper, apparel fabric.
Designed for wallpaper home decorators making serene bedrooms and apparel sewists making robes.

Keywords: 

File: PNG 4500×4500 px, 300 DPI, sRGB — ready to upload to Spoonflower.",Edo Woodblock Tea Garden,61,14.4,./output/colorways/edo_woodblock_tea_garden___base_20260605_1145__earth_autumn.png
61,victorian_ink_bottle_stationery___base_20260605_1144__earth_autumn.png,earth_autumn,Victorian Ink Bottle Stationery Seamless Pattern — Earth Tones,Vintage & Retro,"academic, nostalgic, scientific, literary, quilting fabric, wallpaper, seamless pattern, repeat pattern, surface design, fabric pattern",half-drop,"Victorian Ink Bottle Stationery — academic, nostalgic, scientific, literary seamless half-drop pattern.

The fountain pen and stationery community is highly passionate, with active subreddits like r/fountainpens showing users constantly searching for custom pen wraps, cases, and desk mats. There is a doc

Perfect for quilting cotton, wallpaper.
Designed for quilters making pen wraps and home decorators making desk mats.

Keywords: 

File: PNG 4500×4500 px, 300 DPI, sRGB — ready to upload to Spoonflower.",Victorian Ink Bottle Stationery,61,7.9,./output/colorways/victorian_ink_bottle_stationery___base_20260605_1144__earth_autumn.png
61,aquarium_plantscape___base_20260605_1239__midnight.png,midnight,Aquarium Plantscape Seamless Pattern — Midnight Dark,Floral & Botanical,"botanical, lush, aquatic, wallpaper, quilting fabric, seamless pattern, repeat pattern, surface design, fabric pattern",basic,"Aquarium Plantscape — botanical, lush, aquatic seamless basic pattern.

The aquascaping community is highly visual and obsessed with specific aquatic plant species (Anubias, Bucephalandra). There is a massive gap for high-quality, botanical-style fabric patterns that appe

Perfect for wallpaper, quilting cotton.
Designed for aquarium hobbyists and home decor enthusiasts..

Keywords: 

File: PNG 4500×4500 px, 300 DPI, sRGB — ready to upload to Spoonflower.",Aquarium Plantscape,61,14.5,./output/colorways/aquarium_plantscape___base_20260605_1239__midnight.png
61,art_deco_astronomical_astrolabe___base_20260605_1144__midnight.png,midnight,Art Deco Astronomical Astrolabe Seamless Pattern — Midnight Dark,Geometric,"elegant, celestial, geometric, architectural, wallpaper, bedding, seamless pattern, repeat pattern, surface design, fabric pattern",brick,"Art Deco Astronomical Astrolabe — elegant, celestial, geometric, architectural seamless brick pattern.

Celestial motifs are a staple in nursery and home decor, but the market is oversaturated with basic boho suns and moons. A sophisticated 1920s Art Deco geometric approach focusing on historical astron

Perfect for wallpaper, bedding.
Designed for nursery and baby room decorators making modern crib sheets and wallpaper.

Keywords: 

File: PNG 4500×4500 px, 300 DPI, sRGB — ready to upload to Spoonflower.",Art Deco Astronomical Astrolabe,61,9.2,./output/colorways/art_deco_astronomical_astrolabe___base_20260605_1144__midnight.png
61,edo_woodblock_tea_garden___base_20260605_1145__midnight.png,midnight,Edo Woodblock Tea Garden Seamless Pattern — Midnight Dark,Floral & Botanical,"serene, traditional, natural, elegant, wallpaper, apparel fabric, seamless pattern, repeat pattern, surface design, fabric pattern",half-drop,"Edo Woodblock Tea Garden — serene, traditional, natural, elegant seamless half-drop pattern.

Japandi design remains a major force, driving demand for serene, nature-inspired patterns. While standard koi ponds are common, a highly specific focus on the traditional Japanese tea ceremony—featuri

Perfect for wallpaper, apparel fabric.
Designed for wallpaper home decorators making serene bedrooms and apparel sewists making robes.

Keywords: 

File: PNG 4500×4500 px, 300 DPI, sRGB — ready to upload to Spoonflower.",Edo Woodblock Tea Garden,61,11.6,./output/colorways/edo_woodblock_tea_garden___base_20260605_1145__midnight.png
61,victorian_ink_bottle_stationery___base_20260605_1144__midnight.png,midnight,Victorian Ink Bottle Stationery Seamless Pattern — Midnight Dark,Vintage & Retro,"academic, nostalgic, scientific, literary, quilting fabric, wallpaper, seamless pattern, repeat pattern, surface design, fabric pattern",half-drop,"Victorian Ink Bottle Stationery — academic, nostalgic, scientific, literary seamless half-drop pattern.

The fountain pen and stationery community is highly passionate, with active subreddits like r/fountainpens showing users constantly searching for custom pen wraps, cases, and desk mats. There is a doc

Perfect for quilting cotton, wallpaper.
Designed for quilters making pen wraps and home decorators making desk mats.

Keywords: 

File: PNG 4500×4500 px, 300 DPI, sRGB — ready to upload to Spoonflower.",Victorian Ink Bottle Stationery,61,6.6,./output/colorways/victorian_ink_bottle_stationery___base_20260605_1144__midnight.png
61,aquarium_plantscape___base_20260605_1239__rose_gold.png,rose_gold,Aquarium Plantscape Seamless Pattern — Rose Gold Blush,Floral & Botanical,"botanical, lush, aquatic, wallpaper, quilting fabric, seamless pattern, repeat pattern, surface design, fabric pattern",basic,"Aquarium Plantscape — botanical, lush, aquatic seamless basic pattern.

The aquascaping community is highly visual and obsessed with specific aquatic plant species (Anubias, Bucephalandra). There is a massive gap for high-quality, botanical-style fabric patterns that appe

Perfect for wallpaper, quilting cotton.
Designed for aquarium hobbyists and home decor enthusiasts..

Keywords: 

File: PNG 4500×4500 px, 300 DPI, sRGB — ready to upload to Spoonflower.",Aquarium Plantscape,61,18.4,./output/colorways/aquarium_plantscape___base_20260605_1239__rose_gold.png
61,art_deco_astronomical_astrolabe___base_20260605_1144__rose_gold.png,rose_gold,Art Deco Astronomical Astrolabe Seamless Pattern — Rose Gold Blush,Geometric,"elegant, celestial, geometric, architectural, wallpaper, bedding, seamless pattern, repeat pattern, surface design, fabric pattern",brick,"Art Deco Astronomical Astrolabe — elegant, celestial, geometric, architectural seamless brick pattern.

Celestial motifs are a staple in nursery and home decor, but the market is oversaturated with basic boho suns and moons. A sophisticated 1920s Art Deco geometric approach focusing on historical astron

Perfect for wallpaper, bedding.
Designed for nursery and baby room decorators making modern crib sheets and wallpaper.

Keywords: 

File: PNG 4500×4500 px, 300 DPI, sRGB — ready to upload to Spoonflower.",Art Deco Astronomical Astrolabe,61,12.0,./output/colorways/art_deco_astronomical_astrolabe___base_20260605_1144__rose_gold.png
61,edo_woodblock_tea_garden___base_20260605_1145__rose_gold.png,rose_gold,Edo Woodblock Tea Garden Seamless Pattern — Rose Gold Blush,Floral & Botanical,"serene, traditional, natural, elegant, wallpaper, apparel fabric, seamless pattern, repeat pattern, surface design, fabric pattern",half-drop,"Edo Woodblock Tea Garden — serene, traditional, natural, elegant seamless half-drop pattern.

Japandi design remains a major force, driving demand for serene, nature-inspired patterns. While standard koi ponds are common, a highly specific focus on the traditional Japanese tea ceremony—featuri

Perfect for wallpaper, apparel fabric.
Designed for wallpaper home decorators making serene bedrooms and apparel sewists making robes.

Keywords: 

File: PNG 4500×4500 px, 300 DPI, sRGB — ready to upload to Spoonflower.",Edo Woodblock Tea Garden,61,14.8,./output/colorways/edo_woodblock_tea_garden___base_20260605_1145__rose_gold.png
61,victorian_ink_bottle_stationery___base_20260605_1144__rose_gold.png,rose_gold,Victorian Ink Bottle Stationery Seamless Pattern — Rose Gold Blush,Vintage & Retro,"academic, nostalgic, scientific, literary, quilting fabric, wallpaper, seamless pattern, repeat pattern, surface design, fabric pattern",half-drop,"Victorian Ink Bottle Stationery — academic, nostalgic, scientific, literary seamless half-drop pattern.

The fountain pen and stationery community is highly passionate, with active subreddits like r/fountainpens showing users constantly searching for custom pen wraps, cases, and desk mats. There is a doc

Perfect for quilting cotton, wallpaper.
Designed for quilters making pen wraps and home decorators making desk mats.

Keywords: 

File: PNG 4500×4500 px, 300 DPI, sRGB — ready to upload to Spoonflower.",Victorian Ink Bottle Stationery,61,8.3,./output/colorways/victorian_ink_bottle_stationery___base_20260605_1144__rose_gold.png
60,art_deco_fan_mosaic___base_20260605_1240.png,base,Art Deco Fan Mosaic Seamless Repeat Pattern — Fabric & Wallpaper,Animals & Insects,"luxurious, geometric, sophisticated, wallpaper, apparel fabric, seamless pattern, repeat pattern, surface design, fabric pattern",half-drop,"Art Deco Fan Mosaic — luxurious, geometric, sophisticated seamless half-drop pattern.

Art Deco is a perennial favorite, but current market trends favor 'maximalist geometric' wallpaper. A dense, interlocking fan pattern in modern, non-traditional colors (like sage and terracotta) is hi

Perfect for wallpaper, apparel fabric.
Designed for wallpaper home decorators and apparel sewists making structured evening wear..

Keywords: 

File: PNG 4500×4500 px, 300 DPI, sRGB — ready to upload to Spoonflower.",Art Deco Fan Mosaic,60,29.2,./output/spoonflower/art_deco_fan_mosaic___base_20260605_1240.png
60,art_deco_tiger_tile___base_20260605_1955.png,base,Art Deco Tiger Tile Seamless Repeat Pattern — Fabric & Wallpaper,Animals & Insects,"luxurious, sophisticated, geometric, opulent, wallpaper, apparel fabric, seamless pattern, repeat pattern, surface design, fabric pattern",mirror,"Art Deco Tiger Tile — luxurious, sophisticated, geometric, opulent seamless mirror pattern.

Bold, statement animal prints are highly popular for modern apparel and accent wallpapers. A symmetrical tiger face framed by geometric Art Deco sunburst lines offers a powerful, high-contrast design 

Perfect for wallpaper, apparel fabric.
Designed for apparel sewists making statement jackets, and wallpaper decorators.

Keywords: 

File: PNG 4500×4500 px, 300 DPI, sRGB — ready to upload to Spoonflower.",Art Deco Tiger Tile,60,4.9,./output/spoonflower/art_deco_tiger_tile___base_20260605_1955.png
60,art_nouveau_greenhouse_passiflora___base_20260605_1145.png,base,Art Nouveau Greenhouse Passiflora Seamless Repeat Pattern — Fabric & Wallpaper,Vintage & Retro,"elegant, organic, luxurious, flowing, wallpaper, apparel fabric, seamless pattern, repeat pattern, surface design, fabric pattern",basic,"Art Nouveau Greenhouse Passiflora — elegant, organic, luxurious, flowing seamless basic pattern.

Art Nouveau's organic, flowing curves are seeing a major resurgence in luxury wallpaper and apparel design. While dragonflies and water lilies are common, the intricate, exotic structure of the passio

Perfect for wallpaper, apparel fabric.
Designed for wallpaper home decorators making statement walls and apparel sewists making elegant dresses.

Keywords: 

File: PNG 4500×4500 px, 300 DPI, sRGB — ready to upload to Spoonflower.",Art Nouveau Greenhouse Passiflora,60,18.8,./output/spoonflower/art_nouveau_greenhouse_passiflora___base_20260605_1145.png
60,artisanal_sourdough_scoring_folk___base_20260605_1145.png,base,Artisanal Sourdough Scoring Folk Seamless Repeat Pattern — Fabric & Wallpaper,Food & Drink,"cozy, artisanal, rustic, structured, table linens, quilting fabric, seamless pattern, repeat pattern, surface design, fabric pattern, wallpaper",basic,"Artisanal Sourdough Scoring Folk — cozy, artisanal, rustic, structured seamless basic pattern.

The home baking and sourdough movement has a massive, dedicated community on Reddit (r/sourdough) and Instagram. Enthusiasts love custom kitchen textiles like aprons, proofing cloth covers, and bread 

Perfect for table linens, quilting cotton.
Designed for quilters making kitchen accessories and home decorators making custom aprons.

Keywords: 

File: PNG 4500×4500 px, 300 DPI, sRGB — ready to upload to Spoonflower.",Artisanal Sourdough Scoring Folk,60,13.0,./output/spoonflower/artisanal_sourdough_scoring_folk___base_20260605_1145.png
60,art_deco_fan_mosaic___base_20260605_1240__cool_ocean.png,cool_ocean,Art Deco Fan Mosaic Seamless Pattern — Blue Ocean,Animals & Insects,"luxurious, geometric, sophisticated, wallpaper, apparel fabric, seamless pattern, repeat pattern, surface design, fabric pattern",half-drop,"Art Deco Fan Mosaic — luxurious, geometric, sophisticated seamless half-drop pattern.

Art Deco is a perennial favorite, but current market trends favor 'maximalist geometric' wallpaper. A dense, interlocking fan pattern in modern, non-traditional colors (like sage and terracotta) is hi

Perfect for wallpaper, apparel fabric.
Designed for wallpaper home decorators and apparel sewists making structured evening wear..

Keywords: 

File: PNG 4500×4500 px, 300 DPI, sRGB — ready to upload to Spoonflower.",Art Deco Fan Mosaic,60,18.7,./output/colorways/art_deco_fan_mosaic___base_20260605_1240__cool_ocean.png
60,art_nouveau_greenhouse_passiflora___base_20260605_1145__cool_ocean.png,cool_ocean,Art Nouveau Greenhouse Passiflora Seamless Pattern — Blue Ocean,Vintage & Retro,"elegant, organic, luxurious, flowing, wallpaper, apparel fabric, seamless pattern, repeat pattern, surface design, fabric pattern",basic,"Art Nouveau Greenhouse Passiflora — elegant, organic, luxurious, flowing seamless basic pattern.

Art Nouveau's organic, flowing curves are seeing a major resurgence in luxury wallpaper and apparel design. While dragonflies and water lilies are common, the intricate, exotic structure of the passio

Perfect for wallpaper, apparel fabric.
Designed for wallpaper home decorators making statement walls and apparel sewists making elegant dresses.

Keywords: 

File: PNG 4500×4500 px, 300 DPI, sRGB — ready to upload to Spoonflower.",Art Nouveau Greenhouse Passiflora,60,10.5,./output/colorways/art_nouveau_greenhouse_passiflora___base_20260605_1145__cool_ocean.png
60,artisanal_sourdough_scoring_folk___base_20260605_1145__cool_ocean.png,cool_ocean,Artisanal Sourdough Scoring Folk Seamless Pattern — Blue Ocean,Food & Drink,"cozy, artisanal, rustic, structured, table linens, quilting fabric, seamless pattern, repeat pattern, surface design, fabric pattern, wallpaper",basic,"Artisanal Sourdough Scoring Folk — cozy, artisanal, rustic, structured seamless basic pattern.

The home baking and sourdough movement has a massive, dedicated community on Reddit (r/sourdough) and Instagram. Enthusiasts love custom kitchen textiles like aprons, proofing cloth covers, and bread 

Perfect for table linens, quilting cotton.
Designed for quilters making kitchen accessories and home decorators making custom aprons.

Keywords: 

File: PNG 4500×4500 px, 300 DPI, sRGB — ready to upload to Spoonflower.",Artisanal Sourdough Scoring Folk,60,5.2,./output/colorways/artisanal_sourdough_scoring_folk___base_20260605_1145__cool_ocean.png
60,art_deco_fan_mosaic___base_20260605_1240__earth_autumn.png,earth_autumn,Art Deco Fan Mosaic Seamless Pattern — Earth Tones,Animals & Insects,"luxurious, geometric, sophisticated, wallpaper, apparel fabric, seamless pattern, repeat pattern, surface design, fabric pattern",half-drop,"Art Deco Fan Mosaic — luxurious, geometric, sophisticated seamless half-drop pattern.

Art Deco is a perennial favorite, but current market trends favor 'maximalist geometric' wallpaper. A dense, interlocking fan pattern in modern, non-traditional colors (like sage and terracotta) is hi

Perfect for wallpaper, apparel fabric.
Designed for wallpaper home decorators and apparel sewists making structured evening wear..

Keywords: 

File: PNG 4500×4500 px, 300 DPI, sRGB — ready to upload to Spoonflower.",Art Deco Fan Mosaic,60,18.0,./output/colorways/art_deco_fan_mosaic___base_20260605_1240__earth_autumn.png
60,art_nouveau_greenhouse_passiflora___base_20260605_1145__earth_autumn.png,earth_autumn,Art Nouveau Greenhouse Passiflora Seamless Pattern — Earth Tones,Vintage & Retro,"elegant, organic, luxurious, flowing, wallpaper, apparel fabric, seamless pattern, repeat pattern, surface design, fabric pattern",basic,"Art Nouveau Greenhouse Passiflora — elegant, organic, luxurious, flowing seamless basic pattern.

Art Nouveau's organic, flowing curves are seeing a major resurgence in luxury wallpaper and apparel design. While dragonflies and water lilies are common, the intricate, exotic structure of the passio

Perfect for wallpaper, apparel fabric.
Designed for wallpaper home decorators making statement walls and apparel sewists making elegant dresses.

Keywords: 

File: PNG 4500×4500 px, 300 DPI, sRGB — ready to upload to Spoonflower.",Art Nouveau Greenhouse Passiflora,60,10.1,./output/colorways/art_nouveau_greenhouse_passiflora___base_20260605_1145__earth_autumn.png
60,artisanal_sourdough_scoring_folk___base_20260605_1145__earth_autumn.png,earth_autumn,Artisanal Sourdough Scoring Folk Seamless Pattern — Earth Tones,Food & Drink,"cozy, artisanal, rustic, structured, table linens, quilting fabric, seamless pattern, repeat pattern, surface design, fabric pattern, wallpaper",basic,"Artisanal Sourdough Scoring Folk — cozy, artisanal, rustic, structured seamless basic pattern.

The home baking and sourdough movement has a massive, dedicated community on Reddit (r/sourdough) and Instagram. Enthusiasts love custom kitchen textiles like aprons, proofing cloth covers, and bread 

Perfect for table linens, quilting cotton.
Designed for quilters making kitchen accessories and home decorators making custom aprons.

Keywords: 

File: PNG 4500×4500 px, 300 DPI, sRGB — ready to upload to Spoonflower.",Artisanal Sourdough Scoring Folk,60,5.1,./output/colorways/artisanal_sourdough_scoring_folk___base_20260605_1145__earth_autumn.png
60,art_deco_fan_mosaic___base_20260605_1240__midnight.png,midnight,Art Deco Fan Mosaic Seamless Pattern — Midnight Dark,Animals & Insects,"luxurious, geometric, sophisticated, wallpaper, apparel fabric, seamless pattern, repeat pattern, surface design, fabric pattern",half-drop,"Art Deco Fan Mosaic — luxurious, geometric, sophisticated seamless half-drop pattern.

Art Deco is a perennial favorite, but current market trends favor 'maximalist geometric' wallpaper. A dense, interlocking fan pattern in modern, non-traditional colors (like sage and terracotta) is hi

Perfect for wallpaper, apparel fabric.
Designed for wallpaper home decorators and apparel sewists making structured evening wear..

Keywords: 

File: PNG 4500×4500 px, 300 DPI, sRGB — ready to upload to Spoonflower.",Art Deco Fan Mosaic,60,14.8,./output/colorways/art_deco_fan_mosaic___base_20260605_1240__midnight.png
60,art_nouveau_greenhouse_passiflora___base_20260605_1145__midnight.png,midnight,Art Nouveau Greenhouse Passiflora Seamless Pattern — Midnight Dark,Vintage & Retro,"elegant, organic, luxurious, flowing, wallpaper, apparel fabric, seamless pattern, repeat pattern, surface design, fabric pattern",basic,"Art Nouveau Greenhouse Passiflora — elegant, organic, luxurious, flowing seamless basic pattern.

Art Nouveau's organic, flowing curves are seeing a major resurgence in luxury wallpaper and apparel design. While dragonflies and water lilies are common, the intricate, exotic structure of the passio

Perfect for wallpaper, apparel fabric.
Designed for wallpaper home decorators making statement walls and apparel sewists making elegant dresses.

Keywords: 

File: PNG 4500×4500 px, 300 DPI, sRGB — ready to upload to Spoonflower.",Art Nouveau Greenhouse Passiflora,60,8.1,./output/colorways/art_nouveau_greenhouse_passiflora___base_20260605_1145__midnight.png
60,artisanal_sourdough_scoring_folk___base_20260605_1145__midnight.png,midnight,Artisanal Sourdough Scoring Folk Seamless Pattern — Midnight Dark,Food & Drink,"cozy, artisanal, rustic, structured, table linens, quilting fabric, seamless pattern, repeat pattern, surface design, fabric pattern, wallpaper",basic,"Artisanal Sourdough Scoring Folk — cozy, artisanal, rustic, structured seamless basic pattern.

The home baking and sourdough movement has a massive, dedicated community on Reddit (r/sourdough) and Instagram. Enthusiasts love custom kitchen textiles like aprons, proofing cloth covers, and bread 

Perfect for table linens, quilting cotton.
Designed for quilters making kitchen accessories and home decorators making custom aprons.

Keywords: 

File: PNG 4500×4500 px, 300 DPI, sRGB — ready to upload to Spoonflower.",Artisanal Sourdough Scoring Folk,60,4.1,./output/colorways/artisanal_sourdough_scoring_folk___base_20260605_1145__midnight.png
60,art_deco_fan_mosaic___base_20260605_1240__rose_gold.png,rose_gold,Art Deco Fan Mosaic Seamless Pattern — Rose Gold Blush,Animals & Insects,"luxurious, geometric, sophisticated, wallpaper, apparel fabric, seamless pattern, repeat pattern, surface design, fabric pattern",half-drop,"Art Deco Fan Mosaic — luxurious, geometric, sophisticated seamless half-drop pattern.

Art Deco is a perennial favorite, but current market trends favor 'maximalist geometric' wallpaper. A dense, interlocking fan pattern in modern, non-traditional colors (like sage and terracotta) is hi

Perfect for wallpaper, apparel fabric.
Designed for wallpaper home decorators and apparel sewists making structured evening wear..

Keywords: 

File: PNG 4500×4500 px, 300 DPI, sRGB — ready to upload to Spoonflower.",Art Deco Fan Mosaic,60,19.2,./output/colorways/art_deco_fan_mosaic___base_20260605_1240__rose_gold.png
60,art_nouveau_greenhouse_passiflora___base_20260605_1145__rose_gold.png,rose_gold,Art Nouveau Greenhouse Passiflora Seamless Pattern — Rose Gold Blush,Vintage & Retro,"elegant, organic, luxurious, flowing, wallpaper, apparel fabric, seamless pattern, repeat pattern, surface design, fabric pattern",basic,"Art Nouveau Greenhouse Passiflora — elegant, organic, luxurious, flowing seamless basic pattern.

Art Nouveau's organic, flowing curves are seeing a major resurgence in luxury wallpaper and apparel design. While dragonflies and water lilies are common, the intricate, exotic structure of the passio

Perfect for wallpaper, apparel fabric.
Designed for wallpaper home decorators making statement walls and apparel sewists making elegant dresses.

Keywords: 

File: PNG 4500×4500 px, 300 DPI, sRGB — ready to upload to Spoonflower.",Art Nouveau Greenhouse Passiflora,60,10.7,./output/colorways/art_nouveau_greenhouse_passiflora___base_20260605_1145__rose_gold.png
60,artisanal_sourdough_scoring_folk___base_20260605_1145__rose_gold.png,rose_gold,Artisanal Sourdough Scoring Folk Seamless Pattern — Rose Gold Blush,Food & Drink,"cozy, artisanal, rustic, structured, table linens, quilting fabric, seamless pattern, repeat pattern, surface design, fabric pattern, wallpaper",basic,"Artisanal Sourdough Scoring Folk — cozy, artisanal, rustic, structured seamless basic pattern.

The home baking and sourdough movement has a massive, dedicated community on Reddit (r/sourdough) and Instagram. Enthusiasts love custom kitchen textiles like aprons, proofing cloth covers, and bread 

Perfect for table linens, quilting cotton.
Designed for quilters making kitchen accessories and home decorators making custom aprons.

Keywords: 

File: PNG 4500×4500 px, 300 DPI, sRGB — ready to upload to Spoonflower.",Artisanal Sourdough Scoring Folk,60,5.3,./output/colorways/artisanal_sourdough_scoring_folk___base_20260605_1145__rose_gold.png
56,art_deco_peacock_tile___base_20260605_1956.png,base,Art Deco Peacock Tile Seamless Repeat Pattern — Fabric & Wallpaper,Animals & Insects,"luxurious, sophisticated, geometric, opulent, wallpaper, home decor, seamless pattern, repeat pattern, surface design, fabric pattern",mirror,"Art Deco Peacock Tile — luxurious, sophisticated, geometric, opulent seamless mirror pattern.

Peacock motifs are a classic interior design staple, but modern decorators are seeking highly structured, geometric interpretations rather than loose, painterly styles. A symmetrical peacock with tail

Perfect for wallpaper, home decor.
Designed for wallpaper home decorators making statement accent walls and dining room decor.

Keywords: 

File: PNG 4500×4500 px, 300 DPI, sRGB — ready to upload to Spoonflower.",Art Deco Peacock Tile,56,18.1,./output/spoonflower/art_deco_peacock_tile___base_20260605_1956.png
55,anthropomorphized_citrus_picnic___base_20260605_1858.png,base,Anthropomorphized Citrus Picnic Seamless Repeat Pattern — Fabric & Wallpaper,Abstract & Painterly,"playful, joyful, sunny, humorous, quilting fabric, seamless pattern, repeat pattern, surface design, fabric pattern, wallpaper",half-drop,"Anthropomorphized Citrus Picnic — playful, joyful, sunny, humorous seamless half-drop pattern.

Playful, food-themed patterns with human characteristics (anthropomorphism) are highly engaging and perform exceptionally well in Spoonflower design challenges. Lemons and limes sunbathing, dancing, o

Perfect for quilting cotton.
Designed for apparel sewists making summer dresses and kitchen linen makers.

Keywords: 

File: PNG 4500×4500 px, 300 DPI, sRGB — ready to upload to Spoonflower.",Anthropomorphized Citrus Picnic,55,17.8,./output/spoonflower/anthropomorphized_citrus_picnic___base_20260605_1858.png
50,art_deco_egret___lotus___base_20260605_1848.png,base,Art Deco Egret   Lotus Seamless Repeat Pattern — Fabric & Wallpaper,Animals & Insects,"seamless pattern, repeat",half-drop,Art Deco Egret   Lotus seamless pattern.,Art Deco Egret   Lotus,50,9.8,./output/spoonflower/art_deco_egret___lotus___base_20260605_1848.png
50,art_nouveau_dragonfly___lily___base_20260605_1859.png,base,Art Nouveau Dragonfly   Lily Seamless Repeat Pattern — Fabric & Wallpaper,Vintage & Retro,"seamless pattern, repeat",half-drop,Art Nouveau Dragonfly   Lily seamless pattern.,Art Nouveau Dragonfly   Lily,50,17.2,./output/spoonflower/art_nouveau_dragonfly___lily___base_20260605_1859.png
50,artisanal_sourdough___wheat___base_20260605_1032.png,base,Artisanal Sourdough   Wheat Seamless Repeat Pattern — Fabric & Wallpaper,Food & Drink,"seamless pattern, repeat",half-drop,Artisanal Sourdough   Wheat seamless pattern.,Artisanal Sourdough   Wheat,50,15.5,./output/spoonflower/artisanal_sourdough___wheat___base_20260605_1032.png
50,arts___crafts_poison_garden___base_20260605_1144.png,base,Arts   Crafts Poison Garden Seamless Repeat Pattern — Fabric & Wallpaper,Floral & Botanical,"seamless pattern, repeat",half-drop,Arts   Crafts Poison Garden seamless pattern.,Arts   Crafts Poison Garden,50,18.1,./output/spoonflower/arts___crafts_poison_garden___base_20260605_1144.png
50,edwardian_tea___petit_fours___base_20260605_1857.png,base,Edwardian Tea   Petit Fours Seamless Repeat Pattern — Fabric & Wallpaper,Food & Drink,"seamless pattern, repeat",half-drop,Edwardian Tea   Petit Fours seamless pattern.,Edwardian Tea   Petit Fours,50,18.6,./output/spoonflower/edwardian_tea___petit_fours___base_20260605_1857.png
50,fountain_pen___inkwell___base_20260605_1032.png,base,Fountain Pen   Inkwell Seamless Repeat Pattern — Fabric & Wallpaper,Abstract & Painterly,"seamless pattern, repeat",half-drop,Fountain Pen   Inkwell seamless pattern.,Fountain Pen   Inkwell,50,12.1,./output/spoonflower/fountain_pen___inkwell___base_20260605_1032.png
50,japanese_woodblock_ukiyo-e_pattern___base_20260605_1034.png,base,Japanese Woodblock Ukiyo-E Pattern Seamless Repeat Pattern — Fabric & Wallpaper,Folk & Traditional,"seamless pattern, repeat",half-drop,Japanese Woodblock Ukiyo-E Pattern seamless pattern.,Japanese Woodblock Ukiyo-E Pattern,50,15.4,./output/spoonflower/japanese_woodblock_ukiyo-e_pattern___base_20260605_1034.png
50,mcm_monstera___palm_shadow___base_20260605_1854.png,base,Mcm Monstera   Palm Shadow Seamless Repeat Pattern — Fabric & Wallpaper,Abstract & Painterly,"seamless pattern, repeat",half-drop,Mcm Monstera   Palm Shadow seamless pattern.,Mcm Monstera   Palm Shadow,50,17.0,./output/spoonflower/mcm_monstera___palm_shadow___base_20260605_1854.png
50,mcm_swallow___cloud___base_20260605_1857.png,base,Mcm Swallow   Cloud Seamless Repeat Pattern — Fabric & Wallpaper,Nature & Outdoors,"seamless pattern, repeat",half-drop,Mcm Swallow   Cloud seamless pattern.,Mcm Swallow   Cloud,50,20.2,./output/spoonflower/mcm_swallow___cloud___base_20260605_1857.png
50,mcm_vinyl_record___turntable___base_20260605_1850.png,base,Mcm Vinyl Record   Turntable Seamless Repeat Pattern — Fabric & Wallpaper,Abstract & Painterly,"seamless pattern, repeat",half-drop,Mcm Vinyl Record   Turntable seamless pattern.,Mcm Vinyl Record   Turntable,50,18.0,./output/spoonflower/mcm_vinyl_record___turntable___base_20260605_1850.png
50,mid-century_atomic_kitchenware___base_20260605_1239.png,base,Mid-Century Atomic Kitchenware Seamless Repeat Pattern — Fabric & Wallpaper,Vintage & Retro,"seamless pattern, repeat",half-drop,Mid-Century Atomic Kitchenware seamless pattern.,Mid-Century Atomic Kitchenware,50,13.2,./output/spoonflower/mid-century_atomic_kitchenware___base_20260605_1239.png
50,mid-century_breeze_block___desert_flora___base_20260605_1033.png,base,Mid-Century Breeze Block   Desert Flora Seamless Repeat Pattern — Fabric & Wallpaper,Vintage & Retro,"seamless pattern, repeat",half-drop,Mid-Century Breeze Block   Desert Flora seamless pattern.,Mid-Century Breeze Block   Desert Flora,50,15.6,./output/spoonflower/mid-century_breeze_block___desert_flora___base_20260605_1033.png
50,mid-century_camping_gear___base_20260605_1239.png,base,Mid-Century Camping Gear Seamless Repeat Pattern — Fabric & Wallpaper,Vintage & Retro,"seamless pattern, repeat",half-drop,Mid-Century Camping Gear seamless pattern.,Mid-Century Camping Gear,50,15.1,./output/spoonflower/mid-century_camping_gear___base_20260605_1239.png
50,mid-century_joshua_tree_mojave_nocturne___base_20260605_1145.png,base,Mid-Century Joshua Tree Mojave Nocturne Seamless Repeat Pattern — Fabric & Wallpaper,Vintage & Retro,"seamless pattern, repeat",half-drop,Mid-Century Joshua Tree Mojave Nocturne seamless pattern.,Mid-Century Joshua Tree Mojave Nocturne,50,15.3,./output/spoonflower/mid-century_joshua_tree_mojave_nocturne___base_20260605_1145.png
50,mid-century_mechanical_keycap___base_20260605_1852.png,base,Mid-Century Mechanical Keycap Seamless Repeat Pattern — Fabric & Wallpaper,Vintage & Retro,"seamless pattern, repeat",half-drop,Mid-Century Mechanical Keycap seamless pattern.,Mid-Century Mechanical Keycap,50,20.6,./output/spoonflower/mid-century_mechanical_keycap___base_20260605_1852.png
50,mid-century_modular_synthesizer_patch___base_20260605_1144.png,base,Mid-Century Modular Synthesizer Patch Seamless Repeat Pattern — Fabric & Wallpaper,Vintage & Retro,"seamless pattern, repeat",half-drop,Mid-Century Modular Synthesizer Patch seamless pattern.,Mid-Century Modular Synthesizer Patch,50,17.8,./output/spoonflower/mid-century_modular_synthesizer_patch___base_20260605_1144.png
50,mid-century_record_player___base_20260605_1238.png,base,Mid-Century Record Player Seamless Repeat Pattern — Fabric & Wallpaper,Vintage & Retro,"seamless pattern, repeat",half-drop,Mid-Century Record Player seamless pattern.,Mid-Century Record Player,50,16.0,./output/spoonflower/mid-century_record_player___base_20260605_1238.png
50,mid-century_typewriter___base_20260605_1239.png,base,Mid-Century Typewriter Seamless Repeat Pattern — Fabric & Wallpaper,Vintage & Retro,"seamless pattern, repeat",half-drop,Mid-Century Typewriter seamless pattern.,Mid-Century Typewriter,50,15.6,./output/spoonflower/mid-century_typewriter___base_20260605_1239.png
50,sicilian_majolica___heirloom_tomato___base_20260605_1034.png,base,Sicilian Majolica   Heirloom Tomato Seamless Repeat Pattern — Fabric & Wallpaper,Abstract & Painterly,"seamless pattern, repeat",half-drop,Sicilian Majolica   Heirloom Tomato seamless pattern.,Sicilian Majolica   Heirloom Tomato,50,16.7,./output/spoonflower/sicilian_majolica___heirloom_tomato___base_20260605_1034.png
50,speed-dating_tortoises___base_20260605_1951.png,base,Speed-Dating Tortoises Seamless Repeat Pattern — Fabric & Wallpaper,Abstract & Painterly,"seamless pattern, repeat",half-drop,Speed-Dating Tortoises seamless pattern.,Speed-Dating Tortoises,50,18.4,./output/spoonflower/speed-dating_tortoises___base_20260605_1951.png
50,sumi-e_bonsai___scholar_stone___base_20260605_1851.png,base,Sumi-E Bonsai   Scholar Stone Seamless Repeat Pattern — Fabric & Wallpaper,Nature & Outdoors,"seamless pattern, repeat",half-drop,Sumi-E Bonsai   Scholar Stone seamless pattern.,Sumi-E Bonsai   Scholar Stone,50,14.6,./output/spoonflower/sumi-e_bonsai___scholar_stone___base_20260605_1851.png
50,terrarium_moss___fern___base_20260605_1032.png,base,Terrarium Moss   Fern Seamless Repeat Pattern — Fabric & Wallpaper,Floral & Botanical,"seamless pattern, repeat",half-drop,Terrarium Moss   Fern seamless pattern.,Terrarium Moss   Fern,50,17.4,./output/spoonflower/terrarium_moss___fern___base_20260605_1032.png
50,vintage_apothecary_soap___bath___base_20260605_1855.png,base,Vintage Apothecary Soap   Bath Seamless Repeat Pattern — Fabric & Wallpaper,Animals & Insects,"seamless pattern, repeat",half-drop,Vintage Apothecary Soap   Bath seamless pattern.,Vintage Apothecary Soap   Bath,50,12.9,./output/spoonflower/vintage_apothecary_soap___bath___base_20260605_1855.png
50,vintage_haberdashery___notions___base_20260605_1856.png,base,Vintage Haberdashery   Notions Seamless Repeat Pattern — Fabric & Wallpaper,Vintage & Retro,"seamless pattern, repeat",half-drop,Vintage Haberdashery   Notions seamless pattern.,Vintage Haberdashery   Notions,50,18.9,./output/spoonflower/vintage_haberdashery___notions___base_20260605_1856.png
50,william_morris_arts___crafts_revival___base_20260605_1034.png,base,William Morris Arts   Crafts Revival Seamless Repeat Pattern — Fabric & Wallpaper,Folk & Traditional,"seamless pattern, repeat",half-drop,William Morris Arts   Crafts Revival seamless pattern.,William Morris Arts   Crafts Revival,50,19.9,./output/spoonflower/william_morris_arts___crafts_revival___base_20260605_1034.png
50,wine-tasting_frogs_bistro___base_20260605_1943.png,base,Wine-Tasting Frogs Bistro Seamless Repeat Pattern — Fabric & Wallpaper,Animals & Insects,"seamless pattern, repeat",half-drop,Wine-Tasting Frogs Bistro seamless pattern.,Wine-Tasting Frogs Bistro,50,21.9,./output/spoonflower/wine-tasting_frogs_bistro___base_20260605_1943.png
50,artisanal_sourdough___wheat___base_20260605_1032__cool_ocean.png,cool_ocean,Artisanal Sourdough   Wheat Seamless Pattern — Blue Ocean,Food & Drink,"seamless pattern, repeat",half-drop,Artisanal Sourdough   Wheat seamless pattern.,Artisanal Sourdough   Wheat,50,7.2,./output/colorways/artisanal_sourdough___wheat___base_20260605_1032__cool_ocean.png
50,arts___crafts_poison_garden___base_20260605_1144__cool_ocean.png,cool_ocean,Arts   Crafts Poison Garden Seamless Pattern — Blue Ocean,Floral & Botanical,"seamless pattern, repeat",half-drop,Arts   Crafts Poison Garden seamless pattern.,Arts   Crafts Poison Garden,50,11.3,./output/colorways/arts___crafts_poison_garden___base_20260605_1144__cool_ocean.png
50,fountain_pen___inkwell___base_20260605_1032__cool_ocean.png,cool_ocean,Fountain Pen   Inkwell Seamless Pattern — Blue Ocean,Abstract & Painterly,"seamless pattern, repeat",half-drop,Fountain Pen   Inkwell seamless pattern.,Fountain Pen   Inkwell,50,4.7,./output/colorways/fountain_pen___inkwell___base_20260605_1032__cool_ocean.png
50,japanese_woodblock_ukiyo-e_pattern___base_20260605_1034__cool_ocean.png,cool_ocean,Japanese Woodblock Ukiyo-E Pattern Seamless Pattern — Blue Ocean,Folk & Traditional,"seamless pattern, repeat",half-drop,Japanese Woodblock Ukiyo-E Pattern seamless pattern.,Japanese Woodblock Ukiyo-E Pattern,50,7.6,./output/colorways/japanese_woodblock_ukiyo-e_pattern___base_20260605_1034__cool_ocean.png
50,mid-century_atomic_kitchenware___base_20260605_1239__cool_ocean.png,cool_ocean,Mid-Century Atomic Kitchenware Seamless Pattern — Blue Ocean,Vintage & Retro,"seamless pattern, repeat",half-drop,Mid-Century Atomic Kitchenware seamless pattern.,Mid-Century Atomic Kitchenware,50,5.4,./output/colorways/mid-century_atomic_kitchenware___base_20260605_1239__cool_ocean.png
50,mid-century_breeze_block___desert_flora___base_20260605_1033__cool_ocean.png,cool_ocean,Mid-Century Breeze Block   Desert Flora Seamless Pattern — Blue Ocean,Vintage & Retro,"seamless pattern, repeat",half-drop,Mid-Century Breeze Block   Desert Flora seamless pattern.,Mid-Century Breeze Block   Desert Flora,50,6.7,./output/colorways/mid-century_breeze_block___desert_flora___base_20260605_1033__cool_ocean.png
50,mid-century_camping_gear___base_20260605_1239__cool_ocean.png,cool_ocean,Mid-Century Camping Gear Seamless Pattern — Blue Ocean,Vintage & Retro,"seamless pattern, repeat",half-drop,Mid-Century Camping Gear seamless pattern.,Mid-Century Camping Gear,50,6.3,./output/colorways/mid-century_camping_gear___base_20260605_1239__cool_ocean.png
50,mid-century_joshua_tree_mojave_nocturne___base_20260605_1145__cool_ocean.png,cool_ocean,Mid-Century Joshua Tree Mojave Nocturne Seamless Pattern — Blue Ocean,Vintage & Retro,"seamless pattern, repeat",half-drop,Mid-Century Joshua Tree Mojave Nocturne seamless pattern.,Mid-Century Joshua Tree Mojave Nocturne,50,5.9,./output/colorways/mid-century_joshua_tree_mojave_nocturne___base_20260605_1145__cool_ocean.png
50,mid-century_modular_synthesizer_patch___base_20260605_1144__cool_ocean.png,cool_ocean,Mid-Century Modular Synthesizer Patch Seamless Pattern — Blue Ocean,Vintage & Retro,"seamless pattern, repeat",half-drop,Mid-Century Modular Synthesizer Patch seamless pattern.,Mid-Century Modular Synthesizer Patch,50,7.1,./output/colorways/mid-century_modular_synthesizer_patch___base_20260605_1144__cool_ocean.png
50,mid-century_record_player___base_20260605_1238__cool_ocean.png,cool_ocean,Mid-Century Record Player Seamless Pattern — Blue Ocean,Vintage & Retro,"seamless pattern, repeat",half-drop,Mid-Century Record Player seamless pattern.,Mid-Century Record Player,50,6.4,./output/colorways/mid-century_record_player___base_20260605_1238__cool_ocean.png
50,mid-century_typewriter___base_20260605_1239__cool_ocean.png,cool_ocean,Mid-Century Typewriter Seamless Pattern — Blue Ocean,Vintage & Retro,"seamless pattern, repeat",half-drop,Mid-Century Typewriter seamless pattern.,Mid-Century Typewriter,50,8.1,./output/colorways/mid-century_typewriter___base_20260605_1239__cool_ocean.png
50,sicilian_majolica___heirloom_tomato___base_20260605_1034__cool_ocean.png,cool_ocean,Sicilian Majolica   Heirloom Tomato Seamless Pattern — Blue Ocean,Abstract & Painterly,"seamless pattern, repeat",half-drop,Sicilian Majolica   Heirloom Tomato seamless pattern.,Sicilian Majolica   Heirloom Tomato,50,8.9,./output/colorways/sicilian_majolica___heirloom_tomato___base_20260605_1034__cool_ocean.png
50,terrarium_moss___fern___base_20260605_1032__cool_ocean.png,cool_ocean,Terrarium Moss   Fern Seamless Pattern — Blue Ocean,Floral & Botanical,"seamless pattern, repeat",half-drop,Terrarium Moss   Fern seamless pattern.,Terrarium Moss   Fern,50,11.5,./output/colorways/terrarium_moss___fern___base_20260605_1032__cool_ocean.png
50,william_morris_arts___crafts_revival___base_20260605_1034__cool_ocean.png,cool_ocean,William Morris Arts   Crafts Revival Seamless Pattern — Blue Ocean,Folk & Traditional,"seamless pattern, repeat",half-drop,William Morris Arts   Crafts Revival seamless pattern.,William Morris Arts   Crafts Revival,50,15.2,./output/colorways/william_morris_arts___crafts_revival___base_20260605_1034__cool_ocean.png
50,artisanal_sourdough___wheat___base_20260605_1032__earth_autumn.png,earth_autumn,Artisanal Sourdough   Wheat Seamless Pattern — Earth Tones,Food & Drink,"seamless pattern, repeat",half-drop,Artisanal Sourdough   Wheat seamless pattern.,Artisanal Sourdough   Wheat,50,7.0,./output/colorways/artisanal_sourdough___wheat___base_20260605_1032__earth_autumn.png
50,arts___crafts_poison_garden___base_20260605_1144__earth_autumn.png,earth_autumn,Arts   Crafts Poison Garden Seamless Pattern — Earth Tones,Floral & Botanical,"seamless pattern, repeat",half-drop,Arts   Crafts Poison Garden seamless pattern.,Arts   Crafts Poison Garden,50,10.9,./output/colorways/arts___crafts_poison_garden___base_20260605_1144__earth_autumn.png
50,fountain_pen___inkwell___base_20260605_1032__earth_autumn.png,earth_autumn,Fountain Pen   Inkwell Seamless Pattern — Earth Tones,Abstract & Painterly,"seamless pattern, repeat",half-drop,Fountain Pen   Inkwell seamless pattern.,Fountain Pen   Inkwell,50,4.6,./output/colorways/fountain_pen___inkwell___base_20260605_1032__earth_autumn.png
50,japanese_woodblock_ukiyo-e_pattern___base_20260605_1034__earth_autumn.png,earth_autumn,Japanese Woodblock Ukiyo-E Pattern Seamless Pattern — Earth Tones,Folk & Traditional,"seamless pattern, repeat",half-drop,Japanese Woodblock Ukiyo-E Pattern seamless pattern.,Japanese Woodblock Ukiyo-E Pattern,50,7.3,./output/colorways/japanese_woodblock_ukiyo-e_pattern___base_20260605_1034__earth_autumn.png
50,mid-century_atomic_kitchenware___base_20260605_1239__earth_autumn.png,earth_autumn,Mid-Century Atomic Kitchenware Seamless Pattern — Earth Tones,Vintage & Retro,"seamless pattern, repeat",half-drop,Mid-Century Atomic Kitchenware seamless pattern.,Mid-Century Atomic Kitchenware,50,5.2,./output/colorways/mid-century_atomic_kitchenware___base_20260605_1239__earth_autumn.png
50,mid-century_breeze_block___desert_flora___base_20260605_1033__earth_autumn.png,earth_autumn,Mid-Century Breeze Block   Desert Flora Seamless Pattern — Earth Tones,Vintage & Retro,"seamless pattern, repeat",half-drop,Mid-Century Breeze Block   Desert Flora seamless pattern.,Mid-Century Breeze Block   Desert Flora,50,6.5,./output/colorways/mid-century_breeze_block___desert_flora___base_20260605_1033__earth_autumn.png
50,mid-century_camping_gear___base_20260605_1239__earth_autumn.png,earth_autumn,Mid-Century Camping Gear Seamless Pattern — Earth Tones,Vintage & Retro,"seamless pattern, repeat",half-drop,Mid-Century Camping Gear seamless pattern.,Mid-Century Camping Gear,50,6.1,./output/colorways/mid-century_camping_gear___base_20260605_1239__earth_autumn.png
50,mid-century_joshua_tree_mojave_nocturne___base_20260605_1145__earth_autumn.png,earth_autumn,Mid-Century Joshua Tree Mojave Nocturne Seamless Pattern — Earth Tones,Vintage & Retro,"seamless pattern, repeat",half-drop,Mid-Century Joshua Tree Mojave Nocturne seamless pattern.,Mid-Century Joshua Tree Mojave Nocturne,50,5.7,./output/colorways/mid-century_joshua_tree_mojave_nocturne___base_20260605_1145__earth_autumn.png
50,mid-century_modular_synthesizer_patch___base_20260605_1144__earth_autumn.png,earth_autumn,Mid-Century Modular Synthesizer Patch Seamless Pattern — Earth Tones,Vintage & Retro,"seamless pattern, repeat",half-drop,Mid-Century Modular Synthesizer Patch seamless pattern.,Mid-Century Modular Synthesizer Patch,50,6.9,./output/colorways/mid-century_modular_synthesizer_patch___base_20260605_1144__earth_autumn.png
50,mid-century_record_player___base_20260605_1238__earth_autumn.png,earth_autumn,Mid-Century Record Player Seamless Pattern — Earth Tones,Vintage & Retro,"seamless pattern, repeat",half-drop,Mid-Century Record Player seamless pattern.,Mid-Century Record Player,50,6.2,./output/colorways/mid-century_record_player___base_20260605_1238__earth_autumn.png
50,mid-century_typewriter___base_20260605_1239__earth_autumn.png,earth_autumn,Mid-Century Typewriter Seamless Pattern — Earth Tones,Vintage & Retro,"seamless pattern, repeat",half-drop,Mid-Century Typewriter seamless pattern.,Mid-Century Typewriter,50,7.9,./output/colorways/mid-century_typewriter___base_20260605_1239__earth_autumn.png
50,sicilian_majolica___heirloom_tomato___base_20260605_1034__earth_autumn.png,earth_autumn,Sicilian Majolica   Heirloom Tomato Seamless Pattern — Earth Tones,Abstract & Painterly,"seamless pattern, repeat",half-drop,Sicilian Majolica   Heirloom Tomato seamless pattern.,Sicilian Majolica   Heirloom Tomato,50,8.8,./output/colorways/sicilian_majolica___heirloom_tomato___base_20260605_1034__earth_autumn.png
50,terrarium_moss___fern___base_20260605_1032__earth_autumn.png,earth_autumn,Terrarium Moss   Fern Seamless Pattern — Earth Tones,Floral & Botanical,"seamless pattern, repeat",half-drop,Terrarium Moss   Fern seamless pattern.,Terrarium Moss   Fern,50,11.0,./output/colorways/terrarium_moss___fern___base_20260605_1032__earth_autumn.png
50,william_morris_arts___crafts_revival___base_20260605_1034__earth_autumn.png,earth_autumn,William Morris Arts   Crafts Revival Seamless Pattern — Earth Tones,Folk & Traditional,"seamless pattern, repeat",half-drop,William Morris Arts   Crafts Revival seamless pattern.,William Morris Arts   Crafts Revival,50,14.6,./output/colorways/william_morris_arts___crafts_revival___base_20260605_1034__earth_autumn.png
50,artisanal_sourdough___wheat___base_20260605_1032__midnight.png,midnight,Artisanal Sourdough   Wheat Seamless Pattern — Midnight Dark,Food & Drink,"seamless pattern, repeat",half-drop,Artisanal Sourdough   Wheat seamless pattern.,Artisanal Sourdough   Wheat,50,5.7,./output/colorways/artisanal_sourdough___wheat___base_20260605_1032__midnight.png
50,arts___crafts_poison_garden___base_20260605_1144__midnight.png,midnight,Arts   Crafts Poison Garden Seamless Pattern — Midnight Dark,Floral & Botanical,"seamless pattern, repeat",half-drop,Arts   Crafts Poison Garden seamless pattern.,Arts   Crafts Poison Garden,50,8.7,./output/colorways/arts___crafts_poison_garden___base_20260605_1144__midnight.png
50,fountain_pen___inkwell___base_20260605_1032__midnight.png,midnight,Fountain Pen   Inkwell Seamless Pattern — Midnight Dark,Abstract & Painterly,"seamless pattern, repeat",half-drop,Fountain Pen   Inkwell seamless pattern.,Fountain Pen   Inkwell,50,3.7,./output/colorways/fountain_pen___inkwell___base_20260605_1032__midnight.png
50,japanese_woodblock_ukiyo-e_pattern___base_20260605_1034__midnight.png,midnight,Japanese Woodblock Ukiyo-E Pattern Seamless Pattern — Midnight Dark,Folk & Traditional,"seamless pattern, repeat",half-drop,Japanese Woodblock Ukiyo-E Pattern seamless pattern.,Japanese Woodblock Ukiyo-E Pattern,50,6.0,./output/colorways/japanese_woodblock_ukiyo-e_pattern___base_20260605_1034__midnight.png
50,mid-century_atomic_kitchenware___base_20260605_1239__midnight.png,midnight,Mid-Century Atomic Kitchenware Seamless Pattern — Midnight Dark,Vintage & Retro,"seamless pattern, repeat",half-drop,Mid-Century Atomic Kitchenware seamless pattern.,Mid-Century Atomic Kitchenware,50,4.3,./output/colorways/mid-century_atomic_kitchenware___base_20260605_1239__midnight.png
50,mid-century_breeze_block___desert_flora___base_20260605_1033__midnight.png,midnight,Mid-Century Breeze Block   Desert Flora Seamless Pattern — Midnight Dark,Vintage & Retro,"seamless pattern, repeat",half-drop,Mid-Century Breeze Block   Desert Flora seamless pattern.,Mid-Century Breeze Block   Desert Flora,50,5.2,./output/colorways/mid-century_breeze_block___desert_flora___base_20260605_1033__midnight.png
50,mid-century_camping_gear___base_20260605_1239__midnight.png,midnight,Mid-Century Camping Gear Seamless Pattern — Midnight Dark,Vintage & Retro,"seamless pattern, repeat",half-drop,Mid-Century Camping Gear seamless pattern.,Mid-Century Camping Gear,50,4.9,./output/colorways/mid-century_camping_gear___base_20260605_1239__midnight.png
50,mid-century_joshua_tree_mojave_nocturne___base_20260605_1145__midnight.png,midnight,Mid-Century Joshua Tree Mojave Nocturne Seamless Pattern — Midnight Dark,Vintage & Retro,"seamless pattern, repeat",half-drop,Mid-Century Joshua Tree Mojave Nocturne seamless pattern.,Mid-Century Joshua Tree Mojave Nocturne,50,4.6,./output/colorways/mid-century_joshua_tree_mojave_nocturne___base_20260605_1145__midnight.png
50,mid-century_modular_synthesizer_patch___base_20260605_1144__midnight.png,midnight,Mid-Century Modular Synthesizer Patch Seamless Pattern — Midnight Dark,Vintage & Retro,"seamless pattern, repeat",half-drop,Mid-Century Modular Synthesizer Patch seamless pattern.,Mid-Century Modular Synthesizer Patch,50,5.6,./output/colorways/mid-century_modular_synthesizer_patch___base_20260605_1144__midnight.png
50,mid-century_record_player___base_20260605_1238__midnight.png,midnight,Mid-Century Record Player Seamless Pattern — Midnight Dark,Vintage & Retro,"seamless pattern, repeat",half-drop,Mid-Century Record Player seamless pattern.,Mid-Century Record Player,50,4.8,./output/colorways/mid-century_record_player___base_20260605_1238__midnight.png
50,mid-century_typewriter___base_20260605_1239__midnight.png,midnight,Mid-Century Typewriter Seamless Pattern — Midnight Dark,Vintage & Retro,"seamless pattern, repeat",half-drop,Mid-Century Typewriter seamless pattern.,Mid-Century Typewriter,50,6.3,./output/colorways/mid-century_typewriter___base_20260605_1239__midnight.png
50,sicilian_majolica___heirloom_tomato___base_20260605_1034__midnight.png,midnight,Sicilian Majolica   Heirloom Tomato Seamless Pattern — Midnight Dark,Abstract & Painterly,"seamless pattern, repeat",half-drop,Sicilian Majolica   Heirloom Tomato seamless pattern.,Sicilian Majolica   Heirloom Tomato,50,7.1,./output/colorways/sicilian_majolica___heirloom_tomato___base_20260605_1034__midnight.png
50,terrarium_moss___fern___base_20260605_1032__midnight.png,midnight,Terrarium Moss   Fern Seamless Pattern — Midnight Dark,Floral & Botanical,"seamless pattern, repeat",half-drop,Terrarium Moss   Fern seamless pattern.,Terrarium Moss   Fern,50,9.2,./output/colorways/terrarium_moss___fern___base_20260605_1032__midnight.png
50,william_morris_arts___crafts_revival___base_20260605_1034__midnight.png,midnight,William Morris Arts   Crafts Revival Seamless Pattern — Midnight Dark,Folk & Traditional,"seamless pattern, repeat",half-drop,William Morris Arts   Crafts Revival seamless pattern.,William Morris Arts   Crafts Revival,50,11.9,./output/colorways/william_morris_arts___crafts_revival___base_20260605_1034__midnight.png
50,artisanal_sourdough___wheat___base_20260605_1032__rose_gold.png,rose_gold,Artisanal Sourdough   Wheat Seamless Pattern — Rose Gold Blush,Food & Drink,"seamless pattern, repeat",half-drop,Artisanal Sourdough   Wheat seamless pattern.,Artisanal Sourdough   Wheat,50,7.3,./output/colorways/artisanal_sourdough___wheat___base_20260605_1032__rose_gold.png
50,arts___crafts_poison_garden___base_20260605_1144__rose_gold.png,rose_gold,Arts   Crafts Poison Garden Seamless Pattern — Rose Gold Blush,Floral & Botanical,"seamless pattern, repeat",half-drop,Arts   Crafts Poison Garden seamless pattern.,Arts   Crafts Poison Garden,50,11.5,./output/colorways/arts___crafts_poison_garden___base_20260605_1144__rose_gold.png
50,fountain_pen___inkwell___base_20260605_1032__rose_gold.png,rose_gold,Fountain Pen   Inkwell Seamless Pattern — Rose Gold Blush,Abstract & Painterly,"seamless pattern, repeat",half-drop,Fountain Pen   Inkwell seamless pattern.,Fountain Pen   Inkwell,50,4.8,./output/colorways/fountain_pen___inkwell___base_20260605_1032__rose_gold.png
50,japanese_woodblock_ukiyo-e_pattern___base_20260605_1034__rose_gold.png,rose_gold,Japanese Woodblock Ukiyo-E Pattern Seamless Pattern — Rose Gold Blush,Folk & Traditional,"seamless pattern, repeat",half-drop,Japanese Woodblock Ukiyo-E Pattern seamless pattern.,Japanese Woodblock Ukiyo-E Pattern,50,7.8,./output/colorways/japanese_woodblock_ukiyo-e_pattern___base_20260605_1034__rose_gold.png
50,mid-century_atomic_kitchenware___base_20260605_1239__rose_gold.png,rose_gold,Mid-Century Atomic Kitchenware Seamless Pattern — Rose Gold Blush,Vintage & Retro,"seamless pattern, repeat",half-drop,Mid-Century Atomic Kitchenware seamless pattern.,Mid-Century Atomic Kitchenware,50,5.4,./output/colorways/mid-century_atomic_kitchenware___base_20260605_1239__rose_gold.png
50,mid-century_breeze_block___desert_flora___base_20260605_1033__rose_gold.png,rose_gold,Mid-Century Breeze Block   Desert Flora Seamless Pattern — Rose Gold Blush,Vintage & Retro,"seamless pattern, repeat",half-drop,Mid-Century Breeze Block   Desert Flora seamless pattern.,Mid-Century Breeze Block   Desert Flora,50,6.8,./output/colorways/mid-century_breeze_block___desert_flora___base_20260605_1033__rose_gold.png
50,mid-century_camping_gear___base_20260605_1239__rose_gold.png,rose_gold,Mid-Century Camping Gear Seamless Pattern — Rose Gold Blush,Vintage & Retro,"seamless pattern, repeat",half-drop,Mid-Century Camping Gear seamless pattern.,Mid-Century Camping Gear,50,6.4,./output/colorways/mid-century_camping_gear___base_20260605_1239__rose_gold.png
50,mid-century_joshua_tree_mojave_nocturne___base_20260605_1145__rose_gold.png,rose_gold,Mid-Century Joshua Tree Mojave Nocturne Seamless Pattern — Rose Gold Blush,Vintage & Retro,"seamless pattern, repeat",half-drop,Mid-Century Joshua Tree Mojave Nocturne seamless pattern.,Mid-Century Joshua Tree Mojave Nocturne,50,6.0,./output/colorways/mid-century_joshua_tree_mojave_nocturne___base_20260605_1145__rose_gold.png
50,mid-century_modular_synthesizer_patch___base_20260605_1144__rose_gold.png,rose_gold,Mid-Century Modular Synthesizer Patch Seamless Pattern — Rose Gold Blush,Vintage & Retro,"seamless pattern, repeat",half-drop,Mid-Century Modular Synthesizer Patch seamless pattern.,Mid-Century Modular Synthesizer Patch,50,7.2,./output/colorways/mid-century_modular_synthesizer_patch___base_20260605_1144__rose_gold.png
50,mid-century_record_player___base_20260605_1238__rose_gold.png,rose_gold,Mid-Century Record Player Seamless Pattern — Rose Gold Blush,Vintage & Retro,"seamless pattern, repeat",half-drop,Mid-Century Record Player seamless pattern.,Mid-Century Record Player,50,6.6,./output/colorways/mid-century_record_player___base_20260605_1238__rose_gold.png
50,mid-century_typewriter___base_20260605_1239__rose_gold.png,rose_gold,Mid-Century Typewriter Seamless Pattern — Rose Gold Blush,Vintage & Retro,"seamless pattern, repeat",half-drop,Mid-Century Typewriter seamless pattern.,Mid-Century Typewriter,50,8.3,./output/colorways/mid-century_typewriter___base_20260605_1239__rose_gold.png
50,sicilian_majolica___heirloom_tomato___base_20260605_1034__rose_gold.png,rose_gold,Sicilian Majolica   Heirloom Tomato Seamless Pattern — Rose Gold Blush,Abstract & Painterly,"seamless pattern, repeat",half-drop,Sicilian Majolica   Heirloom Tomato seamless pattern.,Sicilian Majolica   Heirloom Tomato,50,9.2,./output/colorways/sicilian_majolica___heirloom_tomato___base_20260605_1034__rose_gold.png
50,terrarium_moss___fern___base_20260605_1032__rose_gold.png,rose_gold,Terrarium Moss   Fern Seamless Pattern — Rose Gold Blush,Floral & Botanical,"seamless pattern, repeat",half-drop,Terrarium Moss   Fern seamless pattern.,Terrarium Moss   Fern,50,11.6,./output/colorways/terrarium_moss___fern___base_20260605_1032__rose_gold.png
50,william_morris_arts___crafts_revival___base_20260605_1034__rose_gold.png,rose_gold,William Morris Arts   Crafts Revival Seamless Pattern — Rose Gold Blush,Folk & Traditional,"seamless pattern, repeat",half-drop,William Morris Arts   Crafts Revival seamless pattern.,William Morris Arts   Crafts Revival,50,15.3,./output/colorways/william_morris_arts___crafts_revival___base_20260605_1034__rose_gold.png
