id,collection,theme,theme_label,subniche,lang,title,tags,file_dark,file_light
ar_allie_fr,arrow,humor,Funny & Sarcastic,,fr,Allié Le Vrai | Funny & Sarcastic (French) Design,"funny saying, sarcastic, sarcasm, humor, meme shirt, funny quote, introvert humor, allié, vrai, arrow, funny & sarcastic, funny shirt, typography, minimalist, aesthetic, gift idea, trendy, statement tee",produits/arrow/ar_allie_fr__dark.png,produits/arrow/ar_allie_fr__light.png
ar_apero_fr,arrow,humor,Funny & Sarcastic,,fr,C'Est Lui Qui Paie L'Apéro | Funny & Sarcastic (French) Design,"funny saying, sarcastic, sarcasm, humor, meme shirt, funny quote, introvert humor, c'est, paie, l'apéro, arrow, funny & sarcastic, funny shirt, typography, minimalist, aesthetic, gift idea, trendy, statement tee",produits/arrow/ar_apero_fr__dark.png,produits/arrow/ar_apero_fr__light.png
ar_good_human_en,arrow,humor,Funny & Sarcastic,,en,Certified Good Human | Funny & Sarcastic (English) Design,"funny saying, sarcastic, sarcasm, humor, meme shirt, funny quote, introvert humor, certified, good, human, arrow, funny & sarcastic, funny shirt, typography, minimalist, aesthetic, gift idea, trendy, statement tee",produits/arrow/ar_good_human_en__dark.png,produits/arrow/ar_good_human_en__light.png
ar_suv_fr,arrow,humor,Funny & Sarcastic,,fr,Il Roule En SUV En Centre-Ville | Funny & Sarcastic (French) Design,"funny saying, sarcastic, sarcasm, humor, meme shirt, funny quote, introvert humor, roule, centre, ville, arrow, funny & sarcastic, funny shirt, typography, minimalist, aesthetic, gift idea, trendy, statement tee",produits/arrow/ar_suv_fr__dark.png,produits/arrow/ar_suv_fr__light.png
ar_therapist_en,arrow,humor,Funny & Sarcastic,,en,Keeps My Therapist In Business | Funny & Sarcastic (English) Design,"funny saying, sarcastic, sarcasm, humor, meme shirt, funny quote, introvert humor, keeps, therapist, business, arrow, funny & sarcastic, funny shirt, typography, minimalist, aesthetic, gift idea, trendy, statement tee",produits/arrow/ar_therapist_en__dark.png,produits/arrow/ar_therapist_en__light.png
co_coffee_en,corrige,humor,Funny & Sarcastic,,en,Coffee Is For Closers → Everyone | Funny & Sarcastic (English) Design,"funny saying, sarcastic, sarcasm, humor, meme shirt, funny quote, introvert humor, coffee, closers, everyone, corrige, funny & sarcastic, funny shirt, typography, minimalist, aesthetic, gift idea, trendy, statement tee",produits/corrige/co_coffee_en__dark.png,produits/corrige/co_coffee_en__light.png
fm_card_fashion_en,formats,humor,Funny & Sarcastic,card,en,Red Card To Fast Fashion | Funny & Sarcastic (English) Design,"funny saying, sarcastic, sarcasm, humor, meme shirt, funny quote, introvert humor, card, fast, fashion, formats, funny & sarcastic, funny shirt, typography, minimalist, aesthetic, gift idea, trendy, statement tee",produits/formats/fm_card_fashion_en__dark.png,produits/formats/fm_card_fashion_en__light.png
fm_care_brain_en,formats,humor,Funny & Sarcastic,care,en,Do Not Wash My Brain | Funny & Sarcastic (English) Design,"funny saying, sarcastic, sarcasm, humor, meme shirt, funny quote, introvert humor, wash, brain, care, formats, funny & sarcastic, funny shirt, typography, minimalist, aesthetic, gift idea, trendy, statement tee",produits/formats/fm_care_brain_en__dark.png,produits/formats/fm_care_brain_en__light.png
fm_care_cerveau_fr,formats,humor,Funny & Sarcastic,care,fr,Ne Pas Laver Mon Cerveau | Funny & Sarcastic (French) Design,"funny saying, sarcastic, sarcasm, humor, meme shirt, funny quote, introvert humor, laver, cerveau, care, formats, funny & sarcastic, funny shirt, typography, minimalist, aesthetic, gift idea, trendy, statement tee",produits/formats/fm_care_cerveau_fr__dark.png,produits/formats/fm_care_cerveau_fr__light.png
fm_care_handle_en,formats,humor,Funny & Sarcastic,care,en,Handle With Care | Funny & Sarcastic (English) Design,"funny saying, sarcastic, sarcasm, humor, meme shirt, funny quote, introvert humor, handle, care, formats, funny & sarcastic, funny shirt, typography, minimalist, aesthetic, gift idea, trendy, statement tee",produits/formats/fm_care_handle_en__dark.png,produits/formats/fm_care_handle_en__light.png
fm_care_patience_en,formats,humor,Funny & Sarcastic,care,en,Do Not Tumble Dry My Patience | Funny & Sarcastic (English) Design,"funny saying, sarcastic, sarcasm, humor, meme shirt, funny quote, introvert humor, tumble, patience, care, formats, funny & sarcastic, funny shirt, typography, minimalist, aesthetic, gift idea, trendy, statement tee",produits/formats/fm_care_patience_en__dark.png,produits/formats/fm_care_patience_en__light.png
fm_care_principes_fr,formats,humor,Funny & Sarcastic,care,fr,Ne Pas Repasser Mes Principes | Funny & Sarcastic (French) Design,"funny saying, sarcastic, sarcasm, humor, meme shirt, funny quote, introvert humor, repasser, principes, care, formats, funny & sarcastic, funny shirt, typography, minimalist, aesthetic, gift idea, trendy, statement tee",produits/formats/fm_care_principes_fr__dark.png,produits/formats/fm_care_principes_fr__light.png
fm_care_vibe_en,formats,humor,Funny & Sarcastic,care,en,Do Not Bleach My Vibe | Funny & Sarcastic (English) Design,"funny saying, sarcastic, sarcasm, humor, meme shirt, funny quote, introvert humor, bleach, vibe, care, formats, funny & sarcastic, funny shirt, typography, minimalist, aesthetic, gift idea, trendy, statement tee",produits/formats/fm_care_vibe_en__dark.png,produits/formats/fm_care_vibe_en__light.png
fm_caution_damage_en,formats,humor,Funny & Sarcastic,caution,en,Caution Emotional Damage Ahead | Funny & Sarcastic (English) Design,"funny saying, sarcastic, sarcasm, humor, meme shirt, funny quote, introvert humor, caution, emotional, damage, ahead, formats, funny & sarcastic, funny shirt, typography, minimalist, aesthetic, gift idea, trendy, statement tee",produits/formats/fm_caution_damage_en__dark.png,produits/formats/fm_caution_damage_en__light.png
fm_caution_opinions_en,formats,humor,Funny & Sarcastic,caution,en,Danger Unfiltered Opinions | Funny & Sarcastic (English) Design,"funny saying, sarcastic, sarcasm, humor, meme shirt, funny quote, introvert humor, danger, unfiltered, opinions, caution, formats, funny & sarcastic, funny shirt, typography, minimalist, aesthetic, gift idea, trendy, statement tee",produits/formats/fm_caution_opinions_en__dark.png,produits/formats/fm_caution_opinions_en__light.png
fm_err_equality_en,formats,humor,Funny & Sarcastic,error,en,Equality Not Found | Funny & Sarcastic (English) Design,"funny saying, sarcastic, sarcasm, humor, meme shirt, funny quote, introvert humor, equality, found, error, formats, funny & sarcastic, funny shirt, typography, minimalist, aesthetic, gift idea, trendy, statement tee",produits/formats/fm_err_equality_en__dark.png,produits/formats/fm_err_equality_en__light.png
fm_err_justice_en,formats,humor,Funny & Sarcastic,error,en,Justice Not Found | Funny & Sarcastic (English) Design,"funny saying, sarcastic, sarcasm, humor, meme shirt, funny quote, introvert humor, justice, found, error, formats, funny & sarcastic, funny shirt, typography, minimalist, aesthetic, gift idea, trendy, statement tee",produits/formats/fm_err_justice_en__dark.png,produits/formats/fm_err_justice_en__light.png
fm_err_justice_fr,formats,humor,Funny & Sarcastic,error,fr,Justice Introuvable | Funny & Sarcastic (French) Design,"funny saying, sarcastic, sarcasm, humor, meme shirt, funny quote, introvert humor, justice, introuvable, error, formats, funny & sarcastic, funny shirt, typography, minimalist, aesthetic, gift idea, trendy, statement tee",produits/formats/fm_err_justice_fr__dark.png,produits/formats/fm_err_justice_fr__light.png
fm_err_patience_en,formats,humor,Funny & Sarcastic,error,en,Patience Not Found | Funny & Sarcastic (English) Design,"funny saying, sarcastic, sarcasm, humor, meme shirt, funny quote, introvert humor, patience, found, error, formats, funny & sarcastic, funny shirt, typography, minimalist, aesthetic, gift idea, trendy, statement tee",produits/formats/fm_err_patience_en__dark.png,produits/formats/fm_err_patience_en__light.png
fm_err_silence_en,formats,humor,Funny & Sarcastic,error,en,Silence Forbidden | Funny & Sarcastic (English) Design,"funny saying, sarcastic, sarcasm, humor, meme shirt, funny quote, introvert humor, silence, forbidden, error, formats, funny & sarcastic, funny shirt, typography, minimalist, aesthetic, gift idea, trendy, statement tee",produits/formats/fm_err_silence_en__dark.png,produits/formats/fm_err_silence_en__light.png
fm_load_changement_fr,formats,humor,Funny & Sarcastic,loading,fr,Changement En Cours… | Funny & Sarcastic (French) Design,"funny saying, sarcastic, sarcasm, humor, meme shirt, funny quote, introvert humor, changement, cours, loading, formats, funny & sarcastic, funny shirt, typography, minimalist, aesthetic, gift idea, trendy, statement tee",produits/formats/fm_load_changement_fr__dark.png,produits/formats/fm_load_changement_fr__light.png
fm_load_equality_en,formats,humor,Funny & Sarcastic,loading,en,Equality Loading… | Funny & Sarcastic (English) Design,"funny saying, sarcastic, sarcasm, humor, meme shirt, funny quote, introvert humor, equality, loading, formats, funny & sarcastic, funny shirt, typography, minimalist, aesthetic, gift idea, trendy, statement tee",produits/formats/fm_load_equality_en__dark.png,produits/formats/fm_load_equality_en__light.png
fm_load_motivation_en,formats,humor,Funny & Sarcastic,loading,en,Motivation Loading… | Funny & Sarcastic (English) Design,"funny saying, sarcastic, sarcasm, humor, meme shirt, funny quote, introvert humor, motivation, loading, formats, funny & sarcastic, funny shirt, typography, minimalist, aesthetic, gift idea, trendy, statement tee",produits/formats/fm_load_motivation_en__dark.png,produits/formats/fm_load_motivation_en__light.png
fm_load_patience_en,formats,humor,Funny & Sarcastic,loading,en,Patience Loading… | Funny & Sarcastic (English) Design,"funny saying, sarcastic, sarcasm, humor, meme shirt, funny quote, introvert humor, patience, loading, formats, funny & sarcastic, funny shirt, typography, minimalist, aesthetic, gift idea, trendy, statement tee",produits/formats/fm_load_patience_en__dark.png,produits/formats/fm_load_patience_en__light.png
fm_nut_chaos_en,formats,humor,Funny & Sarcastic,nutrition,en,Daily Intake Chaos Naps Drama Snacks Vibes | Funny & Sarcastic (English) Design,"funny saying, sarcastic, sarcasm, humor, meme shirt, funny quote, introvert humor, daily, intake, chaos, naps, drama, nutrition, formats, funny & sarcastic, funny shirt, typography, minimalist, aesthetic, gift idea, trendy, statement tee",produits/formats/fm_nut_chaos_en__dark.png,produits/formats/fm_nut_chaos_en__light.png
fm_nut_valeurs_fr,formats,humor,Funny & Sarcastic,nutrition,fr,Valeurs Personnelles Rage Patience Sarcasme Caféine Empathie Filtre | Funny & Sarcastic (French) Design,"funny saying, sarcastic, sarcasm, humor, meme shirt, funny quote, introvert humor, valeurs, personnelles, rage, patience, sarcasme, nutrition, formats, funny & sarcastic, funny shirt, typography, minimalist, aesthetic, gift idea, trendy, statement tee",produits/formats/fm_nut_valeurs_fr__dark.png,produits/formats/fm_nut_valeurs_fr__light.png
fm_nut_values_en,formats,humor,Funny & Sarcastic,nutrition,en,Personal Values Rage Patience Sarcasm Caffeine Empathy Filter | Funny & Sarcastic (English) Design,"funny saying, sarcastic, sarcasm, humor, meme shirt, funny quote, introvert humor, personal, values, rage, patience, nutrition, formats, funny & sarcastic, funny shirt, typography, minimalist, aesthetic, gift idea, trendy, statement tee",produits/formats/fm_nut_values_en__dark.png,produits/formats/fm_nut_values_en__light.png
fm_rx_siestes_fr,formats,humor,Funny & Sarcastic,rx,fr,Ordonnance 2 siestes par jour Café à volonté 0 réunion inutile Limiter les cons | Funny & Sarcastic (French) Design,"funny saying, sarcastic, sarcasm, humor, meme shirt, funny quote, introvert humor, ordonnance, siestes, jour, café, volonté, rx, formats, funny & sarcastic, funny shirt, typography, minimalist, aesthetic, gift idea, trendy, statement tee",produits/formats/fm_rx_siestes_fr__dark.png,produits/formats/fm_rx_siestes_fr__light.png
he_chaos_fr,heart,humor,Funny & Sarcastic,,fr,J' love Le Chaos | Funny & Sarcastic (French) Design,"funny saying, sarcastic, sarcasm, humor, meme shirt, funny quote, introvert humor, love, chaos, heart, funny & sarcastic, funny shirt, typography, minimalist, aesthetic, gift idea, trendy, statement tee",produits/heart/he_chaos_fr__dark.png,produits/heart/he_chaos_fr__light.png
he_drama_en,heart,humor,Funny & Sarcastic,,en,I love Drama | Funny & Sarcastic (English) Design,"funny saying, sarcastic, sarcasm, humor, meme shirt, funny quote, introvert humor, love, drama, heart, funny & sarcastic, funny shirt, typography, minimalist, aesthetic, gift idea, trendy, statement tee",produits/heart/he_drama_en__dark.png,produits/heart/he_drama_en__light.png
he_drama_plants_en,heart,humor,Funny & Sarcastic,,en,I love Drama not Drama but My Plants | Funny & Sarcastic (English) Design,"funny saying, sarcastic, sarcasm, humor, meme shirt, funny quote, introvert humor, love, drama, plants, heart, funny & sarcastic, funny shirt, typography, minimalist, aesthetic, gift idea, trendy, statement tee",produits/heart/he_drama_plants_en__dark.png,produits/heart/he_drama_plants_en__light.png
he_fast_fashion_thrift_en,heart,humor,Funny & Sarcastic,,en,I love Fast Fashion not Fast Fashion but Thrifting | Funny & Sarcastic (English) Design,"funny saying, sarcastic, sarcasm, humor, meme shirt, funny quote, introvert humor, love, fast, fashion, thrifting, heart, funny & sarcastic, funny shirt, typography, minimalist, aesthetic, gift idea, trendy, statement tee",produits/heart/he_fast_fashion_thrift_en__dark.png,produits/heart/he_fast_fashion_thrift_en__light.png
he_foule_canape_fr,heart,humor,Funny & Sarcastic,,fr,J' love La Foule not La Foule but Mon Canapé | Funny & Sarcastic (French) Design,"funny saying, sarcastic, sarcasm, humor, meme shirt, funny quote, introvert humor, love, foule, canapé, heart, funny & sarcastic, funny shirt, typography, minimalist, aesthetic, gift idea, trendy, statement tee",produits/heart/he_foule_canape_fr__dark.png,produits/heart/he_foule_canape_fr__light.png
he_humans_en,heart,humor,Funny & Sarcastic,,en,I love All-Humans | Funny & Sarcastic (English) Design,"funny saying, sarcastic, sarcasm, humor, meme shirt, funny quote, introvert humor, love, humans, heart, funny & sarcastic, funny shirt, typography, minimalist, aesthetic, gift idea, trendy, statement tee",produits/heart/he_humans_en__dark.png,produits/heart/he_humans_en__light.png
he_men_cats_en,heart,humor,Funny & Sarcastic,,en,I love Men not Men but Cats | Funny & Sarcastic (English) Design,"funny saying, sarcastic, sarcasm, humor, meme shirt, funny quote, introvert humor, love, cats, heart, funny & sarcastic, funny shirt, typography, minimalist, aesthetic, gift idea, trendy, statement tee",produits/heart/he_men_cats_en__dark.png,produits/heart/he_men_cats_en__light.png
he_my_rights_en,heart,humor,Funny & Sarcastic,,en,I love My Rights | Funny & Sarcastic (English) Design,"funny saying, sarcastic, sarcasm, humor, meme shirt, funny quote, introvert humor, love, rights, heart, funny & sarcastic, funny shirt, typography, minimalist, aesthetic, gift idea, trendy, statement tee",produits/heart/he_my_rights_en__dark.png,produits/heart/he_my_rights_en__light.png
he_naps_en,heart,humor,Funny & Sarcastic,,en,I love Naps & Justice | Funny & Sarcastic (English) Design,"funny saying, sarcastic, sarcasm, humor, meme shirt, funny quote, introvert humor, love, naps, justice, heart, funny & sarcastic, funny shirt, typography, minimalist, aesthetic, gift idea, trendy, statement tee",produits/heart/he_naps_en__dark.png,produits/heart/he_naps_en__light.png
he_people_naps_en,heart,humor,Funny & Sarcastic,,en,I love People not People but Naps | Funny & Sarcastic (English) Design,"funny saying, sarcastic, sarcasm, humor, meme shirt, funny quote, introvert humor, love, people, naps, heart, funny & sarcastic, funny shirt, typography, minimalist, aesthetic, gift idea, trendy, statement tee",produits/heart/he_people_naps_en__dark.png,produits/heart/he_people_naps_en__light.png
he_petrole_fr,heart,humor,Funny & Sarcastic,,fr,J' love Le Pétrole | Funny & Sarcastic (French) Design,"funny saying, sarcastic, sarcasm, humor, meme shirt, funny quote, introvert humor, love, pétrole, heart, funny & sarcastic, funny shirt, typography, minimalist, aesthetic, gift idea, trendy, statement tee",produits/heart/he_petrole_fr__dark.png,produits/heart/he_petrole_fr__light.png
he_small_talk_silence_en,heart,humor,Funny & Sarcastic,,en,I love Small Talk not Small Talk but Silence | Funny & Sarcastic (English) Design,"funny saying, sarcastic, sarcasm, humor, meme shirt, funny quote, introvert humor, love, small, talk, silence, heart, funny & sarcastic, funny shirt, typography, minimalist, aesthetic, gift idea, trendy, statement tee",produits/heart/he_small_talk_silence_en__dark.png,produits/heart/he_small_talk_silence_en__light.png
id_ally_en,identite,humor,Funny & Sarcastic,,en,Proud Ally | Funny & Sarcastic (English) Design,"funny saying, sarcastic, sarcasm, humor, meme shirt, funny quote, introvert humor, proud, ally, identite, funny & sarcastic, funny shirt, typography, minimalist, aesthetic, gift idea, trendy, statement tee",produits/identite/id_ally_en__dark.png,produits/identite/id_ally_en__light.png
id_angler_de,identite,humor,Funny & Sarcastic,,de,Angler | Funny & Sarcastic (German) Design,"funny saying, sarcastic, sarcasm, humor, meme shirt, funny quote, introvert humor, angler, identite, funny & sarcastic, funny shirt, typography, minimalist, aesthetic, gift idea, trendy, statement tee",produits/identite/id_angler_de__dark.png,produits/identite/id_angler_de__light.png
id_anime_en,identite,humor,Funny & Sarcastic,,en,Anime Nerd | Funny & Sarcastic (English) Design,"funny saying, sarcastic, sarcasm, humor, meme shirt, funny quote, introvert humor, anime, nerd, identite, funny & sarcastic, funny shirt, typography, minimalist, aesthetic, gift idea, trendy, statement tee",produits/identite/id_anime_en__dark.png,produits/identite/id_anime_en__light.png
id_barista_en,identite,humor,Funny & Sarcastic,,en,Barista | Funny & Sarcastic (English) Design,"funny saying, sarcastic, sarcasm, humor, meme shirt, funny quote, introvert humor, barista, identite, funny & sarcastic, funny shirt, typography, minimalist, aesthetic, gift idea, trendy, statement tee",produits/identite/id_barista_en__dark.png,produits/identite/id_barista_en__light.png
id_birder_en,identite,humor,Funny & Sarcastic,,en,Birder | Funny & Sarcastic (English) Design,"funny saying, sarcastic, sarcasm, humor, meme shirt, funny quote, introvert humor, birder, identite, funny & sarcastic, funny shirt, typography, minimalist, aesthetic, gift idea, trendy, statement tee",produits/identite/id_birder_en__dark.png,produits/identite/id_birder_en__light.png
id_booktok_en,identite,humor,Funny & Sarcastic,,en,BookTok Victim | Funny & Sarcastic (English) Design,"funny saying, sarcastic, sarcasm, humor, meme shirt, funny quote, introvert humor, booktok, victim, identite, funny & sarcastic, funny shirt, typography, minimalist, aesthetic, gift idea, trendy, statement tee",produits/identite/id_booktok_en__dark.png,produits/identite/id_booktok_en__light.png
id_bookworm_en,identite,humor,Funny & Sarcastic,,en,Bookworm | Funny & Sarcastic (English) Design,"funny saying, sarcastic, sarcasm, humor, meme shirt, funny quote, introvert humor, bookworm, identite, funny & sarcastic, funny shirt, typography, minimalist, aesthetic, gift idea, trendy, statement tee",produits/identite/id_bookworm_en__dark.png,produits/identite/id_bookworm_en__light.png
id_chicken_mom_en,identite,humor,Funny & Sarcastic,,en,Chicken Mom | Funny & Sarcastic (English) Design,"funny saying, sarcastic, sarcasm, humor, meme shirt, funny quote, introvert humor, chicken, identite, funny & sarcastic, funny shirt, typography, minimalist, aesthetic, gift idea, trendy, statement tee",produits/identite/id_chicken_mom_en__dark.png,produits/identite/id_chicken_mom_en__light.png
id_cinephile_en,identite,humor,Funny & Sarcastic,,en,Cinephile | Funny & Sarcastic (English) Design,"funny saying, sarcastic, sarcasm, humor, meme shirt, funny quote, introvert humor, cinephile, identite, funny & sarcastic, funny shirt, typography, minimalist, aesthetic, gift idea, trendy, statement tee",produits/identite/id_cinephile_en__dark.png,produits/identite/id_cinephile_en__light.png
id_climber_en,identite,humor,Funny & Sarcastic,,en,Climber | Funny & Sarcastic (English) Design,"funny saying, sarcastic, sarcasm, humor, meme shirt, funny quote, introvert humor, climber, identite, funny & sarcastic, funny shirt, typography, minimalist, aesthetic, gift idea, trendy, statement tee",produits/identite/id_climber_en__dark.png,produits/identite/id_climber_en__light.png
id_coffee_en,identite,humor,Funny & Sarcastic,,en,Coffee Addict | Funny & Sarcastic (English) Design,"funny saying, sarcastic, sarcasm, humor, meme shirt, funny quote, introvert humor, coffee, addict, identite, funny & sarcastic, funny shirt, typography, minimalist, aesthetic, gift idea, trendy, statement tee",produits/identite/id_coffee_en__dark.png,produits/identite/id_coffee_en__light.png
id_crochet_en,identite,humor,Funny & Sarcastic,,en,Crochet Addict | Funny & Sarcastic (English) Design,"funny saying, sarcastic, sarcasm, humor, meme shirt, funny quote, introvert humor, crochet, addict, identite, funny & sarcastic, funny shirt, typography, minimalist, aesthetic, gift idea, trendy, statement tee",produits/identite/id_crochet_en__dark.png,produits/identite/id_crochet_en__light.png
id_crystal_en,identite,humor,Funny & Sarcastic,,en,Crystal Girlie | Funny & Sarcastic (English) Design,"funny saying, sarcastic, sarcasm, humor, meme shirt, funny quote, introvert humor, crystal, girlie, identite, funny & sarcastic, funny shirt, typography, minimalist, aesthetic, gift idea, trendy, statement tee",produits/identite/id_crystal_en__dark.png,produits/identite/id_crystal_en__light.png
id_discgolf_en,identite,humor,Funny & Sarcastic,,en,Disc Golfer | Funny & Sarcastic (English) Design,"funny saying, sarcastic, sarcasm, humor, meme shirt, funny quote, introvert humor, disc, golfer, identite, funny & sarcastic, funny shirt, typography, minimalist, aesthetic, gift idea, trendy, statement tee",produits/identite/id_discgolf_en__dark.png,produits/identite/id_discgolf_en__light.png
id_dnd_en,identite,humor,Funny & Sarcastic,,en,D&D Nerd | Funny & Sarcastic (English) Design,"funny saying, sarcastic, sarcasm, humor, meme shirt, funny quote, introvert humor, nerd, identite, funny & sarcastic, funny shirt, typography, minimalist, aesthetic, gift idea, trendy, statement tee",produits/identite/id_dnd_en__dark.png,produits/identite/id_dnd_en__light.png
id_farmer_en,identite,humor,Funny & Sarcastic,,en,Farmer | Funny & Sarcastic (English) Design,"funny saying, sarcastic, sarcasm, humor, meme shirt, funny quote, introvert humor, farmer, identite, funny & sarcastic, funny shirt, typography, minimalist, aesthetic, gift idea, trendy, statement tee",produits/identite/id_farmer_en__dark.png,produits/identite/id_farmer_en__light.png
id_femminista_it,identite,humor,Funny & Sarcastic,,it,Femminista | Funny & Sarcastic (Italian) Design,"funny saying, sarcastic, sarcasm, humor, meme shirt, funny quote, introvert humor, femminista, identite, funny & sarcastic, funny shirt, typography, minimalist, aesthetic, gift idea, trendy, statement tee",produits/identite/id_femminista_it__dark.png,produits/identite/id_femminista_it__light.png
id_firefighter_en,identite,humor,Funny & Sarcastic,,en,Firefighter | Funny & Sarcastic (English) Design,"funny saying, sarcastic, sarcasm, humor, meme shirt, funny quote, introvert humor, firefighter, identite, funny & sarcastic, funny shirt, typography, minimalist, aesthetic, gift idea, trendy, statement tee",produits/identite/id_firefighter_en__dark.png,produits/identite/id_firefighter_en__light.png
id_gardener_en,identite,humor,Funny & Sarcastic,,en,Gardener | Funny & Sarcastic (English) Design,"funny saying, sarcastic, sarcasm, humor, meme shirt, funny quote, introvert humor, gardener, identite, funny & sarcastic, funny shirt, typography, minimalist, aesthetic, gift idea, trendy, statement tee",produits/identite/id_gardener_en__dark.png,produits/identite/id_gardener_en__light.png
id_gymrat_en,identite,humor,Funny & Sarcastic,,en,Gym Rat | Funny & Sarcastic (English) Design,"funny saying, sarcastic, sarcasm, humor, meme shirt, funny quote, introvert humor, identite, funny & sarcastic, funny shirt, typography, minimalist, aesthetic, gift idea, trendy, statement tee",produits/identite/id_gymrat_en__dark.png,produits/identite/id_gymrat_en__light.png
id_humanist_en,identite,humor,Funny & Sarcastic,,en,Humanist | Funny & Sarcastic (English) Design,"funny saying, sarcastic, sarcasm, humor, meme shirt, funny quote, introvert humor, humanist, identite, funny & sarcastic, funny shirt, typography, minimalist, aesthetic, gift idea, trendy, statement tee",produits/identite/id_humanist_en__dark.png,produits/identite/id_humanist_en__light.png
id_infirmiere_fr,identite,humor,Funny & Sarcastic,,fr,Infirmière Épuisée | Funny & Sarcastic (French) Design,"funny saying, sarcastic, sarcasm, humor, meme shirt, funny quote, introvert humor, infirmière, épuisée, identite, funny & sarcastic, funny shirt, typography, minimalist, aesthetic, gift idea, trendy, statement tee",produits/identite/id_infirmiere_fr__dark.png,produits/identite/id_infirmiere_fr__light.png
id_kdrama_en,identite,humor,Funny & Sarcastic,,en,K-Drama Addict | Funny & Sarcastic (English) Design,"funny saying, sarcastic, sarcasm, humor, meme shirt, funny quote, introvert humor, drama, addict, identite, funny & sarcastic, funny shirt, typography, minimalist, aesthetic, gift idea, trendy, statement tee",produits/identite/id_kdrama_en__dark.png,produits/identite/id_kdrama_en__light.png
id_knitter_en,identite,humor,Funny & Sarcastic,,en,Proud Knitter | Funny & Sarcastic (English) Design,"funny saying, sarcastic, sarcasm, humor, meme shirt, funny quote, introvert humor, proud, knitter, identite, funny & sarcastic, funny shirt, typography, minimalist, aesthetic, gift idea, trendy, statement tee",produits/identite/id_knitter_en__dark.png,produits/identite/id_knitter_en__light.png
id_lectrice_fr,identite,humor,Funny & Sarcastic,,fr,Accro Aux Romans | Funny & Sarcastic (French) Design,"funny saying, sarcastic, sarcasm, humor, meme shirt, funny quote, introvert humor, accro, romans, identite, funny & sarcastic, funny shirt, typography, minimalist, aesthetic, gift idea, trendy, statement tee",produits/identite/id_lectrice_fr__dark.png,produits/identite/id_lectrice_fr__light.png
id_mama_gatuna_es,identite,humor,Funny & Sarcastic,,es,Mamá Gatuna | Funny & Sarcastic (Spanish) Design,"funny saying, sarcastic, sarcasm, humor, meme shirt, funny quote, introvert humor, mamá, gatuna, identite, funny & sarcastic, funny shirt, typography, minimalist, aesthetic, gift idea, trendy, statement tee",produits/identite/id_mama_gatuna_es__dark.png,produits/identite/id_mama_gatuna_es__light.png
id_matcha_en,identite,humor,Funny & Sarcastic,,en,Matcha Addict | Funny & Sarcastic (English) Design,"funny saying, sarcastic, sarcasm, humor, meme shirt, funny quote, introvert humor, matcha, addict, identite, funny & sarcastic, funny shirt, typography, minimalist, aesthetic, gift idea, trendy, statement tee",produits/identite/id_matcha_en__dark.png,produits/identite/id_matcha_en__light.png
id_militant_fr,identite,humor,Funny & Sarcastic,,fr,Militant | Funny & Sarcastic (French) Design,"funny saying, sarcastic, sarcasm, humor, meme shirt, funny quote, introvert humor, militant, identite, funny & sarcastic, funny shirt, typography, minimalist, aesthetic, gift idea, trendy, statement tee",produits/identite/id_militant_fr__dark.png,produits/identite/id_militant_fr__light.png
id_nurse_en,identite,humor,Funny & Sarcastic,,en,Nurse Life | Funny & Sarcastic (English) Design,"funny saying, sarcastic, sarcasm, humor, meme shirt, funny quote, introvert humor, nurse, life, identite, funny & sarcastic, funny shirt, typography, minimalist, aesthetic, gift idea, trendy, statement tee",produits/identite/id_nurse_en__dark.png,produits/identite/id_nurse_en__light.png
id_pescador_es,identite,humor,Funny & Sarcastic,,es,Pescador | Funny & Sarcastic (Spanish) Design,"funny saying, sarcastic, sarcasm, humor, meme shirt, funny quote, introvert humor, pescador, identite, funny & sarcastic, funny shirt, typography, minimalist, aesthetic, gift idea, trendy, statement tee",produits/identite/id_pescador_es__dark.png,produits/identite/id_pescador_es__light.png
id_plant_mom_en,identite,humor,Funny & Sarcastic,,en,Plant Mom | Funny & Sarcastic (English) Design,"funny saying, sarcastic, sarcasm, humor, meme shirt, funny quote, introvert humor, plant, identite, funny & sarcastic, funny shirt, typography, minimalist, aesthetic, gift idea, trendy, statement tee",produits/identite/id_plant_mom_en__dark.png,produits/identite/id_plant_mom_en__light.png
id_romantasy_en,identite,humor,Funny & Sarcastic,,en,Romantasy Addict | Funny & Sarcastic (English) Design,"funny saying, sarcastic, sarcasm, humor, meme shirt, funny quote, introvert humor, romantasy, addict, identite, funny & sarcastic, funny shirt, typography, minimalist, aesthetic, gift idea, trendy, statement tee",produits/identite/id_romantasy_en__dark.png,produits/identite/id_romantasy_en__light.png
id_romantasy_es,identite,humor,Funny & Sarcastic,,es,Adicta A La Romantasy | Funny & Sarcastic (Spanish) Design,"funny saying, sarcastic, sarcasm, humor, meme shirt, funny quote, introvert humor, adicta, romantasy, identite, funny & sarcastic, funny shirt, typography, minimalist, aesthetic, gift idea, trendy, statement tee",produits/identite/id_romantasy_es__dark.png,produits/identite/id_romantasy_es__light.png
id_runner_en,identite,humor,Funny & Sarcastic,,en,Trail Runner | Funny & Sarcastic (English) Design,"funny saying, sarcastic, sarcasm, humor, meme shirt, funny quote, introvert humor, trail, runner, identite, funny & sarcastic, funny shirt, typography, minimalist, aesthetic, gift idea, trendy, statement tee",produits/identite/id_runner_en__dark.png,produits/identite/id_runner_en__light.png
id_skater_en,identite,humor,Funny & Sarcastic,,en,Skater | Funny & Sarcastic (English) Design,"funny saying, sarcastic, sarcasm, humor, meme shirt, funny quote, introvert humor, skater, identite, funny & sarcastic, funny shirt, typography, minimalist, aesthetic, gift idea, trendy, statement tee",produits/identite/id_skater_en__dark.png,produits/identite/id_skater_en__light.png
id_smut_en,identite,humor,Funny & Sarcastic,,en,Smut Reader | Funny & Sarcastic (English) Design,"funny saying, sarcastic, sarcasm, humor, meme shirt, funny quote, introvert humor, smut, reader, identite, funny & sarcastic, funny shirt, typography, minimalist, aesthetic, gift idea, trendy, statement tee",produits/identite/id_smut_en__dark.png,produits/identite/id_smut_en__light.png
id_sourdough_en,identite,humor,Funny & Sarcastic,,en,Sourdough Baker | Funny & Sarcastic (English) Design,"funny saying, sarcastic, sarcasm, humor, meme shirt, funny quote, introvert humor, sourdough, baker, identite, funny & sarcastic, funny shirt, typography, minimalist, aesthetic, gift idea, trendy, statement tee",produits/identite/id_sourdough_en__dark.png,produits/identite/id_sourdough_en__light.png
id_surfer_en,identite,humor,Funny & Sarcastic,,en,Surfer | Funny & Sarcastic (English) Design,"funny saying, sarcastic, sarcasm, humor, meme shirt, funny quote, introvert humor, surfer, identite, funny & sarcastic, funny shirt, typography, minimalist, aesthetic, gift idea, trendy, statement tee",produits/identite/id_surfer_en__dark.png,produits/identite/id_surfer_en__light.png
id_tarot_en,identite,humor,Funny & Sarcastic,,en,Tarot Reader | Funny & Sarcastic (English) Design,"funny saying, sarcastic, sarcasm, humor, meme shirt, funny quote, introvert humor, tarot, reader, identite, funny & sarcastic, funny shirt, typography, minimalist, aesthetic, gift idea, trendy, statement tee",produits/identite/id_tarot_en__dark.png,produits/identite/id_tarot_en__light.png
id_teacher_en,identite,humor,Funny & Sarcastic,,en,Tired Teacher | Funny & Sarcastic (English) Design,"funny saying, sarcastic, sarcasm, humor, meme shirt, funny quote, introvert humor, tired, teacher, identite, funny & sarcastic, funny shirt, typography, minimalist, aesthetic, gift idea, trendy, statement tee",produits/identite/id_teacher_en__dark.png,produits/identite/id_teacher_en__light.png
id_vinyl_en,identite,humor,Funny & Sarcastic,,en,Vinyl Collector | Funny & Sarcastic (English) Design,"funny saying, sarcastic, sarcasm, humor, meme shirt, funny quote, introvert humor, vinyl, collector, identite, funny & sarcastic, funny shirt, typography, minimalist, aesthetic, gift idea, trendy, statement tee",produits/identite/id_vinyl_en__dark.png,produits/identite/id_vinyl_en__light.png
id_welder_en,identite,humor,Funny & Sarcastic,,en,Welder | Funny & Sarcastic (English) Design,"funny saying, sarcastic, sarcasm, humor, meme shirt, funny quote, introvert humor, welder, identite, funny & sarcastic, funny shirt, typography, minimalist, aesthetic, gift idea, trendy, statement tee",produits/identite/id_welder_en__dark.png,produits/identite/id_welder_en__light.png
ir_allergique_betise_fr,ironique,humor,Funny & Sarcastic,,fr,Allergique À La Bêtise. On Va Pas S'Entendre | Funny & Sarcastic (French) Design,"funny saying, sarcastic, sarcasm, humor, meme shirt, funny quote, introvert humor, allergique, bêtise, s'entendre, ironique, funny & sarcastic, funny shirt, typography, minimalist, aesthetic, gift idea, trendy, statement tee",produits/ironique/ir_allergique_betise_fr__dark.png,produits/ironique/ir_allergique_betise_fr__light.png
ir_bootstraps_en,ironique,humor,Funny & Sarcastic,,en,« Self-Made » With Daddy's Startup Money | Funny & Sarcastic (English) Design,"funny saying, sarcastic, sarcasm, humor, meme shirt, funny quote, introvert humor, self, made, daddy's, startup, money, ironique, funny & sarcastic, funny shirt, typography, minimalist, aesthetic, gift idea, trendy, statement tee",produits/ironique/ir_bootstraps_en__dark.png,produits/ironique/ir_bootstraps_en__light.png
ir_content_moi_fr,ironique,humor,Funny & Sarcastic,,fr,Je Suis Content D'Être Moi Quand Je Te Vois | Funny & Sarcastic (French) Design,"funny saying, sarcastic, sarcasm, humor, meme shirt, funny quote, introvert humor, suis, content, d'être, quand, vois, ironique, funny & sarcastic, funny shirt, typography, minimalist, aesthetic, gift idea, trendy, statement tee",produits/ironique/ir_content_moi_fr__dark.png,produits/ironique/ir_content_moi_fr__light.png
ir_couldnt_care_en,ironique,humor,Funny & Sarcastic,,en,I Couldn't Care Less. And I've Tried. | Funny & Sarcastic (English) Design,"funny saying, sarcastic, sarcasm, humor, meme shirt, funny quote, introvert humor, couldn't, care, less, i've, tried, ironique, funny & sarcastic, funny shirt, typography, minimalist, aesthetic, gift idea, trendy, statement tee",produits/ironique/ir_couldnt_care_en__dark.png,produits/ironique/ir_couldnt_care_en__light.png
ir_decu_pas_surpris_fr,ironique,humor,Funny & Sarcastic,,fr,Déçu ? Non. Pas Surpris Venant De Toi | Funny & Sarcastic (French) Design,"funny saying, sarcastic, sarcasm, humor, meme shirt, funny quote, introvert humor, déçu, surpris, venant, ironique, funny & sarcastic, funny shirt, typography, minimalist, aesthetic, gift idea, trendy, statement tee",produits/ironique/ir_decu_pas_surpris_fr__dark.png,produits/ironique/ir_decu_pas_surpris_fr__light.png
ir_emotional_support_en,ironique,humor,Funny & Sarcastic,,en,I'm Someone's Emotional Support Menace | Funny & Sarcastic (English) Design,"funny saying, sarcastic, sarcasm, humor, meme shirt, funny quote, introvert humor, someone's, emotional, support, menace, ironique, funny & sarcastic, funny shirt, typography, minimalist, aesthetic, gift idea, trendy, statement tee",produits/ironique/ir_emotional_support_en__dark.png,produits/ironique/ir_emotional_support_en__light.png
ir_iq_room_temp_en,ironique,humor,Funny & Sarcastic,,en,Your Hot Takes Are Cold. Like Your IQ. | Funny & Sarcastic (English) Design,"funny saying, sarcastic, sarcasm, humor, meme shirt, funny quote, introvert humor, takes, cold, ironique, funny & sarcastic, funny shirt, typography, minimalist, aesthetic, gift idea, trendy, statement tee",produits/ironique/ir_iq_room_temp_en__dark.png,produits/ironique/ir_iq_room_temp_en__light.png
ir_main_character_en,ironique,humor,Funny & Sarcastic,,en,You're Not The Main Character. You're The Warning. | Funny & Sarcastic (English) Design,"funny saying, sarcastic, sarcasm, humor, meme shirt, funny quote, introvert humor, you're, main, character, warning, ironique, funny & sarcastic, funny shirt, typography, minimalist, aesthetic, gift idea, trendy, statement tee",produits/ironique/ir_main_character_en__dark.png,produits/ironique/ir_main_character_en__light.png
ir_mechant_gratuit_fr,ironique,humor,Funny & Sarcastic,,fr,"Je Suis Pas Méchant, Je Suis Honnête. Ça Surprend, Hein ? | Funny & Sarcastic (French) Design","funny saying, sarcastic, sarcasm, humor, meme shirt, funny quote, introvert humor, suis, méchant, honnête, surprend, hein, ironique, funny & sarcastic, funny shirt, typography, minimalist, aesthetic, gift idea, trendy, statement tee",produits/ironique/ir_mechant_gratuit_fr__dark.png,produits/ironique/ir_mechant_gratuit_fr__light.png
ir_meme_bateau_fr,ironique,humor,Funny & Sarcastic,,fr,On Est Tous Dans Le Même Bateau (Sauf Ceux Qui Ont Troué La Coque) | Funny & Sarcastic (French) Design,"funny saying, sarcastic, sarcasm, humor, meme shirt, funny quote, introvert humor, tous, même, bateau, sauf, ceux, ironique, funny & sarcastic, funny shirt, typography, minimalist, aesthetic, gift idea, trendy, statement tee",produits/ironique/ir_meme_bateau_fr__dark.png,produits/ironique/ir_meme_bateau_fr__light.png
ir_patience_fr,ironique,humor,Funny & Sarcastic,,fr,J'Ai De La Patience. Elle T'Attend Dehors. | Funny & Sarcastic (French) Design,"funny saying, sarcastic, sarcasm, humor, meme shirt, funny quote, introvert humor, j'ai, patience, elle, t'attend, dehors, ironique, funny & sarcastic, funny shirt, typography, minimalist, aesthetic, gift idea, trendy, statement tee",produits/ironique/ir_patience_fr__dark.png,produits/ironique/ir_patience_fr__light.png
ir_ruissellement_fr,ironique,humor,Funny & Sarcastic,,fr,J'Attends Toujours Le Ruissellement. Il Pleut Pas. | Funny & Sarcastic (French) Design,"funny saying, sarcastic, sarcasm, humor, meme shirt, funny quote, introvert humor, j'attends, toujours, ruissellement, pleut, ironique, funny & sarcastic, funny shirt, typography, minimalist, aesthetic, gift idea, trendy, statement tee",produits/ironique/ir_ruissellement_fr__dark.png,produits/ironique/ir_ruissellement_fr__light.png
ir_same_boat_en,ironique,humor,Funny & Sarcastic,,en,We're All In The Same Boat (Some Just Drilled The Holes) | Funny & Sarcastic (English) Design,"funny saying, sarcastic, sarcasm, humor, meme shirt, funny quote, introvert humor, we're, same, boat, some, drilled, ironique, funny & sarcastic, funny shirt, typography, minimalist, aesthetic, gift idea, trendy, statement tee",produits/ironique/ir_same_boat_en__dark.png,produits/ironique/ir_same_boat_en__light.png
ir_self_made_fr,ironique,humor,Funny & Sarcastic,,fr,« Parti De Rien » Avec L'Entreprise De Papa | Funny & Sarcastic (French) Design,"funny saying, sarcastic, sarcasm, humor, meme shirt, funny quote, introvert humor, parti, rien, l'entreprise, papa, ironique, funny & sarcastic, funny shirt, typography, minimalist, aesthetic, gift idea, trendy, statement tee",produits/ironique/ir_self_made_fr__dark.png,produits/ironique/ir_self_made_fr__light.png
ir_smarter_plants_en,ironique,humor,Funny & Sarcastic,,en,My Plants Have Better Takes Than You | Funny & Sarcastic (English) Design,"funny saying, sarcastic, sarcasm, humor, meme shirt, funny quote, introvert humor, plants, better, takes, than, ironique, funny & sarcastic, funny shirt, typography, minimalist, aesthetic, gift idea, trendy, statement tee",produits/ironique/ir_smarter_plants_en__dark.png,produits/ironique/ir_smarter_plants_en__light.png
ir_sois_toi_meme_fr,ironique,humor,Funny & Sarcastic,,fr,« Sois Toi-Même » Mauvais Conseil Dans Ton Cas | Funny & Sarcastic (French) Design,"funny saying, sarcastic, sarcasm, humor, meme shirt, funny quote, introvert humor, sois, même, mauvais, conseil, ironique, funny & sarcastic, funny shirt, typography, minimalist, aesthetic, gift idea, trendy, statement tee",produits/ironique/ir_sois_toi_meme_fr__dark.png,produits/ironique/ir_sois_toi_meme_fr__light.png
ir_thoughts_quiet_en,ironique,humor,Funny & Sarcastic,,en,Your Opinion Means A Lot. To Nobody. | Funny & Sarcastic (English) Design,"funny saying, sarcastic, sarcasm, humor, meme shirt, funny quote, introvert humor, opinion, means, nobody, ironique, funny & sarcastic, funny shirt, typography, minimalist, aesthetic, gift idea, trendy, statement tee",produits/ironique/ir_thoughts_quiet_en__dark.png,produits/ironique/ir_thoughts_quiet_en__light.png
ir_trickle_down_en,ironique,humor,Funny & Sarcastic,,en,Still Waiting For That Wealth To Trickle Down | Funny & Sarcastic (English) Design,"funny saying, sarcastic, sarcasm, humor, meme shirt, funny quote, introvert humor, still, waiting, wealth, trickle, down, ironique, funny & sarcastic, funny shirt, typography, minimalist, aesthetic, gift idea, trendy, statement tee",produits/ironique/ir_trickle_down_en__dark.png,produits/ironique/ir_trickle_down_en__light.png
ir_two_sides_en,ironique,humor,Funny & Sarcastic,,en,There Aren't Two Sides To Basic Respect | Funny & Sarcastic (English) Design,"funny saying, sarcastic, sarcasm, humor, meme shirt, funny quote, introvert humor, there, aren't, sides, basic, respect, ironique, funny & sarcastic, funny shirt, typography, minimalist, aesthetic, gift idea, trendy, statement tee",produits/ironique/ir_two_sides_en__dark.png,produits/ironique/ir_two_sides_en__light.png
ir_villain_origin_en,ironique,humor,Funny & Sarcastic,,en,Talking To You Is My Villain Origin Story | Funny & Sarcastic (English) Design,"funny saying, sarcastic, sarcasm, humor, meme shirt, funny quote, introvert humor, talking, villain, origin, story, ironique, funny & sarcastic, funny shirt, typography, minimalist, aesthetic, gift idea, trendy, statement tee",produits/ironique/ir_villain_origin_en__dark.png,produits/ironique/ir_villain_origin_en__light.png
3dp_98_fail_en,niches,humor,Funny & Sarcastic,3d_printing,en,Failed at 98% We Don't Talk About It | Funny & Sarcastic (English) Design,"funny saying, sarcastic, sarcasm, humor, meme shirt, funny quote, introvert humor, failed, don't, talk, about, 3d printing, niches, funny & sarcastic, funny shirt, typography, minimalist, aesthetic, gift idea, trendy, statement tee",produits/niches/3dp_98_fail_en__dark.png,produits/niches/3dp_98_fail_en__light.png
3dp_bed_level_en,niches,humor,Funny & Sarcastic,3d_printing,en,Bed Was Level The Print Said Otherwise | Funny & Sarcastic (English) Design,"funny saying, sarcastic, sarcasm, humor, meme shirt, funny quote, introvert humor, level, print, said, otherwise, 3d printing, niches, funny & sarcastic, funny shirt, typography, minimalist, aesthetic, gift idea, trendy, statement tee",produits/niches/3dp_bed_level_en__dark.png,produits/niches/3dp_bed_level_en__light.png
3dp_benchy_en,niches,humor,Funny & Sarcastic,3d_printing,en,My Benchy Strung Like a Harp | Funny & Sarcastic (English) Design,"funny saying, sarcastic, sarcasm, humor, meme shirt, funny quote, introvert humor, benchy, strung, harp, 3d printing, niches, funny & sarcastic, funny shirt, typography, minimalist, aesthetic, gift idea, trendy, statement tee",produits/niches/3dp_benchy_en__dark.png,produits/niches/3dp_benchy_en__light.png
3dp_filament_en,niches,humor,Funny & Sarcastic,3d_printing,en,I Changed Filament 4 Times for One Print | Funny & Sarcastic (English) Design,"funny saying, sarcastic, sarcasm, humor, meme shirt, funny quote, introvert humor, changed, filament, times, print, 3d printing, niches, funny & sarcastic, funny shirt, typography, minimalist, aesthetic, gift idea, trendy, statement tee",produits/niches/3dp_filament_en__dark.png,produits/niches/3dp_filament_en__light.png
3dp_nozzle_clog_en,niches,humor,Funny & Sarcastic,3d_printing,en,Nozzle Clogged Right in the Middle. Classic. | Funny & Sarcastic (English) Design,"funny saying, sarcastic, sarcasm, humor, meme shirt, funny quote, introvert humor, nozzle, clogged, right, middle, classic, 3d printing, niches, funny & sarcastic, funny shirt, typography, minimalist, aesthetic, gift idea, trendy, statement tee",produits/niches/3dp_nozzle_clog_en__dark.png,produits/niches/3dp_nozzle_clog_en__light.png
3dp_pla_petg_en,niches,humor,Funny & Sarcastic,3d_printing,en,PLA or PETG The Only Question That Matters | Funny & Sarcastic (English) Design,"funny saying, sarcastic, sarcasm, humor, meme shirt, funny quote, introvert humor, petg, question, matters, 3d printing, niches, funny & sarcastic, funny shirt, typography, minimalist, aesthetic, gift idea, trendy, statement tee",produits/niches/3dp_pla_petg_en__dark.png,produits/niches/3dp_pla_petg_en__light.png
acct_debit_en,niches,humor,Funny & Sarcastic,accountants,en,In Debit We Trust | Funny & Sarcastic (English) Design,"funny saying, sarcastic, sarcasm, humor, meme shirt, funny quote, introvert humor, debit, trust, accountants, niches, funny & sarcastic, funny shirt, typography, minimalist, aesthetic, gift idea, trendy, statement tee",produits/niches/acct_debit_en__dark.png,produits/niches/acct_debit_en__light.png
acct_numbers_en,niches,humor,Funny & Sarcastic,accountants,en,I Know Numbers You Fear | Funny & Sarcastic (English) Design,"funny saying, sarcastic, sarcasm, humor, meme shirt, funny quote, introvert humor, know, numbers, fear, accountants, niches, funny & sarcastic, funny shirt, typography, minimalist, aesthetic, gift idea, trendy, statement tee",produits/niches/acct_numbers_en__dark.png,produits/niches/acct_numbers_en__light.png
aoh_nature_en,niches,humor,Funny & Sarcastic,plants_over_humans,en,Trees Don't Ghost You I'm Just Saying | Funny & Sarcastic (English) Design,"funny saying, sarcastic, sarcasm, humor, meme shirt, funny quote, introvert humor, trees, don't, ghost, saying, plants over humans, niches, funny & sarcastic, funny shirt, typography, minimalist, aesthetic, gift idea, trendy, statement tee",produits/niches/aoh_nature_en__dark.png,produits/niches/aoh_nature_en__light.png
aoh_nature_fr,niches,humor,Funny & Sarcastic,plants_over_humans,fr,La forêt ne me juge pas Les gens oui | Funny & Sarcastic (French) Design,"funny saying, sarcastic, sarcasm, humor, meme shirt, funny quote, introvert humor, forêt, juge, gens, plants over humans, niches, funny & sarcastic, funny shirt, typography, minimalist, aesthetic, gift idea, trendy, statement tee",produits/niches/aoh_nature_fr__dark.png,produits/niches/aoh_nature_fr__light.png
aoh_plants_en,niches,humor,Funny & Sarcastic,plants_over_humans,en,My Plants Listen People Interrupt | Funny & Sarcastic (English) Design,"funny saying, sarcastic, sarcasm, humor, meme shirt, funny quote, introvert humor, plants, listen, people, interrupt, plants over humans, niches, funny & sarcastic, funny shirt, typography, minimalist, aesthetic, gift idea, trendy, statement tee",produits/niches/aoh_plants_en__dark.png,produits/niches/aoh_plants_en__light.png
aoh_plants_fr,niches,humor,Funny & Sarcastic,plants_over_humans,fr,Mes plantes m'écoutent Les gens m'oublient | Funny & Sarcastic (French) Design,"funny saying, sarcastic, sarcasm, humor, meme shirt, funny quote, introvert humor, plantes, m'écoutent, gens, m'oublient, plants over humans, niches, funny & sarcastic, funny shirt, typography, minimalist, aesthetic, gift idea, trendy, statement tee",produits/niches/aoh_plants_fr__dark.png,produits/niches/aoh_plants_fr__light.png
aq_anubias_en,niches,humor,Funny & Sarcastic,aquascaping,en,Anubias on Driftwood Classic for a Reason | Funny & Sarcastic (English) Design,"funny saying, sarcastic, sarcasm, humor, meme shirt, funny quote, introvert humor, anubias, driftwood, classic, reason, aquascaping, niches, funny & sarcastic, funny shirt, typography, minimalist, aesthetic, gift idea, trendy, statement tee",produits/niches/aq_anubias_en__dark.png,produits/niches/aq_anubias_en__light.png
aq_bba_en,niches,humor,Funny & Sarcastic,aquascaping,en,BBA Is My Personal Nemesis | Funny & Sarcastic (English) Design,"funny saying, sarcastic, sarcasm, humor, meme shirt, funny quote, introvert humor, personal, nemesis, aquascaping, niches, funny & sarcastic, funny shirt, typography, minimalist, aesthetic, gift idea, trendy, statement tee",produits/niches/aq_bba_en__dark.png,produits/niches/aq_bba_en__light.png
aq_dutch_en,niches,humor,Funny & Sarcastic,aquascaping,en,Dutch Style No Half Measures | Funny & Sarcastic (English) Design,"funny saying, sarcastic, sarcasm, humor, meme shirt, funny quote, introvert humor, dutch, style, half, measures, aquascaping, niches, funny & sarcastic, funny shirt, typography, minimalist, aesthetic, gift idea, trendy, statement tee",produits/niches/aq_dutch_en__dark.png,produits/niches/aq_dutch_en__light.png
aq_ei_dosing_en,niches,humor,Funny & Sarcastic,aquascaping,en,EI Dosing & Trusting the Process | Funny & Sarcastic (English) Design,"funny saying, sarcastic, sarcasm, humor, meme shirt, funny quote, introvert humor, dosing, trusting, process, aquascaping, niches, funny & sarcastic, funny shirt, typography, minimalist, aesthetic, gift idea, trendy, statement tee",produits/niches/aq_ei_dosing_en__dark.png,produits/niches/aq_ei_dosing_en__light.png
aq_hardscape_en,niches,humor,Funny & Sarcastic,aquascaping,en,My Hardscape Has Better Composition Than My Life | Funny & Sarcastic (English) Design,"funny saying, sarcastic, sarcasm, humor, meme shirt, funny quote, introvert humor, hardscape, better, composition, than, life, aquascaping, niches, funny & sarcastic, funny shirt, typography, minimalist, aesthetic, gift idea, trendy, statement tee",produits/niches/aq_hardscape_en__dark.png,produits/niches/aq_hardscape_en__light.png
aq_trim_saturday_en,niches,humor,Funny & Sarcastic,aquascaping,en,I Trim Every Saturday Non-Negotiable | Funny & Sarcastic (English) Design,"funny saying, sarcastic, sarcasm, humor, meme shirt, funny quote, introvert humor, trim, every, saturday, negotiable, aquascaping, niches, funny & sarcastic, funny shirt, typography, minimalist, aesthetic, gift idea, trendy, statement tee",produits/niches/aq_trim_saturday_en__dark.png,produits/niches/aq_trim_saturday_en__light.png
astro_just_a_girl_en,niches,humor,Funny & Sarcastic,astronomy,en,Just a Girl Who Loves Stars | Funny & Sarcastic (English) Design,"funny saying, sarcastic, sarcasm, humor, meme shirt, funny quote, introvert humor, girl, loves, stars, astronomy, niches, funny & sarcastic, funny shirt, typography, minimalist, aesthetic, gift idea, trendy, statement tee",produits/niches/astro_just_a_girl_en__dark.png,produits/niches/astro_just_a_girl_en__light.png
astro_keep_looking_up_en,niches,humor,Funny & Sarcastic,astronomy,en,Keep Looking Up | Funny & Sarcastic (English) Design,"funny saying, sarcastic, sarcasm, humor, meme shirt, funny quote, introvert humor, keep, looking, astronomy, niches, funny & sarcastic, funny shirt, typography, minimalist, aesthetic, gift idea, trendy, statement tee",produits/niches/astro_keep_looking_up_en__dark.png,produits/niches/astro_keep_looking_up_en__light.png
astro_more_space_en,niches,humor,Funny & Sarcastic,astronomy,en,I Need More Space | Funny & Sarcastic (English) Design,"funny saying, sarcastic, sarcasm, humor, meme shirt, funny quote, introvert humor, need, more, space, astronomy, niches, funny & sarcastic, funny shirt, typography, minimalist, aesthetic, gift idea, trendy, statement tee",produits/niches/astro_more_space_en__dark.png,produits/niches/astro_more_space_en__light.png
astro_night_owl_en,niches,humor,Funny & Sarcastic,astronomy,en,Stargazer Night Owl | Funny & Sarcastic (English) Design,"funny saying, sarcastic, sarcasm, humor, meme shirt, funny quote, introvert humor, stargazer, night, astronomy, niches, funny & sarcastic, funny shirt, typography, minimalist, aesthetic, gift idea, trendy, statement tee",produits/niches/astro_night_owl_en__dark.png,produits/niches/astro_night_owl_en__light.png
axe_bullseye_en,niches,humor,Funny & Sarcastic,axe_throwing,en,Bullseye or Nothing | Funny & Sarcastic (English) Design,"funny saying, sarcastic, sarcasm, humor, meme shirt, funny quote, introvert humor, bullseye, nothing, axe throwing, niches, funny & sarcastic, funny shirt, typography, minimalist, aesthetic, gift idea, trendy, statement tee",produits/niches/axe_bullseye_en__dark.png,produits/niches/axe_bullseye_en__light.png
axe_stress_relief_en,niches,humor,Funny & Sarcastic,axe_throwing,en,Stress Relief Comes in Sharp | Funny & Sarcastic (English) Design,"funny saying, sarcastic, sarcasm, humor, meme shirt, funny quote, introvert humor, stress, relief, comes, sharp, axe throwing, niches, funny & sarcastic, funny shirt, typography, minimalist, aesthetic, gift idea, trendy, statement tee",produits/niches/axe_stress_relief_en__dark.png,produits/niches/axe_stress_relief_en__light.png
axe_therapy_en,niches,humor,Funny & Sarcastic,axe_throwing,en,Axe Throwing Therapy | Funny & Sarcastic (English) Design,"funny saying, sarcastic, sarcasm, humor, meme shirt, funny quote, introvert humor, throwing, therapy, axe throwing, niches, funny & sarcastic, funny shirt, typography, minimalist, aesthetic, gift idea, trendy, statement tee",produits/niches/axe_therapy_en__dark.png,produits/niches/axe_therapy_en__light.png
axe_whats_your_hobby_en,niches,humor,Funny & Sarcastic,axe_throwing,en,I Throw Axes What's Your Hobby? | Funny & Sarcastic (English) Design,"funny saying, sarcastic, sarcasm, humor, meme shirt, funny quote, introvert humor, throw, axes, what's, hobby, axe throwing, niches, funny & sarcastic, funny shirt, typography, minimalist, aesthetic, gift idea, trendy, statement tee",produits/niches/axe_whats_your_hobby_en__dark.png,produits/niches/axe_whats_your_hobby_en__light.png
bake_better_place_en,niches,humor,Funny & Sarcastic,pastry,en,Bake the World a Better Place | Funny & Sarcastic (English) Design,"funny saying, sarcastic, sarcasm, humor, meme shirt, funny quote, introvert humor, bake, world, better, place, pastry, niches, funny & sarcastic, funny shirt, typography, minimalist, aesthetic, gift idea, trendy, statement tee",produits/niches/bake_better_place_en__dark.png,produits/niches/bake_better_place_en__light.png
bake_butter_trust_en,niches,humor,Funny & Sarcastic,pastry,en,In Butter We Trust | Funny & Sarcastic (English) Design,"funny saying, sarcastic, sarcasm, humor, meme shirt, funny quote, introvert humor, butter, trust, pastry, niches, funny & sarcastic, funny shirt, typography, minimalist, aesthetic, gift idea, trendy, statement tee",produits/niches/bake_butter_trust_en__dark.png,produits/niches/bake_butter_trust_en__light.png
bake_messy_kitchen_en,niches,humor,Funny & Sarcastic,pastry,en,Messy Kitchen Delicious Results | Funny & Sarcastic (English) Design,"funny saying, sarcastic, sarcasm, humor, meme shirt, funny quote, introvert humor, messy, kitchen, delicious, results, pastry, niches, funny & sarcastic, funny shirt, typography, minimalist, aesthetic, gift idea, trendy, statement tee",produits/niches/bake_messy_kitchen_en__dark.png,produits/niches/bake_messy_kitchen_en__light.png
bake_whisked_en,niches,humor,Funny & Sarcastic,pastry,en,Whisked & Ready | Funny & Sarcastic (English) Design,"funny saying, sarcastic, sarcasm, humor, meme shirt, funny quote, introvert humor, whisked, ready, pastry, niches, funny & sarcastic, funny shirt, typography, minimalist, aesthetic, gift idea, trendy, statement tee",produits/niches/bake_whisked_en__dark.png,produits/niches/bake_whisked_en__light.png
barb_fades_cheap_en,niches,humor,Funny & Sarcastic,barbers,en,Talk Is Cheap Good Fades Aren't | Funny & Sarcastic (English) Design,"funny saying, sarcastic, sarcasm, humor, meme shirt, funny quote, introvert humor, talk, cheap, good, fades, aren't, barbers, niches, funny & sarcastic, funny shirt, typography, minimalist, aesthetic, gift idea, trendy, statement tee",produits/niches/barb_fades_cheap_en__dark.png,produits/niches/barb_fades_cheap_en__light.png
barb_life_en,niches,humor,Funny & Sarcastic,barbers,en,Barber Life | Funny & Sarcastic (English) Design,"funny saying, sarcastic, sarcasm, humor, meme shirt, funny quote, introvert humor, barber, life, barbers, niches, funny & sarcastic, funny shirt, typography, minimalist, aesthetic, gift idea, trendy, statement tee",produits/niches/barb_life_en__dark.png,produits/niches/barb_life_en__light.png
barb_sharp_fades_en,niches,humor,Funny & Sarcastic,barbers,en,Sharp Fades Sharp Minds | Funny & Sarcastic (English) Design,"funny saying, sarcastic, sarcasm, humor, meme shirt, funny quote, introvert humor, sharp, fades, minds, barbers, niches, funny & sarcastic, funny shirt, typography, minimalist, aesthetic, gift idea, trendy, statement tee",produits/niches/barb_sharp_fades_en__dark.png,produits/niches/barb_sharp_fades_en__light.png
bbq_grill_sergeant_en,niches,humor,Funny & Sarcastic,bbq,en,Grill Sergeant | Funny & Sarcastic (English) Design,"funny saying, sarcastic, sarcasm, humor, meme shirt, funny quote, introvert humor, grill, sergeant, bbq, niches, funny & sarcastic, funny shirt, typography, minimalist, aesthetic, gift idea, trendy, statement tee",produits/niches/bbq_grill_sergeant_en__dark.png,produits/niches/bbq_grill_sergeant_en__light.png
bbq_low_slow_en,niches,humor,Funny & Sarcastic,bbq,en,Low & Slow | Funny & Sarcastic (English) Design,"funny saying, sarcastic, sarcasm, humor, meme shirt, funny quote, introvert humor, slow, bbq, niches, funny & sarcastic, funny shirt, typography, minimalist, aesthetic, gift idea, trendy, statement tee",produits/niches/bbq_low_slow_en__dark.png,produits/niches/bbq_low_slow_en__light.png
bbq_rub_my_meat_en,niches,humor,Funny & Sarcastic,bbq,en,I Rub My Meat Then Smoke It | Funny & Sarcastic (English) Design,"funny saying, sarcastic, sarcasm, humor, meme shirt, funny quote, introvert humor, meat, then, smoke, bbq, niches, funny & sarcastic, funny shirt, typography, minimalist, aesthetic, gift idea, trendy, statement tee",produits/niches/bbq_rub_my_meat_en__dark.png,produits/niches/bbq_rub_my_meat_en__light.png
bbq_smoke_everything_en,niches,humor,Funny & Sarcastic,bbq,en,Smoke Everything | Funny & Sarcastic (English) Design,"funny saying, sarcastic, sarcasm, humor, meme shirt, funny quote, introvert humor, smoke, everything, bbq, niches, funny & sarcastic, funny shirt, typography, minimalist, aesthetic, gift idea, trendy, statement tee",produits/niches/bbq_smoke_everything_en__dark.png,produits/niches/bbq_smoke_everything_en__light.png
bc_adopt_en,niches,humor,Funny & Sarcastic,black_cats,en,Black Cats Adopt Last Mine Adopted Me First | Funny & Sarcastic (English) Design,"funny saying, sarcastic, sarcasm, humor, meme shirt, funny quote, introvert humor, black, cats, adopt, last, mine, black cats, niches, funny & sarcastic, funny shirt, typography, minimalist, aesthetic, gift idea, trendy, statement tee",produits/niches/bc_adopt_en__dark.png,produits/niches/bc_adopt_en__light.png
bc_brain_en,niches,humor,Funny & Sarcastic,border_collie,en,Border Collie Brain at 6am. Not Ready. | Funny & Sarcastic (English) Design,"funny saying, sarcastic, sarcasm, humor, meme shirt, funny quote, introvert humor, border, collie, brain, ready, border collie, niches, funny & sarcastic, funny shirt, typography, minimalist, aesthetic, gift idea, trendy, statement tee",produits/niches/bc_brain_en__dark.png,produits/niches/bc_brain_en__light.png
bc_eye_en,niches,humor,Funny & Sarcastic,border_collie,en,The Eye Is Not Aggression Educate Yourselves | Funny & Sarcastic (English) Design,"funny saying, sarcastic, sarcasm, humor, meme shirt, funny quote, introvert humor, aggression, educate, yourselves, border collie, niches, funny & sarcastic, funny shirt, typography, minimalist, aesthetic, gift idea, trendy, statement tee",produits/niches/bc_eye_en__dark.png,produits/niches/bc_eye_en__light.png
bc_herds_en,niches,humor,Funny & Sarcastic,border_collie,en,My Collie Herds Children at the Park. I Apologize. | Funny & Sarcastic (English) Design,"funny saying, sarcastic, sarcasm, humor, meme shirt, funny quote, introvert humor, collie, herds, children, park, apologize, border collie, niches, funny & sarcastic, funny shirt, typography, minimalist, aesthetic, gift idea, trendy, statement tee",produits/niches/bc_herds_en__dark.png,produits/niches/bc_herds_en__light.png
bc_panther_en,niches,humor,Funny & Sarcastic,black_cats,en,House Panther Unapologetically | Funny & Sarcastic (English) Design,"funny saying, sarcastic, sarcasm, humor, meme shirt, funny quote, introvert humor, house, panther, unapologetically, black cats, niches, funny & sarcastic, funny shirt, typography, minimalist, aesthetic, gift idea, trendy, statement tee",produits/niches/bc_panther_en__dark.png,produits/niches/bc_panther_en__light.png
bc_shadow_en,niches,humor,Funny & Sarcastic,black_cats,en,I Find Her by Blinking in the Dark | Funny & Sarcastic (English) Design,"funny saying, sarcastic, sarcasm, humor, meme shirt, funny quote, introvert humor, find, blinking, dark, black cats, niches, funny & sarcastic, funny shirt, typography, minimalist, aesthetic, gift idea, trendy, statement tee",produits/niches/bc_shadow_en__dark.png,produits/niches/bc_shadow_en__light.png
bc_smarter_en,niches,humor,Funny & Sarcastic,border_collie,en,My Border Collie Is Smarter Than Both of Us | Funny & Sarcastic (English) Design,"funny saying, sarcastic, sarcasm, humor, meme shirt, funny quote, introvert humor, border, collie, smarter, than, both, border collie, niches, funny & sarcastic, funny shirt, typography, minimalist, aesthetic, gift idea, trendy, statement tee",produits/niches/bc_smarter_en__dark.png,produits/niches/bc_smarter_en__light.png
bc_zoomies_en,niches,humor,Funny & Sarcastic,border_collie,en,The Zoomies Hit There's Nothing I Can Do | Funny & Sarcastic (English) Design,"funny saying, sarcastic, sarcasm, humor, meme shirt, funny quote, introvert humor, zoomies, there's, nothing, border collie, niches, funny & sarcastic, funny shirt, typography, minimalist, aesthetic, gift idea, trendy, statement tee",produits/niches/bc_zoomies_en__dark.png,produits/niches/bc_zoomies_en__light.png
book_one_more_chapter_en,niches,humor,Funny & Sarcastic,book_lovers,en,One More Chapter | Funny & Sarcastic (English) Design,"funny saying, sarcastic, sarcasm, humor, meme shirt, funny quote, introvert humor, more, chapter, book lovers, niches, funny & sarcastic, funny shirt, typography, minimalist, aesthetic, gift idea, trendy, statement tee",produits/niches/book_one_more_chapter_en__dark.png,produits/niches/book_one_more_chapter_en__light.png
book_pause_en,niches,humor,Funny & Sarcastic,book_lovers,en,I Paused My Reading to Be Here | Funny & Sarcastic (English) Design,"funny saying, sarcastic, sarcasm, humor, meme shirt, funny quote, introvert humor, paused, reading, here, book lovers, niches, funny & sarcastic, funny shirt, typography, minimalist, aesthetic, gift idea, trendy, statement tee",produits/niches/book_pause_en__dark.png,produits/niches/book_pause_en__light.png
book_tbr_en,niches,humor,Funny & Sarcastic,book_lovers,en,My TBR Is Taller Than Me | Funny & Sarcastic (English) Design,"funny saying, sarcastic, sarcasm, humor, meme shirt, funny quote, introvert humor, taller, than, book lovers, niches, funny & sarcastic, funny shirt, typography, minimalist, aesthetic, gift idea, trendy, statement tee",produits/niches/book_tbr_en__dark.png,produits/niches/book_tbr_en__light.png
brew_dry_hop_en,niches,humor,Funny & Sarcastic,home_brewing,en,Dry-Hopped at Day 4 Science. | Funny & Sarcastic (English) Design,"funny saying, sarcastic, sarcasm, humor, meme shirt, funny quote, introvert humor, hopped, science, home brewing, niches, funny & sarcastic, funny shirt, typography, minimalist, aesthetic, gift idea, trendy, statement tee",produits/niches/brew_dry_hop_en__dark.png,produits/niches/brew_dry_hop_en__light.png
brew_ibus_en,niches,humor,Funny & Sarcastic,home_brewing,en,I Know My IBUs by Heart | Funny & Sarcastic (English) Design,"funny saying, sarcastic, sarcasm, humor, meme shirt, funny quote, introvert humor, know, ibus, heart, home brewing, niches, funny & sarcastic, funny shirt, typography, minimalist, aesthetic, gift idea, trendy, statement tee",produits/niches/brew_ibus_en__dark.png,produits/niches/brew_ibus_en__light.png
brew_lhbs_en,niches,humor,Funny & Sarcastic,home_brewing,en,LHBS Closed? Crisis Mode. | Funny & Sarcastic (English) Design,"funny saying, sarcastic, sarcasm, humor, meme shirt, funny quote, introvert humor, lhbs, closed, crisis, mode, home brewing, niches, funny & sarcastic, funny shirt, typography, minimalist, aesthetic, gift idea, trendy, statement tee",produits/niches/brew_lhbs_en__dark.png,produits/niches/brew_lhbs_en__light.png
brew_mash_temp_en,niches,humor,Funny & Sarcastic,home_brewing,en,Mash Temp Held 67°C. Perfect. | Funny & Sarcastic (English) Design,"funny saying, sarcastic, sarcasm, humor, meme shirt, funny quote, introvert humor, mash, temp, held, perfect, home brewing, niches, funny & sarcastic, funny shirt, typography, minimalist, aesthetic, gift idea, trendy, statement tee",produits/niches/brew_mash_temp_en__dark.png,produits/niches/brew_mash_temp_en__light.png
brew_og_en,niches,humor,Funny & Sarcastic,home_brewing,en,My OG Was 1.065 Proud of It | Funny & Sarcastic (English) Design,"funny saying, sarcastic, sarcasm, humor, meme shirt, funny quote, introvert humor, proud, home brewing, niches, funny & sarcastic, funny shirt, typography, minimalist, aesthetic, gift idea, trendy, statement tee",produits/niches/brew_og_en__dark.png,produits/niches/brew_og_en__light.png
brew_trub_en,niches,humor,Funny & Sarcastic,home_brewing,en,Trub in the Fermenter Trust the Process | Funny & Sarcastic (English) Design,"funny saying, sarcastic, sarcasm, humor, meme shirt, funny quote, introvert humor, trub, fermenter, trust, process, home brewing, niches, funny & sarcastic, funny shirt, typography, minimalist, aesthetic, gift idea, trendy, statement tee",produits/niches/brew_trub_en__dark.png,produits/niches/brew_trub_en__light.png
bw_bins_en,niches,humor,Funny & Sarcastic,birdwatching,en,My Bins Cost More Than My Phone | Funny & Sarcastic (English) Design,"funny saying, sarcastic, sarcasm, humor, meme shirt, funny quote, introvert humor, bins, cost, more, than, phone, birdwatching, niches, funny & sarcastic, funny shirt, typography, minimalist, aesthetic, gift idea, trendy, statement tee",produits/niches/bw_bins_en__dark.png,produits/niches/bw_bins_en__light.png
bw_lifer_en,niches,humor,Funny & Sarcastic,birdwatching,en,Lifer at Last 299 Species & Counting | Funny & Sarcastic (English) Design,"funny saying, sarcastic, sarcasm, humor, meme shirt, funny quote, introvert humor, lifer, last, species, counting, birdwatching, niches, funny & sarcastic, funny shirt, typography, minimalist, aesthetic, gift idea, trendy, statement tee",produits/niches/bw_lifer_en__dark.png,produits/niches/bw_lifer_en__light.png
bw_patch_en,niches,humor,Funny & Sarcastic,birdwatching,en,Patch Birder Hardcore Since Dawn | Funny & Sarcastic (English) Design,"funny saying, sarcastic, sarcasm, humor, meme shirt, funny quote, introvert humor, patch, birder, hardcore, since, dawn, birdwatching, niches, funny & sarcastic, funny shirt, typography, minimalist, aesthetic, gift idea, trendy, statement tee",produits/niches/bw_patch_en__dark.png,produits/niches/bw_patch_en__light.png
bw_pish_en,niches,humor,Funny & Sarcastic,birdwatching,en,I Pish in Public & I'm Not Ashamed | Funny & Sarcastic (English) Design,"funny saying, sarcastic, sarcasm, humor, meme shirt, funny quote, introvert humor, pish, public, ashamed, birdwatching, niches, funny & sarcastic, funny shirt, typography, minimalist, aesthetic, gift idea, trendy, statement tee",produits/niches/bw_pish_en__dark.png,produits/niches/bw_pish_en__light.png
camp_happy_en,niches,humor,Funny & Sarcastic,camping,en,Happy Camper | Funny & Sarcastic (English) Design,"funny saying, sarcastic, sarcasm, humor, meme shirt, funny quote, introvert humor, happy, camper, camping, niches, funny & sarcastic, funny shirt, typography, minimalist, aesthetic, gift idea, trendy, statement tee",produits/niches/camp_happy_en__dark.png,produits/niches/camp_happy_en__light.png
camp_nature_calls_en,niches,humor,Funny & Sarcastic,camping,en,Nature Calls I Answer | Funny & Sarcastic (English) Design,"funny saying, sarcastic, sarcasm, humor, meme shirt, funny quote, introvert humor, nature, calls, answer, camping, niches, funny & sarcastic, funny shirt, typography, minimalist, aesthetic, gift idea, trendy, statement tee",produits/niches/camp_nature_calls_en__dark.png,produits/niches/camp_nature_calls_en__light.png
camp_repeat_en,niches,humor,Funny & Sarcastic,camping,en,Eat. Sleep. Camp. Repeat. | Funny & Sarcastic (English) Design,"funny saying, sarcastic, sarcasm, humor, meme shirt, funny quote, introvert humor, sleep, camp, repeat, camping, niches, funny & sarcastic, funny shirt, typography, minimalist, aesthetic, gift idea, trendy, statement tee",produits/niches/camp_repeat_en__dark.png,produits/niches/camp_repeat_en__light.png
camp_unplugged_en,niches,humor,Funny & Sarcastic,camping,en,Unplugged & Loving It | Funny & Sarcastic (English) Design,"funny saying, sarcastic, sarcasm, humor, meme shirt, funny quote, introvert humor, unplugged, loving, camping, niches, funny & sarcastic, funny shirt, typography, minimalist, aesthetic, gift idea, trendy, statement tee",produits/niches/camp_unplugged_en__dark.png,produits/niches/camp_unplugged_en__light.png
candle_lit_en,niches,humor,Funny & Sarcastic,candle_making,en,Totally Lit | Funny & Sarcastic (English) Design,"funny saying, sarcastic, sarcasm, humor, meme shirt, funny quote, introvert humor, totally, candle making, niches, funny & sarcastic, funny shirt, typography, minimalist, aesthetic, gift idea, trendy, statement tee",produits/niches/candle_lit_en__dark.png,produits/niches/candle_lit_en__light.png
candle_wax_on_en,niches,humor,Funny & Sarcastic,candle_making,en,Wax On Worry Off | Funny & Sarcastic (English) Design,"funny saying, sarcastic, sarcasm, humor, meme shirt, funny quote, introvert humor, worry, candle making, niches, funny & sarcastic, funny shirt, typography, minimalist, aesthetic, gift idea, trendy, statement tee",produits/niches/candle_wax_on_en__dark.png,produits/niches/candle_wax_on_en__light.png
candle_wickedly_crafty_en,niches,humor,Funny & Sarcastic,candle_making,en,Wickedly Crafty | Funny & Sarcastic (English) Design,"funny saying, sarcastic, sarcasm, humor, meme shirt, funny quote, introvert humor, wickedly, crafty, candle making, niches, funny & sarcastic, funny shirt, typography, minimalist, aesthetic, gift idea, trendy, statement tee",produits/niches/candle_wickedly_crafty_en__dark.png,produits/niches/candle_wickedly_crafty_en__light.png
cf_amrap_en,niches,humor,Funny & Sarcastic,crossfit,en,My AMRAP Is Longer Than Your Workout | Funny & Sarcastic (English) Design,"funny saying, sarcastic, sarcasm, humor, meme shirt, funny quote, introvert humor, amrap, longer, than, workout, crossfit, niches, funny & sarcastic, funny shirt, typography, minimalist, aesthetic, gift idea, trendy, statement tee",produits/niches/cf_amrap_en__dark.png,produits/niches/cf_amrap_en__light.png
cf_chalk_en,niches,humor,Funny & Sarcastic,crossfit,en,Chalk Hands Open Heart | Funny & Sarcastic (English) Design,"funny saying, sarcastic, sarcasm, humor, meme shirt, funny quote, introvert humor, chalk, hands, open, heart, crossfit, niches, funny & sarcastic, funny shirt, typography, minimalist, aesthetic, gift idea, trendy, statement tee",produits/niches/cf_chalk_en__dark.png,produits/niches/cf_chalk_en__light.png
cf_double_unders_en,niches,humor,Funny & Sarcastic,crossfit,en,Double Unders Ended My Last Friendship | Funny & Sarcastic (English) Design,"funny saying, sarcastic, sarcasm, humor, meme shirt, funny quote, introvert humor, double, unders, ended, last, friendship, crossfit, niches, funny & sarcastic, funny shirt, typography, minimalist, aesthetic, gift idea, trendy, statement tee",produits/niches/cf_double_unders_en__dark.png,produits/niches/cf_double_unders_en__light.png
cf_kip_en,niches,humor,Funny & Sarcastic,crossfit,en,I Kip and I'm Not Sorry | Funny & Sarcastic (English) Design,"funny saying, sarcastic, sarcasm, humor, meme shirt, funny quote, introvert humor, sorry, crossfit, niches, funny & sarcastic, funny shirt, typography, minimalist, aesthetic, gift idea, trendy, statement tee",produits/niches/cf_kip_en__dark.png,produits/niches/cf_kip_en__light.png
cf_pr_cried_en,niches,humor,Funny & Sarcastic,crossfit,en,PR'd My Clean and Cried. Loudly. | Funny & Sarcastic (English) Design,"funny saying, sarcastic, sarcasm, humor, meme shirt, funny quote, introvert humor, pr'd, clean, cried, loudly, crossfit, niches, funny & sarcastic, funny shirt, typography, minimalist, aesthetic, gift idea, trendy, statement tee",produits/niches/cf_pr_cried_en__dark.png,produits/niches/cf_pr_cried_en__light.png
cf_scaled_ok_en,niches,humor,Funny & Sarcastic,crossfit,en,Scaled Isn't Weak Ask Me How I Know | Funny & Sarcastic (English) Design,"funny saying, sarcastic, sarcasm, humor, meme shirt, funny quote, introvert humor, scaled, isn't, weak, know, crossfit, niches, funny & sarcastic, funny shirt, typography, minimalist, aesthetic, gift idea, trendy, statement tee",produits/niches/cf_scaled_ok_en__dark.png,produits/niches/cf_scaled_ok_en__light.png
cf_thrusters_hate_en,niches,humor,Funny & Sarcastic,crossfit,en,Thrusters Are Just Hate Made Functional | Funny & Sarcastic (English) Design,"funny saying, sarcastic, sarcasm, humor, meme shirt, funny quote, introvert humor, thrusters, hate, made, functional, crossfit, niches, funny & sarcastic, funny shirt, typography, minimalist, aesthetic, gift idea, trendy, statement tee",produits/niches/cf_thrusters_hate_en__dark.png,produits/niches/cf_thrusters_hate_en__light.png
cf_whiteboard_en,niches,humor,Funny & Sarcastic,crossfit,en,The Whiteboard Never Lies | Funny & Sarcastic (English) Design,"funny saying, sarcastic, sarcasm, humor, meme shirt, funny quote, introvert humor, whiteboard, never, lies, crossfit, niches, funny & sarcastic, funny shirt, typography, minimalist, aesthetic, gift idea, trendy, statement tee",produits/niches/cf_whiteboard_en__dark.png,produits/niches/cf_whiteboard_en__light.png
chi_fawn_or_merle_en,niches,humor,Funny & Sarcastic,chihuahua,en,"Fawn, Merle, Blue? She's Trouble. That's the Color. | Funny & Sarcastic (English) Design","funny saying, sarcastic, sarcasm, humor, meme shirt, funny quote, introvert humor, fawn, merle, blue, she's, trouble, chihuahua, niches, funny & sarcastic, funny shirt, typography, minimalist, aesthetic, gift idea, trendy, statement tee",produits/niches/chi_fawn_or_merle_en__dark.png,produits/niches/chi_fawn_or_merle_en__light.png
chi_pda_en,niches,humor,Funny & Sarcastic,chihuahua,en,My Chihuahua Has PDA Permanent Diva Attitude | Funny & Sarcastic (English) Design,"funny saying, sarcastic, sarcasm, humor, meme shirt, funny quote, introvert humor, chihuahua, permanent, diva, attitude, niches, funny & sarcastic, funny shirt, typography, minimalist, aesthetic, gift idea, trendy, statement tee",produits/niches/chi_pda_en__dark.png,produits/niches/chi_pda_en__light.png
chi_tiny_rage_en,niches,humor,Funny & Sarcastic,chihuahua,en,Pocket-Sized Rage & I Love Her | Funny & Sarcastic (English) Design,"funny saying, sarcastic, sarcasm, humor, meme shirt, funny quote, introvert humor, pocket, sized, rage, love, chihuahua, niches, funny & sarcastic, funny shirt, typography, minimalist, aesthetic, gift idea, trendy, statement tee",produits/niches/chi_tiny_rage_en__dark.png,produits/niches/chi_tiny_rage_en__light.png
chi_trembling_en,niches,humor,Funny & Sarcastic,chihuahua,en,She's Not Cold That's Just Her Personality | Funny & Sarcastic (English) Design,"funny saying, sarcastic, sarcasm, humor, meme shirt, funny quote, introvert humor, she's, cold, that's, personality, chihuahua, niches, funny & sarcastic, funny shirt, typography, minimalist, aesthetic, gift idea, trendy, statement tee",produits/niches/chi_trembling_en__dark.png,produits/niches/chi_trembling_en__light.png
chk_3am_en,niches,humor,Funny & Sarcastic,chickens,en,My Rooster Goes Off at 3am. Every Day. | Funny & Sarcastic (English) Design,"funny saying, sarcastic, sarcasm, humor, meme shirt, funny quote, introvert humor, rooster, goes, every, chickens, niches, funny & sarcastic, funny shirt, typography, minimalist, aesthetic, gift idea, trendy, statement tee",produits/niches/chk_3am_en__dark.png,produits/niches/chk_3am_en__light.png
chk_molt_en,niches,humor,Funny & Sarcastic,chickens,en,"Molting Season Zero Eggs, Maximum Panic | Funny & Sarcastic (English) Design","funny saying, sarcastic, sarcasm, humor, meme shirt, funny quote, introvert humor, molting, season, zero, eggs, maximum, chickens, niches, funny & sarcastic, funny shirt, typography, minimalist, aesthetic, gift idea, trendy, statement tee",produits/niches/chk_molt_en__dark.png,produits/niches/chk_molt_en__light.png
chk_pecking_en,niches,humor,Funny & Sarcastic,chickens,en,Pecking Order I'm at the Bottom | Funny & Sarcastic (English) Design,"funny saying, sarcastic, sarcasm, humor, meme shirt, funny quote, introvert humor, pecking, order, bottom, chickens, niches, funny & sarcastic, funny shirt, typography, minimalist, aesthetic, gift idea, trendy, statement tee",produits/niches/chk_pecking_en__dark.png,produits/niches/chk_pecking_en__light.png
chk_silkie_en,niches,humor,Funny & Sarcastic,chickens,en,Silkie Keeper They're Basically Cats | Funny & Sarcastic (English) Design,"funny saying, sarcastic, sarcasm, humor, meme shirt, funny quote, introvert humor, silkie, keeper, they're, basically, cats, chickens, niches, funny & sarcastic, funny shirt, typography, minimalist, aesthetic, gift idea, trendy, statement tee",produits/niches/chk_silkie_en__dark.png,produits/niches/chk_silkie_en__light.png
chk_vent_glazing_en,niches,humor,Funny & Sarcastic,chickens,en,Vent Check Every Sunday Because I'm That Person | Funny & Sarcastic (English) Design,"funny saying, sarcastic, sarcasm, humor, meme shirt, funny quote, introvert humor, vent, check, every, sunday, because, chickens, niches, funny & sarcastic, funny shirt, typography, minimalist, aesthetic, gift idea, trendy, statement tee",produits/niches/chk_vent_glazing_en__dark.png,produits/niches/chk_vent_glazing_en__light.png
climb_adult_later_en,niches,humor,Funny & Sarcastic,climbing,en,Climb Now Adult Later | Funny & Sarcastic (English) Design,"funny saying, sarcastic, sarcasm, humor, meme shirt, funny quote, introvert humor, climb, adult, later, climbing, niches, funny & sarcastic, funny shirt, typography, minimalist, aesthetic, gift idea, trendy, statement tee",produits/niches/climb_adult_later_en__dark.png,produits/niches/climb_adult_later_en__light.png
climb_chalk_cologne_en,niches,humor,Funny & Sarcastic,climbing,en,Chalk Is My Cologne | Funny & Sarcastic (English) Design,"funny saying, sarcastic, sarcasm, humor, meme shirt, funny quote, introvert humor, chalk, cologne, climbing, niches, funny & sarcastic, funny shirt, typography, minimalist, aesthetic, gift idea, trendy, statement tee",produits/niches/climb_chalk_cologne_en__dark.png,produits/niches/climb_chalk_cologne_en__light.png
climb_into_rocks_en,niches,humor,Funny & Sarcastic,climbing,en,I'm Into Rocks | Funny & Sarcastic (English) Design,"funny saying, sarcastic, sarcasm, humor, meme shirt, funny quote, introvert humor, into, rocks, climbing, niches, funny & sarcastic, funny shirt, typography, minimalist, aesthetic, gift idea, trendy, statement tee",produits/niches/climb_into_rocks_en__dark.png,produits/niches/climb_into_rocks_en__light.png
climb_send_it_en,niches,humor,Funny & Sarcastic,climbing,en,Send It or Bend It | Funny & Sarcastic (English) Design,"funny saying, sarcastic, sarcasm, humor, meme shirt, funny quote, introvert humor, send, bend, climbing, niches, funny & sarcastic, funny shirt, typography, minimalist, aesthetic, gift idea, trendy, statement tee",produits/niches/climb_send_it_en__dark.png,produits/niches/climb_send_it_en__light.png
coffee_blood_type_en,niches,humor,Funny & Sarcastic,coffee,en,My Blood Type Is Espresso | Funny & Sarcastic (English) Design,"funny saying, sarcastic, sarcasm, humor, meme shirt, funny quote, introvert humor, blood, type, espresso, coffee, niches, funny & sarcastic, funny shirt, typography, minimalist, aesthetic, gift idea, trendy, statement tee",produits/niches/coffee_blood_type_en__dark.png,produits/niches/coffee_blood_type_en__light.png
coffee_but_first_en,niches,humor,Funny & Sarcastic,coffee,en,But First Coffee | Funny & Sarcastic (English) Design,"funny saying, sarcastic, sarcasm, humor, meme shirt, funny quote, introvert humor, first, coffee, niches, funny & sarcastic, funny shirt, typography, minimalist, aesthetic, gift idea, trendy, statement tee",produits/niches/coffee_but_first_en__dark.png,produits/niches/coffee_but_first_en__light.png
coffee_espresso_yourself_en,niches,humor,Funny & Sarcastic,coffee,en,Espresso Yourself | Funny & Sarcastic (English) Design,"funny saying, sarcastic, sarcasm, humor, meme shirt, funny quote, introvert humor, espresso, yourself, coffee, niches, funny & sarcastic, funny shirt, typography, minimalist, aesthetic, gift idea, trendy, statement tee",produits/niches/coffee_espresso_yourself_en__dark.png,produits/niches/coffee_espresso_yourself_en__light.png
coffee_powered_beans_en,niches,humor,Funny & Sarcastic,coffee,en,Powered by Beans | Funny & Sarcastic (English) Design,"funny saying, sarcastic, sarcasm, humor, meme shirt, funny quote, introvert humor, powered, beans, coffee, niches, funny & sarcastic, funny shirt, typography, minimalist, aesthetic, gift idea, trendy, statement tee",produits/niches/coffee_powered_beans_en__dark.png,produits/niches/coffee_powered_beans_en__light.png
coh_purr_en,niches,humor,Funny & Sarcastic,cat_over_humans,en,My Cat's Purr Is Better Than Small Talk | Funny & Sarcastic (English) Design,"funny saying, sarcastic, sarcasm, humor, meme shirt, funny quote, introvert humor, cat's, purr, better, than, small, cat over humans, niches, funny & sarcastic, funny shirt, typography, minimalist, aesthetic, gift idea, trendy, statement tee",produits/niches/coh_purr_en__dark.png,produits/niches/coh_purr_en__light.png
coh_schnurrt_de,niches,humor,Funny & Sarcastic,cat_over_humans,de,Meine Katze schnurrt Die Menschen nerven | Funny & Sarcastic (German) Design,"funny saying, sarcastic, sarcasm, humor, meme shirt, funny quote, introvert humor, meine, katze, schnurrt, menschen, nerven, cat over humans, niches, funny & sarcastic, funny shirt, typography, minimalist, aesthetic, gift idea, trendy, statement tee",produits/niches/coh_schnurrt_de__dark.png,produits/niches/coh_schnurrt_de__light.png
cp_37_seconds_en,niches,humor,Funny & Sarcastic,cold_plunge,en,37 Seconds In Mind Went Quiet | Funny & Sarcastic (English) Design,"funny saying, sarcastic, sarcasm, humor, meme shirt, funny quote, introvert humor, seconds, mind, went, quiet, cold plunge, niches, funny & sarcastic, funny shirt, typography, minimalist, aesthetic, gift idea, trendy, statement tee",produits/niches/cp_37_seconds_en__dark.png,produits/niches/cp_37_seconds_en__light.png
cp_ice_bath_en,niches,humor,Funny & Sarcastic,cold_plunge,en,Ice Bath Every Morning Then Coffee. Then Humans. | Funny & Sarcastic (English) Design,"funny saying, sarcastic, sarcasm, humor, meme shirt, funny quote, introvert humor, bath, every, morning, then, coffee, cold plunge, niches, funny & sarcastic, funny shirt, typography, minimalist, aesthetic, gift idea, trendy, statement tee",produits/niches/cp_ice_bath_en__dark.png,produits/niches/cp_ice_bath_en__light.png
cp_wim_en,niches,humor,Funny & Sarcastic,cold_plunge,en,Wim Hof Was Right I Can't Believe It Either | Funny & Sarcastic (English) Design,"funny saying, sarcastic, sarcasm, humor, meme shirt, funny quote, introvert humor, right, can't, believe, either, cold plunge, niches, funny & sarcastic, funny shirt, typography, minimalist, aesthetic, gift idea, trendy, statement tee",produits/niches/cp_wim_en__dark.png,produits/niches/cp_wim_en__light.png
crochet_choke_en,niches,humor,Funny & Sarcastic,crochet,en,I Crochet So I Don't Choke People | Funny & Sarcastic (English) Design,"funny saying, sarcastic, sarcasm, humor, meme shirt, funny quote, introvert humor, crochet, don't, choke, people, niches, funny & sarcastic, funny shirt, typography, minimalist, aesthetic, gift idea, trendy, statement tee",produits/niches/crochet_choke_en__dark.png,produits/niches/crochet_choke_en__light.png
crochet_hooked_en,niches,humor,Funny & Sarcastic,crochet,en,Hooked on Crochet | Funny & Sarcastic (English) Design,"funny saying, sarcastic, sarcasm, humor, meme shirt, funny quote, introvert humor, hooked, crochet, niches, funny & sarcastic, funny shirt, typography, minimalist, aesthetic, gift idea, trendy, statement tee",produits/niches/crochet_hooked_en__dark.png,produits/niches/crochet_hooked_en__light.png
crochet_will_stop_en,niches,humor,Funny & Sarcastic,crochet,en,Will Stop for Yarn | Funny & Sarcastic (English) Design,"funny saying, sarcastic, sarcasm, humor, meme shirt, funny quote, introvert humor, will, stop, yarn, crochet, niches, funny & sarcastic, funny shirt, typography, minimalist, aesthetic, gift idea, trendy, statement tee",produits/niches/crochet_will_stop_en__dark.png,produits/niches/crochet_will_stop_en__light.png
crochet_yarn_cardio_en,niches,humor,Funny & Sarcastic,crochet,en,Yarn Is My Cardio | Funny & Sarcastic (English) Design,"funny saying, sarcastic, sarcasm, humor, meme shirt, funny quote, introvert humor, yarn, cardio, crochet, niches, funny & sarcastic, funny shirt, typography, minimalist, aesthetic, gift idea, trendy, statement tee",produits/niches/crochet_yarn_cardio_en__dark.png,produits/niches/crochet_yarn_cardio_en__light.png
dent_floss_en,niches,humor,Funny & Sarcastic,dental_hygienist,en,Floss More Complain Less | Funny & Sarcastic (English) Design,"funny saying, sarcastic, sarcasm, humor, meme shirt, funny quote, introvert humor, floss, more, complain, less, dental hygienist, niches, funny & sarcastic, funny shirt, typography, minimalist, aesthetic, gift idea, trendy, statement tee",produits/niches/dent_floss_en__dark.png,produits/niches/dent_floss_en__light.png
dent_plaque_en,niches,humor,Funny & Sarcastic,dental_hygienist,en,Fighting Plaque One Mouth at a Time | Funny & Sarcastic (English) Design,"funny saying, sarcastic, sarcasm, humor, meme shirt, funny quote, introvert humor, fighting, plaque, mouth, time, dental hygienist, niches, funny & sarcastic, funny shirt, typography, minimalist, aesthetic, gift idea, trendy, statement tee",produits/niches/dent_plaque_en__dark.png,produits/niches/dent_plaque_en__light.png
dent_spit_rinse_en,niches,humor,Funny & Sarcastic,dental_hygienist,en,Spit. Rinse. Repeat. | Funny & Sarcastic (English) Design,"funny saying, sarcastic, sarcasm, humor, meme shirt, funny quote, introvert humor, spit, rinse, repeat, dental hygienist, niches, funny & sarcastic, funny shirt, typography, minimalist, aesthetic, gift idea, trendy, statement tee",produits/niches/dent_spit_rinse_en__dark.png,produits/niches/dent_spit_rinse_en__light.png
dent_veins_en,niches,humor,Funny & Sarcastic,dental_hygienist,en,I Clean Teeth for a Living | Funny & Sarcastic (English) Design,"funny saying, sarcastic, sarcasm, humor, meme shirt, funny quote, introvert humor, clean, teeth, living, dental hygienist, niches, funny & sarcastic, funny shirt, typography, minimalist, aesthetic, gift idea, trendy, statement tee",produits/niches/dent_veins_en__dark.png,produits/niches/dent_veins_en__light.png
dg_23_discs_en,niches,humor,Funny & Sarcastic,disc_golf,en,I Carry 23 Discs for 9 Holes. Normal. | Funny & Sarcastic (English) Design,"funny saying, sarcastic, sarcasm, humor, meme shirt, funny quote, introvert humor, carry, discs, holes, normal, disc golf, niches, funny & sarcastic, funny shirt, typography, minimalist, aesthetic, gift idea, trendy, statement tee",produits/niches/dg_23_discs_en__dark.png,produits/niches/dg_23_discs_en__light.png
dg_ace_cry_en,niches,humor,Funny & Sarcastic,disc_golf,en,The Day I Ace a Hole I Will Cry | Funny & Sarcastic (English) Design,"funny saying, sarcastic, sarcasm, humor, meme shirt, funny quote, introvert humor, hole, will, disc golf, niches, funny & sarcastic, funny shirt, typography, minimalist, aesthetic, gift idea, trendy, statement tee",produits/niches/dg_ace_cry_en__dark.png,produits/niches/dg_ace_cry_en__light.png
dg_anhyzer_ob_en,niches,humor,Funny & Sarcastic,disc_golf,en,Anhyzer Into OB Every. Time. | Funny & Sarcastic (English) Design,"funny saying, sarcastic, sarcasm, humor, meme shirt, funny quote, introvert humor, anhyzer, into, every, time, disc golf, niches, funny & sarcastic, funny shirt, typography, minimalist, aesthetic, gift idea, trendy, statement tee",produits/niches/dg_anhyzer_ob_en__dark.png,produits/niches/dg_anhyzer_ob_en__light.png
dg_birdie_en,niches,humor,Funny & Sarcastic,disc_golf,en,Birdie Putt Made It. This Time. | Funny & Sarcastic (English) Design,"funny saying, sarcastic, sarcasm, humor, meme shirt, funny quote, introvert humor, birdie, putt, made, time, disc golf, niches, funny & sarcastic, funny shirt, typography, minimalist, aesthetic, gift idea, trendy, statement tee",produits/niches/dg_birdie_en__dark.png,produits/niches/dg_birdie_en__light.png
dg_chains_en,niches,humor,Funny & Sarcastic,disc_golf,en,Chains Are What I Live For | Funny & Sarcastic (English) Design,"funny saying, sarcastic, sarcasm, humor, meme shirt, funny quote, introvert humor, chains, what, live, disc golf, niches, funny & sarcastic, funny shirt, typography, minimalist, aesthetic, gift idea, trendy, statement tee",produits/niches/dg_chains_en__dark.png,produits/niches/dg_chains_en__light.png
dg_hyzer_memory_en,niches,humor,Funny & Sarcastic,disc_golf,en,My Hyzer Is Muscle Memory | Funny & Sarcastic (English) Design,"funny saying, sarcastic, sarcasm, humor, meme shirt, funny quote, introvert humor, hyzer, muscle, memory, disc golf, niches, funny & sarcastic, funny shirt, typography, minimalist, aesthetic, gift idea, trendy, statement tee",produits/niches/dg_hyzer_memory_en__dark.png,produits/niches/dg_hyzer_memory_en__light.png
dg_water_hazard_en,niches,humor,Funny & Sarcastic,disc_golf,en,That Water Hazard Ate 12 of My Discs | Funny & Sarcastic (English) Design,"funny saying, sarcastic, sarcasm, humor, meme shirt, funny quote, introvert humor, water, hazard, discs, disc golf, niches, funny & sarcastic, funny shirt, typography, minimalist, aesthetic, gift idea, trendy, statement tee",produits/niches/dg_water_hazard_en__dark.png,produits/niches/dg_water_hazard_en__light.png
dnd_critical_hit_en,niches,humor,Funny & Sarcastic,tabletop,en,Critical Hit to My Free Time | Funny & Sarcastic (English) Design,"funny saying, sarcastic, sarcasm, humor, meme shirt, funny quote, introvert humor, critical, free, time, tabletop, niches, funny & sarcastic, funny shirt, typography, minimalist, aesthetic, gift idea, trendy, statement tee",produits/niches/dnd_critical_hit_en__dark.png,produits/niches/dnd_critical_hit_en__light.png
dnd_initiative_en,niches,humor,Funny & Sarcastic,tabletop,en,Roll for Initiative | Funny & Sarcastic (English) Design,"funny saying, sarcastic, sarcasm, humor, meme shirt, funny quote, introvert humor, roll, initiative, tabletop, niches, funny & sarcastic, funny shirt, typography, minimalist, aesthetic, gift idea, trendy, statement tee",produits/niches/dnd_initiative_en__dark.png,produits/niches/dnd_initiative_en__light.png
dnd_master_disaster_en,niches,humor,Funny & Sarcastic,tabletop,en,Dungeon Master of Disaster | Funny & Sarcastic (English) Design,"funny saying, sarcastic, sarcasm, humor, meme shirt, funny quote, introvert humor, dungeon, master, disaster, tabletop, niches, funny & sarcastic, funny shirt, typography, minimalist, aesthetic, gift idea, trendy, statement tee",produits/niches/dnd_master_disaster_en__dark.png,produits/niches/dnd_master_disaster_en__light.png
dnd_rather_roll_en,niches,humor,Funny & Sarcastic,tabletop,en,I'd Rather Be Rolling Dice | Funny & Sarcastic (English) Design,"funny saying, sarcastic, sarcasm, humor, meme shirt, funny quote, introvert humor, rather, rolling, dice, tabletop, niches, funny & sarcastic, funny shirt, typography, minimalist, aesthetic, gift idea, trendy, statement tee",produits/niches/dnd_rather_roll_en__dark.png,produits/niches/dnd_rather_roll_en__light.png
elec_lets_get_wired_en,niches,humor,Funny & Sarcastic,electricians,en,Let's Get Wired | Funny & Sarcastic (English) Design,"funny saying, sarcastic, sarcasm, humor, meme shirt, funny quote, introvert humor, let's, wired, electricians, niches, funny & sarcastic, funny shirt, typography, minimalist, aesthetic, gift idea, trendy, statement tee",produits/niches/elec_lets_get_wired_en__dark.png,produits/niches/elec_lets_get_wired_en__light.png
elec_shocking_en,niches,humor,Funny & Sarcastic,electricians,en,Electrician: I Find It Shocking | Funny & Sarcastic (English) Design,"funny saying, sarcastic, sarcasm, humor, meme shirt, funny quote, introvert humor, electrician, find, shocking, electricians, niches, funny & sarcastic, funny shirt, typography, minimalist, aesthetic, gift idea, trendy, statement tee",produits/niches/elec_shocking_en__dark.png,produits/niches/elec_shocking_en__light.png
elec_watts_up_en,niches,humor,Funny & Sarcastic,electricians,en,Watt's Up? | Funny & Sarcastic (English) Design,"funny saying, sarcastic, sarcasm, humor, meme shirt, funny quote, introvert humor, watt's, electricians, niches, funny & sarcastic, funny shirt, typography, minimalist, aesthetic, gift idea, trendy, statement tee",produits/niches/elec_watts_up_en__dark.png,produits/niches/elec_watts_up_en__light.png
embr_care_en,niches,humor,Funny & Sarcastic,embroidery,en,I Stitch Because I Care | Funny & Sarcastic (English) Design,"funny saying, sarcastic, sarcasm, humor, meme shirt, funny quote, introvert humor, stitch, because, care, embroidery, niches, funny & sarcastic, funny shirt, typography, minimalist, aesthetic, gift idea, trendy, statement tee",produits/niches/embr_care_en__dark.png,produits/niches/embr_care_en__light.png
embr_hoop_en,niches,humor,Funny & Sarcastic,embroidery,en,"Hoop, There It Is | Funny & Sarcastic (English) Design","funny saying, sarcastic, sarcasm, humor, meme shirt, funny quote, introvert humor, hoop, there, embroidery, niches, funny & sarcastic, funny shirt, typography, minimalist, aesthetic, gift idea, trendy, statement tee",produits/niches/embr_hoop_en__dark.png,produits/niches/embr_hoop_en__light.png
embr_stitch_en,niches,humor,Funny & Sarcastic,embroidery,en,Cross Stitch Queen | Funny & Sarcastic (English) Design,"funny saying, sarcastic, sarcasm, humor, meme shirt, funny quote, introvert humor, cross, stitch, queen, embroidery, niches, funny & sarcastic, funny shirt, typography, minimalist, aesthetic, gift idea, trendy, statement tee",produits/niches/embr_stitch_en__dark.png,produits/niches/embr_stitch_en__light.png
enc_ask_first_en,niches,humor,Funny & Sarcastic,pregnancy_notouch,en,Belly Belongs to Baby Not to You. Ask First. | Funny & Sarcastic (English) Design,"funny saying, sarcastic, sarcasm, humor, meme shirt, funny quote, introvert humor, belly, belongs, baby, first, pregnancy notouch, niches, funny & sarcastic, funny shirt, typography, minimalist, aesthetic, gift idea, trendy, statement tee",produits/niches/enc_ask_first_en__dark.png,produits/niches/enc_ask_first_en__light.png
enc_barriga_es,niches,humor,Funny & Sarcastic,pregnancy_notouch,es,Embarazada No toques la barriga | Funny & Sarcastic (Spanish) Design,"funny saying, sarcastic, sarcasm, humor, meme shirt, funny quote, introvert humor, embarazada, toques, barriga, pregnancy notouch, niches, funny & sarcastic, funny shirt, typography, minimalist, aesthetic, gift idea, trendy, statement tee",produits/niches/enc_barriga_es__dark.png,produits/niches/enc_barriga_es__light.png
enc_bauch_de,niches,humor,Funny & Sarcastic,pregnancy_notouch,de,Finger weg vom Bauch Das ist keine Einladung | Funny & Sarcastic (German) Design,"funny saying, sarcastic, sarcasm, humor, meme shirt, funny quote, introvert humor, finger, bauch, keine, einladung, pregnancy notouch, niches, funny & sarcastic, funny shirt, typography, minimalist, aesthetic, gift idea, trendy, statement tee",produits/niches/enc_bauch_de__dark.png,produits/niches/enc_bauch_de__light.png
enc_bump_en,niches,humor,Funny & Sarcastic,pregnancy_notouch,en,Touch the Bump Lose the Hand | Funny & Sarcastic (English) Design,"funny saying, sarcastic, sarcasm, humor, meme shirt, funny quote, introvert humor, touch, bump, lose, hand, pregnancy notouch, niches, funny & sarcastic, funny shirt, typography, minimalist, aesthetic, gift idea, trendy, statement tee",produits/niches/enc_bump_en__dark.png,produits/niches/enc_bump_en__light.png
enc_dare_en,niches,humor,Funny & Sarcastic,pregnancy_notouch,en,Pregnant Touch My Belly. I Dare You. | Funny & Sarcastic (English) Design,"funny saying, sarcastic, sarcasm, humor, meme shirt, funny quote, introvert humor, pregnant, touch, belly, dare, pregnancy notouch, niches, funny & sarcastic, funny shirt, typography, minimalist, aesthetic, gift idea, trendy, statement tee",produits/niches/enc_dare_en__dark.png,produits/niches/enc_dare_en__light.png
enc_hands_en,niches,humor,Funny & Sarcastic,pregnancy_notouch,en,Baby Inside Hands Outside | Funny & Sarcastic (English) Design,"funny saying, sarcastic, sarcasm, humor, meme shirt, funny quote, introvert humor, baby, inside, hands, outside, pregnancy notouch, niches, funny & sarcastic, funny shirt, typography, minimalist, aesthetic, gift idea, trendy, statement tee",produits/niches/enc_hands_en__dark.png,produits/niches/enc_hands_en__light.png
enc_oblige_fr,niches,humor,Funny & Sarcastic,pregnancy_notouch,fr,"Enceinte, mais tu n'es vraiment pas obligé de toucher | Funny & Sarcastic (French) Design","funny saying, sarcastic, sarcasm, humor, meme shirt, funny quote, introvert humor, enceinte, n'es, vraiment, obligé, toucher, pregnancy notouch, niches, funny & sarcastic, funny shirt, typography, minimalist, aesthetic, gift idea, trendy, statement tee",produits/niches/enc_oblige_fr__dark.png,produits/niches/enc_oblige_fr__light.png
enc_pas_petting_zoo_fr,niches,humor,Funny & Sarcastic,pregnancy_notouch,fr,Je ne suis pas un zoo de contact | Funny & Sarcastic (French) Design,"funny saying, sarcastic, sarcasm, humor, meme shirt, funny quote, introvert humor, suis, contact, pregnancy notouch, niches, funny & sarcastic, funny shirt, typography, minimalist, aesthetic, gift idea, trendy, statement tee",produits/niches/enc_pas_petting_zoo_fr__dark.png,produits/niches/enc_pas_petting_zoo_fr__light.png
enc_permission_fr,niches,humor,Funny & Sarcastic,pregnancy_notouch,fr,Aucune permission de toucher N'a été accordée | Funny & Sarcastic (French) Design,"funny saying, sarcastic, sarcasm, humor, meme shirt, funny quote, introvert humor, aucune, permission, toucher, accordée, pregnancy notouch, niches, funny & sarcastic, funny shirt, typography, minimalist, aesthetic, gift idea, trendy, statement tee",produits/niches/enc_permission_fr__dark.png,produits/niches/enc_permission_fr__light.png
enc_petting_zoo_en,niches,humor,Funny & Sarcastic,pregnancy_notouch,en,Not a Petting Zoo I'm Just Pregnant | Funny & Sarcastic (English) Design,"funny saying, sarcastic, sarcasm, humor, meme shirt, funny quote, introvert humor, petting, pregnant, pregnancy notouch, niches, funny & sarcastic, funny shirt, typography, minimalist, aesthetic, gift idea, trendy, statement tee",produits/niches/enc_petting_zoo_en__dark.png,produits/niches/enc_petting_zoo_en__light.png
enc_pied_fr,niches,humor,Funny & Sarcastic,pregnancy_notouch,fr,Touche mon ventre et mon pied touche ton c | Funny & Sarcastic (French) Design,"funny saying, sarcastic, sarcasm, humor, meme shirt, funny quote, introvert humor, touche, ventre, pied, pregnancy notouch, niches, funny & sarcastic, funny shirt, typography, minimalist, aesthetic, gift idea, trendy, statement tee",produits/niches/enc_pied_fr__dark.png,produits/niches/enc_pied_fr__light.png
enc_touche_fr,niches,humor,Funny & Sarcastic,pregnancy_notouch,fr,Enceinte Touche et vois ce qui arrive | Funny & Sarcastic (French) Design,"funny saying, sarcastic, sarcasm, humor, meme shirt, funny quote, introvert humor, enceinte, touche, vois, arrive, pregnancy notouch, niches, funny & sarcastic, funny shirt, typography, minimalist, aesthetic, gift idea, trendy, statement tee",produits/niches/enc_touche_fr__dark.png,produits/niches/enc_touche_fr__light.png
farm_dirt_coffee_en,niches,humor,Funny & Sarcastic,farmers,en,Powered by Dirt & Coffee | Funny & Sarcastic (English) Design,"funny saying, sarcastic, sarcasm, humor, meme shirt, funny quote, introvert humor, powered, dirt, coffee, farmers, niches, funny & sarcastic, funny shirt, typography, minimalist, aesthetic, gift idea, trendy, statement tee",produits/niches/farm_dirt_coffee_en__dark.png,produits/niches/farm_dirt_coffee_en__light.png
farm_hair_dont_care_en,niches,humor,Funny & Sarcastic,farmers,en,Farm Hair Don't Care | Funny & Sarcastic (English) Design,"funny saying, sarcastic, sarcasm, humor, meme shirt, funny quote, introvert humor, farm, hair, don't, care, farmers, niches, funny & sarcastic, funny shirt, typography, minimalist, aesthetic, gift idea, trendy, statement tee",produits/niches/farm_hair_dont_care_en__dark.png,produits/niches/farm_hair_dont_care_en__light.png
farm_no_farms_en,niches,humor,Funny & Sarcastic,farmers,en,No Farms No Food | Funny & Sarcastic (English) Design,"funny saying, sarcastic, sarcasm, humor, meme shirt, funny quote, introvert humor, farms, food, farmers, niches, funny & sarcastic, funny shirt, typography, minimalist, aesthetic, gift idea, trendy, statement tee",produits/niches/farm_no_farms_en__dark.png,produits/niches/farm_no_farms_en__light.png
farm_sunrise_hustle_en,niches,humor,Funny & Sarcastic,farmers,en,Sunrise Hustle | Funny & Sarcastic (English) Design,"funny saying, sarcastic, sarcasm, humor, meme shirt, funny quote, introvert humor, sunrise, hustle, farmers, niches, funny & sarcastic, funny shirt, typography, minimalist, aesthetic, gift idea, trendy, statement tee",produits/niches/farm_sunrise_hustle_en__dark.png,produits/niches/farm_sunrise_hustle_en__light.png
ferm_brine_en,niches,humor,Funny & Sarcastic,fermentation,en,My Brine Is 2% My pH Is Fine | Funny & Sarcastic (English) Design,"funny saying, sarcastic, sarcasm, humor, meme shirt, funny quote, introvert humor, brine, fine, fermentation, niches, funny & sarcastic, funny shirt, typography, minimalist, aesthetic, gift idea, trendy, statement tee",produits/niches/ferm_brine_en__dark.png,produits/niches/ferm_brine_en__light.png
ferm_kahm_en,niches,humor,Funny & Sarcastic,fermentation,en,Kahm Yeast Is Not Mold I Promise | Funny & Sarcastic (English) Design,"funny saying, sarcastic, sarcasm, humor, meme shirt, funny quote, introvert humor, kahm, yeast, mold, promise, fermentation, niches, funny & sarcastic, funny shirt, typography, minimalist, aesthetic, gift idea, trendy, statement tee",produits/niches/ferm_kahm_en__dark.png,produits/niches/ferm_kahm_en__light.png
ferm_lacto_en,niches,humor,Funny & Sarcastic,fermentation,en,"Lacto-Fermented by Nature, Obsessed by Choice | Funny & Sarcastic (English) Design","funny saying, sarcastic, sarcasm, humor, meme shirt, funny quote, introvert humor, lacto, fermented, nature, obsessed, choice, fermentation, niches, funny & sarcastic, funny shirt, typography, minimalist, aesthetic, gift idea, trendy, statement tee",produits/niches/ferm_lacto_en__dark.png,produits/niches/ferm_lacto_en__light.png
ferm_listen_en,niches,humor,Funny & Sarcastic,fermentation,en,Every Jar Makes a Sound I Listen | Funny & Sarcastic (English) Design,"funny saying, sarcastic, sarcasm, humor, meme shirt, funny quote, introvert humor, every, makes, sound, listen, fermentation, niches, funny & sarcastic, funny shirt, typography, minimalist, aesthetic, gift idea, trendy, statement tee",produits/niches/ferm_listen_en__dark.png,produits/niches/ferm_listen_en__light.png
ferm_scoby_hotel_en,niches,humor,Funny & Sarcastic,fermentation,en,SCOBY Hotel Population Growing | Funny & Sarcastic (English) Design,"funny saying, sarcastic, sarcasm, humor, meme shirt, funny quote, introvert humor, scoby, hotel, population, growing, fermentation, niches, funny & sarcastic, funny shirt, typography, minimalist, aesthetic, gift idea, trendy, statement tee",produits/niches/ferm_scoby_hotel_en__dark.png,produits/niches/ferm_scoby_hotel_en__light.png
ferm_wild_en,niches,humor,Funny & Sarcastic,fermentation,en,I Wild Ferment Because Control Is an Illusion | Funny & Sarcastic (English) Design,"funny saying, sarcastic, sarcasm, humor, meme shirt, funny quote, introvert humor, wild, ferment, because, control, illusion, fermentation, niches, funny & sarcastic, funny shirt, typography, minimalist, aesthetic, gift idea, trendy, statement tee",produits/niches/ferm_wild_en__dark.png,produits/niches/ferm_wild_en__light.png
ff_dry_fly_en,niches,humor,Funny & Sarcastic,fly_fishing,en,Dry Fly Only I Have Standards | Funny & Sarcastic (English) Design,"funny saying, sarcastic, sarcasm, humor, meme shirt, funny quote, introvert humor, standards, fly fishing, niches, funny & sarcastic, funny shirt, typography, minimalist, aesthetic, gift idea, trendy, statement tee",produits/niches/ff_dry_fly_en__dark.png,produits/niches/ff_dry_fly_en__light.png
ff_euro_en,niches,humor,Funny & Sarcastic,fly_fishing,en,Euro Nymphing Changed Everything | Funny & Sarcastic (English) Design,"funny saying, sarcastic, sarcasm, humor, meme shirt, funny quote, introvert humor, euro, nymphing, changed, everything, fly fishing, niches, funny & sarcastic, funny shirt, typography, minimalist, aesthetic, gift idea, trendy, statement tee",produits/niches/ff_euro_en__dark.png,produits/niches/ff_euro_en__light.png
ff_hatch_started_en,niches,humor,Funny & Sarcastic,fly_fishing,en,The Hatch Started I Was in the Car | Funny & Sarcastic (English) Design,"funny saying, sarcastic, sarcasm, humor, meme shirt, funny quote, introvert humor, hatch, started, fly fishing, niches, funny & sarcastic, funny shirt, typography, minimalist, aesthetic, gift idea, trendy, statement tee",produits/niches/ff_hatch_started_en__dark.png,produits/niches/ff_hatch_started_en__light.png
ff_match_hatch_en,niches,humor,Funny & Sarcastic,fly_fishing,en,Match the Hatch or Go Home | Funny & Sarcastic (English) Design,"funny saying, sarcastic, sarcasm, humor, meme shirt, funny quote, introvert humor, match, hatch, home, fly fishing, niches, funny & sarcastic, funny shirt, typography, minimalist, aesthetic, gift idea, trendy, statement tee",produits/niches/ff_match_hatch_en__dark.png,produits/niches/ff_match_hatch_en__light.png
ff_tippet_en,niches,humor,Funny & Sarcastic,fly_fishing,en,My Tippet Is 5x My Patience Is Thinner | Funny & Sarcastic (English) Design,"funny saying, sarcastic, sarcasm, humor, meme shirt, funny quote, introvert humor, tippet, patience, thinner, fly fishing, niches, funny & sarcastic, funny shirt, typography, minimalist, aesthetic, gift idea, trendy, statement tee",produits/niches/ff_tippet_en__dark.png,produits/niches/ff_tippet_en__light.png
ff_waded_en,niches,humor,Funny & Sarcastic,fly_fishing,en,I Waded In Soaked. Still Fished. | Funny & Sarcastic (English) Design,"funny saying, sarcastic, sarcasm, humor, meme shirt, funny quote, introvert humor, waded, soaked, still, fished, fly fishing, niches, funny & sarcastic, funny shirt, typography, minimalist, aesthetic, gift idea, trendy, statement tee",produits/niches/ff_waded_en__dark.png,produits/niches/ff_waded_en__light.png
fire_hot_stuff_en,niches,humor,Funny & Sarcastic,firefighters,en,Hot Stuff & Proud | Funny & Sarcastic (English) Design,"funny saying, sarcastic, sarcasm, humor, meme shirt, funny quote, introvert humor, stuff, proud, firefighters, niches, funny & sarcastic, funny shirt, typography, minimalist, aesthetic, gift idea, trendy, statement tee",produits/niches/fire_hot_stuff_en__dark.png,produits/niches/fire_hot_stuff_en__light.png
fire_not_sport_en,niches,humor,Funny & Sarcastic,firefighters,en,Firefighting Is Not a Hobby | Funny & Sarcastic (English) Design,"funny saying, sarcastic, sarcasm, humor, meme shirt, funny quote, introvert humor, firefighting, hobby, firefighters, niches, funny & sarcastic, funny shirt, typography, minimalist, aesthetic, gift idea, trendy, statement tee",produits/niches/fire_not_sport_en__dark.png,produits/niches/fire_not_sport_en__light.png
fire_toward_en,niches,humor,Funny & Sarcastic,firefighters,en,Run Toward the Fire | Funny & Sarcastic (English) Design,"funny saying, sarcastic, sarcasm, humor, meme shirt, funny quote, introvert humor, toward, fire, firefighters, niches, funny & sarcastic, funny shirt, typography, minimalist, aesthetic, gift idea, trendy, statement tee",produits/niches/fire_toward_en__dark.png,produits/niches/fire_toward_en__light.png
fpv_drone_car_en,niches,humor,Funny & Sarcastic,fpv_drones,en,My Other Car Is a Drone | Funny & Sarcastic (English) Design,"funny saying, sarcastic, sarcasm, humor, meme shirt, funny quote, introvert humor, other, drone, fpv drones, niches, funny & sarcastic, funny shirt, typography, minimalist, aesthetic, gift idea, trendy, statement tee",produits/niches/fpv_drone_car_en__dark.png,produits/niches/fpv_drone_car_en__light.png
fpv_fly_fast_en,niches,humor,Funny & Sarcastic,fpv_drones,en,FPV Pilot I Fly Fast | Funny & Sarcastic (English) Design,"funny saying, sarcastic, sarcasm, humor, meme shirt, funny quote, introvert humor, pilot, fast, fpv drones, niches, funny & sarcastic, funny shirt, typography, minimalist, aesthetic, gift idea, trendy, statement tee",produits/niches/fpv_fly_fast_en__dark.png,produits/niches/fpv_fly_fast_en__light.png
fpv_up_away_en,niches,humor,Funny & Sarcastic,fpv_drones,en,"Up, Up & Away From My Problems | Funny & Sarcastic (English) Design","funny saying, sarcastic, sarcasm, humor, meme shirt, funny quote, introvert humor, away, problems, fpv drones, niches, funny & sarcastic, funny shirt, typography, minimalist, aesthetic, gift idea, trendy, statement tee",produits/niches/fpv_up_away_en__dark.png,produits/niches/fpv_up_away_en__light.png
gma_abuela_es,niches,humor,Funny & Sarcastic,cool_grandma,es,Abuela Cool La que tú querías tener | Funny & Sarcastic (Spanish) Design,"funny saying, sarcastic, sarcasm, humor, meme shirt, funny quote, introvert humor, abuela, cool, querías, tener, cool grandma, niches, funny & sarcastic, funny shirt, typography, minimalist, aesthetic, gift idea, trendy, statement tee",produits/niches/gma_abuela_es__dark.png,produits/niches/gma_abuela_es__light.png
gma_biscuits_plot_en,niches,humor,Funny & Sarcastic,cool_grandma,en,I Bake Cookies and Plan World Domination | Funny & Sarcastic (English) Design,"funny saying, sarcastic, sarcasm, humor, meme shirt, funny quote, introvert humor, bake, cookies, plan, world, domination, cool grandma, niches, funny & sarcastic, funny shirt, typography, minimalist, aesthetic, gift idea, trendy, statement tee",produits/niches/gma_biscuits_plot_en__dark.png,produits/niches/gma_biscuits_plot_en__light.png
gma_cool_en,niches,humor,Funny & Sarcastic,cool_grandma,en,The Cool Grandma You Were Warned | Funny & Sarcastic (English) Design,"funny saying, sarcastic, sarcasm, humor, meme shirt, funny quote, introvert humor, cool, grandma, were, warned, cool grandma, niches, funny & sarcastic, funny shirt, typography, minimalist, aesthetic, gift idea, trendy, statement tee",produits/niches/gma_cool_en__dark.png,produits/niches/gma_cool_en__light.png
gma_cool_fr,niches,humor,Funny & Sarcastic,cool_grandma,fr,La mamie cool que t'aurais voulu avoir | Funny & Sarcastic (French) Design,"funny saying, sarcastic, sarcasm, humor, meme shirt, funny quote, introvert humor, mamie, cool, t'aurais, voulu, avoir, cool grandma, niches, funny & sarcastic, funny shirt, typography, minimalist, aesthetic, gift idea, trendy, statement tee",produits/niches/gma_cool_fr__dark.png,produits/niches/gma_cool_fr__light.png
gma_gateaux_fr,niches,humor,Funny & Sarcastic,cool_grandma,fr,Je fais des gâteaux et des complots | Funny & Sarcastic (French) Design,"funny saying, sarcastic, sarcasm, humor, meme shirt, funny quote, introvert humor, fais, gâteaux, complots, cool grandma, niches, funny & sarcastic, funny shirt, typography, minimalist, aesthetic, gift idea, trendy, statement tee",produits/niches/gma_gateaux_fr__dark.png,produits/niches/gma_gateaux_fr__light.png
gma_glam_fr,niches,humor,Funny & Sarcastic,cool_grandma,fr,Mamie Glam pas la mamie sage | Funny & Sarcastic (French) Design,"funny saying, sarcastic, sarcasm, humor, meme shirt, funny quote, introvert humor, mamie, glam, sage, cool grandma, niches, funny & sarcastic, funny shirt, typography, minimalist, aesthetic, gift idea, trendy, statement tee",produits/niches/gma_glam_fr__dark.png,produits/niches/gma_glam_fr__light.png
gma_grandmosa_en,niches,humor,Funny & Sarcastic,cool_grandma,en,Grandma-mosa The Fun One | Funny & Sarcastic (English) Design,"funny saying, sarcastic, sarcasm, humor, meme shirt, funny quote, introvert humor, grandma, mosa, cool grandma, niches, funny & sarcastic, funny shirt, typography, minimalist, aesthetic, gift idea, trendy, statement tee",produits/niches/gma_grandmosa_en__dark.png,produits/niches/gma_grandmosa_en__light.png
gma_mamimosa_fr,niches,humor,Funny & Sarcastic,cool_grandma,fr,Mamie-mosa (le mimosa c'est pour moi) | Funny & Sarcastic (French) Design,"funny saying, sarcastic, sarcasm, humor, meme shirt, funny quote, introvert humor, mamie, mosa, mimosa, c'est, cool grandma, niches, funny & sarcastic, funny shirt, typography, minimalist, aesthetic, gift idea, trendy, statement tee",produits/niches/gma_mamimosa_fr__dark.png,produits/niches/gma_mamimosa_fr__light.png
gma_oma_de,niches,humor,Funny & Sarcastic,cool_grandma,de,Oma Glam Nicht die brave Oma | Funny & Sarcastic (German) Design,"funny saying, sarcastic, sarcasm, humor, meme shirt, funny quote, introvert humor, glam, nicht, brave, cool grandma, niches, funny & sarcastic, funny shirt, typography, minimalist, aesthetic, gift idea, trendy, statement tee",produits/niches/gma_oma_de__dark.png,produits/niches/gma_oma_de__light.png
gma_vieille_fr,niches,humor,Funny & Sarcastic,cool_grandma,fr,Vieille? Moi? Je suis millésimée. | Funny & Sarcastic (French) Design,"funny saying, sarcastic, sarcasm, humor, meme shirt, funny quote, introvert humor, vieille, suis, millésimée, cool grandma, niches, funny & sarcastic, funny shirt, typography, minimalist, aesthetic, gift idea, trendy, statement tee",produits/niches/gma_vieille_fr__dark.png,produits/niches/gma_vieille_fr__light.png
gma_vintage_en,niches,humor,Funny & Sarcastic,cool_grandma,en,I'm Not Old I'm Vintage | Funny & Sarcastic (English) Design,"funny saying, sarcastic, sarcasm, humor, meme shirt, funny quote, introvert humor, vintage, cool grandma, niches, funny & sarcastic, funny shirt, typography, minimalist, aesthetic, gift idea, trendy, statement tee",produits/niches/gma_vintage_en__dark.png,produits/niches/gma_vintage_en__light.png
gma_wine_en,niches,humor,Funny & Sarcastic,cool_grandma,en,Grandma Needs Wine Not Advice | Funny & Sarcastic (English) Design,"funny saying, sarcastic, sarcasm, humor, meme shirt, funny quote, introvert humor, grandma, needs, wine, advice, cool grandma, niches, funny & sarcastic, funny shirt, typography, minimalist, aesthetic, gift idea, trendy, statement tee",produits/niches/gma_wine_en__dark.png,produits/niches/gma_wine_en__light.png
goat_better_en,niches,humor,Funny & Sarcastic,goats,en,Life Is Better with Goats | Funny & Sarcastic (English) Design,"funny saying, sarcastic, sarcasm, humor, meme shirt, funny quote, introvert humor, life, better, goats, niches, funny & sarcastic, funny shirt, typography, minimalist, aesthetic, gift idea, trendy, statement tee",produits/niches/goat_better_en__dark.png,produits/niches/goat_better_en__light.png
goat_homework_en,niches,humor,Funny & Sarcastic,goats,en,My Goat Ate My To-Do List | Funny & Sarcastic (English) Design,"funny saying, sarcastic, sarcasm, humor, meme shirt, funny quote, introvert humor, goat, list, goats, niches, funny & sarcastic, funny shirt, typography, minimalist, aesthetic, gift idea, trendy, statement tee",produits/niches/goat_homework_en__dark.png,produits/niches/goat_homework_en__light.png
goat_mom_en,niches,humor,Funny & Sarcastic,goats,en,Goat Mom & Proud | Funny & Sarcastic (English) Design,"funny saying, sarcastic, sarcasm, humor, meme shirt, funny quote, introvert humor, goat, proud, goats, niches, funny & sarcastic, funny shirt, typography, minimalist, aesthetic, gift idea, trendy, statement tee",produits/niches/goat_mom_en__dark.png,produits/niches/goat_mom_en__light.png
golf_bad_day_en,niches,humor,Funny & Sarcastic,golf,en,A Bad Day Golfing Beats a Good Day Working | Funny & Sarcastic (English) Design,"funny saying, sarcastic, sarcasm, humor, meme shirt, funny quote, introvert humor, golfing, beats, good, working, golf, niches, funny & sarcastic, funny shirt, typography, minimalist, aesthetic, gift idea, trendy, statement tee",produits/niches/golf_bad_day_en__dark.png,produits/niches/golf_bad_day_en__light.png
golf_born_forced_en,niches,humor,Funny & Sarcastic,golf,en,Born to Golf Forced to Work | Funny & Sarcastic (English) Design,"funny saying, sarcastic, sarcasm, humor, meme shirt, funny quote, introvert humor, born, golf, forced, work, niches, funny & sarcastic, funny shirt, typography, minimalist, aesthetic, gift idea, trendy, statement tee",produits/niches/golf_born_forced_en__dark.png,produits/niches/golf_born_forced_en__light.png
golf_happy_place_en,niches,humor,Funny & Sarcastic,golf,en,Golf Is My Happy Place | Funny & Sarcastic (English) Design,"funny saying, sarcastic, sarcasm, humor, meme shirt, funny quote, introvert humor, golf, happy, place, niches, funny & sarcastic, funny shirt, typography, minimalist, aesthetic, gift idea, trendy, statement tee",produits/niches/golf_happy_place_en__dark.png,produits/niches/golf_happy_place_en__light.png
gpig_better_en,niches,humor,Funny & Sarcastic,guinea_pigs,en,Life Is Better with Guinea Pigs | Funny & Sarcastic (English) Design,"funny saying, sarcastic, sarcasm, humor, meme shirt, funny quote, introvert humor, life, better, guinea, pigs, guinea pigs, niches, funny & sarcastic, funny shirt, typography, minimalist, aesthetic, gift idea, trendy, statement tee",produits/niches/gpig_better_en__dark.png,produits/niches/gpig_better_en__light.png
gpig_slave_en,niches,humor,Funny & Sarcastic,guinea_pigs,en,Guinea Pig Slave | Funny & Sarcastic (English) Design,"funny saying, sarcastic, sarcasm, humor, meme shirt, funny quote, introvert humor, guinea, slave, guinea pigs, niches, funny & sarcastic, funny shirt, typography, minimalist, aesthetic, gift idea, trendy, statement tee",produits/niches/gpig_slave_en__dark.png,produits/niches/gpig_slave_en__light.png
gpig_wheek_en,niches,humor,Funny & Sarcastic,guinea_pigs,en,Wheek Wheek Feed Me | Funny & Sarcastic (English) Design,"funny saying, sarcastic, sarcasm, humor, meme shirt, funny quote, introvert humor, wheek, feed, guinea pigs, niches, funny & sarcastic, funny shirt, typography, minimalist, aesthetic, gift idea, trendy, statement tee",produits/niches/gpig_wheek_en__dark.png,produits/niches/gpig_wheek_en__light.png
gravel_drop_bars_en,niches,humor,Funny & Sarcastic,gravel_cycling,en,Drop Bars Not Standards | Funny & Sarcastic (English) Design,"funny saying, sarcastic, sarcasm, humor, meme shirt, funny quote, introvert humor, drop, bars, standards, gravel cycling, niches, funny & sarcastic, funny shirt, typography, minimalist, aesthetic, gift idea, trendy, statement tee",produits/niches/gravel_drop_bars_en__dark.png,produits/niches/gravel_drop_bars_en__light.png
gravel_grinder_en,niches,humor,Funny & Sarcastic,gravel_cycling,en,Gravel Grinder | Funny & Sarcastic (English) Design,"funny saying, sarcastic, sarcasm, humor, meme shirt, funny quote, introvert humor, gravel, grinder, gravel cycling, niches, funny & sarcastic, funny shirt, typography, minimalist, aesthetic, gift idea, trendy, statement tee",produits/niches/gravel_grinder_en__dark.png,produits/niches/gravel_grinder_en__light.png
gravel_life_better_en,niches,humor,Funny & Sarcastic,gravel_cycling,en,Life Is Better on Gravel | Funny & Sarcastic (English) Design,"funny saying, sarcastic, sarcasm, humor, meme shirt, funny quote, introvert humor, life, better, gravel, gravel cycling, niches, funny & sarcastic, funny shirt, typography, minimalist, aesthetic, gift idea, trendy, statement tee",produits/niches/gravel_life_better_en__dark.png,produits/niches/gravel_life_better_en__light.png
gravel_one_more_mile_en,niches,humor,Funny & Sarcastic,gravel_cycling,en,One More Mile I Promise | Funny & Sarcastic (English) Design,"funny saying, sarcastic, sarcasm, humor, meme shirt, funny quote, introvert humor, more, mile, promise, gravel cycling, niches, funny & sarcastic, funny shirt, typography, minimalist, aesthetic, gift idea, trendy, statement tee",produits/niches/gravel_one_more_mile_en__dark.png,produits/niches/gravel_one_more_mile_en__light.png
gsd_coat_en,niches,humor,Funny & Sarcastic,german_shepherd,en,My GSD Blows Coat All Twelve Months | Funny & Sarcastic (English) Design,"funny saying, sarcastic, sarcasm, humor, meme shirt, funny quote, introvert humor, blows, coat, twelve, months, german shepherd, niches, funny & sarcastic, funny shirt, typography, minimalist, aesthetic, gift idea, trendy, statement tee",produits/niches/gsd_coat_en__dark.png,produits/niches/gsd_coat_en__light.png
gsd_dm_en,niches,humor,Funny & Sarcastic,german_shepherd,en,DM Aware & Fighting It | Funny & Sarcastic (English) Design,"funny saying, sarcastic, sarcasm, humor, meme shirt, funny quote, introvert humor, aware, fighting, german shepherd, niches, funny & sarcastic, funny shirt, typography, minimalist, aesthetic, gift idea, trendy, statement tee",produits/niches/gsd_dm_en__dark.png,produits/niches/gsd_dm_en__light.png
gsd_lines_en,niches,humor,Funny & Sarcastic,german_shepherd,en,West German or DDR Lines I Have Opinions | Funny & Sarcastic (English) Design,"funny saying, sarcastic, sarcasm, humor, meme shirt, funny quote, introvert humor, west, german, lines, opinions, german shepherd, niches, funny & sarcastic, funny shirt, typography, minimalist, aesthetic, gift idea, trendy, statement tee",produits/niches/gsd_lines_en__dark.png,produits/niches/gsd_lines_en__light.png
gsd_not_wolf_en,niches,humor,Funny & Sarcastic,german_shepherd,en,Not a Wolf Please Stop Asking | Funny & Sarcastic (English) Design,"funny saying, sarcastic, sarcasm, humor, meme shirt, funny quote, introvert humor, wolf, please, stop, asking, german shepherd, niches, funny & sarcastic, funny shirt, typography, minimalist, aesthetic, gift idea, trendy, statement tee",produits/niches/gsd_not_wolf_en__dark.png,produits/niches/gsd_not_wolf_en__light.png
gsd_ofa_en,niches,humor,Funny & Sarcastic,german_shepherd,en,OFA Certified Hips Clear. We're Good. | Funny & Sarcastic (English) Design,"funny saying, sarcastic, sarcasm, humor, meme shirt, funny quote, introvert humor, certified, hips, clear, we're, good, german shepherd, niches, funny & sarcastic, funny shirt, typography, minimalist, aesthetic, gift idea, trendy, statement tee",produits/niches/gsd_ofa_en__dark.png,produits/niches/gsd_ofa_en__light.png
gsd_velcro_en,niches,humor,Funny & Sarcastic,german_shepherd,en,Personal Space? I Have a GSD. | Funny & Sarcastic (English) Design,"funny saying, sarcastic, sarcasm, humor, meme shirt, funny quote, introvert humor, personal, space, german shepherd, niches, funny & sarcastic, funny shirt, typography, minimalist, aesthetic, gift idea, trendy, statement tee",produits/niches/gsd_velcro_en__dark.png,produits/niches/gsd_velcro_en__light.png
hair_cheaper_therapy_en,niches,humor,Funny & Sarcastic,hairdressers,en,I Do Hair It's Cheaper Than Therapy | Funny & Sarcastic (English) Design,"funny saying, sarcastic, sarcasm, humor, meme shirt, funny quote, introvert humor, hair, it's, cheaper, than, therapy, hairdressers, niches, funny & sarcastic, funny shirt, typography, minimalist, aesthetic, gift idea, trendy, statement tee",produits/niches/hair_cheaper_therapy_en__dark.png,produits/niches/hair_cheaper_therapy_en__light.png
hair_coiffeuse_fr,niches,humor,Funny & Sarcastic,hairdressers,fr,Coiffeuse: Pas Psy Mais Presque | Funny & Sarcastic (French) Design,"funny saying, sarcastic, sarcasm, humor, meme shirt, funny quote, introvert humor, coiffeuse, presque, hairdressers, niches, funny & sarcastic, funny shirt, typography, minimalist, aesthetic, gift idea, trendy, statement tee",produits/niches/hair_coiffeuse_fr__dark.png,produits/niches/hair_coiffeuse_fr__light.png
hair_color_me_en,niches,humor,Funny & Sarcastic,hairdressers,en,Color Me Happy | Funny & Sarcastic (English) Design,"funny saying, sarcastic, sarcasm, humor, meme shirt, funny quote, introvert humor, color, happy, hairdressers, niches, funny & sarcastic, funny shirt, typography, minimalist, aesthetic, gift idea, trendy, statement tee",produits/niches/hair_color_me_en__dark.png,produits/niches/hair_color_me_en__light.png
hair_wizard_en,niches,humor,Funny & Sarcastic,hairdressers,en,Hair Wizard | Funny & Sarcastic (English) Design,"funny saying, sarcastic, sarcasm, humor, meme shirt, funny quote, introvert humor, hair, wizard, hairdressers, niches, funny & sarcastic, funny shirt, typography, minimalist, aesthetic, gift idea, trendy, statement tee",produits/niches/hair_wizard_en__dark.png,produits/niches/hair_wizard_en__light.png
hike_born_en,niches,humor,Funny & Sarcastic,hiking,en,Born to Hike | Funny & Sarcastic (English) Design,"funny saying, sarcastic, sarcasm, humor, meme shirt, funny quote, introvert humor, born, hike, hiking, niches, funny & sarcastic, funny shirt, typography, minimalist, aesthetic, gift idea, trendy, statement tee",produits/niches/hike_born_en__dark.png,produits/niches/hike_born_en__light.png
hike_eat_en,niches,humor,Funny & Sarcastic,hiking,en,I Hike Therefore I Eat | Funny & Sarcastic (English) Design,"funny saying, sarcastic, sarcasm, humor, meme shirt, funny quote, introvert humor, hike, therefore, hiking, niches, funny & sarcastic, funny shirt, typography, minimalist, aesthetic, gift idea, trendy, statement tee",produits/niches/hike_eat_en__dark.png,produits/niches/hike_eat_en__light.png
hike_less_worry_en,niches,humor,Funny & Sarcastic,hiking,en,Hike More Worry Less | Funny & Sarcastic (English) Design,"funny saying, sarcastic, sarcasm, humor, meme shirt, funny quote, introvert humor, hike, more, worry, less, hiking, niches, funny & sarcastic, funny shirt, typography, minimalist, aesthetic, gift idea, trendy, statement tee",produits/niches/hike_less_worry_en__dark.png,produits/niches/hike_less_worry_en__light.png
hotsauce_chili_head_en,niches,humor,Funny & Sarcastic,hot_sauce,en,Chili Head & Proud | Funny & Sarcastic (English) Design,"funny saying, sarcastic, sarcasm, humor, meme shirt, funny quote, introvert humor, chili, head, proud, hot sauce, niches, funny & sarcastic, funny shirt, typography, minimalist, aesthetic, gift idea, trendy, statement tee",produits/niches/hotsauce_chili_head_en__dark.png,produits/niches/hotsauce_chili_head_en__light.png
hotsauce_everything_en,niches,humor,Funny & Sarcastic,hot_sauce,en,I Put Hot Sauce on Everything | Funny & Sarcastic (English) Design,"funny saying, sarcastic, sarcasm, humor, meme shirt, funny quote, introvert humor, sauce, everything, hot sauce, niches, funny & sarcastic, funny shirt, typography, minimalist, aesthetic, gift idea, trendy, statement tee",produits/niches/hotsauce_everything_en__dark.png,produits/niches/hotsauce_everything_en__light.png
hotsauce_painful_en,niches,humor,Funny & Sarcastic,hot_sauce,en,Some Like It Hot I Like It Painful | Funny & Sarcastic (English) Design,"funny saying, sarcastic, sarcasm, humor, meme shirt, funny quote, introvert humor, some, painful, hot sauce, niches, funny & sarcastic, funny shirt, typography, minimalist, aesthetic, gift idea, trendy, statement tee",produits/niches/hotsauce_painful_en__dark.png,produits/niches/hotsauce_painful_en__light.png
hotsauce_sweating_en,niches,humor,Funny & Sarcastic,hot_sauce,en,Sweating Is Optional | Funny & Sarcastic (English) Design,"funny saying, sarcastic, sarcasm, humor, meme shirt, funny quote, introvert humor, sweating, optional, hot sauce, niches, funny & sarcastic, funny shirt, typography, minimalist, aesthetic, gift idea, trendy, statement tee",produits/niches/hotsauce_sweating_en__dark.png,produits/niches/hotsauce_sweating_en__light.png
hunt_born_forced_en,niches,humor,Funny & Sarcastic,hunting,en,Born to Hunt Forced to Work | Funny & Sarcastic (English) Design,"funny saying, sarcastic, sarcasm, humor, meme shirt, funny quote, introvert humor, born, hunt, forced, work, hunting, niches, funny & sarcastic, funny shirt, typography, minimalist, aesthetic, gift idea, trendy, statement tee",produits/niches/hunt_born_forced_en__dark.png,produits/niches/hunt_born_forced_en__light.png
hunt_buck_fever_en,niches,humor,Funny & Sarcastic,hunting,en,Buck Fever | Funny & Sarcastic (English) Design,"funny saying, sarcastic, sarcasm, humor, meme shirt, funny quote, introvert humor, buck, fever, hunting, niches, funny & sarcastic, funny shirt, typography, minimalist, aesthetic, gift idea, trendy, statement tee",produits/niches/hunt_buck_fever_en__dark.png,produits/niches/hunt_buck_fever_en__light.png
hunt_camo_color_en,niches,humor,Funny & Sarcastic,hunting,en,Camo Is My Color | Funny & Sarcastic (English) Design,"funny saying, sarcastic, sarcasm, humor, meme shirt, funny quote, introvert humor, camo, color, hunting, niches, funny & sarcastic, funny shirt, typography, minimalist, aesthetic, gift idea, trendy, statement tee",produits/niches/hunt_camo_color_en__dark.png,produits/niches/hunt_camo_color_en__light.png
hunt_rather_woods_en,niches,humor,Funny & Sarcastic,hunting,en,I'd Rather Be in the Woods | Funny & Sarcastic (English) Design,"funny saying, sarcastic, sarcasm, humor, meme shirt, funny quote, introvert humor, rather, woods, hunting, niches, funny & sarcastic, funny shirt, typography, minimalist, aesthetic, gift idea, trendy, statement tee",produits/niches/hunt_rather_woods_en__dark.png,produits/niches/hunt_rather_woods_en__light.png
jewel_gem_en,niches,humor,Funny & Sarcastic,jewelry_making,en,She's a Gem Maker | Funny & Sarcastic (English) Design,"funny saying, sarcastic, sarcasm, humor, meme shirt, funny quote, introvert humor, she's, maker, jewelry making, niches, funny & sarcastic, funny shirt, typography, minimalist, aesthetic, gift idea, trendy, statement tee",produits/niches/jewel_gem_en__dark.png,produits/niches/jewel_gem_en__light.png
jewel_sparkle_en,niches,humor,Funny & Sarcastic,jewelry_making,en,I Make Sparkle | Funny & Sarcastic (English) Design,"funny saying, sarcastic, sarcasm, humor, meme shirt, funny quote, introvert humor, make, sparkle, jewelry making, niches, funny & sarcastic, funny shirt, typography, minimalist, aesthetic, gift idea, trendy, statement tee",produits/niches/jewel_sparkle_en__dark.png,produits/niches/jewel_sparkle_en__light.png
jewel_wire_weaver_en,niches,humor,Funny & Sarcastic,jewelry_making,en,Wire Weaver Stone Lover | Funny & Sarcastic (English) Design,"funny saying, sarcastic, sarcasm, humor, meme shirt, funny quote, introvert humor, wire, weaver, stone, lover, jewelry making, niches, funny & sarcastic, funny shirt, typography, minimalist, aesthetic, gift idea, trendy, statement tee",produits/niches/jewel_wire_weaver_en__dark.png,produits/niches/jewel_wire_weaver_en__light.png
kayak_less_stress_en,niches,humor,Funny & Sarcastic,kayaking,en,Kayak More Stress Less | Funny & Sarcastic (English) Design,"funny saying, sarcastic, sarcasm, humor, meme shirt, funny quote, introvert humor, kayak, more, stress, less, kayaking, niches, funny & sarcastic, funny shirt, typography, minimalist, aesthetic, gift idea, trendy, statement tee",produits/niches/kayak_less_stress_en__dark.png,produits/niches/kayak_less_stress_en__light.png
kayak_rather_paddle_en,niches,humor,Funny & Sarcastic,kayaking,en,I'd Rather Be Paddling | Funny & Sarcastic (English) Design,"funny saying, sarcastic, sarcasm, humor, meme shirt, funny quote, introvert humor, rather, paddling, kayaking, niches, funny & sarcastic, funny shirt, typography, minimalist, aesthetic, gift idea, trendy, statement tee",produits/niches/kayak_rather_paddle_en__dark.png,produits/niches/kayak_rather_paddle_en__light.png
kayak_water_en,niches,humor,Funny & Sarcastic,kayaking,en,Life Is Better on the Water | Funny & Sarcastic (English) Design,"funny saying, sarcastic, sarcasm, humor, meme shirt, funny quote, introvert humor, life, better, water, kayaking, niches, funny & sarcastic, funny shirt, typography, minimalist, aesthetic, gift idea, trendy, statement tee",produits/niches/kayak_water_en__dark.png,produits/niches/kayak_water_en__light.png
kb_group_buy_en,niches,humor,Funny & Sarcastic,mechanical_keyboards,en,Group Buy Shipping 18 Months and Counting | Funny & Sarcastic (English) Design,"funny saying, sarcastic, sarcasm, humor, meme shirt, funny quote, introvert humor, group, shipping, months, counting, mechanical keyboards, niches, funny & sarcastic, funny shirt, typography, minimalist, aesthetic, gift idea, trendy, statement tee",produits/niches/kb_group_buy_en__dark.png,produits/niches/kb_group_buy_en__light.png
kb_holy_panda_en,niches,humor,Funny & Sarcastic,mechanical_keyboards,en,Holy Pandas vs Boba U4 No Middle Ground | Funny & Sarcastic (English) Design,"funny saying, sarcastic, sarcasm, humor, meme shirt, funny quote, introvert humor, holy, pandas, boba, middle, ground, mechanical keyboards, niches, funny & sarcastic, funny shirt, typography, minimalist, aesthetic, gift idea, trendy, statement tee",produits/niches/kb_holy_panda_en__dark.png,produits/niches/kb_holy_panda_en__light.png
kb_hotswap_en,niches,humor,Funny & Sarcastic,mechanical_keyboards,en,Hotswap Board 47 Switch Sets Tried | Funny & Sarcastic (English) Design,"funny saying, sarcastic, sarcasm, humor, meme shirt, funny quote, introvert humor, hotswap, board, switch, sets, tried, mechanical keyboards, niches, funny & sarcastic, funny shirt, typography, minimalist, aesthetic, gift idea, trendy, statement tee",produits/niches/kb_hotswap_en__dark.png,produits/niches/kb_hotswap_en__light.png
kb_lubed_2am_en,niches,humor,Funny & Sarcastic,mechanical_keyboards,en,Lubed My Switches at 2am. Worth It. | Funny & Sarcastic (English) Design,"funny saying, sarcastic, sarcasm, humor, meme shirt, funny quote, introvert humor, lubed, switches, worth, mechanical keyboards, niches, funny & sarcastic, funny shirt, typography, minimalist, aesthetic, gift idea, trendy, statement tee",produits/niches/kb_lubed_2am_en__dark.png,produits/niches/kb_lubed_2am_en__light.png
kb_membrane_sin_en,niches,humor,Funny & Sarcastic,mechanical_keyboards,en,Membrane Keyboards Are a Sin | Funny & Sarcastic (English) Design,"funny saying, sarcastic, sarcasm, humor, meme shirt, funny quote, introvert humor, membrane, keyboards, mechanical keyboards, niches, funny & sarcastic, funny shirt, typography, minimalist, aesthetic, gift idea, trendy, statement tee",produits/niches/kb_membrane_sin_en__dark.png,produits/niches/kb_membrane_sin_en__light.png
kb_thock_en,niches,humor,Funny & Sarcastic,mechanical_keyboards,en,The Thock Is the Point | Funny & Sarcastic (English) Design,"funny saying, sarcastic, sarcasm, humor, meme shirt, funny quote, introvert humor, thock, point, mechanical keyboards, niches, funny & sarcastic, funny shirt, typography, minimalist, aesthetic, gift idea, trendy, statement tee",produits/niches/kb_thock_en__dark.png,produits/niches/kb_thock_en__light.png
kn_12_wips_en,niches,humor,Funny & Sarcastic,knitting,en,12 WIPs Zero Regrets | Funny & Sarcastic (English) Design,"funny saying, sarcastic, sarcasm, humor, meme shirt, funny quote, introvert humor, wips, zero, regrets, knitting, niches, funny & sarcastic, funny shirt, typography, minimalist, aesthetic, gift idea, trendy, statement tee",produits/niches/kn_12_wips_en__dark.png,produits/niches/kn_12_wips_en__light.png
kn_cast_on_en,niches,humor,Funny & Sarcastic,knitting,en,I Cast On When I'm Stressed | Funny & Sarcastic (English) Design,"funny saying, sarcastic, sarcasm, humor, meme shirt, funny quote, introvert humor, cast, when, stressed, knitting, niches, funny & sarcastic, funny shirt, typography, minimalist, aesthetic, gift idea, trendy, statement tee",produits/niches/kn_cast_on_en__dark.png,produits/niches/kn_cast_on_en__light.png
kn_gauge_lied_en,niches,humor,Funny & Sarcastic,knitting,en,My Gauge Swatch Lied I Trusted It | Funny & Sarcastic (English) Design,"funny saying, sarcastic, sarcasm, humor, meme shirt, funny quote, introvert humor, gauge, swatch, lied, trusted, knitting, niches, funny & sarcastic, funny shirt, typography, minimalist, aesthetic, gift idea, trendy, statement tee",produits/niches/kn_gauge_lied_en__dark.png,produits/niches/kn_gauge_lied_en__light.png
kn_ravelry_en,niches,humor,Funny & Sarcastic,knitting,en,Ravelry Queue: 847 Projects 0 Completed | Funny & Sarcastic (English) Design,"funny saying, sarcastic, sarcasm, humor, meme shirt, funny quote, introvert humor, ravelry, queue, projects, completed, knitting, niches, funny & sarcastic, funny shirt, typography, minimalist, aesthetic, gift idea, trendy, statement tee",produits/niches/kn_ravelry_en__dark.png,produits/niches/kn_ravelry_en__light.png
kn_second_sock_en,niches,humor,Funny & Sarcastic,knitting,en,Second Sock Syndrome Is My Diagnosis | Funny & Sarcastic (English) Design,"funny saying, sarcastic, sarcasm, humor, meme shirt, funny quote, introvert humor, second, sock, syndrome, diagnosis, knitting, niches, funny & sarcastic, funny shirt, typography, minimalist, aesthetic, gift idea, trendy, statement tee",produits/niches/kn_second_sock_en__dark.png,produits/niches/kn_second_sock_en__light.png
kn_yarn_swift_en,niches,humor,Funny & Sarcastic,knitting,en,Yarn Swift & No Regrets | Funny & Sarcastic (English) Design,"funny saying, sarcastic, sarcasm, humor, meme shirt, funny quote, introvert humor, yarn, swift, regrets, knitting, niches, funny & sarcastic, funny shirt, typography, minimalist, aesthetic, gift idea, trendy, statement tee",produits/niches/kn_yarn_swift_en__dark.png,produits/niches/kn_yarn_swift_en__light.png
lib_do_it_en,niches,humor,Funny & Sarcastic,librarians,en,Book Nerd & Loving It | Funny & Sarcastic (English) Design,"funny saying, sarcastic, sarcasm, humor, meme shirt, funny quote, introvert humor, book, nerd, loving, librarians, niches, funny & sarcastic, funny shirt, typography, minimalist, aesthetic, gift idea, trendy, statement tee",produits/niches/lib_do_it_en__dark.png,produits/niches/lib_do_it_en__light.png
lib_quiet_rebel_en,niches,humor,Funny & Sarcastic,librarians,en,Quietly Rebellious | Funny & Sarcastic (English) Design,"funny saying, sarcastic, sarcasm, humor, meme shirt, funny quote, introvert humor, quietly, rebellious, librarians, niches, funny & sarcastic, funny shirt, typography, minimalist, aesthetic, gift idea, trendy, statement tee",produits/niches/lib_quiet_rebel_en__dark.png,produits/niches/lib_quiet_rebel_en__light.png
lib_reading_cardio_en,niches,humor,Funny & Sarcastic,librarians,en,Reading Is My Cardio | Funny & Sarcastic (English) Design,"funny saying, sarcastic, sarcasm, humor, meme shirt, funny quote, introvert humor, reading, cardio, librarians, niches, funny & sarcastic, funny shirt, typography, minimalist, aesthetic, gift idea, trendy, statement tee",produits/niches/lib_reading_cardio_en__dark.png,produits/niches/lib_reading_cardio_en__light.png
lib_shh_en,niches,humor,Funny & Sarcastic,librarians,en,Shhh I'm a Librarian | Funny & Sarcastic (English) Design,"funny saying, sarcastic, sarcasm, humor, meme shirt, funny quote, introvert humor, shhh, librarian, librarians, niches, funny & sarcastic, funny shirt, typography, minimalist, aesthetic, gift idea, trendy, statement tee",produits/niches/lib_shh_en__dark.png,produits/niches/lib_shh_en__light.png
lift_gains_goblin_en,niches,humor,Funny & Sarcastic,lifting,en,Gains Goblin | Funny & Sarcastic (English) Design,"funny saying, sarcastic, sarcasm, humor, meme shirt, funny quote, introvert humor, gains, goblin, lifting, niches, funny & sarcastic, funny shirt, typography, minimalist, aesthetic, gift idea, trendy, statement tee",produits/niches/lift_gains_goblin_en__dark.png,produits/niches/lift_gains_goblin_en__light.png
lift_sore_strong_en,niches,humor,Funny & Sarcastic,lifting,en,Sore Today Strong Tomorrow | Funny & Sarcastic (English) Design,"funny saying, sarcastic, sarcasm, humor, meme shirt, funny quote, introvert humor, sore, today, strong, tomorrow, lifting, niches, funny & sarcastic, funny shirt, typography, minimalist, aesthetic, gift idea, trendy, statement tee",produits/niches/lift_sore_strong_en__dark.png,produits/niches/lift_sore_strong_en__light.png
lift_squat_snacks_en,niches,humor,Funny & Sarcastic,lifting,en,Will Squat for Snacks | Funny & Sarcastic (English) Design,"funny saying, sarcastic, sarcasm, humor, meme shirt, funny quote, introvert humor, will, squat, snacks, lifting, niches, funny & sarcastic, funny shirt, typography, minimalist, aesthetic, gift idea, trendy, statement tee",produits/niches/lift_squat_snacks_en__dark.png,produits/niches/lift_squat_snacks_en__light.png
lift_up_down_en,niches,humor,Funny & Sarcastic,lifting,en,I Lift Things Up & Put Them Down | Funny & Sarcastic (English) Design,"funny saying, sarcastic, sarcasm, humor, meme shirt, funny quote, introvert humor, lift, things, them, down, lifting, niches, funny & sarcastic, funny shirt, typography, minimalist, aesthetic, gift idea, trendy, statement tee",produits/niches/lift_up_down_en__dark.png,produits/niches/lift_up_down_en__light.png
mal_bh_en,niches,humor,Funny & Sarcastic,malinois,en,He Passed His BH I Cried in the Ring | Funny & Sarcastic (English) Design,"funny saying, sarcastic, sarcasm, humor, meme shirt, funny quote, introvert humor, passed, cried, ring, malinois, niches, funny & sarcastic, funny shirt, typography, minimalist, aesthetic, gift idea, trendy, statement tee",produits/niches/mal_bh_en__dark.png,produits/niches/mal_bh_en__light.png
mal_bite_work_en,niches,humor,Funny & Sarcastic,malinois,en,Bite Work Is Our Cardio. Both of Us. | Funny & Sarcastic (English) Design,"funny saying, sarcastic, sarcasm, humor, meme shirt, funny quote, introvert humor, bite, work, cardio, both, malinois, niches, funny & sarcastic, funny shirt, typography, minimalist, aesthetic, gift idea, trendy, statement tee",produits/niches/mal_bite_work_en__dark.png,produits/niches/mal_bite_work_en__light.png
mal_drive_en,niches,humor,Funny & Sarcastic,malinois,en,My Mal Has More Drive Than My Car | Funny & Sarcastic (English) Design,"funny saying, sarcastic, sarcasm, humor, meme shirt, funny quote, introvert humor, more, drive, than, malinois, niches, funny & sarcastic, funny shirt, typography, minimalist, aesthetic, gift idea, trendy, statement tee",produits/niches/mal_drive_en__dark.png,produits/niches/mal_drive_en__light.png
mal_esclave_fr,niches,humor,Funny & Sarcastic,malinois,fr,Esclave de Mon Malinois | Funny & Sarcastic (French) Design,"funny saying, sarcastic, sarcasm, humor, meme shirt, funny quote, introvert humor, esclave, malinois, niches, funny & sarcastic, funny shirt, typography, minimalist, aesthetic, gift idea, trendy, statement tee",produits/niches/mal_esclave_fr__dark.png,produits/niches/mal_esclave_fr__light.png
mal_igp_en,niches,humor,Funny & Sarcastic,malinois,en,IGP Trial This Weekend Send Coffee | Funny & Sarcastic (English) Design,"funny saying, sarcastic, sarcasm, humor, meme shirt, funny quote, introvert humor, trial, weekend, send, coffee, malinois, niches, funny & sarcastic, funny shirt, typography, minimalist, aesthetic, gift idea, trendy, statement tee",produits/niches/mal_igp_en__dark.png,produits/niches/mal_igp_en__light.png
mal_knpv_en,niches,humor,Funny & Sarcastic,malinois,en,KNPV Lines That's the Dream | Funny & Sarcastic (English) Design,"funny saying, sarcastic, sarcasm, humor, meme shirt, funny quote, introvert humor, knpv, lines, that's, dream, malinois, niches, funny & sarcastic, funny shirt, typography, minimalist, aesthetic, gift idea, trendy, statement tee",produits/niches/mal_knpv_en__dark.png,produits/niches/mal_knpv_en__light.png
matcha_but_first_en,niches,humor,Funny & Sarcastic,matcha,en,But First Matcha | Funny & Sarcastic (English) Design,"funny saying, sarcastic, sarcasm, humor, meme shirt, funny quote, introvert humor, first, matcha, niches, funny & sarcastic, funny shirt, typography, minimalist, aesthetic, gift idea, trendy, statement tee",produits/niches/matcha_but_first_en__dark.png,produits/niches/matcha_but_first_en__light.png
matcha_made_heaven_en,niches,humor,Funny & Sarcastic,matcha,en,Matcha Made in Heaven | Funny & Sarcastic (English) Design,"funny saying, sarcastic, sarcasm, humor, meme shirt, funny quote, introvert humor, matcha, made, heaven, niches, funny & sarcastic, funny shirt, typography, minimalist, aesthetic, gift idea, trendy, statement tee",produits/niches/matcha_made_heaven_en__dark.png,produits/niches/matcha_made_heaven_en__light.png
matcha_spill_tea_en,niches,humor,Funny & Sarcastic,matcha,en,Spill the Tea Not the Matcha | Funny & Sarcastic (English) Design,"funny saying, sarcastic, sarcasm, humor, meme shirt, funny quote, introvert humor, spill, matcha, niches, funny & sarcastic, funny shirt, typography, minimalist, aesthetic, gift idea, trendy, statement tee",produits/niches/matcha_spill_tea_en__dark.png,produits/niches/matcha_spill_tea_en__light.png
matcha_terrific_en,niches,humor,Funny & Sarcastic,matcha,en,Tea-rrific & Caffeinated | Funny & Sarcastic (English) Design,"funny saying, sarcastic, sarcasm, humor, meme shirt, funny quote, introvert humor, rrific, caffeinated, matcha, niches, funny & sarcastic, funny shirt, typography, minimalist, aesthetic, gift idea, trendy, statement tee",produits/niches/matcha_terrific_en__dark.png,produits/niches/matcha_terrific_en__light.png
mechanic_car_therapy_en,niches,humor,Funny & Sarcastic,mechanics,en,Classic Car Therapy | Funny & Sarcastic (English) Design,"funny saying, sarcastic, sarcasm, humor, meme shirt, funny quote, introvert humor, classic, therapy, mechanics, niches, funny & sarcastic, funny shirt, typography, minimalist, aesthetic, gift idea, trendy, statement tee",produits/niches/mechanic_car_therapy_en__dark.png,produits/niches/mechanic_car_therapy_en__light.png
mechanic_fix_break_en,niches,humor,Funny & Sarcastic,mechanics,en,I Fix What You Break | Funny & Sarcastic (English) Design,"funny saying, sarcastic, sarcasm, humor, meme shirt, funny quote, introvert humor, what, break, mechanics, niches, funny & sarcastic, funny shirt, typography, minimalist, aesthetic, gift idea, trendy, statement tee",produits/niches/mechanic_fix_break_en__dark.png,produits/niches/mechanic_fix_break_en__light.png
mechanic_garage_en,niches,humor,Funny & Sarcastic,mechanics,en,Sorry for What I Said in the Garage | Funny & Sarcastic (English) Design,"funny saying, sarcastic, sarcasm, humor, meme shirt, funny quote, introvert humor, sorry, what, said, garage, mechanics, niches, funny & sarcastic, funny shirt, typography, minimalist, aesthetic, gift idea, trendy, statement tee",produits/niches/mechanic_garage_en__dark.png,produits/niches/mechanic_garage_en__light.png
mechanic_grease_monkey_en,niches,humor,Funny & Sarcastic,mechanics,en,Grease Monkey & Proud | Funny & Sarcastic (English) Design,"funny saying, sarcastic, sarcasm, humor, meme shirt, funny quote, introvert humor, grease, monkey, proud, mechanics, niches, funny & sarcastic, funny shirt, typography, minimalist, aesthetic, gift idea, trendy, statement tee",produits/niches/mechanic_grease_monkey_en__dark.png,produits/niches/mechanic_grease_monkey_en__light.png
medi_breathe_en,niches,humor,Funny & Sarcastic,meditation,en,Breathe Just Breathe | Funny & Sarcastic (English) Design,"funny saying, sarcastic, sarcasm, humor, meme shirt, funny quote, introvert humor, breathe, meditation, niches, funny & sarcastic, funny shirt, typography, minimalist, aesthetic, gift idea, trendy, statement tee",produits/niches/medi_breathe_en__dark.png,produits/niches/medi_breathe_en__light.png
medi_chaos_en,niches,humor,Funny & Sarcastic,meditation,en,Meditating My Way Through Chaos | Funny & Sarcastic (English) Design,"funny saying, sarcastic, sarcasm, humor, meme shirt, funny quote, introvert humor, meditating, through, chaos, meditation, niches, funny & sarcastic, funny shirt, typography, minimalist, aesthetic, gift idea, trendy, statement tee",produits/niches/medi_chaos_en__dark.png,produits/niches/medi_chaos_en__light.png
medi_namaste_en,niches,humor,Funny & Sarcastic,meditation,en,Namaste (Or I'll Meditate on It) | Funny & Sarcastic (English) Design,"funny saying, sarcastic, sarcasm, humor, meme shirt, funny quote, introvert humor, namaste, i'll, meditate, meditation, niches, funny & sarcastic, funny shirt, typography, minimalist, aesthetic, gift idea, trendy, statement tee",produits/niches/medi_namaste_en__dark.png,produits/niches/medi_namaste_en__light.png
mf_chanterelle_en,niches,humor,Funny & Sarcastic,mushroom_foraging,en,Found a Chanterelle Told No One | Funny & Sarcastic (English) Design,"funny saying, sarcastic, sarcasm, humor, meme shirt, funny quote, introvert humor, found, chanterelle, told, mushroom foraging, niches, funny & sarcastic, funny shirt, typography, minimalist, aesthetic, gift idea, trendy, statement tee",produits/niches/mf_chanterelle_en__dark.png,produits/niches/mf_chanterelle_en__light.png
mf_galerina_en,niches,humor,Funny & Sarcastic,mushroom_foraging,en,Galerina Looks Like Honey Fungus Learn the Difference | Funny & Sarcastic (English) Design,"funny saying, sarcastic, sarcasm, humor, meme shirt, funny quote, introvert humor, galerina, looks, honey, fungus, learn, mushroom foraging, niches, funny & sarcastic, funny shirt, typography, minimalist, aesthetic, gift idea, trendy, statement tee",produits/niches/mf_galerina_en__dark.png,produits/niches/mf_galerina_en__light.png
mf_inoculation_en,niches,humor,Funny & Sarcastic,mushroom_foraging,en,I Inoculate Logs on the Weekend | Funny & Sarcastic (English) Design,"funny saying, sarcastic, sarcasm, humor, meme shirt, funny quote, introvert humor, inoculate, logs, weekend, mushroom foraging, niches, funny & sarcastic, funny shirt, typography, minimalist, aesthetic, gift idea, trendy, statement tee",produits/niches/mf_inoculation_en__dark.png,produits/niches/mf_inoculation_en__light.png
mf_spore_print_en,niches,humor,Funny & Sarcastic,mushroom_foraging,en,When in Doubt Take a Spore Print | Funny & Sarcastic (English) Design,"funny saying, sarcastic, sarcasm, humor, meme shirt, funny quote, introvert humor, when, doubt, take, spore, print, mushroom foraging, niches, funny & sarcastic, funny shirt, typography, minimalist, aesthetic, gift idea, trendy, statement tee",produits/niches/mf_spore_print_en__dark.png,produits/niches/mf_spore_print_en__light.png
mf_spot_en,niches,humor,Funny & Sarcastic,mushroom_foraging,en,I Never Reveal My Spot | Funny & Sarcastic (English) Design,"funny saying, sarcastic, sarcasm, humor, meme shirt, funny quote, introvert humor, never, reveal, spot, mushroom foraging, niches, funny & sarcastic, funny shirt, typography, minimalist, aesthetic, gift idea, trendy, statement tee",produits/niches/mf_spot_en__dark.png,produits/niches/mf_spot_en__light.png
mis_bonjour_fr,niches,humor,Funny & Sarcastic,misanthropy,fr,Bonjour (Je mens) | Funny & Sarcastic (French) Design,"funny saying, sarcastic, sarcasm, humor, meme shirt, funny quote, introvert humor, bonjour, mens, misanthropy, niches, funny & sarcastic, funny shirt, typography, minimalist, aesthetic, gift idea, trendy, statement tee",produits/niches/mis_bonjour_fr__dark.png,produits/niches/mis_bonjour_fr__light.png
mis_bruit_fr,niches,humor,Funny & Sarcastic,misanthropy,fr,Le silence est d'or Les gens sont du bruit | Funny & Sarcastic (French) Design,"funny saying, sarcastic, sarcasm, humor, meme shirt, funny quote, introvert humor, silence, d'or, gens, bruit, misanthropy, niches, funny & sarcastic, funny shirt, typography, minimalist, aesthetic, gift idea, trendy, statement tee",produits/niches/mis_bruit_fr__dark.png,produits/niches/mis_bruit_fr__light.png
mis_cancel_en,niches,humor,Funny & Sarcastic,misanthropy,en,My Plans Got Cancelled I Cancelled Them Myself | Funny & Sarcastic (English) Design,"funny saying, sarcastic, sarcasm, humor, meme shirt, funny quote, introvert humor, plans, cancelled, them, myself, misanthropy, niches, funny & sarcastic, funny shirt, typography, minimalist, aesthetic, gift idea, trendy, statement tee",produits/niches/mis_cancel_en__dark.png,produits/niches/mis_cancel_en__light.png
mis_enfer_fr,niches,humor,Funny & Sarcastic,misanthropy,fr,L'enfer c'est les autres mais un peu moi quand même | Funny & Sarcastic (French) Design,"funny saying, sarcastic, sarcasm, humor, meme shirt, funny quote, introvert humor, l'enfer, c'est, autres, quand, même, misanthropy, niches, funny & sarcastic, funny shirt, typography, minimalist, aesthetic, gift idea, trendy, statement tee",produits/niches/mis_enfer_fr__dark.png,produits/niches/mis_enfer_fr__light.png
mis_fine_en,niches,humor,Funny & Sarcastic,misanthropy,en,I'm Fine (I'm Not Talking About It) | Funny & Sarcastic (English) Design,"funny saying, sarcastic, sarcasm, humor, meme shirt, funny quote, introvert humor, fine, talking, about, misanthropy, niches, funny & sarcastic, funny shirt, typography, minimalist, aesthetic, gift idea, trendy, statement tee",produits/niches/mis_fine_en__dark.png,produits/niches/mis_fine_en__light.png
mis_hell_en,niches,humor,Funny & Sarcastic,misanthropy,en,Hell Is Other People (And a Bit Me Too) | Funny & Sarcastic (English) Design,"funny saying, sarcastic, sarcasm, humor, meme shirt, funny quote, introvert humor, hell, other, people, misanthropy, niches, funny & sarcastic, funny shirt, typography, minimalist, aesthetic, gift idea, trendy, statement tee",produits/niches/mis_hell_en__dark.png,produits/niches/mis_hell_en__light.png
mis_hoelle_de,niches,humor,Funny & Sarcastic,misanthropy,de,Die Hölle das sind die anderen Ein bisschen ich auch | Funny & Sarcastic (German) Design,"funny saying, sarcastic, sarcasm, humor, meme shirt, funny quote, introvert humor, hölle, sind, anderen, bisschen, auch, misanthropy, niches, funny & sarcastic, funny shirt, typography, minimalist, aesthetic, gift idea, trendy, statement tee",produits/niches/mis_hoelle_de__dark.png,produits/niches/mis_hoelle_de__light.png
mis_infierno_es,niches,humor,Funny & Sarcastic,misanthropy,es,El infierno son los demás Y un poco yo también | Funny & Sarcastic (Spanish) Design,"funny saying, sarcastic, sarcasm, humor, meme shirt, funny quote, introvert humor, infierno, demás, poco, también, misanthropy, niches, funny & sarcastic, funny shirt, typography, minimalist, aesthetic, gift idea, trendy, statement tee",produits/niches/mis_infierno_es__dark.png,produits/niches/mis_infierno_es__light.png
mis_monde_fr,niches,humor,Funny & Sarcastic,misanthropy,fr,Je ne déteste pas les gens Je déteste les foules | Funny & Sarcastic (French) Design,"funny saying, sarcastic, sarcasm, humor, meme shirt, funny quote, introvert humor, déteste, gens, foules, misanthropy, niches, funny & sarcastic, funny shirt, typography, minimalist, aesthetic, gift idea, trendy, statement tee",produits/niches/mis_monde_fr__dark.png,produits/niches/mis_monde_fr__light.png
mis_morning_en,niches,humor,Funny & Sarcastic,misanthropy,en,Good Morning (I Don't Mean That) | Funny & Sarcastic (English) Design,"funny saying, sarcastic, sarcasm, humor, meme shirt, funny quote, introvert humor, good, morning, don't, mean, misanthropy, niches, funny & sarcastic, funny shirt, typography, minimalist, aesthetic, gift idea, trendy, statement tee",produits/niches/mis_morning_en__dark.png,produits/niches/mis_morning_en__light.png
mis_plan_fr,niches,humor,Funny & Sarcastic,misanthropy,fr,J'ai annulé mes plans Ils n'étaient pas bons de toute façon | Funny & Sarcastic (French) Design,"funny saying, sarcastic, sarcasm, humor, meme shirt, funny quote, introvert humor, j'ai, annulé, plans, n'étaient, bons, misanthropy, niches, funny & sarcastic, funny shirt, typography, minimalist, aesthetic, gift idea, trendy, statement tee",produits/niches/mis_plan_fr__dark.png,produits/niches/mis_plan_fr__light.png
mis_ruhe_de,niches,humor,Funny & Sarcastic,misanthropy,de,Ich brauche Ruhe Keine Menschen | Funny & Sarcastic (German) Design,"funny saying, sarcastic, sarcasm, humor, meme shirt, funny quote, introvert humor, brauche, ruhe, keine, menschen, misanthropy, niches, funny & sarcastic, funny shirt, typography, minimalist, aesthetic, gift idea, trendy, statement tee",produits/niches/mis_ruhe_de__dark.png,produits/niches/mis_ruhe_de__light.png
mis_silenzio_it,niches,humor,Funny & Sarcastic,misanthropy,it,L'inferno sono gli altri E un po' anch'io | Funny & Sarcastic (Italian) Design,"funny saying, sarcastic, sarcasm, humor, meme shirt, funny quote, introvert humor, l'inferno, sono, altri, anch'io, misanthropy, niches, funny & sarcastic, funny shirt, typography, minimalist, aesthetic, gift idea, trendy, statement tee",produits/niches/mis_silenzio_it__dark.png,produits/niches/mis_silenzio_it__light.png
mis_sociable_fr,niches,humor,Funny & Sarcastic,misanthropy,fr,Je suis sociable Avec les gens qui ne me parlent pas | Funny & Sarcastic (French) Design,"funny saying, sarcastic, sarcasm, humor, meme shirt, funny quote, introvert humor, suis, sociable, gens, parlent, misanthropy, niches, funny & sarcastic, funny shirt, typography, minimalist, aesthetic, gift idea, trendy, statement tee",produits/niches/mis_sociable_fr__dark.png,produits/niches/mis_sociable_fr__light.png
mis_travail_fr,niches,humor,Funny & Sarcastic,misanthropy,fr,Le travail c'est la santé Vive les malades | Funny & Sarcastic (French) Design,"funny saying, sarcastic, sarcasm, humor, meme shirt, funny quote, introvert humor, travail, c'est, santé, vive, malades, misanthropy, niches, funny & sarcastic, funny shirt, typography, minimalist, aesthetic, gift idea, trendy, statement tee",produits/niches/mis_travail_fr__dark.png,produits/niches/mis_travail_fr__light.png
moto_born_to_ride_en,niches,humor,Funny & Sarcastic,motorcycle,en,Born to Ride | Funny & Sarcastic (English) Design,"funny saying, sarcastic, sarcasm, humor, meme shirt, funny quote, introvert humor, born, ride, motorcycle, niches, funny & sarcastic, funny shirt, typography, minimalist, aesthetic, gift idea, trendy, statement tee",produits/niches/moto_born_to_ride_en__dark.png,produits/niches/moto_born_to_ride_en__light.png
moto_loud_pipes_en,niches,humor,Funny & Sarcastic,motorcycle,en,Loud Pipes Save Lives | Funny & Sarcastic (English) Design,"funny saying, sarcastic, sarcasm, humor, meme shirt, funny quote, introvert humor, loud, pipes, save, lives, motorcycle, niches, funny & sarcastic, funny shirt, typography, minimalist, aesthetic, gift idea, trendy, statement tee",produits/niches/moto_loud_pipes_en__dark.png,produits/niches/moto_loud_pipes_en__light.png
moto_ride_more_en,niches,humor,Funny & Sarcastic,motorcycle,en,Ride More Worry Less | Funny & Sarcastic (English) Design,"funny saying, sarcastic, sarcasm, humor, meme shirt, funny quote, introvert humor, ride, more, worry, less, motorcycle, niches, funny & sarcastic, funny shirt, typography, minimalist, aesthetic, gift idea, trendy, statement tee",produits/niches/moto_ride_more_en__dark.png,produits/niches/moto_ride_more_en__light.png
moto_two_wheels_en,niches,humor,Funny & Sarcastic,motorcycle,en,Two Wheels One Love | Funny & Sarcastic (English) Design,"funny saying, sarcastic, sarcasm, humor, meme shirt, funny quote, introvert humor, wheels, love, motorcycle, niches, funny & sarcastic, funny shirt, typography, minimalist, aesthetic, gift idea, trendy, statement tee",produits/niches/moto_two_wheels_en__dark.png,produits/niches/moto_two_wheels_en__light.png
nurse_coffee_lives_en,niches,humor,Funny & Sarcastic,nurses,en,Powered by Coffee & Saving Lives | Funny & Sarcastic (English) Design,"funny saying, sarcastic, sarcasm, humor, meme shirt, funny quote, introvert humor, powered, coffee, saving, lives, nurses, niches, funny & sarcastic, funny shirt, typography, minimalist, aesthetic, gift idea, trendy, statement tee",produits/niches/nurse_coffee_lives_en__dark.png,produits/niches/nurse_coffee_lives_en__light.png
nurse_mode_on_en,niches,humor,Funny & Sarcastic,nurses,en,Nurse Mode On | Funny & Sarcastic (English) Design,"funny saying, sarcastic, sarcasm, humor, meme shirt, funny quote, introvert humor, nurse, mode, nurses, niches, funny & sarcastic, funny shirt, typography, minimalist, aesthetic, gift idea, trendy, statement tee",produits/niches/nurse_mode_on_en__dark.png,produits/niches/nurse_mode_on_en__light.png
nurse_sedate_en,niches,humor,Funny & Sarcastic,nurses,en,Can't Fix Stupid But I Can Sedate It | Funny & Sarcastic (English) Design,"funny saying, sarcastic, sarcasm, humor, meme shirt, funny quote, introvert humor, can't, stupid, sedate, nurses, niches, funny & sarcastic, funny shirt, typography, minimalist, aesthetic, gift idea, trendy, statement tee",produits/niches/nurse_sedate_en__dark.png,produits/niches/nurse_sedate_en__light.png
padel_cant_en,niches,humor,Funny & Sarcastic,padel,en,Sorry I Can't I Have Padel | Funny & Sarcastic (English) Design,"funny saying, sarcastic, sarcasm, humor, meme shirt, funny quote, introvert humor, sorry, can't, padel, niches, funny & sarcastic, funny shirt, typography, minimalist, aesthetic, gift idea, trendy, statement tee",produits/niches/padel_cant_en__dark.png,produits/niches/padel_cant_en__light.png
padel_cant_fr,niches,humor,Funny & Sarcastic,padel,fr,Désolé Je Peux Pas J'ai Padel | Funny & Sarcastic (French) Design,"funny saying, sarcastic, sarcasm, humor, meme shirt, funny quote, introvert humor, désolé, peux, j'ai, padel, niches, funny & sarcastic, funny shirt, typography, minimalist, aesthetic, gift idea, trendy, statement tee",produits/niches/padel_cant_fr__dark.png,produits/niches/padel_cant_fr__light.png
padel_life_en,niches,humor,Funny & Sarcastic,padel,en,Padel Is Life | Funny & Sarcastic (English) Design,"funny saying, sarcastic, sarcasm, humor, meme shirt, funny quote, introvert humor, padel, life, niches, funny & sarcastic, funny shirt, typography, minimalist, aesthetic, gift idea, trendy, statement tee",produits/niches/padel_life_en__dark.png,produits/niches/padel_life_en__light.png
paint_accidents_en,niches,humor,Funny & Sarcastic,painting,en,Happy Little Accidents | Funny & Sarcastic (English) Design,"funny saying, sarcastic, sarcasm, humor, meme shirt, funny quote, introvert humor, happy, little, accidents, painting, niches, funny & sarcastic, funny shirt, typography, minimalist, aesthetic, gift idea, trendy, statement tee",produits/niches/paint_accidents_en__dark.png,produits/niches/paint_accidents_en__light.png
paint_mess_en,niches,humor,Funny & Sarcastic,painting,en,I Make Messes on Canvas | Funny & Sarcastic (English) Design,"funny saying, sarcastic, sarcasm, humor, meme shirt, funny quote, introvert humor, make, messes, canvas, painting, niches, funny & sarcastic, funny shirt, typography, minimalist, aesthetic, gift idea, trendy, statement tee",produits/niches/paint_mess_en__dark.png,produits/niches/paint_mess_en__light.png
paint_therapy_en,niches,humor,Funny & Sarcastic,painting,en,Art Is My Therapy | Funny & Sarcastic (English) Design,"funny saying, sarcastic, sarcasm, humor, meme shirt, funny quote, introvert humor, therapy, painting, niches, funny & sarcastic, funny shirt, typography, minimalist, aesthetic, gift idea, trendy, statement tee",produits/niches/paint_therapy_en__dark.png,produits/niches/paint_therapy_en__light.png
phleb_find_veins_en,niches,humor,Funny & Sarcastic,phlebotomist,en,I Find Veins for a Living | Funny & Sarcastic (English) Design,"funny saying, sarcastic, sarcasm, humor, meme shirt, funny quote, introvert humor, find, veins, living, phlebotomist, niches, funny & sarcastic, funny shirt, typography, minimalist, aesthetic, gift idea, trendy, statement tee",produits/niches/phleb_find_veins_en__dark.png,produits/niches/phleb_find_veins_en__light.png
phleb_hard_stick_en,niches,humor,Funny & Sarcastic,phlebotomist,en,Hard Stick? Challenge Accepted | Funny & Sarcastic (English) Design,"funny saying, sarcastic, sarcasm, humor, meme shirt, funny quote, introvert humor, hard, stick, challenge, accepted, phlebotomist, niches, funny & sarcastic, funny shirt, typography, minimalist, aesthetic, gift idea, trendy, statement tee",produits/niches/phleb_hard_stick_en__dark.png,produits/niches/phleb_hard_stick_en__light.png
phleb_here_for_veins_en,niches,humor,Funny & Sarcastic,phlebotomist,en,I'm Just Here for the Veins | Funny & Sarcastic (English) Design,"funny saying, sarcastic, sarcasm, humor, meme shirt, funny quote, introvert humor, here, veins, phlebotomist, niches, funny & sarcastic, funny shirt, typography, minimalist, aesthetic, gift idea, trendy, statement tee",produits/niches/phleb_here_for_veins_en__dark.png,produits/niches/phleb_here_for_veins_en__light.png
phleb_your_type_en,niches,humor,Funny & Sarcastic,phlebotomist,en,Whatever Your Type I'll Find It | Funny & Sarcastic (English) Design,"funny saying, sarcastic, sarcasm, humor, meme shirt, funny quote, introvert humor, whatever, type, i'll, find, phlebotomist, niches, funny & sarcastic, funny shirt, typography, minimalist, aesthetic, gift idea, trendy, statement tee",produits/niches/phleb_your_type_en__dark.png,produits/niches/phleb_your_type_en__light.png
photo_golden_hour_en,niches,humor,Funny & Sarcastic,photography,en,Chasing Golden Hour | Funny & Sarcastic (English) Design,"funny saying, sarcastic, sarcasm, humor, meme shirt, funny quote, introvert humor, chasing, golden, hour, photography, niches, funny & sarcastic, funny shirt, typography, minimalist, aesthetic, gift idea, trendy, statement tee",produits/niches/photo_golden_hour_en__dark.png,produits/niches/photo_golden_hour_en__light.png
photo_lens_en,niches,humor,Funny & Sarcastic,photography,en,Life Through a Lens | Funny & Sarcastic (English) Design,"funny saying, sarcastic, sarcasm, humor, meme shirt, funny quote, introvert humor, life, through, lens, photography, niches, funny & sarcastic, funny shirt, typography, minimalist, aesthetic, gift idea, trendy, statement tee",produits/niches/photo_lens_en__dark.png,produits/niches/photo_lens_en__light.png
photo_shoot_first_en,niches,humor,Funny & Sarcastic,photography,en,Shoot First Ask Later | Funny & Sarcastic (English) Design,"funny saying, sarcastic, sarcasm, humor, meme shirt, funny quote, introvert humor, shoot, first, later, photography, niches, funny & sarcastic, funny shirt, typography, minimalist, aesthetic, gift idea, trendy, statement tee",produits/niches/photo_shoot_first_en__dark.png,produits/niches/photo_shoot_first_en__light.png
pickle_cardio_en,niches,humor,Funny & Sarcastic,pickleball,en,Pickleball Is My Cardio | Funny & Sarcastic (English) Design,"funny saying, sarcastic, sarcasm, humor, meme shirt, funny quote, introvert humor, pickleball, cardio, niches, funny & sarcastic, funny shirt, typography, minimalist, aesthetic, gift idea, trendy, statement tee",produits/niches/pickle_cardio_en__dark.png,produits/niches/pickle_cardio_en__light.png
pickle_dink_responsibly_en,niches,humor,Funny & Sarcastic,pickleball,en,Dink Responsibly | Funny & Sarcastic (English) Design,"funny saying, sarcastic, sarcasm, humor, meme shirt, funny quote, introvert humor, dink, responsibly, pickleball, niches, funny & sarcastic, funny shirt, typography, minimalist, aesthetic, gift idea, trendy, statement tee",produits/niches/pickle_dink_responsibly_en__dark.png,produits/niches/pickle_dink_responsibly_en__light.png
pickle_repeat_en,niches,humor,Funny & Sarcastic,pickleball,en,Eat. Sleep. Dink. Repeat. | Funny & Sarcastic (English) Design,"funny saying, sarcastic, sarcasm, humor, meme shirt, funny quote, introvert humor, sleep, dink, repeat, pickleball, niches, funny & sarcastic, funny shirt, typography, minimalist, aesthetic, gift idea, trendy, statement tee",produits/niches/pickle_repeat_en__dark.png,produits/niches/pickle_repeat_en__light.png
pickle_sorry_cant_en,niches,humor,Funny & Sarcastic,pickleball,en,Sorry I Can't I Have Pickleball | Funny & Sarcastic (English) Design,"funny saying, sarcastic, sarcasm, humor, meme shirt, funny quote, introvert humor, sorry, can't, pickleball, niches, funny & sarcastic, funny shirt, typography, minimalist, aesthetic, gift idea, trendy, statement tee",produits/niches/pickle_sorry_cant_en__dark.png,produits/niches/pickle_sorry_cant_en__light.png
pilates_core_en,niches,humor,Funny & Sarcastic,pilates,en,Core Values: Pilates | Funny & Sarcastic (English) Design,"funny saying, sarcastic, sarcasm, humor, meme shirt, funny quote, introvert humor, core, values, pilates, niches, funny & sarcastic, funny shirt, typography, minimalist, aesthetic, gift idea, trendy, statement tee",produits/niches/pilates_core_en__dark.png,produits/niches/pilates_core_en__light.png
pilates_made_me_en,niches,humor,Funny & Sarcastic,pilates,en,Pilates Made Me Do It | Funny & Sarcastic (English) Design,"funny saying, sarcastic, sarcasm, humor, meme shirt, funny quote, introvert humor, pilates, made, niches, funny & sarcastic, funny shirt, typography, minimalist, aesthetic, gift idea, trendy, statement tee",produits/niches/pilates_made_me_en__dark.png,produits/niches/pilates_made_me_en__light.png
pilates_reformer_en,niches,humor,Funny & Sarcastic,pilates,en,Reformer Girl | Funny & Sarcastic (English) Design,"funny saying, sarcastic, sarcasm, humor, meme shirt, funny quote, introvert humor, reformer, girl, pilates, niches, funny & sarcastic, funny shirt, typography, minimalist, aesthetic, gift idea, trendy, statement tee",produits/niches/pilates_reformer_en__dark.png,produits/niches/pilates_reformer_en__light.png
plants_crazy_lady_en,niches,humor,Funny & Sarcastic,houseplants,en,Crazy Plant Lady | Funny & Sarcastic (English) Design,"funny saying, sarcastic, sarcasm, humor, meme shirt, funny quote, introvert humor, crazy, plant, lady, houseplants, niches, funny & sarcastic, funny shirt, typography, minimalist, aesthetic, gift idea, trendy, statement tee",produits/niches/plants_crazy_lady_en__dark.png,produits/niches/plants_crazy_lady_en__light.png
plants_rooting_for_you_en,niches,humor,Funny & Sarcastic,houseplants,en,I'm Rooting for You | Funny & Sarcastic (English) Design,"funny saying, sarcastic, sarcasm, humor, meme shirt, funny quote, introvert humor, rooting, houseplants, niches, funny & sarcastic, funny shirt, typography, minimalist, aesthetic, gift idea, trendy, statement tee",produits/niches/plants_rooting_for_you_en__dark.png,produits/niches/plants_rooting_for_you_en__light.png
plants_too_many_en,niches,humor,Funny & Sarcastic,houseplants,en,Too Many Plants? Said No One Ever | Funny & Sarcastic (English) Design,"funny saying, sarcastic, sarcasm, humor, meme shirt, funny quote, introvert humor, many, plants, said, ever, houseplants, niches, funny & sarcastic, funny shirt, typography, minimalist, aesthetic, gift idea, trendy, statement tee",produits/niches/plants_too_many_en__dark.png,produits/niches/plants_too_many_en__light.png
pott_center_en,niches,humor,Funny & Sarcastic,pottery,en,Center or Die Trying | Funny & Sarcastic (English) Design,"funny saying, sarcastic, sarcasm, humor, meme shirt, funny quote, introvert humor, center, trying, pottery, niches, funny & sarcastic, funny shirt, typography, minimalist, aesthetic, gift idea, trendy, statement tee",produits/niches/pott_center_en__dark.png,produits/niches/pott_center_en__light.png
pott_cone6_en,niches,humor,Funny & Sarcastic,pottery,en,Cone 6 Not Negotiable | Funny & Sarcastic (English) Design,"funny saying, sarcastic, sarcasm, humor, meme shirt, funny quote, introvert humor, cone, negotiable, pottery, niches, funny & sarcastic, funny shirt, typography, minimalist, aesthetic, gift idea, trendy, statement tee",produits/niches/pott_cone6_en__dark.png,produits/niches/pott_cone6_en__light.png
pott_pull_en,niches,humor,Funny & Sarcastic,pottery,en,Pulling Walls Finding Zen | Funny & Sarcastic (English) Design,"funny saying, sarcastic, sarcasm, humor, meme shirt, funny quote, introvert humor, pulling, walls, finding, pottery, niches, funny & sarcastic, funny shirt, typography, minimalist, aesthetic, gift idea, trendy, statement tee",produits/niches/pott_pull_en__dark.png,produits/niches/pott_pull_en__light.png
pott_reclaim_en,niches,humor,Funny & Sarcastic,pottery,en,Reclaim the Clay Reclaim Your Soul | Funny & Sarcastic (English) Design,"funny saying, sarcastic, sarcasm, humor, meme shirt, funny quote, introvert humor, reclaim, clay, soul, pottery, niches, funny & sarcastic, funny shirt, typography, minimalist, aesthetic, gift idea, trendy, statement tee",produits/niches/pott_reclaim_en__dark.png,produits/niches/pott_reclaim_en__light.png
pott_scrack_en,niches,humor,Funny & Sarcastic,pottery,en,S-Crack Again. Of Course. | Funny & Sarcastic (English) Design,"funny saying, sarcastic, sarcasm, humor, meme shirt, funny quote, introvert humor, crack, again, course, pottery, niches, funny & sarcastic, funny shirt, typography, minimalist, aesthetic, gift idea, trendy, statement tee",produits/niches/pott_scrack_en__dark.png,produits/niches/pott_scrack_en__light.png
pott_wedge_en,niches,humor,Funny & Sarcastic,pottery,en,I Wedge So I Don't Have to Think | Funny & Sarcastic (English) Design,"funny saying, sarcastic, sarcasm, humor, meme shirt, funny quote, introvert humor, wedge, don't, think, pottery, niches, funny & sarcastic, funny shirt, typography, minimalist, aesthetic, gift idea, trendy, statement tee",produits/niches/pott_wedge_en__dark.png,produits/niches/pott_wedge_en__light.png
pt_fix_people_en,niches,humor,Funny & Sarcastic,physical_therapist,en,I Fix People | Funny & Sarcastic (English) Design,"funny saying, sarcastic, sarcasm, humor, meme shirt, funny quote, introvert humor, people, physical therapist, niches, funny & sarcastic, funny shirt, typography, minimalist, aesthetic, gift idea, trendy, statement tee",produits/niches/pt_fix_people_en__dark.png,produits/niches/pt_fix_people_en__light.png
pt_move_it_en,niches,humor,Funny & Sarcastic,physical_therapist,en,Move It or Lose It | Funny & Sarcastic (English) Design,"funny saying, sarcastic, sarcasm, humor, meme shirt, funny quote, introvert humor, move, lose, physical therapist, niches, funny & sarcastic, funny shirt, typography, minimalist, aesthetic, gift idea, trendy, statement tee",produits/niches/pt_move_it_en__dark.png,produits/niches/pt_move_it_en__light.png
pt_pain_tolerance_en,niches,humor,Funny & Sarcastic,physical_therapist,en,PT: Pain Tolerance Trainer | Funny & Sarcastic (English) Design,"funny saying, sarcastic, sarcasm, humor, meme shirt, funny quote, introvert humor, pain, tolerance, trainer, physical therapist, niches, funny & sarcastic, funny shirt, typography, minimalist, aesthetic, gift idea, trendy, statement tee",produits/niches/pt_pain_tolerance_en__dark.png,produits/niches/pt_pain_tolerance_en__light.png
pun_bier_wort_de,niches,humor,Funny & Sarcastic,wordplay_de,de,Bier ist das wichtigste Wort | Funny & Sarcastic (German) Design,"funny saying, sarcastic, sarcasm, humor, meme shirt, funny quote, introvert humor, bier, wichtigste, wort, wordplay de, niches, funny & sarcastic, funny shirt, typography, minimalist, aesthetic, gift idea, trendy, statement tee",produits/niches/pun_bier_wort_de__dark.png,produits/niches/pun_bier_wort_de__light.png
pun_biere_peur_fr,niches,humor,Funny & Sarcastic,wordplay_fr,fr,Sans bière c'est sans pitié | Funny & Sarcastic (French) Design,"funny saying, sarcastic, sarcasm, humor, meme shirt, funny quote, introvert humor, sans, bière, c'est, pitié, wordplay fr, niches, funny & sarcastic, funny shirt, typography, minimalist, aesthetic, gift idea, trendy, statement tee",produits/niches/pun_biere_peur_fr__dark.png,produits/niches/pun_biere_peur_fr__light.png
pun_butter_en,niches,humor,Funny & Sarcastic,wordplay_en,en,I'm on a Roll (Butter Side Up) | Funny & Sarcastic (English) Design,"funny saying, sarcastic, sarcasm, humor, meme shirt, funny quote, introvert humor, roll, butter, side, wordplay en, niches, funny & sarcastic, funny shirt, typography, minimalist, aesthetic, gift idea, trendy, statement tee",produits/niches/pun_butter_en__dark.png,produits/niches/pun_butter_en__light.png
pun_espresso_en,niches,humor,Funny & Sarcastic,wordplay_en,en,I've Bean Thinking About Coffee | Funny & Sarcastic (English) Design,"funny saying, sarcastic, sarcasm, humor, meme shirt, funny quote, introvert humor, i've, bean, thinking, about, coffee, wordplay en, niches, funny & sarcastic, funny shirt, typography, minimalist, aesthetic, gift idea, trendy, statement tee",produits/niches/pun_espresso_en__dark.png,produits/niches/pun_espresso_en__light.png
pun_kale_en,niches,humor,Funny & Sarcastic,wordplay_en,en,Kale Yeah I'm Healthy | Funny & Sarcastic (English) Design,"funny saying, sarcastic, sarcasm, humor, meme shirt, funny quote, introvert humor, kale, yeah, healthy, wordplay en, niches, funny & sarcastic, funny shirt, typography, minimalist, aesthetic, gift idea, trendy, statement tee",produits/niches/pun_kale_en__dark.png,produits/niches/pun_kale_en__light.png
pun_knot_en,niches,humor,Funny & Sarcastic,wordplay_en,en,Knot My Problem I'm Crocheting | Funny & Sarcastic (English) Design,"funny saying, sarcastic, sarcasm, humor, meme shirt, funny quote, introvert humor, knot, problem, crocheting, wordplay en, niches, funny & sarcastic, funny shirt, typography, minimalist, aesthetic, gift idea, trendy, statement tee",produits/niches/pun_knot_en__dark.png,produits/niches/pun_knot_en__light.png
pun_pain_fr,niches,humor,Funny & Sarcastic,wordplay_fr,fr,Sans pain sans gain | Funny & Sarcastic (French) Design,"funny saying, sarcastic, sarcasm, humor, meme shirt, funny quote, introvert humor, sans, pain, gain, wordplay fr, niches, funny & sarcastic, funny shirt, typography, minimalist, aesthetic, gift idea, trendy, statement tee",produits/niches/pun_pain_fr__dark.png,produits/niches/pun_pain_fr__light.png
pun_reel_en,niches,humor,Funny & Sarcastic,wordplay_en,en,I'm Hooked (It's the Fishing) | Funny & Sarcastic (English) Design,"funny saying, sarcastic, sarcasm, humor, meme shirt, funny quote, introvert humor, hooked, it's, fishing, wordplay en, niches, funny & sarcastic, funny shirt, typography, minimalist, aesthetic, gift idea, trendy, statement tee",produits/niches/pun_reel_en__dark.png,produits/niches/pun_reel_en__light.png
pun_soleil_fr,niches,humor,Funny & Sarcastic,wordplay_fr,fr,Après la pluie le bon vin | Funny & Sarcastic (French) Design,"funny saying, sarcastic, sarcasm, humor, meme shirt, funny quote, introvert humor, après, pluie, wordplay fr, niches, funny & sarcastic, funny shirt, typography, minimalist, aesthetic, gift idea, trendy, statement tee",produits/niches/pun_soleil_fr__dark.png,produits/niches/pun_soleil_fr__light.png
pun_vin_vingt_fr,niches,humor,Funny & Sarcastic,wordplay_fr,fr,J'ai vingt problèmes et le vin en règle vingt | Funny & Sarcastic (French) Design,"funny saying, sarcastic, sarcasm, humor, meme shirt, funny quote, introvert humor, j'ai, vingt, problèmes, règle, wordplay fr, niches, funny & sarcastic, funny shirt, typography, minimalist, aesthetic, gift idea, trendy, statement tee",produits/niches/pun_vin_vingt_fr__dark.png,produits/niches/pun_vin_vingt_fr__light.png
pun_vino_es,niches,humor,Funny & Sarcastic,wordplay_es,es,El vino tiene la respuesta Cual era la pregunta? | Funny & Sarcastic (Spanish) Design,"funny saying, sarcastic, sarcasm, humor, meme shirt, funny quote, introvert humor, vino, tiene, respuesta, cual, pregunta, wordplay es, niches, funny & sarcastic, funny shirt, typography, minimalist, aesthetic, gift idea, trendy, statement tee",produits/niches/pun_vino_es__dark.png,produits/niches/pun_vino_es__light.png
pun_vino_it,niches,humor,Funny & Sarcastic,wordplay_it,it,In vino veritas In acqua basta | Funny & Sarcastic (Italian) Design,"funny saying, sarcastic, sarcasm, humor, meme shirt, funny quote, introvert humor, vino, veritas, acqua, basta, wordplay it, niches, funny & sarcastic, funny shirt, typography, minimalist, aesthetic, gift idea, trendy, statement tee",produits/niches/pun_vino_it__dark.png,produits/niches/pun_vino_it__light.png
pun_wine_time_en,niches,humor,Funny & Sarcastic,wordplay_en,en,Wine Time Is Fine Time | Funny & Sarcastic (English) Design,"funny saying, sarcastic, sarcasm, humor, meme shirt, funny quote, introvert humor, wine, time, fine, wordplay en, niches, funny & sarcastic, funny shirt, typography, minimalist, aesthetic, gift idea, trendy, statement tee",produits/niches/pun_wine_time_en__dark.png,produits/niches/pun_wine_time_en__light.png
re_always_open_en,niches,humor,Funny & Sarcastic,real_estate,en,Real Estate Agent Always Open | Funny & Sarcastic (English) Design,"funny saying, sarcastic, sarcasm, humor, meme shirt, funny quote, introvert humor, real, estate, agent, always, open, real estate, niches, funny & sarcastic, funny shirt, typography, minimalist, aesthetic, gift idea, trendy, statement tee",produits/niches/re_always_open_en__dark.png,produits/niches/re_always_open_en__light.png
re_dreams_en,niches,humor,Funny & Sarcastic,real_estate,en,I Don't Sell Homes I Sell Dreams | Funny & Sarcastic (English) Design,"funny saying, sarcastic, sarcasm, humor, meme shirt, funny quote, introvert humor, don't, sell, homes, dreams, real estate, niches, funny & sarcastic, funny shirt, typography, minimalist, aesthetic, gift idea, trendy, statement tee",produits/niches/re_dreams_en__dark.png,produits/niches/re_dreams_en__light.png
re_sanity_en,niches,humor,Funny & Sarcastic,real_estate,en,For Sale: My Sanity | Funny & Sarcastic (English) Design,"funny saying, sarcastic, sarcasm, humor, meme shirt, funny quote, introvert humor, sale, sanity, real estate, niches, funny & sarcastic, funny shirt, typography, minimalist, aesthetic, gift idea, trendy, statement tee",produits/niches/re_sanity_en__dark.png,produits/niches/re_sanity_en__light.png
reef_alk_crash_en,niches,humor,Funny & Sarcastic,reef_tank,en,Alk Crashed at 3am Classic Tuesday | Funny & Sarcastic (English) Design,"funny saying, sarcastic, sarcasm, humor, meme shirt, funny quote, introvert humor, crashed, classic, tuesday, reef tank, niches, funny & sarcastic, funny shirt, typography, minimalist, aesthetic, gift idea, trendy, statement tee",produits/niches/reef_alk_crash_en__dark.png,produits/niches/reef_alk_crash_en__light.png
reef_big3_en,niches,humor,Funny & Sarcastic,reef_tank,en,Alk. Calc. Mag. The Holy Trinity | Funny & Sarcastic (English) Design,"funny saying, sarcastic, sarcasm, humor, meme shirt, funny quote, introvert humor, calc, holy, trinity, reef tank, niches, funny & sarcastic, funny shirt, typography, minimalist, aesthetic, gift idea, trendy, statement tee",produits/niches/reef_big3_en__dark.png,produits/niches/reef_big3_en__light.png
reef_frag_en,niches,humor,Funny & Sarcastic,reef_tank,en,I Frag My Corals They're Fine with It | Funny & Sarcastic (English) Design,"funny saying, sarcastic, sarcasm, humor, meme shirt, funny quote, introvert humor, frag, corals, they're, fine, reef tank, niches, funny & sarcastic, funny shirt, typography, minimalist, aesthetic, gift idea, trendy, statement tee",produits/niches/reef_frag_en__dark.png,produits/niches/reef_frag_en__light.png
reef_rodi_en,niches,humor,Funny & Sarcastic,reef_tank,en,RODI or the Tank Dies. Simple. | Funny & Sarcastic (English) Design,"funny saying, sarcastic, sarcasm, humor, meme shirt, funny quote, introvert humor, rodi, tank, dies, simple, reef tank, niches, funny & sarcastic, funny shirt, typography, minimalist, aesthetic, gift idea, trendy, statement tee",produits/niches/reef_rodi_en__dark.png,produits/niches/reef_rodi_en__light.png
reef_skimmer_en,niches,humor,Funny & Sarcastic,reef_tank,en,Skimmer Overflowed Life Is Pain | Funny & Sarcastic (English) Design,"funny saying, sarcastic, sarcasm, humor, meme shirt, funny quote, introvert humor, skimmer, overflowed, life, pain, reef tank, niches, funny & sarcastic, funny shirt, typography, minimalist, aesthetic, gift idea, trendy, statement tee",produits/niches/reef_skimmer_en__dark.png,produits/niches/reef_skimmer_en__light.png
reef_softies_en,niches,humor,Funny & Sarcastic,reef_tank,en,"SPS, LPS, Softies I Speak All Three | Funny & Sarcastic (English) Design","funny saying, sarcastic, sarcasm, humor, meme shirt, funny quote, introvert humor, softies, speak, three, reef tank, niches, funny & sarcastic, funny shirt, typography, minimalist, aesthetic, gift idea, trendy, statement tee",produits/niches/reef_softies_en__dark.png,produits/niches/reef_softies_en__light.png
reef_sps_flow_en,niches,humor,Funny & Sarcastic,reef_tank,en,My SPS Needs More Flow Than I Do | Funny & Sarcastic (English) Design,"funny saying, sarcastic, sarcasm, humor, meme shirt, funny quote, introvert humor, needs, more, flow, than, reef tank, niches, funny & sarcastic, funny shirt, typography, minimalist, aesthetic, gift idea, trendy, statement tee",produits/niches/reef_sps_flow_en__dark.png,produits/niches/reef_sps_flow_en__light.png
retro_insert_coffee_en,niches,humor,Funny & Sarcastic,retro_gaming,en,Game Over? Insert Coffee | Funny & Sarcastic (English) Design,"funny saying, sarcastic, sarcasm, humor, meme shirt, funny quote, introvert humor, game, over, insert, coffee, retro gaming, niches, funny & sarcastic, funny shirt, typography, minimalist, aesthetic, gift idea, trendy, statement tee",produits/niches/retro_insert_coffee_en__dark.png,produits/niches/retro_insert_coffee_en__light.png
retro_modern_problems_en,niches,humor,Funny & Sarcastic,retro_gaming,en,Retro Gamer Modern Problems | Funny & Sarcastic (English) Design,"funny saying, sarcastic, sarcasm, humor, meme shirt, funny quote, introvert humor, retro, gamer, modern, problems, retro gaming, niches, funny & sarcastic, funny shirt, typography, minimalist, aesthetic, gift idea, trendy, statement tee",produits/niches/retro_modern_problems_en__dark.png,produits/niches/retro_modern_problems_en__light.png
retro_press_start_en,niches,humor,Funny & Sarcastic,retro_gaming,en,Press Start to Adult | Funny & Sarcastic (English) Design,"funny saying, sarcastic, sarcasm, humor, meme shirt, funny quote, introvert humor, press, start, adult, retro gaming, niches, funny & sarcastic, funny shirt, typography, minimalist, aesthetic, gift idea, trendy, statement tee",produits/niches/retro_press_start_en__dark.png,produits/niches/retro_press_start_en__light.png
retro_save_point_en,niches,humor,Funny & Sarcastic,retro_gaming,en,Saved by the Save Point | Funny & Sarcastic (English) Design,"funny saying, sarcastic, sarcasm, humor, meme shirt, funny quote, introvert humor, saved, save, point, retro gaming, niches, funny & sarcastic, funny shirt, typography, minimalist, aesthetic, gift idea, trendy, statement tee",produits/niches/retro_save_point_en__dark.png,produits/niches/retro_save_point_en__light.png
run_26_2_en,niches,humor,Funny & Sarcastic,running,en,13.1 Halfway There | Funny & Sarcastic (English) Design,"funny saying, sarcastic, sarcasm, humor, meme shirt, funny quote, introvert humor, halfway, there, running, niches, funny & sarcastic, funny shirt, typography, minimalist, aesthetic, gift idea, trendy, statement tee",produits/niches/run_26_2_en__dark.png,produits/niches/run_26_2_en__light.png
run_5k_before_en,niches,humor,Funny & Sarcastic,running,en,5K Before Your 5K | Funny & Sarcastic (English) Design,"funny saying, sarcastic, sarcasm, humor, meme shirt, funny quote, introvert humor, before, running, niches, funny & sarcastic, funny shirt, typography, minimalist, aesthetic, gift idea, trendy, statement tee",produits/niches/run_5k_before_en__dark.png,produits/niches/run_5k_before_en__light.png
run_cardio_en,niches,humor,Funny & Sarcastic,running,en,Running Late Is My Cardio | Funny & Sarcastic (English) Design,"funny saying, sarcastic, sarcasm, humor, meme shirt, funny quote, introvert humor, running, late, cardio, niches, funny & sarcastic, funny shirt, typography, minimalist, aesthetic, gift idea, trendy, statement tee",produits/niches/run_cardio_en__dark.png,produits/niches/run_cardio_en__light.png
run_faster_en,niches,humor,Funny & Sarcastic,running,en,I Run Faster Than My Problems | Funny & Sarcastic (English) Design,"funny saying, sarcastic, sarcasm, humor, meme shirt, funny quote, introvert humor, faster, than, problems, running, niches, funny & sarcastic, funny shirt, typography, minimalist, aesthetic, gift idea, trendy, statement tee",produits/niches/run_faster_en__dark.png,produits/niches/run_faster_en__light.png
sail_email_less_en,niches,humor,Funny & Sarcastic,sailing,en,Sail More Email Less | Funny & Sarcastic (English) Design,"funny saying, sarcastic, sarcasm, humor, meme shirt, funny quote, introvert humor, sail, more, email, less, sailing, niches, funny & sarcastic, funny shirt, typography, minimalist, aesthetic, gift idea, trendy, statement tee",produits/niches/sail_email_less_en__dark.png,produits/niches/sail_email_less_en__light.png
sail_prevails_en,niches,humor,Funny & Sarcastic,sailing,en,She Who Sails Prevails | Funny & Sarcastic (English) Design,"funny saying, sarcastic, sarcasm, humor, meme shirt, funny quote, introvert humor, sails, prevails, sailing, niches, funny & sarcastic, funny shirt, typography, minimalist, aesthetic, gift idea, trendy, statement tee",produits/niches/sail_prevails_en__dark.png,produits/niches/sail_prevails_en__light.png
sail_wind_en,niches,humor,Funny & Sarcastic,sailing,en,Wind in My Sails | Funny & Sarcastic (English) Design,"funny saying, sarcastic, sarcasm, humor, meme shirt, funny quote, introvert humor, wind, sails, sailing, niches, funny & sarcastic, funny shirt, typography, minimalist, aesthetic, gift idea, trendy, statement tee",produits/niches/sail_wind_en__dark.png,produits/niches/sail_wind_en__light.png
scuba_rather_underwater_en,niches,humor,Funny & Sarcastic,scuba,en,I'd Rather Be Underwater | Funny & Sarcastic (English) Design,"funny saying, sarcastic, sarcasm, humor, meme shirt, funny quote, introvert humor, rather, underwater, scuba, niches, funny & sarcastic, funny shirt, typography, minimalist, aesthetic, gift idea, trendy, statement tee",produits/niches/scuba_rather_underwater_en__dark.png,produits/niches/scuba_rather_underwater_en__light.png
scuba_repeat_en,niches,humor,Funny & Sarcastic,scuba,en,Eat. Sleep. Dive. Repeat. | Funny & Sarcastic (English) Design,"funny saying, sarcastic, sarcasm, humor, meme shirt, funny quote, introvert humor, sleep, dive, repeat, scuba, niches, funny & sarcastic, funny shirt, typography, minimalist, aesthetic, gift idea, trendy, statement tee",produits/niches/scuba_repeat_en__dark.png,produits/niches/scuba_repeat_en__light.png
sd_75_hydration_en,niches,humor,Funny & Sarcastic,sourdough,en,75% Hydration Was Hubris | Funny & Sarcastic (English) Design,"funny saying, sarcastic, sarcasm, humor, meme shirt, funny quote, introvert humor, hydration, hubris, sourdough, niches, funny & sarcastic, funny shirt, typography, minimalist, aesthetic, gift idea, trendy, statement tee",produits/niches/sd_75_hydration_en__dark.png,produits/niches/sd_75_hydration_en__light.png
sd_alveolage_fr,niches,humor,Funny & Sarcastic,sourdough,fr,L'Alvéolage N'est Jamais Assez Ouvert | Funny & Sarcastic (French) Design,"funny saying, sarcastic, sarcasm, humor, meme shirt, funny quote, introvert humor, l'alvéolage, n'est, jamais, assez, ouvert, sourdough, niches, funny & sarcastic, funny shirt, typography, minimalist, aesthetic, gift idea, trendy, statement tee",produits/niches/sd_alveolage_fr__dark.png,produits/niches/sd_alveolage_fr__light.png
sd_bulk_one_more_hour_en,niches,humor,Funny & Sarcastic,sourdough,en,Bulk Ferment: Just One More Hour | Funny & Sarcastic (English) Design,"funny saying, sarcastic, sarcasm, humor, meme shirt, funny quote, introvert humor, bulk, ferment, more, hour, sourdough, niches, funny & sarcastic, funny shirt, typography, minimalist, aesthetic, gift idea, trendy, statement tee",produits/niches/sd_bulk_one_more_hour_en__dark.png,produits/niches/sd_bulk_one_more_hour_en__light.png
sd_discard_better_life_en,niches,humor,Funny & Sarcastic,sourdough,en,My Discard Has a Better Life Than Me | Funny & Sarcastic (English) Design,"funny saying, sarcastic, sarcasm, humor, meme shirt, funny quote, introvert humor, discard, better, life, than, sourdough, niches, funny & sarcastic, funny shirt, typography, minimalist, aesthetic, gift idea, trendy, statement tee",produits/niches/sd_discard_better_life_en__dark.png,produits/niches/sd_discard_better_life_en__light.png
sd_fed_starter_first_en,niches,humor,Funny & Sarcastic,sourdough,en,Fed My Starter Before Myself. Again. | Funny & Sarcastic (English) Design,"funny saying, sarcastic, sarcasm, humor, meme shirt, funny quote, introvert humor, starter, before, myself, again, sourdough, niches, funny & sarcastic, funny shirt, typography, minimalist, aesthetic, gift idea, trendy, statement tee",produits/niches/sd_fed_starter_first_en__dark.png,produits/niches/sd_fed_starter_first_en__light.png
sd_levain_prenom_fr,niches,humor,Funny & Sarcastic,sourdough,fr,Mon Levain Se Prénomme Jean-Pierre | Funny & Sarcastic (French) Design,"funny saying, sarcastic, sarcasm, humor, meme shirt, funny quote, introvert humor, levain, prénomme, jean, pierre, sourdough, niches, funny & sarcastic, funny shirt, typography, minimalist, aesthetic, gift idea, trendy, statement tee",produits/niches/sd_levain_prenom_fr__dark.png,produits/niches/sd_levain_prenom_fr__light.png
sd_open_crumb_en,niches,humor,Funny & Sarcastic,sourdough,en,Open Crumb or Start Over | Funny & Sarcastic (English) Design,"funny saying, sarcastic, sarcasm, humor, meme shirt, funny quote, introvert humor, open, crumb, start, over, sourdough, niches, funny & sarcastic, funny shirt, typography, minimalist, aesthetic, gift idea, trendy, statement tee",produits/niches/sd_open_crumb_en__dark.png,produits/niches/sd_open_crumb_en__light.png
sew_life_short_en,niches,humor,Funny & Sarcastic,sewing,en,Life Is Too Short for Bad Fabric | Funny & Sarcastic (English) Design,"funny saying, sarcastic, sarcasm, humor, meme shirt, funny quote, introvert humor, life, short, fabric, sewing, niches, funny & sarcastic, funny shirt, typography, minimalist, aesthetic, gift idea, trendy, statement tee",produits/niches/sew_life_short_en__dark.png,produits/niches/sew_life_short_en__light.png
sew_quilt_en,niches,humor,Funny & Sarcastic,sewing,en,Quilts Are Just Fabric Hugs | Funny & Sarcastic (English) Design,"funny saying, sarcastic, sarcasm, humor, meme shirt, funny quote, introvert humor, quilts, fabric, hugs, sewing, niches, funny & sarcastic, funny shirt, typography, minimalist, aesthetic, gift idea, trendy, statement tee",produits/niches/sew_quilt_en__dark.png,produits/niches/sew_quilt_en__light.png
sew_seam_stress_en,niches,humor,Funny & Sarcastic,sewing,en,Seam Stress | Funny & Sarcastic (English) Design,"funny saying, sarcastic, sarcasm, humor, meme shirt, funny quote, introvert humor, seam, stress, sewing, niches, funny & sarcastic, funny shirt, typography, minimalist, aesthetic, gift idea, trendy, statement tee",produits/niches/sew_seam_stress_en__dark.png,produits/niches/sew_seam_stress_en__light.png
sew_stitch_witch_en,niches,humor,Funny & Sarcastic,sewing,en,Stitch Witch | Funny & Sarcastic (English) Design,"funny saying, sarcastic, sarcasm, humor, meme shirt, funny quote, introvert humor, stitch, witch, sewing, niches, funny & sarcastic, funny shirt, typography, minimalist, aesthetic, gift idea, trendy, statement tee",produits/niches/sew_stitch_witch_en__dark.png,produits/niches/sew_stitch_witch_en__light.png
ski_born_forced_en,niches,humor,Funny & Sarcastic,skiing,en,Born to Ski Forced to Work | Funny & Sarcastic (English) Design,"funny saying, sarcastic, sarcasm, humor, meme shirt, funny quote, introvert humor, born, forced, work, skiing, niches, funny & sarcastic, funny shirt, typography, minimalist, aesthetic, gift idea, trendy, statement tee",produits/niches/ski_born_forced_en__dark.png,produits/niches/ski_born_forced_en__light.png
ski_bum_en,niches,humor,Funny & Sarcastic,skiing,en,Ski Bum & Proud | Funny & Sarcastic (English) Design,"funny saying, sarcastic, sarcasm, humor, meme shirt, funny quote, introvert humor, proud, skiing, niches, funny & sarcastic, funny shirt, typography, minimalist, aesthetic, gift idea, trendy, statement tee",produits/niches/ski_bum_en__dark.png,produits/niches/ski_bum_en__light.png
ski_fresh_powder_en,niches,humor,Funny & Sarcastic,skiing,en,Fresh Powder Fresh Mindset | Funny & Sarcastic (English) Design,"funny saying, sarcastic, sarcasm, humor, meme shirt, funny quote, introvert humor, fresh, powder, mindset, skiing, niches, funny & sarcastic, funny shirt, typography, minimalist, aesthetic, gift idea, trendy, statement tee",produits/niches/ski_fresh_powder_en__dark.png,produits/niches/ski_fresh_powder_en__light.png
ski_slopes_en,niches,humor,Funny & Sarcastic,skiing,en,Life Is Better on the Slopes | Funny & Sarcastic (English) Design,"funny saying, sarcastic, sarcasm, humor, meme shirt, funny quote, introvert humor, life, better, slopes, skiing, niches, funny & sarcastic, funny shirt, typography, minimalist, aesthetic, gift idea, trendy, statement tee",produits/niches/ski_slopes_en__dark.png,produits/niches/ski_slopes_en__light.png
slp_find_words_en,niches,humor,Funny & Sarcastic,speech_therapist,en,I Help People Find Their Words | Funny & Sarcastic (English) Design,"funny saying, sarcastic, sarcasm, humor, meme shirt, funny quote, introvert humor, help, people, find, their, words, speech therapist, niches, funny & sarcastic, funny shirt, typography, minimalist, aesthetic, gift idea, trendy, statement tee",produits/niches/slp_find_words_en__dark.png,produits/niches/slp_find_words_en__light.png
slp_proud_en,niches,humor,Funny & Sarcastic,speech_therapist,en,SLP & Proud | Funny & Sarcastic (English) Design,"funny saying, sarcastic, sarcasm, humor, meme shirt, funny quote, introvert humor, proud, speech therapist, niches, funny & sarcastic, funny shirt, typography, minimalist, aesthetic, gift idea, trendy, statement tee",produits/niches/slp_proud_en__dark.png,produits/niches/slp_proud_en__light.png
slp_say_clearly_en,niches,humor,Funny & Sarcastic,speech_therapist,en,Keep Calm & Say It Clearly | Funny & Sarcastic (English) Design,"funny saying, sarcastic, sarcasm, humor, meme shirt, funny quote, introvert humor, keep, calm, clearly, speech therapist, niches, funny & sarcastic, funny shirt, typography, minimalist, aesthetic, gift idea, trendy, statement tee",produits/niches/slp_say_clearly_en__dark.png,produits/niches/slp_say_clearly_en__light.png
slp_word_nerd_en,niches,humor,Funny & Sarcastic,speech_therapist,en,Speech Therapist Word Nerd | Funny & Sarcastic (English) Design,"funny saying, sarcastic, sarcasm, humor, meme shirt, funny quote, introvert humor, speech, therapist, word, nerd, speech therapist, niches, funny & sarcastic, funny shirt, typography, minimalist, aesthetic, gift idea, trendy, statement tee",produits/niches/slp_word_nerd_en__dark.png,produits/niches/slp_word_nerd_en__light.png
snow_powder_en,niches,humor,Funny & Sarcastic,snowboarding,en,Powder Seeker | Funny & Sarcastic (English) Design,"funny saying, sarcastic, sarcasm, humor, meme shirt, funny quote, introvert humor, powder, seeker, snowboarding, niches, funny & sarcastic, funny shirt, typography, minimalist, aesthetic, gift idea, trendy, statement tee",produits/niches/snow_powder_en__dark.png,produits/niches/snow_powder_en__light.png
snow_shred_en,niches,humor,Funny & Sarcastic,snowboarding,en,Shred the Gnar | Funny & Sarcastic (English) Design,"funny saying, sarcastic, sarcasm, humor, meme shirt, funny quote, introvert humor, shred, gnar, snowboarding, niches, funny & sarcastic, funny shirt, typography, minimalist, aesthetic, gift idea, trendy, statement tee",produits/niches/snow_shred_en__dark.png,produits/niches/snow_shred_en__light.png
snow_sideways_en,niches,humor,Funny & Sarcastic,snowboarding,en,Born Sideways | Funny & Sarcastic (English) Design,"funny saying, sarcastic, sarcasm, humor, meme shirt, funny quote, introvert humor, born, sideways, snowboarding, niches, funny & sarcastic, funny shirt, typography, minimalist, aesthetic, gift idea, trendy, statement tee",produits/niches/snow_sideways_en__dark.png,produits/niches/snow_sideways_en__light.png
succ_crazy_plant_lady_en,niches,humor,Funny & Sarcastic,succulents,en,Crazy Succulent Lady | Funny & Sarcastic (English) Design,"funny saying, sarcastic, sarcasm, humor, meme shirt, funny quote, introvert humor, crazy, succulent, lady, succulents, niches, funny & sarcastic, funny shirt, typography, minimalist, aesthetic, gift idea, trendy, statement tee",produits/niches/succ_crazy_plant_lady_en__dark.png,produits/niches/succ_crazy_plant_lady_en__light.png
succ_looking_sharp_en,niches,humor,Funny & Sarcastic,succulents,en,Looking Sharp | Funny & Sarcastic (English) Design,"funny saying, sarcastic, sarcasm, humor, meme shirt, funny quote, introvert humor, looking, sharp, succulents, niches, funny & sarcastic, funny shirt, typography, minimalist, aesthetic, gift idea, trendy, statement tee",produits/niches/succ_looking_sharp_en__dark.png,produits/niches/succ_looking_sharp_en__light.png
succ_no_water_en,niches,humor,Funny & Sarcastic,succulents,en,I Forget to Water Myself Too | Funny & Sarcastic (English) Design,"funny saying, sarcastic, sarcasm, humor, meme shirt, funny quote, introvert humor, forget, water, myself, succulents, niches, funny & sarcastic, funny shirt, typography, minimalist, aesthetic, gift idea, trendy, statement tee",produits/niches/succ_no_water_en__dark.png,produits/niches/succ_no_water_en__light.png
succ_prick_en,niches,humor,Funny & Sarcastic,succulents,en,A Little Prickly | Funny & Sarcastic (English) Design,"funny saying, sarcastic, sarcasm, humor, meme shirt, funny quote, introvert humor, little, prickly, succulents, niches, funny & sarcastic, funny shirt, typography, minimalist, aesthetic, gift idea, trendy, statement tee",produits/niches/succ_prick_en__dark.png,produits/niches/succ_prick_en__light.png
surf_hair_dont_care_en,niches,humor,Funny & Sarcastic,surfing,en,Surf Hair Don't Care | Funny & Sarcastic (English) Design,"funny saying, sarcastic, sarcasm, humor, meme shirt, funny quote, introvert humor, surf, hair, don't, care, surfing, niches, funny & sarcastic, funny shirt, typography, minimalist, aesthetic, gift idea, trendy, statement tee",produits/niches/surf_hair_dont_care_en__dark.png,produits/niches/surf_hair_dont_care_en__light.png
surf_sea_you_en,niches,humor,Funny & Sarcastic,surfing,en,Sea You Out There | Funny & Sarcastic (English) Design,"funny saying, sarcastic, sarcasm, humor, meme shirt, funny quote, introvert humor, there, surfing, niches, funny & sarcastic, funny shirt, typography, minimalist, aesthetic, gift idea, trendy, statement tee",produits/niches/surf_sea_you_en__dark.png,produits/niches/surf_sea_you_en__light.png
swim_chlorine_en,niches,humor,Funny & Sarcastic,swimming,en,Chlorine Is My Perfume | Funny & Sarcastic (English) Design,"funny saying, sarcastic, sarcasm, humor, meme shirt, funny quote, introvert humor, chlorine, perfume, swimming, niches, funny & sarcastic, funny shirt, typography, minimalist, aesthetic, gift idea, trendy, statement tee",produits/niches/swim_chlorine_en__dark.png,produits/niches/swim_chlorine_en__light.png
swim_faster_en,niches,humor,Funny & Sarcastic,swimming,en,Swim Faster Than Yesterday | Funny & Sarcastic (English) Design,"funny saying, sarcastic, sarcasm, humor, meme shirt, funny quote, introvert humor, swim, faster, than, yesterday, swimming, niches, funny & sarcastic, funny shirt, typography, minimalist, aesthetic, gift idea, trendy, statement tee",produits/niches/swim_faster_en__dark.png,produits/niches/swim_faster_en__light.png
tatt_draw_people_en,niches,humor,Funny & Sarcastic,tattoo_artists,en,I Draw on People for a Living | Funny & Sarcastic (English) Design,"funny saying, sarcastic, sarcasm, humor, meme shirt, funny quote, introvert humor, draw, people, living, tattoo artists, niches, funny & sarcastic, funny shirt, typography, minimalist, aesthetic, gift idea, trendy, statement tee",produits/niches/tatt_draw_people_en__dark.png,produits/niches/tatt_draw_people_en__light.png
tatt_ink_soul_en,niches,humor,Funny & Sarcastic,tattoo_artists,en,Ink & Soul | Funny & Sarcastic (English) Design,"funny saying, sarcastic, sarcasm, humor, meme shirt, funny quote, introvert humor, soul, tattoo artists, niches, funny & sarcastic, funny shirt, typography, minimalist, aesthetic, gift idea, trendy, statement tee",produits/niches/tatt_ink_soul_en__dark.png,produits/niches/tatt_ink_soul_en__light.png
tatt_permanent_en,niches,humor,Funny & Sarcastic,tattoo_artists,en,Making Things Permanent Since Ever | Funny & Sarcastic (English) Design,"funny saying, sarcastic, sarcasm, humor, meme shirt, funny quote, introvert humor, making, things, permanent, since, ever, tattoo artists, niches, funny & sarcastic, funny shirt, typography, minimalist, aesthetic, gift idea, trendy, statement tee",produits/niches/tatt_permanent_en__dark.png,produits/niches/tatt_permanent_en__light.png
tatt_story_en,niches,humor,Funny & Sarcastic,tattoo_artists,en,Wear Your Story | Funny & Sarcastic (English) Design,"funny saying, sarcastic, sarcasm, humor, meme shirt, funny quote, introvert humor, wear, story, tattoo artists, niches, funny & sarcastic, funny shirt, typography, minimalist, aesthetic, gift idea, trendy, statement tee",produits/niches/tatt_story_en__dark.png,produits/niches/tatt_story_en__light.png
tc_bodies_en,niches,humor,Funny & Sarcastic,true_crime,en,I Know Where the Bodies Are Hidden | Funny & Sarcastic (English) Design,"funny saying, sarcastic, sarcasm, humor, meme shirt, funny quote, introvert humor, know, where, bodies, hidden, true crime, niches, funny & sarcastic, funny shirt, typography, minimalist, aesthetic, gift idea, trendy, statement tee",produits/niches/tc_bodies_en__dark.png,produits/niches/tc_bodies_en__light.png
tc_cereal_en,niches,humor,Funny & Sarcastic,true_crime,en,Murder Podcasts & Cereal | Funny & Sarcastic (English) Design,"funny saying, sarcastic, sarcasm, humor, meme shirt, funny quote, introvert humor, murder, podcasts, cereal, true crime, niches, funny & sarcastic, funny shirt, typography, minimalist, aesthetic, gift idea, trendy, statement tee",produits/niches/tc_cereal_en__dark.png,produits/niches/tc_cereal_en__light.png
tc_junkie_en,niches,humor,Funny & Sarcastic,true_crime,en,True Crime Junkie | Funny & Sarcastic (English) Design,"funny saying, sarcastic, sarcasm, humor, meme shirt, funny quote, introvert humor, true, crime, junkie, true crime, niches, funny & sarcastic, funny shirt, typography, minimalist, aesthetic, gift idea, trendy, statement tee",produits/niches/tc_junkie_en__dark.png,produits/niches/tc_junkie_en__light.png
teacher_coffee_chaos_en,niches,humor,Funny & Sarcastic,teachers,en,Teacher: Fueled by Coffee & Chaos | Funny & Sarcastic (English) Design,"funny saying, sarcastic, sarcasm, humor, meme shirt, funny quote, introvert humor, teacher, fueled, coffee, chaos, teachers, niches, funny & sarcastic, funny shirt, typography, minimalist, aesthetic, gift idea, trendy, statement tee",produits/niches/teacher_coffee_chaos_en__dark.png,produits/niches/teacher_coffee_chaos_en__light.png
teacher_my_jam_en,niches,humor,Funny & Sarcastic,teachers,en,Teaching Is My Jam | Funny & Sarcastic (English) Design,"funny saying, sarcastic, sarcasm, humor, meme shirt, funny quote, introvert humor, teaching, teachers, niches, funny & sarcastic, funny shirt, typography, minimalist, aesthetic, gift idea, trendy, statement tee",produits/niches/teacher_my_jam_en__dark.png,produits/niches/teacher_my_jam_en__light.png
teacher_sorry_late_en,niches,humor,Funny & Sarcastic,teachers,en,Sorry I'm Late I'm a Teacher | Funny & Sarcastic (English) Design,"funny saying, sarcastic, sarcasm, humor, meme shirt, funny quote, introvert humor, sorry, late, teacher, teachers, niches, funny & sarcastic, funny shirt, typography, minimalist, aesthetic, gift idea, trendy, statement tee",produits/niches/teacher_sorry_late_en__dark.png,produits/niches/teacher_sorry_late_en__light.png
teacher_superpower_en,niches,humor,Funny & Sarcastic,teachers,en,I Teach What's Your Superpower? | Funny & Sarcastic (English) Design,"funny saying, sarcastic, sarcasm, humor, meme shirt, funny quote, introvert humor, teach, what's, superpower, teachers, niches, funny & sarcastic, funny shirt, typography, minimalist, aesthetic, gift idea, trendy, statement tee",produits/niches/teacher_superpower_en__dark.png,produits/niches/teacher_superpower_en__light.png
tennis_deuce_en,niches,humor,Funny & Sarcastic,tennis,en,Deuce Me Up | Funny & Sarcastic (English) Design,"funny saying, sarcastic, sarcasm, humor, meme shirt, funny quote, introvert humor, deuce, tennis, niches, funny & sarcastic, funny shirt, typography, minimalist, aesthetic, gift idea, trendy, statement tee",produits/niches/tennis_deuce_en__dark.png,produits/niches/tennis_deuce_en__light.png
tennis_game_set_nap_en,niches,humor,Funny & Sarcastic,tennis,en,Game. Set. Match. Nap. | Funny & Sarcastic (English) Design,"funny saying, sarcastic, sarcasm, humor, meme shirt, funny quote, introvert humor, game, match, tennis, niches, funny & sarcastic, funny shirt, typography, minimalist, aesthetic, gift idea, trendy, statement tee",produits/niches/tennis_game_set_nap_en__dark.png,produits/niches/tennis_game_set_nap_en__light.png
tennis_mom_en,niches,humor,Funny & Sarcastic,tennis,en,Tennis Mom & Proud | Funny & Sarcastic (English) Design,"funny saying, sarcastic, sarcasm, humor, meme shirt, funny quote, introvert humor, tennis, proud, niches, funny & sarcastic, funny shirt, typography, minimalist, aesthetic, gift idea, trendy, statement tee",produits/niches/tennis_mom_en__dark.png,produits/niches/tennis_mom_en__light.png
thrift_born_en,niches,humor,Funny & Sarcastic,thrifting,en,Born to Thrift | Funny & Sarcastic (English) Design,"funny saying, sarcastic, sarcasm, humor, meme shirt, funny quote, introvert humor, born, thrift, thrifting, niches, funny & sarcastic, funny shirt, typography, minimalist, aesthetic, gift idea, trendy, statement tee",produits/niches/thrift_born_en__dark.png,produits/niches/thrift_born_en__light.png
thrift_queen_en,niches,humor,Funny & Sarcastic,thrifting,en,Thrift Queen | Funny & Sarcastic (English) Design,"funny saying, sarcastic, sarcasm, humor, meme shirt, funny quote, introvert humor, thrift, queen, thrifting, niches, funny & sarcastic, funny shirt, typography, minimalist, aesthetic, gift idea, trendy, statement tee",produits/niches/thrift_queen_en__dark.png,produits/niches/thrift_queen_en__light.png
thrift_treasure_en,niches,humor,Funny & Sarcastic,thrifting,en,One Person's Trash Is My Treasure | Funny & Sarcastic (English) Design,"funny saying, sarcastic, sarcasm, humor, meme shirt, funny quote, introvert humor, person's, trash, treasure, thrifting, niches, funny & sarcastic, funny shirt, typography, minimalist, aesthetic, gift idea, trendy, statement tee",produits/niches/thrift_treasure_en__dark.png,produits/niches/thrift_treasure_en__light.png
thrift_vintage_soul_en,niches,humor,Funny & Sarcastic,thrifting,en,Vintage Soul Modern Problems | Funny & Sarcastic (English) Design,"funny saying, sarcastic, sarcasm, humor, meme shirt, funny quote, introvert humor, vintage, soul, modern, problems, thrifting, niches, funny & sarcastic, funny shirt, typography, minimalist, aesthetic, gift idea, trendy, statement tee",produits/niches/thrift_vintage_soul_en__dark.png,produits/niches/thrift_vintage_soul_en__light.png
trail_over_treadmill_en,niches,humor,Funny & Sarcastic,trail_running,en,Trails Over Treadmills | Funny & Sarcastic (English) Design,"funny saying, sarcastic, sarcasm, humor, meme shirt, funny quote, introvert humor, trails, over, treadmills, trail running, niches, funny & sarcastic, funny shirt, typography, minimalist, aesthetic, gift idea, trendy, statement tee",produits/niches/trail_over_treadmill_en__dark.png,produits/niches/trail_over_treadmill_en__light.png
trail_repeat_en,niches,humor,Funny & Sarcastic,trail_running,en,Eat. Sleep. Run Trails. | Funny & Sarcastic (English) Design,"funny saying, sarcastic, sarcasm, humor, meme shirt, funny quote, introvert humor, sleep, trails, trail running, niches, funny & sarcastic, funny shirt, typography, minimalist, aesthetic, gift idea, trendy, statement tee",produits/niches/trail_repeat_en__dark.png,produits/niches/trail_repeat_en__light.png
trail_stupid_far_en,niches,humor,Funny & Sarcastic,trail_running,en,I Run Stupid Far | Funny & Sarcastic (English) Design,"funny saying, sarcastic, sarcasm, humor, meme shirt, funny quote, introvert humor, stupid, trail running, niches, funny & sarcastic, funny shirt, typography, minimalist, aesthetic, gift idea, trendy, statement tee",produits/niches/trail_stupid_far_en__dark.png,produits/niches/trail_stupid_far_en__light.png
trail_will_run_en,niches,humor,Funny & Sarcastic,trail_running,en,Will Run for Snacks | Funny & Sarcastic (English) Design,"funny saying, sarcastic, sarcasm, humor, meme shirt, funny quote, introvert humor, will, snacks, trail running, niches, funny & sarcastic, funny shirt, typography, minimalist, aesthetic, gift idea, trendy, statement tee",produits/niches/trail_will_run_en__dark.png,produits/niches/trail_will_run_en__light.png
vet_listen_harder_en,niches,humor,Funny & Sarcastic,vet_tech,en,My Patients Can't Speak I Listen Harder | Funny & Sarcastic (English) Design,"funny saying, sarcastic, sarcasm, humor, meme shirt, funny quote, introvert humor, patients, can't, speak, listen, harder, vet tech, niches, funny & sarcastic, funny shirt, typography, minimalist, aesthetic, gift idea, trendy, statement tee",produits/niches/vet_listen_harder_en__dark.png,produits/niches/vet_listen_harder_en__light.png
vl_boondocking_en,niches,humor,Funny & Sarcastic,van_life,en,Boondocking Preferred Campgrounds Are for Tourists | Funny & Sarcastic (English) Design,"funny saying, sarcastic, sarcasm, humor, meme shirt, funny quote, introvert humor, boondocking, preferred, campgrounds, tourists, van life, niches, funny & sarcastic, funny shirt, typography, minimalist, aesthetic, gift idea, trendy, statement tee",produits/niches/vl_boondocking_en__dark.png,produits/niches/vl_boondocking_en__light.png
vl_condensation_en,niches,humor,Funny & Sarcastic,van_life,en,Condensation at Dawn Van Life's Dirty Secret | Funny & Sarcastic (English) Design,"funny saying, sarcastic, sarcasm, humor, meme shirt, funny quote, introvert humor, condensation, dawn, life's, dirty, secret, van life, niches, funny & sarcastic, funny shirt, typography, minimalist, aesthetic, gift idea, trendy, statement tee",produits/niches/vl_condensation_en__dark.png,produits/niches/vl_condensation_en__light.png
vl_free_camping_en,niches,humor,Funny & Sarcastic,van_life,en,Free Camping Only My App Is Freecampsites | Funny & Sarcastic (English) Design,"funny saying, sarcastic, sarcasm, humor, meme shirt, funny quote, introvert humor, free, camping, freecampsites, van life, niches, funny & sarcastic, funny shirt, typography, minimalist, aesthetic, gift idea, trendy, statement tee",produits/niches/vl_free_camping_en__dark.png,produits/niches/vl_free_camping_en__light.png
vl_solar_en,niches,humor,Funny & Sarcastic,van_life,en,400 Watts Solar Still Not Enough | Funny & Sarcastic (English) Design,"funny saying, sarcastic, sarcasm, humor, meme shirt, funny quote, introvert humor, watts, solar, still, enough, van life, niches, funny & sarcastic, funny shirt, typography, minimalist, aesthetic, gift idea, trendy, statement tee",produits/niches/vl_solar_en__dark.png,produits/niches/vl_solar_en__light.png
vl_stealth_en,niches,humor,Funny & Sarcastic,van_life,en,Stealth Camped Outside Your HOA | Funny & Sarcastic (English) Design,"funny saying, sarcastic, sarcasm, humor, meme shirt, funny quote, introvert humor, stealth, camped, outside, van life, niches, funny & sarcastic, funny shirt, typography, minimalist, aesthetic, gift idea, trendy, statement tee",produits/niches/vl_stealth_en__dark.png,produits/niches/vl_stealth_en__light.png
vn_180g_en,niches,humor,Funny & Sarcastic,vinyl,en,180g Pressing or I Wait for a Better Press | Funny & Sarcastic (English) Design,"funny saying, sarcastic, sarcasm, humor, meme shirt, funny quote, introvert humor, pressing, wait, better, press, vinyl, niches, funny & sarcastic, funny shirt, typography, minimalist, aesthetic, gift idea, trendy, statement tee",produits/niches/vn_180g_en__dark.png,produits/niches/vn_180g_en__light.png
vn_clean_needle_en,niches,humor,Funny & Sarcastic,vinyl,en,Clean Your Stylus It's Not That Hard | Funny & Sarcastic (English) Design,"funny saying, sarcastic, sarcasm, humor, meme shirt, funny quote, introvert humor, clean, stylus, it's, hard, vinyl, niches, funny & sarcastic, funny shirt, typography, minimalist, aesthetic, gift idea, trendy, statement tee",produits/niches/vn_clean_needle_en__dark.png,produits/niches/vn_clean_needle_en__light.png
vn_phono_stage_en,niches,humor,Funny & Sarcastic,vinyl,en,My Phono Stage Costs More Than Your Streaming Year | Funny & Sarcastic (English) Design,"funny saying, sarcastic, sarcasm, humor, meme shirt, funny quote, introvert humor, phono, stage, costs, more, than, vinyl, niches, funny & sarcastic, funny shirt, typography, minimalist, aesthetic, gift idea, trendy, statement tee",produits/niches/vn_phono_stage_en__dark.png,produits/niches/vn_phono_stage_en__light.png
vn_pre_listening_en,niches,humor,Funny & Sarcastic,vinyl,en,I Clean Records Before I Listen to Records | Funny & Sarcastic (English) Design,"funny saying, sarcastic, sarcasm, humor, meme shirt, funny quote, introvert humor, clean, records, before, listen, vinyl, niches, funny & sarcastic, funny shirt, typography, minimalist, aesthetic, gift idea, trendy, statement tee",produits/niches/vn_pre_listening_en__dark.png,produits/niches/vn_pre_listening_en__light.png
vn_vta_en,niches,humor,Funny & Sarcastic,vinyl,en,VTA Set. Azimuth Dialed. Just Press Play Already. | Funny & Sarcastic (English) Design,"funny saying, sarcastic, sarcasm, humor, meme shirt, funny quote, introvert humor, azimuth, dialed, press, play, already, vinyl, niches, funny & sarcastic, funny shirt, typography, minimalist, aesthetic, gift idea, trendy, statement tee",produits/niches/vn_vta_en__dark.png,produits/niches/vn_vta_en__light.png
weld_metal_therapy_en,niches,humor,Funny & Sarcastic,welders,en,Metal Is My Therapy | Funny & Sarcastic (English) Design,"funny saying, sarcastic, sarcasm, humor, meme shirt, funny quote, introvert humor, metal, therapy, welders, niches, funny & sarcastic, funny shirt, typography, minimalist, aesthetic, gift idea, trendy, statement tee",produits/niches/weld_metal_therapy_en__dark.png,produits/niches/weld_metal_therapy_en__light.png
weld_professional_sparkler_en,niches,humor,Funny & Sarcastic,welders,en,Professional Sparkler | Funny & Sarcastic (English) Design,"funny saying, sarcastic, sarcasm, humor, meme shirt, funny quote, introvert humor, professional, sparkler, welders, niches, funny & sarcastic, funny shirt, typography, minimalist, aesthetic, gift idea, trendy, statement tee",produits/niches/weld_professional_sparkler_en__dark.png,produits/niches/weld_professional_sparkler_en__light.png
weld_sparks_fly_en,niches,humor,Funny & Sarcastic,welders,en,I Make Sparks Fly | Funny & Sarcastic (English) Design,"funny saying, sarcastic, sarcasm, humor, meme shirt, funny quote, introvert humor, make, sparks, welders, niches, funny & sarcastic, funny shirt, typography, minimalist, aesthetic, gift idea, trendy, statement tee",produits/niches/weld_sparks_fly_en__dark.png,produits/niches/weld_sparks_fly_en__light.png
weld_stick_with_me_en,niches,humor,Funny & Sarcastic,welders,en,Stick With Me I'm a Welder | Funny & Sarcastic (English) Design,"funny saying, sarcastic, sarcasm, humor, meme shirt, funny quote, introvert humor, stick, welder, welders, niches, funny & sarcastic, funny shirt, typography, minimalist, aesthetic, gift idea, trendy, statement tee",produits/niches/weld_stick_with_me_en__dark.png,produits/niches/weld_stick_with_me_en__light.png
wine_cheaper_therapy_en,niches,humor,Funny & Sarcastic,wine,en,Wine Is Cheaper Than Therapy | Funny & Sarcastic (English) Design,"funny saying, sarcastic, sarcasm, humor, meme shirt, funny quote, introvert humor, wine, cheaper, than, therapy, niches, funny & sarcastic, funny shirt, typography, minimalist, aesthetic, gift idea, trendy, statement tee",produits/niches/wine_cheaper_therapy_en__dark.png,produits/niches/wine_cheaper_therapy_en__light.png
wine_not_en,niches,humor,Funny & Sarcastic,wine,en,Wine Not? | Funny & Sarcastic (English) Design,"funny saying, sarcastic, sarcasm, humor, meme shirt, funny quote, introvert humor, wine, niches, funny & sarcastic, funny shirt, typography, minimalist, aesthetic, gift idea, trendy, statement tee",produits/niches/wine_not_en__dark.png,produits/niches/wine_not_en__light.png
wine_rosé_all_day_en,niches,humor,Funny & Sarcastic,wine,en,Rosé All Day | Funny & Sarcastic (English) Design,"funny saying, sarcastic, sarcasm, humor, meme shirt, funny quote, introvert humor, rosé, wine, niches, funny & sarcastic, funny shirt, typography, minimalist, aesthetic, gift idea, trendy, statement tee",produits/niches/wine_rosé_all_day_en__dark.png,produits/niches/wine_rosé_all_day_en__light.png
wine_wisdom_en,niches,humor,Funny & Sarcastic,wine,en,In Wine There Is Wisdom | Funny & Sarcastic (English) Design,"funny saying, sarcastic, sarcasm, humor, meme shirt, funny quote, introvert humor, wine, there, wisdom, niches, funny & sarcastic, funny shirt, typography, minimalist, aesthetic, gift idea, trendy, statement tee",produits/niches/wine_wisdom_en__dark.png,produits/niches/wine_wisdom_en__light.png
wood_confetti_en,niches,humor,Funny & Sarcastic,woodworking,en,Shavings Are My Confetti | Funny & Sarcastic (English) Design,"funny saying, sarcastic, sarcasm, humor, meme shirt, funny quote, introvert humor, shavings, confetti, woodworking, niches, funny & sarcastic, funny shirt, typography, minimalist, aesthetic, gift idea, trendy, statement tee",produits/niches/wood_confetti_en__dark.png,produits/niches/wood_confetti_en__light.png
wood_sawdust_en,niches,humor,Funny & Sarcastic,woodworking,en,I Make Sawdust for Fun | Funny & Sarcastic (English) Design,"funny saying, sarcastic, sarcasm, humor, meme shirt, funny quote, introvert humor, make, sawdust, woodworking, niches, funny & sarcastic, funny shirt, typography, minimalist, aesthetic, gift idea, trendy, statement tee",produits/niches/wood_sawdust_en__dark.png,produits/niches/wood_sawdust_en__light.png
wood_would_you_en,niches,humor,Funny & Sarcastic,woodworking,en,Wood You Believe It? | Funny & Sarcastic (English) Design,"funny saying, sarcastic, sarcasm, humor, meme shirt, funny quote, introvert humor, wood, believe, woodworking, niches, funny & sarcastic, funny shirt, typography, minimalist, aesthetic, gift idea, trendy, statement tee",produits/niches/wood_would_you_en__dark.png,produits/niches/wood_would_you_en__light.png
yoga_bendy_zen_en,niches,humor,Funny & Sarcastic,yoga,en,Bendy & Zen | Funny & Sarcastic (English) Design,"funny saying, sarcastic, sarcasm, humor, meme shirt, funny quote, introvert humor, bendy, yoga, niches, funny & sarcastic, funny shirt, typography, minimalist, aesthetic, gift idea, trendy, statement tee",produits/niches/yoga_bendy_zen_en__dark.png,produits/niches/yoga_bendy_zen_en__light.png
yoga_find_balance_en,niches,humor,Funny & Sarcastic,yoga,en,Find Your Balance | Funny & Sarcastic (English) Design,"funny saying, sarcastic, sarcasm, humor, meme shirt, funny quote, introvert humor, find, balance, yoga, niches, funny & sarcastic, funny shirt, typography, minimalist, aesthetic, gift idea, trendy, statement tee",produits/niches/yoga_find_balance_en__dark.png,produits/niches/yoga_find_balance_en__light.png
yoga_namastay_bed_en,niches,humor,Funny & Sarcastic,yoga,en,Namast'ay in Bed | Funny & Sarcastic (English) Design,"funny saying, sarcastic, sarcasm, humor, meme shirt, funny quote, introvert humor, namast'ay, yoga, niches, funny & sarcastic, funny shirt, typography, minimalist, aesthetic, gift idea, trendy, statement tee",produits/niches/yoga_namastay_bed_en__dark.png,produits/niches/yoga_namastay_bed_en__light.png
yoga_wine_later_en,niches,humor,Funny & Sarcastic,yoga,en,Yoga Now Wine Later | Funny & Sarcastic (English) Design,"funny saying, sarcastic, sarcasm, humor, meme shirt, funny quote, introvert humor, yoga, wine, later, niches, funny & sarcastic, funny shirt, typography, minimalist, aesthetic, gift idea, trendy, statement tee",produits/niches/yoga_wine_later_en__dark.png,produits/niches/yoga_wine_later_en__light.png
pv_actions_prayers_en,proverbes,humor,Funny & Sarcastic,,en,Actions Speak Louder Than Thoughts And Prayers | Funny & Sarcastic (English) Design,"funny saying, sarcastic, sarcasm, humor, meme shirt, funny quote, introvert humor, actions, speak, louder, than, thoughts, proverbes, funny & sarcastic, funny shirt, typography, minimalist, aesthetic, gift idea, trendy, statement tee",produits/proverbes/pv_actions_prayers_en__dark.png,produits/proverbes/pv_actions_prayers_en__light.png
pv_aide_toi_fr,proverbes,humor,Funny & Sarcastic,,fr,Aide-Toi Et Le Ciel... Non. Aide Les Autres. | Funny & Sarcastic (French) Design,"funny saying, sarcastic, sarcasm, humor, meme shirt, funny quote, introvert humor, aide, ciel, autres, proverbes, funny & sarcastic, funny shirt, typography, minimalist, aesthetic, gift idea, trendy, statement tee",produits/proverbes/pv_aide_toi_fr__dark.png,produits/proverbes/pv_aide_toi_fr__light.png
pv_apple_throw_en,proverbes,humor,Funny & Sarcastic,,en,An Apple A Day Keeps Anyone Away If You Throw It Hard | Funny & Sarcastic (English) Design,"funny saying, sarcastic, sarcasm, humor, meme shirt, funny quote, introvert humor, apple, keeps, anyone, away, throw, proverbes, funny & sarcastic, funny shirt, typography, minimalist, aesthetic, gift idea, trendy, statement tee",produits/proverbes/pv_apple_throw_en__dark.png,produits/proverbes/pv_apple_throw_en__light.png
pv_arbre_cache_foret_fr,proverbes,humor,Funny & Sarcastic,,fr,L'Arbre Qui Cache La Forêt Qu'On A Rasée | Funny & Sarcastic (French) Design,"funny saying, sarcastic, sarcasm, humor, meme shirt, funny quote, introvert humor, l'arbre, cache, forêt, qu'on, rasée, proverbes, funny & sarcastic, funny shirt, typography, minimalist, aesthetic, gift idea, trendy, statement tee",produits/proverbes/pv_arbre_cache_foret_fr__dark.png,produits/proverbes/pv_arbre_cache_foret_fr__light.png
pv_cruche_eau_fr,proverbes,humor,Funny & Sarcastic,,fr,Tant Va La Cruche À L'Eau Qu'À La Fin Il N'Y A Plus D'Eau | Funny & Sarcastic (French) Design,"funny saying, sarcastic, sarcasm, humor, meme shirt, funny quote, introvert humor, tant, cruche, l'eau, qu'à, d'eau, proverbes, funny & sarcastic, funny shirt, typography, minimalist, aesthetic, gift idea, trendy, statement tee",produits/proverbes/pv_cruche_eau_fr__dark.png,produits/proverbes/pv_cruche_eau_fr__light.png
pv_curiosity_cat_en,proverbes,humor,Funny & Sarcastic,,en,Curiosity Killed The Cat. Satisfaction Brought It Back | Funny & Sarcastic (English) Design,"funny saying, sarcastic, sarcasm, humor, meme shirt, funny quote, introvert humor, curiosity, killed, satisfaction, brought, back, proverbes, funny & sarcastic, funny shirt, typography, minimalist, aesthetic, gift idea, trendy, statement tee",produits/proverbes/pv_curiosity_cat_en__dark.png,produits/proverbes/pv_curiosity_cat_en__light.png
pv_early_bird_en,proverbes,humor,Funny & Sarcastic,,en,The Early Bird Can Have The Worm. I Want My Sleep. | Funny & Sarcastic (English) Design,"funny saying, sarcastic, sarcasm, humor, meme shirt, funny quote, introvert humor, early, bird, worm, want, sleep, proverbes, funny & sarcastic, funny shirt, typography, minimalist, aesthetic, gift idea, trendy, statement tee",produits/proverbes/pv_early_bird_en__dark.png,produits/proverbes/pv_early_bird_en__light.png
pv_fin_memes_fr,proverbes,humor,Funny & Sarcastic,,fr,La Fin Justifie Les Mèmes | Funny & Sarcastic (French) Design,"funny saying, sarcastic, sarcasm, humor, meme shirt, funny quote, introvert humor, justifie, mèmes, proverbes, funny & sarcastic, funny shirt, typography, minimalist, aesthetic, gift idea, trendy, statement tee",produits/proverbes/pv_fin_memes_fr__dark.png,produits/proverbes/pv_fin_memes_fr__light.png
pv_lemons_supply_en,proverbes,humor,Funny & Sarcastic,,en,"When Life Gives You Lemons, Question The Supply Chain | Funny & Sarcastic (English) Design","funny saying, sarcastic, sarcasm, humor, meme shirt, funny quote, introvert humor, when, life, gives, lemons, question, proverbes, funny & sarcastic, funny shirt, typography, minimalist, aesthetic, gift idea, trendy, statement tee",produits/proverbes/pv_lemons_supply_en__dark.png,produits/proverbes/pv_lemons_supply_en__light.png
pv_loin_yeux_fr,proverbes,humor,Funny & Sarcastic,,fr,"Loin Des Yeux, Près Du Frigo | Funny & Sarcastic (French) Design","funny saying, sarcastic, sarcasm, humor, meme shirt, funny quote, introvert humor, loin, yeux, près, frigo, proverbes, funny & sarcastic, funny shirt, typography, minimalist, aesthetic, gift idea, trendy, statement tee",produits/proverbes/pv_loin_yeux_fr__dark.png,produits/proverbes/pv_loin_yeux_fr__light.png
pv_money_plants_en,proverbes,humor,Funny & Sarcastic,,en,"Money Can't Buy Happiness, But It Buys Plants | Funny & Sarcastic (English) Design","funny saying, sarcastic, sarcasm, humor, meme shirt, funny quote, introvert humor, money, can't, happiness, buys, plants, proverbes, funny & sarcastic, funny shirt, typography, minimalist, aesthetic, gift idea, trendy, statement tee",produits/proverbes/pv_money_plants_en__dark.png,produits/proverbes/pv_money_plants_en__light.png
pv_oiseau_nid_fr,proverbes,humor,Funny & Sarcastic,,fr,"Petit À Petit, L'Oiseau Défend Ses Droits | Funny & Sarcastic (French) Design","funny saying, sarcastic, sarcasm, humor, meme shirt, funny quote, introvert humor, petit, l'oiseau, défend, droits, proverbes, funny & sarcastic, funny shirt, typography, minimalist, aesthetic, gift idea, trendy, statement tee",produits/proverbes/pv_oiseau_nid_fr__dark.png,produits/proverbes/pv_oiseau_nid_fr__light.png
pv_patience_vertu_fr,proverbes,humor,Funny & Sarcastic,,fr,La Patience Est Une Vertu La Révolte Aussi | Funny & Sarcastic (French) Design,"funny saying, sarcastic, sarcasm, humor, meme shirt, funny quote, introvert humor, patience, vertu, révolte, aussi, proverbes, funny & sarcastic, funny shirt, typography, minimalist, aesthetic, gift idea, trendy, statement tee",produits/proverbes/pv_patience_vertu_fr__dark.png,produits/proverbes/pv_patience_vertu_fr__light.png
pv_plastique_tempete_fr,proverbes,humor,Funny & Sarcastic,,fr,Qui Sème Le Plastique Récolte La Tempête | Funny & Sarcastic (French) Design,"funny saying, sarcastic, sarcasm, humor, meme shirt, funny quote, introvert humor, sème, plastique, récolte, tempête, proverbes, funny & sarcastic, funny shirt, typography, minimalist, aesthetic, gift idea, trendy, statement tee",produits/proverbes/pv_plastique_tempete_fr__dark.png,produits/proverbes/pv_plastique_tempete_fr__light.png
pv_prevenir_polluer_fr,proverbes,humor,Funny & Sarcastic,,fr,Mieux Vaut Prévenir Que Polluer | Funny & Sarcastic (French) Design,"funny saying, sarcastic, sarcasm, humor, meme shirt, funny quote, introvert humor, mieux, vaut, prévenir, polluer, proverbes, funny & sarcastic, funny shirt, typography, minimalist, aesthetic, gift idea, trendy, statement tee",produits/proverbes/pv_prevenir_polluer_fr__dark.png,produits/proverbes/pv_prevenir_polluer_fr__light.png
pv_rome_built_en,proverbes,humor,Funny & Sarcastic,,en,"Rome Wasn't Built In A Day, But Burned In One | Funny & Sarcastic (English) Design","funny saying, sarcastic, sarcasm, humor, meme shirt, funny quote, introvert humor, rome, wasn't, built, burned, proverbes, funny & sarcastic, funny shirt, typography, minimalist, aesthetic, gift idea, trendy, statement tee",produits/proverbes/pv_rome_built_en__dark.png,produits/proverbes/pv_rome_built_en__light.png
pv_silence_golden_en,proverbes,humor,Funny & Sarcastic,,en,"Silence Is Golden, Unless It's About Injustice | Funny & Sarcastic (English) Design","funny saying, sarcastic, sarcasm, humor, meme shirt, funny quote, introvert humor, silence, golden, unless, it's, about, proverbes, funny & sarcastic, funny shirt, typography, minimalist, aesthetic, gift idea, trendy, statement tee",produits/proverbes/pv_silence_golden_en__dark.png,produits/proverbes/pv_silence_golden_en__light.png
pv_tel_pere_fr,proverbes,humor,Funny & Sarcastic,,fr,"Tel Père, Tel Fils ? On Brise Le Cycle | Funny & Sarcastic (French) Design","funny saying, sarcastic, sarcasm, humor, meme shirt, funny quote, introvert humor, père, fils, brise, cycle, proverbes, funny & sarcastic, funny shirt, typography, minimalist, aesthetic, gift idea, trendy, statement tee",produits/proverbes/pv_tel_pere_fr__dark.png,produits/proverbes/pv_tel_pere_fr__light.png
pl_awkward_en,punchlines,humor,Funny & Sarcastic,,en,"I Came, I Saw, I Made It Awkward | Funny & Sarcastic (English) Design","funny saying, sarcastic, sarcasm, humor, meme shirt, funny quote, introvert humor, came, made, awkward, punchlines, funny & sarcastic, funny shirt, typography, minimalist, aesthetic, gift idea, trendy, statement tee",produits/punchlines/pl_awkward_en__dark.png,produits/punchlines/pl_awkward_en__light.png
pl_bof_fr,punchlines,humor,Funny & Sarcastic,,fr,Bof. (Mot Du Jour) | Funny & Sarcastic (French) Design,"funny saying, sarcastic, sarcasm, humor, meme shirt, funny quote, introvert humor, jour, punchlines, funny & sarcastic, funny shirt, typography, minimalist, aesthetic, gift idea, trendy, statement tee",produits/punchlines/pl_bof_fr__dark.png,produits/punchlines/pl_bof_fr__light.png
pl_born_coffee_en,punchlines,humor,Funny & Sarcastic,,en,"Born For Nothing, Staying For The Coffee | Funny & Sarcastic (English) Design","funny saying, sarcastic, sarcasm, humor, meme shirt, funny quote, introvert humor, born, nothing, staying, coffee, punchlines, funny & sarcastic, funny shirt, typography, minimalist, aesthetic, gift idea, trendy, statement tee",produits/punchlines/pl_born_coffee_en__dark.png,produits/punchlines/pl_born_coffee_en__light.png
pl_born_nap_en,punchlines,humor,Funny & Sarcastic,,en,"Born To Nap, Forced To Work | Funny & Sarcastic (English) Design","funny saying, sarcastic, sarcasm, humor, meme shirt, funny quote, introvert humor, born, forced, work, punchlines, funny & sarcastic, funny shirt, typography, minimalist, aesthetic, gift idea, trendy, statement tee",produits/punchlines/pl_born_nap_en__dark.png,produits/punchlines/pl_born_nap_en__light.png
pl_caffeine_personality_en,punchlines,humor,Funny & Sarcastic,,en,Caffeine Is A Personality | Funny & Sarcastic (English) Design,"funny saying, sarcastic, sarcasm, humor, meme shirt, funny quote, introvert humor, caffeine, personality, punchlines, funny & sarcastic, funny shirt, typography, minimalist, aesthetic, gift idea, trendy, statement tee",produits/punchlines/pl_caffeine_personality_en__dark.png,produits/punchlines/pl_caffeine_personality_en__light.png
pl_caffeine_spite_en,punchlines,humor,Funny & Sarcastic,,en,Running On Caffeine And Spite | Funny & Sarcastic (English) Design,"funny saying, sarcastic, sarcasm, humor, meme shirt, funny quote, introvert humor, running, caffeine, spite, punchlines, funny & sarcastic, funny shirt, typography, minimalist, aesthetic, gift idea, trendy, statement tee",produits/punchlines/pl_caffeine_spite_en__dark.png,produits/punchlines/pl_caffeine_spite_en__light.png
pl_feral_en,punchlines,humor,Funny & Sarcastic,,en,Mostly Peaceful. Occasionally Feral. | Funny & Sarcastic (English) Design,"funny saying, sarcastic, sarcasm, humor, meme shirt, funny quote, introvert humor, mostly, peaceful, occasionally, feral, punchlines, funny & sarcastic, funny shirt, typography, minimalist, aesthetic, gift idea, trendy, statement tee",produits/punchlines/pl_feral_en__dark.png,produits/punchlines/pl_feral_en__light.png
pl_grandma_hates_en,punchlines,humor,Funny & Sarcastic,,en,My Grandma Hates You | Funny & Sarcastic (English) Design,"funny saying, sarcastic, sarcasm, humor, meme shirt, funny quote, introvert humor, grandma, hates, punchlines, funny & sarcastic, funny shirt, typography, minimalist, aesthetic, gift idea, trendy, statement tee",produits/punchlines/pl_grandma_hates_en__dark.png,produits/punchlines/pl_grandma_hates_en__light.png
pl_kebab_en,punchlines,humor,Funny & Sarcastic,,en,You Are What You Eat. I'm A Kebab. | Funny & Sarcastic (English) Design,"funny saying, sarcastic, sarcasm, humor, meme shirt, funny quote, introvert humor, what, kebab, punchlines, funny & sarcastic, funny shirt, typography, minimalist, aesthetic, gift idea, trendy, statement tee",produits/punchlines/pl_kebab_en__dark.png,produits/punchlines/pl_kebab_en__light.png
pl_kebab_fr,punchlines,humor,Funny & Sarcastic,,fr,On Est Ce Qu'On Mange. Je Suis Un Kebab. | Funny & Sarcastic (French) Design,"funny saying, sarcastic, sarcasm, humor, meme shirt, funny quote, introvert humor, qu'on, mange, suis, kebab, punchlines, funny & sarcastic, funny shirt, typography, minimalist, aesthetic, gift idea, trendy, statement tee",produits/punchlines/pl_kebab_fr__dark.png,produits/punchlines/pl_kebab_fr__light.png
pl_mamie_deteste_fr,punchlines,humor,Funny & Sarcastic,,fr,Ma Mamie Te Déteste | Funny & Sarcastic (French) Design,"funny saying, sarcastic, sarcasm, humor, meme shirt, funny quote, introvert humor, mamie, déteste, punchlines, funny & sarcastic, funny shirt, typography, minimalist, aesthetic, gift idea, trendy, statement tee",produits/punchlines/pl_mamie_deteste_fr__dark.png,produits/punchlines/pl_mamie_deteste_fr__light.png
pl_menace_en,punchlines,humor,Funny & Sarcastic,,en,Someone's Emotional Support Menace | Funny & Sarcastic (English) Design,"funny saying, sarcastic, sarcasm, humor, meme shirt, funny quote, introvert humor, someone's, emotional, support, menace, punchlines, funny & sarcastic, funny shirt, typography, minimalist, aesthetic, gift idea, trendy, statement tee",produits/punchlines/pl_menace_en__dark.png,produits/punchlines/pl_menace_en__light.png
pl_mousquetaire_fr,punchlines,humor,Funny & Sarcastic,,fr,"Tching Tching, Je Suis Un Mousquetaire | Funny & Sarcastic (French) Design","funny saying, sarcastic, sarcasm, humor, meme shirt, funny quote, introvert humor, tching, suis, mousquetaire, punchlines, funny & sarcastic, funny shirt, typography, minimalist, aesthetic, gift idea, trendy, statement tee",produits/punchlines/pl_mousquetaire_fr__dark.png,produits/punchlines/pl_mousquetaire_fr__light.png
pl_nap_queen_en,punchlines,humor,Funny & Sarcastic,,en,Nap Royalty | Funny & Sarcastic (English) Design,"funny saying, sarcastic, sarcasm, humor, meme shirt, funny quote, introvert humor, royalty, punchlines, funny & sarcastic, funny shirt, typography, minimalist, aesthetic, gift idea, trendy, statement tee",produits/punchlines/pl_nap_queen_en__dark.png,produits/punchlines/pl_nap_queen_en__light.png
pl_sarcasm_en,punchlines,humor,Funny & Sarcastic,,en,Emotionally Fluent In Sarcasm | Funny & Sarcastic (English) Design,"funny saying, sarcastic, sarcasm, humor, meme shirt, funny quote, introvert humor, emotionally, fluent, punchlines, funny & sarcastic, funny shirt, typography, minimalist, aesthetic, gift idea, trendy, statement tee",produits/punchlines/pl_sarcasm_en__dark.png,produits/punchlines/pl_sarcasm_en__light.png
pl_sieste_historique_fr,punchlines,humor,Funny & Sarcastic,,fr,Sur Le Point De Faire Une Sieste Historique | Funny & Sarcastic (French) Design,"funny saying, sarcastic, sarcasm, humor, meme shirt, funny quote, introvert humor, point, faire, sieste, historique, punchlines, funny & sarcastic, funny shirt, typography, minimalist, aesthetic, gift idea, trendy, statement tee",produits/punchlines/pl_sieste_historique_fr__dark.png,produits/punchlines/pl_sieste_historique_fr__light.png
pl_snacks_downfall_en,punchlines,humor,Funny & Sarcastic,,en,Here For The Snacks And The Downfall | Funny & Sarcastic (English) Design,"funny saying, sarcastic, sarcasm, humor, meme shirt, funny quote, introvert humor, here, snacks, downfall, punchlines, funny & sarcastic, funny shirt, typography, minimalist, aesthetic, gift idea, trendy, statement tee",produits/punchlines/pl_snacks_downfall_en__dark.png,produits/punchlines/pl_snacks_downfall_en__light.png
pl_spite_snacks_en,punchlines,humor,Funny & Sarcastic,,en,Powered By Spite & Snacks | Funny & Sarcastic (English) Design,"funny saying, sarcastic, sarcasm, humor, meme shirt, funny quote, introvert humor, powered, spite, snacks, punchlines, funny & sarcastic, funny shirt, typography, minimalist, aesthetic, gift idea, trendy, statement tee",produits/punchlines/pl_spite_snacks_en__dark.png,produits/punchlines/pl_spite_snacks_en__light.png
tr_404_motivation_en,trending,humor,Funny & Sarcastic,,en,404 Motivation Not Found | Funny & Sarcastic (English) Design,"funny saying, sarcastic, sarcasm, humor, meme shirt, funny quote, introvert humor, motivation, found, trending, funny & sarcastic, funny shirt, typography, minimalist, aesthetic, gift idea, trendy, statement tee",produits/trending/tr_404_motivation_en__dark.png,produits/trending/tr_404_motivation_en__light.png
tr_adulting_hard_en,trending,humor,Funny & Sarcastic,,en,Adulting Is Hard | Funny & Sarcastic (English) Design,"funny saying, sarcastic, sarcasm, humor, meme shirt, funny quote, introvert humor, adulting, hard, trending, funny & sarcastic, funny shirt, typography, minimalist, aesthetic, gift idea, trendy, statement tee",produits/trending/tr_adulting_hard_en__dark.png,produits/trending/tr_adulting_hard_en__light.png
tr_adventure_awaits_en,trending,humor,Funny & Sarcastic,,en,Adventure Awaits | Funny & Sarcastic (English) Design,"funny saying, sarcastic, sarcasm, humor, meme shirt, funny quote, introvert humor, adventure, awaits, trending, funny & sarcastic, funny shirt, typography, minimalist, aesthetic, gift idea, trendy, statement tee",produits/trending/tr_adventure_awaits_en__dark.png,produits/trending/tr_adventure_awaits_en__light.png
tr_apero_oclock_fr,trending,humor,Funny & Sarcastic,,fr,Apéro O'Clock | Funny & Sarcastic (French) Design,"funny saying, sarcastic, sarcasm, humor, meme shirt, funny quote, introvert humor, apéro, o'clock, trending, funny & sarcastic, funny shirt, typography, minimalist, aesthetic, gift idea, trendy, statement tee",produits/trending/tr_apero_oclock_fr__dark.png,produits/trending/tr_apero_oclock_fr__light.png
tr_beach_hair_en,trending,humor,Funny & Sarcastic,,en,Beach Hair Don't Care | Funny & Sarcastic (English) Design,"funny saying, sarcastic, sarcasm, humor, meme shirt, funny quote, introvert humor, beach, hair, don't, care, trending, funny & sarcastic, funny shirt, typography, minimalist, aesthetic, gift idea, trendy, statement tee",produits/trending/tr_beach_hair_en__dark.png,produits/trending/tr_beach_hair_en__light.png
tr_beast_mode_en,trending,humor,Funny & Sarcastic,,en,Beast Mode (Sometimes) | Funny & Sarcastic (English) Design,"funny saying, sarcastic, sarcasm, humor, meme shirt, funny quote, introvert humor, beast, mode, sometimes, trending, funny & sarcastic, funny shirt, typography, minimalist, aesthetic, gift idea, trendy, statement tee",produits/trending/tr_beast_mode_en__dark.png,produits/trending/tr_beast_mode_en__light.png
tr_belle_reposee_fr,trending,humor,Funny & Sarcastic,,fr,"Belle, Reposée Jamais | Funny & Sarcastic (French) Design","funny saying, sarcastic, sarcasm, humor, meme shirt, funny quote, introvert humor, belle, reposée, jamais, trending, funny & sarcastic, funny shirt, typography, minimalist, aesthetic, gift idea, trendy, statement tee",produits/trending/tr_belle_reposee_fr__dark.png,produits/trending/tr_belle_reposee_fr__light.png
tr_book_lover_en,trending,humor,Funny & Sarcastic,,en,Book Lover Forever | Funny & Sarcastic (English) Design,"funny saying, sarcastic, sarcasm, humor, meme shirt, funny quote, introvert humor, book, lover, forever, trending, funny & sarcastic, funny shirt, typography, minimalist, aesthetic, gift idea, trendy, statement tee",produits/trending/tr_book_lover_en__dark.png,produits/trending/tr_book_lover_en__light.png
tr_booked_napping_en,trending,humor,Funny & Sarcastic,,en,Booked & Busy (Napping) | Funny & Sarcastic (English) Design,"funny saying, sarcastic, sarcasm, humor, meme shirt, funny quote, introvert humor, booked, busy, napping, trending, funny & sarcastic, funny shirt, typography, minimalist, aesthetic, gift idea, trendy, statement tee",produits/trending/tr_booked_napping_en__dark.png,produits/trending/tr_booked_napping_en__light.png
tr_but_first_coffee_en,trending,humor,Funny & Sarcastic,,en,But First Coffee | Funny & Sarcastic (English) Design,"funny saying, sarcastic, sarcasm, humor, meme shirt, funny quote, introvert humor, first, coffee, trending, funny & sarcastic, funny shirt, typography, minimalist, aesthetic, gift idea, trendy, statement tee",produits/trending/tr_but_first_coffee_en__dark.png,produits/trending/tr_but_first_coffee_en__light.png
tr_cafe_avant_parler_fr,trending,humor,Funny & Sarcastic,,fr,Café Avant De Parler | Funny & Sarcastic (French) Design,"funny saying, sarcastic, sarcasm, humor, meme shirt, funny quote, introvert humor, café, avant, parler, trending, funny & sarcastic, funny shirt, typography, minimalist, aesthetic, gift idea, trendy, statement tee",produits/trending/tr_cafe_avant_parler_fr__dark.png,produits/trending/tr_cafe_avant_parler_fr__light.png
tr_cafe_dabord_fr,trending,humor,Funny & Sarcastic,,fr,Café D'Abord | Funny & Sarcastic (French) Design,"funny saying, sarcastic, sarcasm, humor, meme shirt, funny quote, introvert humor, café, d'abord, trending, funny & sarcastic, funny shirt, typography, minimalist, aesthetic, gift idea, trendy, statement tee",produits/trending/tr_cafe_dabord_fr__dark.png,produits/trending/tr_cafe_dabord_fr__light.png
tr_cafe_recommence_fr,trending,humor,Funny & Sarcastic,,fr,"Café, Et On Recommence | Funny & Sarcastic (French) Design","funny saying, sarcastic, sarcasm, humor, meme shirt, funny quote, introvert humor, café, recommence, trending, funny & sarcastic, funny shirt, typography, minimalist, aesthetic, gift idea, trendy, statement tee",produits/trending/tr_cafe_recommence_fr__dark.png,produits/trending/tr_cafe_recommence_fr__light.png
tr_caffeine_chaos_en,trending,humor,Funny & Sarcastic,,en,Running On Caffeine & Chaos | Funny & Sarcastic (English) Design,"funny saying, sarcastic, sarcasm, humor, meme shirt, funny quote, introvert humor, running, caffeine, chaos, trending, funny & sarcastic, funny shirt, typography, minimalist, aesthetic, gift idea, trendy, statement tee",produits/trending/tr_caffeine_chaos_en__dark.png,produits/trending/tr_caffeine_chaos_en__light.png
tr_chaotic_good_en,trending,humor,Funny & Sarcastic,,en,Chaotic Good | Funny & Sarcastic (English) Design,"funny saying, sarcastic, sarcasm, humor, meme shirt, funny quote, introvert humor, chaotic, good, trending, funny & sarcastic, funny shirt, typography, minimalist, aesthetic, gift idea, trendy, statement tee",produits/trending/tr_chaotic_good_en__dark.png,produits/trending/tr_chaotic_good_en__light.png
tr_choco_therapie_fr,trending,humor,Funny & Sarcastic,,fr,Chocolat = Thérapie | Funny & Sarcastic (French) Design,"funny saying, sarcastic, sarcasm, humor, meme shirt, funny quote, introvert humor, chocolat, thérapie, trending, funny & sarcastic, funny shirt, typography, minimalist, aesthetic, gift idea, trendy, statement tee",produits/trending/tr_choco_therapie_fr__dark.png,produits/trending/tr_choco_therapie_fr__light.png
tr_choose_joy_en,trending,humor,Funny & Sarcastic,,en,Choose Joy | Funny & Sarcastic (English) Design,"funny saying, sarcastic, sarcasm, humor, meme shirt, funny quote, introvert humor, choose, trending, funny & sarcastic, funny shirt, typography, minimalist, aesthetic, gift idea, trendy, statement tee",produits/trending/tr_choose_joy_en__dark.png,produits/trending/tr_choose_joy_en__light.png
tr_cozy_season_en,trending,humor,Funny & Sarcastic,,en,Cozy Season | Funny & Sarcastic (English) Design,"funny saying, sarcastic, sarcasm, humor, meme shirt, funny quote, introvert humor, cozy, season, trending, funny & sarcastic, funny shirt, typography, minimalist, aesthetic, gift idea, trendy, statement tee",produits/trending/tr_cozy_season_en__dark.png,produits/trending/tr_cozy_season_en__light.png
tr_créer_soleil_fr,trending,humor,Funny & Sarcastic,,fr,Je Crée Mon Soleil | Funny & Sarcastic (French) Design,"funny saying, sarcastic, sarcasm, humor, meme shirt, funny quote, introvert humor, crée, soleil, trending, funny & sarcastic, funny shirt, typography, minimalist, aesthetic, gift idea, trendy, statement tee",produits/trending/tr_créer_soleil_fr__dark.png,produits/trending/tr_créer_soleil_fr__light.png
tr_delulu_en,trending,humor,Funny & Sarcastic,,en,Delulu Is The Solulu | Funny & Sarcastic (English) Design,"funny saying, sarcastic, sarcasm, humor, meme shirt, funny quote, introvert humor, delulu, solulu, trending, funny & sarcastic, funny shirt, typography, minimalist, aesthetic, gift idea, trendy, statement tee",produits/trending/tr_delulu_en__dark.png,produits/trending/tr_delulu_en__light.png
tr_did_you_die_en,trending,humor,Funny & Sarcastic,,en,But Did You Die? | Funny & Sarcastic (English) Design,"funny saying, sarcastic, sarcasm, humor, meme shirt, funny quote, introvert humor, trending, funny & sarcastic, funny shirt, typography, minimalist, aesthetic, gift idea, trendy, statement tee",produits/trending/tr_did_you_die_en__dark.png,produits/trending/tr_did_you_die_en__light.png
tr_eat_sleep_game_en,trending,humor,Funny & Sarcastic,,en,Eat Sleep Game Repeat | Funny & Sarcastic (English) Design,"funny saying, sarcastic, sarcasm, humor, meme shirt, funny quote, introvert humor, sleep, game, repeat, trending, funny & sarcastic, funny shirt, typography, minimalist, aesthetic, gift idea, trendy, statement tee",produits/trending/tr_eat_sleep_game_en__dark.png,produits/trending/tr_eat_sleep_game_en__light.png
tr_emotional_support_bottle_en,trending,humor,Funny & Sarcastic,,en,Emotional Support Water Bottle | Funny & Sarcastic (English) Design,"funny saying, sarcastic, sarcasm, humor, meme shirt, funny quote, introvert humor, emotional, support, water, bottle, trending, funny & sarcastic, funny shirt, typography, minimalist, aesthetic, gift idea, trendy, statement tee",produits/trending/tr_emotional_support_bottle_en__dark.png,produits/trending/tr_emotional_support_bottle_en__light.png
tr_energy_booked_en,trending,humor,Funny & Sarcastic,,en,My Social Battery Is Dead | Funny & Sarcastic (English) Design,"funny saying, sarcastic, sarcasm, humor, meme shirt, funny quote, introvert humor, social, battery, dead, trending, funny & sarcastic, funny shirt, typography, minimalist, aesthetic, gift idea, trendy, statement tee",produits/trending/tr_energy_booked_en__dark.png,produits/trending/tr_energy_booked_en__light.png
tr_enfer_autres_fr,trending,humor,Funny & Sarcastic,,fr,L'Enfer C'Est Les Autres | Funny & Sarcastic (French) Design,"funny saying, sarcastic, sarcasm, humor, meme shirt, funny quote, introvert humor, l'enfer, c'est, autres, trending, funny & sarcastic, funny shirt, typography, minimalist, aesthetic, gift idea, trendy, statement tee",produits/trending/tr_enfer_autres_fr__dark.png,produits/trending/tr_enfer_autres_fr__light.png
tr_fatiguee_stylee_fr,trending,humor,Funny & Sarcastic,,fr,Fatiguée Mais Stylée | Funny & Sarcastic (French) Design,"funny saying, sarcastic, sarcasm, humor, meme shirt, funny quote, introvert humor, fatiguée, stylée, trending, funny & sarcastic, funny shirt, typography, minimalist, aesthetic, gift idea, trendy, statement tee",produits/trending/tr_fatiguee_stylee_fr__dark.png,produits/trending/tr_fatiguee_stylee_fr__light.png
tr_feral_autumn_en,trending,humor,Funny & Sarcastic,,en,Feral Girl Autumn | Funny & Sarcastic (English) Design,"funny saying, sarcastic, sarcasm, humor, meme shirt, funny quote, introvert humor, feral, girl, autumn, trending, funny & sarcastic, funny shirt, typography, minimalist, aesthetic, gift idea, trendy, statement tee",produits/trending/tr_feral_autumn_en__dark.png,produits/trending/tr_feral_autumn_en__light.png
tr_fueled_spite_en,trending,humor,Funny & Sarcastic,,en,Fueled By Spite | Funny & Sarcastic (English) Design,"funny saying, sarcastic, sarcasm, humor, meme shirt, funny quote, introvert humor, fueled, spite, trending, funny & sarcastic, funny shirt, typography, minimalist, aesthetic, gift idea, trendy, statement tee",produits/trending/tr_fueled_spite_en__dark.png,produits/trending/tr_fueled_spite_en__light.png
tr_goblin_mode_en,trending,humor,Funny & Sarcastic,,en,Goblin Mode Activated | Funny & Sarcastic (English) Design,"funny saying, sarcastic, sarcasm, humor, meme shirt, funny quote, introvert humor, goblin, mode, activated, trending, funny & sarcastic, funny shirt, typography, minimalist, aesthetic, gift idea, trendy, statement tee",produits/trending/tr_goblin_mode_en__dark.png,produits/trending/tr_goblin_mode_en__light.png
tr_grand_coeur_fr,trending,humor,Funny & Sarcastic,,fr,"Grand Cœur, Petite Patience | Funny & Sarcastic (French) Design","funny saying, sarcastic, sarcasm, humor, meme shirt, funny quote, introvert humor, grand, petite, patience, trending, funny & sarcastic, funny shirt, typography, minimalist, aesthetic, gift idea, trendy, statement tee",produits/trending/tr_grand_coeur_fr__dark.png,produits/trending/tr_grand_coeur_fr__light.png
tr_gym_gin_en,trending,humor,Funny & Sarcastic,,en,Gym? I Thought You Said Gin | Funny & Sarcastic (English) Design,"funny saying, sarcastic, sarcasm, humor, meme shirt, funny quote, introvert humor, thought, said, trending, funny & sarcastic, funny shirt, typography, minimalist, aesthetic, gift idea, trendy, statement tee",produits/trending/tr_gym_gin_en__dark.png,produits/trending/tr_gym_gin_en__light.png
tr_je_gere_fr,trending,humor,Funny & Sarcastic,,fr,Je Gère (Presque) | Funny & Sarcastic (French) Design,"funny saying, sarcastic, sarcasm, humor, meme shirt, funny quote, introvert humor, gère, presque, trending, funny & sarcastic, funny shirt, typography, minimalist, aesthetic, gift idea, trendy, statement tee",produits/trending/tr_je_gere_fr__dark.png,produits/trending/tr_je_gere_fr__light.png
tr_just_a_girl_en,trending,humor,Funny & Sarcastic,,en,Just A Girl Who Loves Coffee | Funny & Sarcastic (English) Design,"funny saying, sarcastic, sarcasm, humor, meme shirt, funny quote, introvert humor, girl, loves, coffee, trending, funny & sarcastic, funny shirt, typography, minimalist, aesthetic, gift idea, trendy, statement tee",produits/trending/tr_just_a_girl_en__dark.png,produits/trending/tr_just_a_girl_en__light.png
tr_late_cardio_en,trending,humor,Funny & Sarcastic,,en,Running Late Is My Cardio | Funny & Sarcastic (English) Design,"funny saying, sarcastic, sarcasm, humor, meme shirt, funny quote, introvert humor, running, late, cardio, trending, funny & sarcastic, funny shirt, typography, minimalist, aesthetic, gift idea, trendy, statement tee",produits/trending/tr_late_cardio_en__dark.png,produits/trending/tr_late_cardio_en__light.png
tr_living_my_era_en,trending,humor,Funny & Sarcastic,,en,Living In My Best Era | Funny & Sarcastic (English) Design,"funny saying, sarcastic, sarcasm, humor, meme shirt, funny quote, introvert humor, living, best, trending, funny & sarcastic, funny shirt, typography, minimalist, aesthetic, gift idea, trendy, statement tee",produits/trending/tr_living_my_era_en__dark.png,produits/trending/tr_living_my_era_en__light.png
tr_main_character_en,trending,humor,Funny & Sarcastic,,en,Main Character Energy | Funny & Sarcastic (English) Design,"funny saying, sarcastic, sarcasm, humor, meme shirt, funny quote, introvert humor, main, character, energy, trending, funny & sarcastic, funny shirt, typography, minimalist, aesthetic, gift idea, trendy, statement tee",produits/trending/tr_main_character_en__dark.png,produits/trending/tr_main_character_en__light.png
tr_main_character_fr,trending,humor,Funny & Sarcastic,,fr,Héroïne De Ma Vie | Funny & Sarcastic (French) Design,"funny saying, sarcastic, sarcasm, humor, meme shirt, funny quote, introvert humor, héroïne, trending, funny & sarcastic, funny shirt, typography, minimalist, aesthetic, gift idea, trendy, statement tee",produits/trending/tr_main_character_fr__dark.png,produits/trending/tr_main_character_fr__light.png
tr_mamie_mosa_fr,trending,humor,Funny & Sarcastic,,fr,Mamie- Mosa | Funny & Sarcastic (French) Design,"funny saying, sarcastic, sarcasm, humor, meme shirt, funny quote, introvert humor, mamie, mosa, trending, funny & sarcastic, funny shirt, typography, minimalist, aesthetic, gift idea, trendy, statement tee",produits/trending/tr_mamie_mosa_fr__dark.png,produits/trending/tr_mamie_mosa_fr__light.png
tr_mode_ronchon_fr,trending,humor,Funny & Sarcastic,,fr,Mode Ronchon Activé | Funny & Sarcastic (French) Design,"funny saying, sarcastic, sarcasm, humor, meme shirt, funny quote, introvert humor, mode, ronchon, activé, trending, funny & sarcastic, funny shirt, typography, minimalist, aesthetic, gift idea, trendy, statement tee",produits/trending/tr_mode_ronchon_fr__dark.png,produits/trending/tr_mode_ronchon_fr__light.png
tr_motivation_404_fr,trending,humor,Funny & Sarcastic,,fr,Motivation Introuvable | Funny & Sarcastic (French) Design,"funny saying, sarcastic, sarcasm, humor, meme shirt, funny quote, introvert humor, motivation, introuvable, trending, funny & sarcastic, funny shirt, typography, minimalist, aesthetic, gift idea, trendy, statement tee",produits/trending/tr_motivation_404_fr__dark.png,produits/trending/tr_motivation_404_fr__light.png
tr_namastay_bed_en,trending,humor,Funny & Sarcastic,,en,Namast'ay In Bed | Funny & Sarcastic (English) Design,"funny saying, sarcastic, sarcasm, humor, meme shirt, funny quote, introvert humor, namast'ay, trending, funny & sarcastic, funny shirt, typography, minimalist, aesthetic, gift idea, trendy, statement tee",produits/trending/tr_namastay_bed_en__dark.png,produits/trending/tr_namastay_bed_en__light.png
tr_nap_queen_en,trending,humor,Funny & Sarcastic,,en,Nap Queen | Funny & Sarcastic (English) Design,"funny saying, sarcastic, sarcasm, humor, meme shirt, funny quote, introvert humor, queen, trending, funny & sarcastic, funny shirt, typography, minimalist, aesthetic, gift idea, trendy, statement tee",produits/trending/tr_nap_queen_en__dark.png,produits/trending/tr_nap_queen_en__light.png
tr_occupee_rien_fr,trending,humor,Funny & Sarcastic,,fr,Occupée À Rien Faire | Funny & Sarcastic (French) Design,"funny saying, sarcastic, sarcasm, humor, meme shirt, funny quote, introvert humor, occupée, rien, faire, trending, funny & sarcastic, funny shirt, typography, minimalist, aesthetic, gift idea, trendy, statement tee",produits/trending/tr_occupee_rien_fr__dark.png,produits/trending/tr_occupee_rien_fr__light.png
tr_one_more_chapter_en,trending,humor,Funny & Sarcastic,,en,Just One More Chapter | Funny & Sarcastic (English) Design,"funny saying, sarcastic, sarcasm, humor, meme shirt, funny quote, introvert humor, more, chapter, trending, funny & sarcastic, funny shirt, typography, minimalist, aesthetic, gift idea, trendy, statement tee",produits/trending/tr_one_more_chapter_en__dark.png,produits/trending/tr_one_more_chapter_en__light.png
tr_pas_aujourdhui_fr,trending,humor,Funny & Sarcastic,,fr,Pas Aujourd'hui | Funny & Sarcastic (French) Design,"funny saying, sarcastic, sarcasm, humor, meme shirt, funny quote, introvert humor, aujourd'hui, trending, funny & sarcastic, funny shirt, typography, minimalist, aesthetic, gift idea, trendy, statement tee",produits/trending/tr_pas_aujourdhui_fr__dark.png,produits/trending/tr_pas_aujourdhui_fr__light.png
tr_pas_envie_fr,trending,humor,Funny & Sarcastic,,fr,"Pas Le Temps, Pas L'Envie | Funny & Sarcastic (French) Design","funny saying, sarcastic, sarcasm, humor, meme shirt, funny quote, introvert humor, temps, l'envie, trending, funny & sarcastic, funny shirt, typography, minimalist, aesthetic, gift idea, trendy, statement tee",produits/trending/tr_pas_envie_fr__dark.png,produits/trending/tr_pas_envie_fr__light.png
tr_petite_sieste_fr,trending,humor,Funny & Sarcastic,,fr,Juste Une Petite Sieste | Funny & Sarcastic (French) Design,"funny saying, sarcastic, sarcasm, humor, meme shirt, funny quote, introvert humor, juste, petite, sieste, trending, funny & sarcastic, funny shirt, typography, minimalist, aesthetic, gift idea, trendy, statement tee",produits/trending/tr_petite_sieste_fr__dark.png,produits/trending/tr_petite_sieste_fr__light.png
tr_pizza_cardio_en,trending,humor,Funny & Sarcastic,,en,Pizza Is My Cardio | Funny & Sarcastic (English) Design,"funny saying, sarcastic, sarcasm, humor, meme shirt, funny quote, introvert humor, pizza, cardio, trending, funny & sarcastic, funny shirt, typography, minimalist, aesthetic, gift idea, trendy, statement tee",produits/trending/tr_pizza_cardio_en__dark.png,produits/trending/tr_pizza_cardio_en__light.png
tr_pizza_fr,trending,humor,Funny & Sarcastic,,fr,Pizza Mon Amour | Funny & Sarcastic (French) Design,"funny saying, sarcastic, sarcasm, humor, meme shirt, funny quote, introvert humor, pizza, amour, trending, funny & sarcastic, funny shirt, typography, minimalist, aesthetic, gift idea, trendy, statement tee",produits/trending/tr_pizza_fr__dark.png,produits/trending/tr_pizza_fr__light.png
tr_plant_mom_en,trending,humor,Funny & Sarcastic,,en,Plant Mom (Murderer) | Funny & Sarcastic (English) Design,"funny saying, sarcastic, sarcasm, humor, meme shirt, funny quote, introvert humor, plant, murderer, trending, funny & sarcastic, funny shirt, typography, minimalist, aesthetic, gift idea, trendy, statement tee",produits/trending/tr_plant_mom_en__dark.png,produits/trending/tr_plant_mom_en__light.png
tr_propulsee_cafe_fr,trending,humor,Funny & Sarcastic,,fr,Propulsée Au Café | Funny & Sarcastic (French) Design,"funny saying, sarcastic, sarcasm, humor, meme shirt, funny quote, introvert humor, propulsée, café, trending, funny & sarcastic, funny shirt, typography, minimalist, aesthetic, gift idea, trendy, statement tee",produits/trending/tr_propulsee_cafe_fr__dark.png,produits/trending/tr_propulsee_cafe_fr__light.png
tr_pumpkin_everything_en,trending,humor,Funny & Sarcastic,,en,Pumpkin Everything | Funny & Sarcastic (English) Design,"funny saying, sarcastic, sarcasm, humor, meme shirt, funny quote, introvert humor, pumpkin, everything, trending, funny & sarcastic, funny shirt, typography, minimalist, aesthetic, gift idea, trendy, statement tee",produits/trending/tr_pumpkin_everything_en__dark.png,produits/trending/tr_pumpkin_everything_en__light.png
tr_quiet_era_en,trending,humor,Funny & Sarcastic,,en,In My Quiet Era | Funny & Sarcastic (English) Design,"funny saying, sarcastic, sarcasm, humor, meme shirt, funny quote, introvert humor, quiet, trending, funny & sarcastic, funny shirt, typography, minimalist, aesthetic, gift idea, trendy, statement tee",produits/trending/tr_quiet_era_en__dark.png,produits/trending/tr_quiet_era_en__light.png
tr_reine_sieste_fr,trending,humor,Funny & Sarcastic,,fr,Reine De La Sieste | Funny & Sarcastic (French) Design,"funny saying, sarcastic, sarcasm, humor, meme shirt, funny quote, introvert humor, reine, sieste, trending, funny & sarcastic, funny shirt, typography, minimalist, aesthetic, gift idea, trendy, statement tee",produits/trending/tr_reine_sieste_fr__dark.png,produits/trending/tr_reine_sieste_fr__light.png
tr_relou_assume_fr,trending,humor,Funny & Sarcastic,,fr,Relou Mais Assumé | Funny & Sarcastic (French) Design,"funny saying, sarcastic, sarcasm, humor, meme shirt, funny quote, introvert humor, relou, assumé, trending, funny & sarcastic, funny shirt, typography, minimalist, aesthetic, gift idea, trendy, statement tee",produits/trending/tr_relou_assume_fr__dark.png,produits/trending/tr_relou_assume_fr__light.png
tr_resting_beach_en,trending,humor,Funny & Sarcastic,,en,Resting Beach Face | Funny & Sarcastic (English) Design,"funny saying, sarcastic, sarcasm, humor, meme shirt, funny quote, introvert humor, resting, beach, face, trending, funny & sarcastic, funny shirt, typography, minimalist, aesthetic, gift idea, trendy, statement tee",produits/trending/tr_resting_beach_en__dark.png,produits/trending/tr_resting_beach_en__light.png
tr_sarcasm_loading_en,trending,humor,Funny & Sarcastic,,en,Sarcasm Loading... | Funny & Sarcastic (English) Design,"funny saying, sarcastic, sarcasm, humor, meme shirt, funny quote, introvert humor, loading, trending, funny & sarcastic, funny shirt, typography, minimalist, aesthetic, gift idea, trendy, statement tee",produits/trending/tr_sarcasm_loading_en__dark.png,produits/trending/tr_sarcasm_loading_en__light.png
tr_sarcasme_cours_fr,trending,humor,Funny & Sarcastic,,fr,Sarcasme En Cours | Funny & Sarcastic (French) Design,"funny saying, sarcastic, sarcasm, humor, meme shirt, funny quote, introvert humor, sarcasme, cours, trending, funny & sarcastic, funny shirt, typography, minimalist, aesthetic, gift idea, trendy, statement tee",produits/trending/tr_sarcasme_cours_fr__dark.png,produits/trending/tr_sarcasme_cours_fr__light.png
tr_self_made_en,trending,humor,Funny & Sarcastic,,en,Self- Made | Funny & Sarcastic (English) Design,"funny saying, sarcastic, sarcasm, humor, meme shirt, funny quote, introvert humor, self, made, trending, funny & sarcastic, funny shirt, typography, minimalist, aesthetic, gift idea, trendy, statement tee",produits/trending/tr_self_made_en__dark.png,produits/trending/tr_self_made_en__light.png
tr_sieste_power_fr,trending,humor,Funny & Sarcastic,,fr,Sieste Power | Funny & Sarcastic (French) Design,"funny saying, sarcastic, sarcasm, humor, meme shirt, funny quote, introvert humor, sieste, power, trending, funny & sarcastic, funny shirt, typography, minimalist, aesthetic, gift idea, trendy, statement tee",produits/trending/tr_sieste_power_fr__dark.png,produits/trending/tr_sieste_power_fr__light.png
tr_slay_nap_en,trending,humor,Funny & Sarcastic,,en,I Came To Slay (And Nap) | Funny & Sarcastic (English) Design,"funny saying, sarcastic, sarcasm, humor, meme shirt, funny quote, introvert humor, came, slay, trending, funny & sarcastic, funny shirt, typography, minimalist, aesthetic, gift idea, trendy, statement tee",produits/trending/tr_slay_nap_en__dark.png,produits/trending/tr_slay_nap_en__light.png
tr_snack_dealer_en,trending,humor,Funny & Sarcastic,,en,Professional Snack Dealer | Funny & Sarcastic (English) Design,"funny saying, sarcastic, sarcasm, humor, meme shirt, funny quote, introvert humor, professional, snack, dealer, trending, funny & sarcastic, funny shirt, typography, minimalist, aesthetic, gift idea, trendy, statement tee",produits/trending/tr_snack_dealer_en__dark.png,produits/trending/tr_snack_dealer_en__light.png
tr_spooky_vibes_en,trending,humor,Funny & Sarcastic,,en,Spooky Vibes Only | Funny & Sarcastic (English) Design,"funny saying, sarcastic, sarcasm, humor, meme shirt, funny quote, introvert humor, spooky, vibes, trending, funny & sarcastic, funny shirt, typography, minimalist, aesthetic, gift idea, trendy, statement tee",produits/trending/tr_spooky_vibes_en__dark.png,produits/trending/tr_spooky_vibes_en__light.png
tr_squat_wine_en,trending,humor,Funny & Sarcastic,,en,Squat Now Wine Later | Funny & Sarcastic (English) Design,"funny saying, sarcastic, sarcasm, humor, meme shirt, funny quote, introvert humor, squat, wine, later, trending, funny & sarcastic, funny shirt, typography, minimalist, aesthetic, gift idea, trendy, statement tee",produits/trending/tr_squat_wine_en__dark.png,produits/trending/tr_squat_wine_en__light.png
tr_stay_wild_en,trending,humor,Funny & Sarcastic,,en,Stay Wild | Funny & Sarcastic (English) Design,"funny saying, sarcastic, sarcasm, humor, meme shirt, funny quote, introvert humor, stay, wild, trending, funny & sarcastic, funny shirt, typography, minimalist, aesthetic, gift idea, trendy, statement tee",produits/trending/tr_stay_wild_en__dark.png,produits/trending/tr_stay_wild_en__light.png
tr_stressed_blessed_en,trending,humor,Funny & Sarcastic,,en,"Stressed, Blessed Coffee Obsessed | Funny & Sarcastic (English) Design","funny saying, sarcastic, sarcasm, humor, meme shirt, funny quote, introvert humor, stressed, blessed, coffee, obsessed, trending, funny & sarcastic, funny shirt, typography, minimalist, aesthetic, gift idea, trendy, statement tee",produits/trending/tr_stressed_blessed_en__dark.png,produits/trending/tr_stressed_blessed_en__light.png
tr_tacos_fix_en,trending,humor,Funny & Sarcastic,,en,Tacos Fix Everything | Funny & Sarcastic (English) Design,"funny saying, sarcastic, sarcasm, humor, meme shirt, funny quote, introvert humor, tacos, everything, trending, funny & sarcastic, funny shirt, typography, minimalist, aesthetic, gift idea, trendy, statement tee",produits/trending/tr_tacos_fix_en__dark.png,produits/trending/tr_tacos_fix_en__light.png
tr_team_canape_fr,trending,humor,Funny & Sarcastic,,fr,Team Canapé | Funny & Sarcastic (French) Design,"funny saying, sarcastic, sarcasm, humor, meme shirt, funny quote, introvert humor, team, canapé, trending, funny & sarcastic, funny shirt, typography, minimalist, aesthetic, gift idea, trendy, statement tee",produits/trending/tr_team_canape_fr__dark.png,produits/trending/tr_team_canape_fr__light.png
tr_therapist_fine_en,trending,humor,Funny & Sarcastic,,en,My Therapist Says I'm Fine | Funny & Sarcastic (English) Design,"funny saying, sarcastic, sarcasm, humor, meme shirt, funny quote, introvert humor, therapist, says, fine, trending, funny & sarcastic, funny shirt, typography, minimalist, aesthetic, gift idea, trendy, statement tee",produits/trending/tr_therapist_fine_en__dark.png,produits/trending/tr_therapist_fine_en__light.png
tr_thinking_snacks_en,trending,humor,Funny & Sarcastic,,en,Probably Thinking About Snacks | Funny & Sarcastic (English) Design,"funny saying, sarcastic, sarcasm, humor, meme shirt, funny quote, introvert humor, probably, thinking, about, snacks, trending, funny & sarcastic, funny shirt, typography, minimalist, aesthetic, gift idea, trendy, statement tee",produits/trending/tr_thinking_snacks_en__dark.png,produits/trending/tr_thinking_snacks_en__light.png
tr_touch_grass_en,trending,humor,Funny & Sarcastic,,en,Touch Grass (I Won't) | Funny & Sarcastic (English) Design,"funny saying, sarcastic, sarcasm, humor, meme shirt, funny quote, introvert humor, touch, grass, won't, trending, funny & sarcastic, funny shirt, typography, minimalist, aesthetic, gift idea, trendy, statement tee",produits/trending/tr_touch_grass_en__dark.png,produits/trending/tr_touch_grass_en__light.png
tr_unbothered_en,trending,humor,Funny & Sarcastic,,en,Unbothered. Moisturized. | Funny & Sarcastic (English) Design,"funny saying, sarcastic, sarcasm, humor, meme shirt, funny quote, introvert humor, unbothered, moisturized, trending, funny & sarcastic, funny shirt, typography, minimalist, aesthetic, gift idea, trendy, statement tee",produits/trending/tr_unbothered_en__dark.png,produits/trending/tr_unbothered_en__light.png
tr_vibes_only_en,trending,humor,Funny & Sarcastic,,en,Good Vibes Only | Funny & Sarcastic (English) Design,"funny saying, sarcastic, sarcasm, humor, meme shirt, funny quote, introvert humor, good, vibes, trending, funny & sarcastic, funny shirt, typography, minimalist, aesthetic, gift idea, trendy, statement tee",produits/trending/tr_vibes_only_en__dark.png,produits/trending/tr_vibes_only_en__light.png
tr_vin_compagnie_fr,trending,humor,Funny & Sarcastic,,fr,Vin Et Compagnie | Funny & Sarcastic (French) Design,"funny saying, sarcastic, sarcasm, humor, meme shirt, funny quote, introvert humor, compagnie, trending, funny & sarcastic, funny shirt, typography, minimalist, aesthetic, gift idea, trendy, statement tee",produits/trending/tr_vin_compagnie_fr__dark.png,produits/trending/tr_vin_compagnie_fr__light.png
tr_wander_often_en,trending,humor,Funny & Sarcastic,,en,Wander Often | Funny & Sarcastic (English) Design,"funny saying, sarcastic, sarcasm, humor, meme shirt, funny quote, introvert humor, wander, often, trending, funny & sarcastic, funny shirt, typography, minimalist, aesthetic, gift idea, trendy, statement tee",produits/trending/tr_wander_often_en__dark.png,produits/trending/tr_wander_often_en__light.png
tr_weekend_mood_fr,trending,humor,Funny & Sarcastic,,fr,Mood Week-End | Funny & Sarcastic (French) Design,"funny saying, sarcastic, sarcasm, humor, meme shirt, funny quote, introvert humor, mood, week, trending, funny & sarcastic, funny shirt, typography, minimalist, aesthetic, gift idea, trendy, statement tee",produits/trending/tr_weekend_mood_fr__dark.png,produits/trending/tr_weekend_mood_fr__light.png
tr_weekend_wine_en,trending,humor,Funny & Sarcastic,,en,Weekend Forecast: Wine | Funny & Sarcastic (English) Design,"funny saying, sarcastic, sarcasm, humor, meme shirt, funny quote, introvert humor, weekend, forecast, wine, trending, funny & sarcastic, funny shirt, typography, minimalist, aesthetic, gift idea, trendy, statement tee",produits/trending/tr_weekend_wine_en__dark.png,produits/trending/tr_weekend_wine_en__light.png
tr_wine_oclock_en,trending,humor,Funny & Sarcastic,,en,Wine O'Clock | Funny & Sarcastic (English) Design,"funny saying, sarcastic, sarcasm, humor, meme shirt, funny quote, introvert humor, wine, o'clock, trending, funny & sarcastic, funny shirt, typography, minimalist, aesthetic, gift idea, trendy, statement tee",produits/trending/tr_wine_oclock_en__dark.png,produits/trending/tr_wine_oclock_en__light.png
