id,collection,theme,theme_label,subniche,lang,title,description,tags,file_dark,file_light
he_gveganes_fr,heart,animals,Animal Rights & Vegan,,fr,J' love Les (Vé)Gens - Animal Rights & Vegan (French) Design,"« J' love Les (Vé)Gens » en typographie or et noir, minimaliste et percutante. Un design pour les vegans et les défenseur·ses des animaux. Idée cadeau parfaite, à porter ou offrir. Disponible sur t-shirt, sweat, sticker, mug, tote bag, poster et plus. #animals #typographie","vegan, animal rights, vegan gift, save animals, plant based, cruelty free, animal lover, love, gens, animal rights & vegan, funny shirt, typography, minimalist, aesthetic, gift idea, trendy design, statement tee, for men, for women",produits/heart/he_gveganes_fr__dark.png,produits/heart/he_gveganes_fr__light.png
id_vegan_en,identite,animals,Animal Rights & Vegan,,en,Vegan - Animal Rights & Vegan Typography Design,"""Vegan"" in clean gold-and-black minimalist typography. A statement design for vegans and animal lovers. Makes a perfect gift to wear or give. Available on tees, hoodies, stickers, mugs, tote bags, posters and more. #animals #typography","vegan, animal rights, vegan gift, save animals, plant based, cruelty free, animal lover, animal rights & vegan, funny shirt, typography, minimalist, aesthetic, gift idea, trendy design, statement tee, for men, for women",produits/identite/id_vegan_en__dark.png,produits/identite/id_vegan_en__light.png
id_vegana_es,identite,animals,Animal Rights & Vegan,,es,Vegana - Animal Rights & Vegan (Spanish) Design,"""Vegana"" in clean gold-and-black minimalist typography. A statement design for vegans and animal lovers. Makes a perfect gift to wear or give. Available on tees, hoodies, stickers, mugs, tote bags, posters and more. #animals #typography","vegan, animal rights, vegan gift, save animals, plant based, cruelty free, animal lover, vegana, animal rights & vegan, funny shirt, typography, minimalist, aesthetic, gift idea, trendy design, statement tee, for men, for women",produits/identite/id_vegana_es__dark.png,produits/identite/id_vegana_es__light.png
vegan_loud_en,niches,animals,Animal Rights & Vegan,vegan,en,Vegan & Loud About It - Animal Rights & Vegan Typography Design,"""Vegan & Loud About It"" in clean gold-and-black minimalist typography. A statement design for vegans and animal lovers. Makes a perfect gift to wear or give. Available on tees, hoodies, stickers, mugs, tote bags, posters and more. #animals #typography","vegan, animal rights, vegan gift, save animals, plant based, cruelty free, animal lover, loud, about, animal rights & vegan, funny shirt, typography, minimalist, aesthetic, gift idea, trendy design, statement tee, for men, for women",produits/niches/vegan_loud_en__dark.png,produits/niches/vegan_loud_en__light.png
vegan_powered_plants_en,niches,animals,Animal Rights & Vegan,vegan,en,Powered by Plants - Animal Rights & Vegan Typography Design,"""Powered by Plants"" in clean gold-and-black minimalist typography. A statement design for vegans and animal lovers. Makes a perfect gift to wear or give. Available on tees, hoodies, stickers, mugs, tote bags, posters and more. #animals #typography","vegan, animal rights, vegan gift, save animals, plant based, cruelty free, animal lover, powered, plants, animal rights & vegan, funny shirt, typography, minimalist, aesthetic, gift idea, trendy design, statement tee, for men, for women",produits/niches/vegan_powered_plants_en__dark.png,produits/niches/vegan_powered_plants_en__light.png
vegan_protein_en,niches,animals,Animal Rights & Vegan,vegan,en,But Where Do You Get Your Protein? - Animal Rights & Vegan Typography Design,"""But Where Do You Get Your Protein?"" in clean gold-and-black minimalist typography. A statement design for vegans and animal lovers. Makes a perfect gift to wear or give. Available on tees, hoodies, stickers, mugs, tote bags, posters and more. #animals #typography","vegan, animal rights, vegan gift, save animals, plant based, cruelty free, animal lover, where, protein, animal rights & vegan, funny shirt, typography, minimalist, aesthetic, gift idea, trendy design, statement tee, for men, for women",produits/niches/vegan_protein_en__dark.png,produits/niches/vegan_protein_en__light.png
pl_abattoir_fr,punchlines,animals,Animal Rights & Vegan,,fr,"Un Cri Dans L'Abattoir, Un Silence Dans L'Assiette - Animal Rights & Vegan (French) Design","« Un Cri Dans L'Abattoir, Un Silence Dans L'Assiette » en typographie or et noir, minimaliste et percutante. Un design pour les vegans et les défenseur·ses des animaux. Idée cadeau parfaite, à porter ou offrir. Disponible sur t-shirt, sweat, sticker, mug, tote bag, poster et plus. #animals #typographie","vegan, animal rights, vegan gift, save animals, plant based, cruelty free, animal lover, l'abattoir, silence, l'assiette, animal rights & vegan, funny shirt, typography, minimalist, aesthetic, gift idea, trendy design, statement tee, for men, for women",produits/punchlines/pl_abattoir_fr__dark.png,produits/punchlines/pl_abattoir_fr__light.png
pl_cage_fr,punchlines,animals,Animal Rights & Vegan,,fr,La Cage N'Est Jamais Confortable - Animal Rights & Vegan (French) Design,"« La Cage N'Est Jamais Confortable » en typographie or et noir, minimaliste et percutante. Un design pour les vegans et les défenseur·ses des animaux. Idée cadeau parfaite, à porter ou offrir. Disponible sur t-shirt, sweat, sticker, mug, tote bag, poster et plus. #animals #typographie","vegan, animal rights, vegan gift, save animals, plant based, cruelty free, animal lover, cage, n'est, jamais, confortable, animal rights & vegan, funny shirt, typography, minimalist, aesthetic, gift idea, trendy design, statement tee, for men, for women",produits/punchlines/pl_cage_fr__dark.png,produits/punchlines/pl_cage_fr__light.png
pl_corrida_fr,punchlines,animals,Animal Rights & Vegan,,fr,La Corrida Est Un Meurtre - Animal Rights & Vegan (French) Design,"« La Corrida Est Un Meurtre » en typographie or et noir, minimaliste et percutante. Un design pour les vegans et les défenseur·ses des animaux. Idée cadeau parfaite, à porter ou offrir. Disponible sur t-shirt, sweat, sticker, mug, tote bag, poster et plus. #animals #typographie","vegan, animal rights, vegan gift, save animals, plant based, cruelty free, animal lover, corrida, meurtre, animal rights & vegan, funny shirt, typography, minimalist, aesthetic, gift idea, trendy design, statement tee, for men, for women",produits/punchlines/pl_corrida_fr__dark.png,produits/punchlines/pl_corrida_fr__light.png
pl_eat_rich_vegan_en,punchlines,animals,Animal Rights & Vegan,,en,"Eat The Rich. Plant-Based, Obviously. - Animal Rights & Vegan Typography Design","""Eat The Rich. Plant-Based, Obviously."" in clean gold-and-black minimalist typography. A statement design for vegans and animal lovers. Makes a perfect gift to wear or give. Available on tees, hoodies, stickers, mugs, tote bags, posters and more. #animals #typography","vegan, animal rights, vegan gift, save animals, plant based, cruelty free, animal lover, rich, plant, based, obviously, animal rights & vegan, funny shirt, typography, minimalist, aesthetic, gift idea, trendy design, statement tee, for men, for women",produits/punchlines/pl_eat_rich_vegan_en__dark.png,produits/punchlines/pl_eat_rich_vegan_en__light.png
pl_elevage_crime_fr,punchlines,animals,Animal Rights & Vegan,,fr,L'Élevage Intensif Est Un Crime - Animal Rights & Vegan (French) Design,"« L'Élevage Intensif Est Un Crime » en typographie or et noir, minimaliste et percutante. Un design pour les vegans et les défenseur·ses des animaux. Idée cadeau parfaite, à porter ou offrir. Disponible sur t-shirt, sweat, sticker, mug, tote bag, poster et plus. #animals #typographie","vegan, animal rights, vegan gift, save animals, plant based, cruelty free, animal lover, l'élevage, intensif, crime, animal rights & vegan, funny shirt, typography, minimalist, aesthetic, gift idea, trendy design, statement tee, for men, for women",produits/punchlines/pl_elevage_crime_fr__dark.png,produits/punchlines/pl_elevage_crime_fr__light.png
pl_fourrure_honte_fr,punchlines,animals,Animal Rights & Vegan,,fr,"La Fourrure, C'Est La Honte - Animal Rights & Vegan (French) Design","« La Fourrure, C'Est La Honte » en typographie or et noir, minimaliste et percutante. Un design pour les vegans et les défenseur·ses des animaux. Idée cadeau parfaite, à porter ou offrir. Disponible sur t-shirt, sweat, sticker, mug, tote bag, poster et plus. #animals #typographie","vegan, animal rights, vegan gift, save animals, plant based, cruelty free, animal lover, fourrure, c'est, honte, animal rights & vegan, funny shirt, typography, minimalist, aesthetic, gift idea, trendy design, statement tee, for men, for women",produits/punchlines/pl_fourrure_honte_fr__dark.png,produits/punchlines/pl_fourrure_honte_fr__light.png
pl_manteau_fr,punchlines,animals,Animal Rights & Vegan,,fr,Leur Peau N'Est Pas Un Manteau - Animal Rights & Vegan (French) Design,"« Leur Peau N'Est Pas Un Manteau » en typographie or et noir, minimaliste et percutante. Un design pour les vegans et les défenseur·ses des animaux. Idée cadeau parfaite, à porter ou offrir. Disponible sur t-shirt, sweat, sticker, mug, tote bag, poster et plus. #animals #typographie","vegan, animal rights, vegan gift, save animals, plant based, cruelty free, animal lover, peau, n'est, manteau, animal rights & vegan, funny shirt, typography, minimalist, aesthetic, gift idea, trendy design, statement tee, for men, for women",produits/punchlines/pl_manteau_fr__dark.png,produits/punchlines/pl_manteau_fr__light.png
pl_not_food_en,punchlines,animals,Animal Rights & Vegan,,en,Not Food. Someone. - Animal Rights & Vegan Typography Design,"""Not Food. Someone."" in clean gold-and-black minimalist typography. A statement design for vegans and animal lovers. Makes a perfect gift to wear or give. Available on tees, hoodies, stickers, mugs, tote bags, posters and more. #animals #typography","vegan, animal rights, vegan gift, save animals, plant based, cruelty free, animal lover, food, someone, animal rights & vegan, funny shirt, typography, minimalist, aesthetic, gift idea, trendy design, statement tee, for men, for women",produits/punchlines/pl_not_food_en__dark.png,produits/punchlines/pl_not_food_en__light.png
pl_specisme_fr,punchlines,animals,Animal Rights & Vegan,,fr,Le Spécisme Est Une Idéologie - Animal Rights & Vegan (French) Design,"« Le Spécisme Est Une Idéologie » en typographie or et noir, minimaliste et percutante. Un design pour les vegans et les défenseur·ses des animaux. Idée cadeau parfaite, à porter ou offrir. Disponible sur t-shirt, sweat, sticker, mug, tote bag, poster et plus. #animals #typographie","vegan, animal rights, vegan gift, save animals, plant based, cruelty free, animal lover, spécisme, idéologie, animal rights & vegan, funny shirt, typography, minimalist, aesthetic, gift idea, trendy design, statement tee, for men, for women",produits/punchlines/pl_specisme_fr__dark.png,produits/punchlines/pl_specisme_fr__light.png
pl_steak_cadavre_fr,punchlines,animals,Animal Rights & Vegan,,fr,Un Steak = Un Cadavre - Animal Rights & Vegan (French) Design,"« Un Steak = Un Cadavre » en typographie or et noir, minimaliste et percutante. Un design pour les vegans et les défenseur·ses des animaux. Idée cadeau parfaite, à porter ou offrir. Disponible sur t-shirt, sweat, sticker, mug, tote bag, poster et plus. #animals #typographie","vegan, animal rights, vegan gift, save animals, plant based, cruelty free, animal lover, steak, cadavre, animal rights & vegan, funny shirt, typography, minimalist, aesthetic, gift idea, trendy design, statement tee, for men, for women",produits/punchlines/pl_steak_cadavre_fr__dark.png,produits/punchlines/pl_steak_cadavre_fr__light.png
rev_friends_food_en,revendications,animals,Animal Rights & Vegan,,en,"Animals Are Friends, Not Food - Animal Rights & Vegan Typography Design","""Animals Are Friends, Not Food"" in clean gold-and-black minimalist typography. A statement design for vegans and animal lovers. Makes a perfect gift to wear or give. Available on tees, hoodies, stickers, mugs, tote bags, posters and more. #animals #typography","vegan, animal rights, vegan gift, save animals, plant based, cruelty free, animal lover, animals, friends, food, animal rights & vegan, funny shirt, typography, minimalist, aesthetic, gift idea, trendy design, statement tee, for men, for women",produits/revendications/rev_friends_food_en__dark.png,produits/revendications/rev_friends_food_en__light.png
rev_vegan_pas_chiant_fr,revendications,animals,Animal Rights & Vegan,,fr,Vegan Et Pas Chiant (Promis) - Animal Rights & Vegan (French) Design,"« Vegan Et Pas Chiant (Promis) » en typographie or et noir, minimaliste et percutante. Un design pour les vegans et les défenseur·ses des animaux. Idée cadeau parfaite, à porter ou offrir. Disponible sur t-shirt, sweat, sticker, mug, tote bag, poster et plus. #animals #typographie","vegan, animal rights, vegan gift, save animals, plant based, cruelty free, animal lover, chiant, promis, animal rights & vegan, funny shirt, typography, minimalist, aesthetic, gift idea, trendy design, statement tee, for men, for women",produits/revendications/rev_vegan_pas_chiant_fr__dark.png,produits/revendications/rev_vegan_pas_chiant_fr__light.png
an_against_en,anti,antiracism,Anti-Racism,,en,"Against Hate, Greed, Fascism, Pollution, Bigotry, Cruelty, - Anti-Racism Typography Design","""Against Hate, Greed, Fascism, Pollution, Bigotry, Cruelty,"" in clean gold-and-black minimalist typography. A statement design for anti-racists and human-rights advocates. Makes a perfect gift to wear or give. Available on tees, hoodies, stickers, mugs, tote bags, posters and more. #antiracism #typography","anti racism, human rights, social justice, equality, no racism, solidarity, against, hate, greed, fascism, pollution, anti-racism, funny shirt, typography, minimalist, aesthetic, gift idea, trendy design, statement tee, for men, for women",produits/anti/an_against_en__dark.png,produits/anti/an_against_en__light.png
an_allergic_en,anti,antiracism,Anti-Racism,,en,"Allergic To Racists, Fascists, Bosses, Mondays, Small Talk, Excuses, - Anti-Racism Typography Design","""Allergic To Racists, Fascists, Bosses, Mondays, Small Talk, Excuses,"" in clean gold-and-black minimalist typography. A statement design for anti-racists and human-rights advocates. Makes a perfect gift to wear or give. Available on tees, hoodies, stickers, mugs, tote bags, posters and more. #antiracism #typography","anti racism, human rights, social justice, equality, no racism, solidarity, allergic, racists, fascists, bosses, mondays, anti-racism, funny shirt, typography, minimalist, aesthetic, gift idea, trendy design, statement tee, for men, for women",produits/anti/an_allergic_en__dark.png,produits/anti/an_allergic_en__light.png
an_anti_en,anti,antiracism,Anti-Racism,,en,"Anti Fascism, Capitalism, Billionaires, Polluters, Racism, Patriarchy, - Anti-Racism Typography Design","""Anti Fascism, Capitalism, Billionaires, Polluters, Racism, Patriarchy,"" in clean gold-and-black minimalist typography. A statement design for anti-racists and human-rights advocates. Makes a perfect gift to wear or give. Available on tees, hoodies, stickers, mugs, tote bags, posters and more. #antiracism #typography","anti racism, human rights, social justice, equality, no racism, solidarity, anti, fascism, capitalism, billionaires, polluters, anti-racism, funny shirt, typography, minimalist, aesthetic, gift idea, trendy design, statement tee, for men, for women",produits/anti/an_anti_en__dark.png,produits/anti/an_anti_en__light.png
an_anticons_fr,anti,antiracism,Anti-Racism,,fr,"Anti Cons, Fachos, Pollueurs, Hypocrites, Lâches, Donneurs - Anti-Racism (French) Design","« Anti Cons, Fachos, Pollueurs, Hypocrites, Lâches, Donneurs » en typographie or et noir, minimaliste et percutante. Un design pour les antiracistes et les défenseur·ses des droits humains. Idée cadeau parfaite, à porter ou offrir. Disponible sur t-shirt, sweat, sticker, mug, tote bag, poster et plus. #antiracism #typographie","anti racism, human rights, social justice, equality, no racism, solidarity, anti, cons, fachos, pollueurs, hypocrites, anti-racism, funny shirt, typography, minimalist, aesthetic, gift idea, trendy design, statement tee, for men, for women",produits/anti/an_anticons_fr__dark.png,produits/anti/an_anticons_fr__light.png
an_freezone_en,anti,antiracism,Anti-Racism,,en,"Free Of Racism, Homophobia, Sexism, Hate, Fear, Ableism, - Anti-Racism Typography Design","""Free Of Racism, Homophobia, Sexism, Hate, Fear, Ableism,"" in clean gold-and-black minimalist typography. A statement design for anti-racists and human-rights advocates. Makes a perfect gift to wear or give. Available on tees, hoodies, stickers, mugs, tote bags, posters and more. #antiracism #typography","anti racism, human rights, social justice, equality, no racism, solidarity, free, racism, homophobia, sexism, hate, anti-racism, funny shirt, typography, minimalist, aesthetic, gift idea, trendy design, statement tee, for men, for women",produits/anti/an_freezone_en__dark.png,produits/anti/an_freezone_en__light.png
ar_not_facho_fr,arrow,antiracism,Anti-Racism,,fr,Pas D'Accord Avec Le Facho - Anti-Racism (French) Design,"« Pas D'Accord Avec Le Facho » en typographie or et noir, minimaliste et percutante. Un design pour les antiracistes et les défenseur·ses des droits humains. Idée cadeau parfaite, à porter ou offrir. Disponible sur t-shirt, sweat, sticker, mug, tote bag, poster et plus. #antiracism #typographie","anti racism, human rights, social justice, equality, no racism, solidarity, d'accord, facho, anti-racism, funny shirt, typography, minimalist, aesthetic, gift idea, trendy design, statement tee, for men, for women",produits/arrow/ar_not_facho_fr__dark.png,produits/arrow/ar_not_facho_fr__light.png
co_babylon_en,corrige,antiracism,Anti-Racism,,en,Chase The Bag → System (Babylon) - Anti-Racism Typography Design,"""Chase The Bag → System (Babylon)"" in clean gold-and-black minimalist typography. A statement design for anti-racists and human-rights advocates. Makes a perfect gift to wear or give. Available on tees, hoodies, stickers, mugs, tote bags, posters and more. #antiracism #typography","anti racism, human rights, social justice, equality, no racism, solidarity, chase, system, babylon, anti-racism, funny shirt, typography, minimalist, aesthetic, gift idea, trendy design, statement tee, for men, for women",produits/corrige/co_babylon_en__dark.png,produits/corrige/co_babylon_en__light.png
co_chat_juge_fr,corrige,antiracism,Anti-Racism,,fr,Mon Chat Juge Tout Le Monde → Surtout Les Fachos - Anti-Racism (French) Design,"« Mon Chat Juge Tout Le Monde → Surtout Les Fachos » en typographie or et noir, minimaliste et percutante. Un design pour les antiracistes et les défenseur·ses des droits humains. Idée cadeau parfaite, à porter ou offrir. Disponible sur t-shirt, sweat, sticker, mug, tote bag, poster et plus. #antiracism #typographie","anti racism, human rights, social justice, equality, no racism, solidarity, chat, juge, monde, surtout, fachos, anti-racism, funny shirt, typography, minimalist, aesthetic, gift idea, trendy design, statement tee, for men, for women",produits/corrige/co_chat_juge_fr__dark.png,produits/corrige/co_chat_juge_fr__light.png
co_ok_boomer_en,corrige,antiracism,Anti-Racism,,en,Ok Boomer → Bigot - Anti-Racism Typography Design,"""Ok Boomer → Bigot"" in clean gold-and-black minimalist typography. A statement design for anti-racists and human-rights advocates. Makes a perfect gift to wear or give. Available on tees, hoodies, stickers, mugs, tote bags, posters and more. #antiracism #typography","anti racism, human rights, social justice, equality, no racism, solidarity, boomer, bigot, anti-racism, funny shirt, typography, minimalist, aesthetic, gift idea, trendy design, statement tee, for men, for women",produits/corrige/co_ok_boomer_en__dark.png,produits/corrige/co_ok_boomer_en__light.png
co_pas_raciste_fr,corrige,antiracism,Anti-Racism,,fr,"Je Suis Pas Raciste Mais... → (Si, En Fait) - Anti-Racism (French) Design","« Je Suis Pas Raciste Mais... → (Si, En Fait) » en typographie or et noir, minimaliste et percutante. Un design pour les antiracistes et les défenseur·ses des droits humains. Idée cadeau parfaite, à porter ou offrir. Disponible sur t-shirt, sweat, sticker, mug, tote bag, poster et plus. #antiracism #typographie","anti racism, human rights, social justice, equality, no racism, solidarity, suis, raciste, anti-racism, funny shirt, typography, minimalist, aesthetic, gift idea, trendy design, statement tee, for men, for women",produits/corrige/co_pas_raciste_fr__dark.png,produits/corrige/co_pas_raciste_fr__light.png
fm_card_fachos_fr,formats,antiracism,Anti-Racism,card,fr,Carton Rouge Aux Fachos - Anti-Racism (French) Design,"« Carton Rouge Aux Fachos » en typographie or et noir, minimaliste et percutante. Un design pour les antiracistes et les défenseur·ses des droits humains. Idée cadeau parfaite, à porter ou offrir. Disponible sur t-shirt, sweat, sticker, mug, tote bag, poster et plus. #antiracism #typographie","anti racism, human rights, social justice, equality, no racism, solidarity, carton, rouge, fachos, card, anti-racism, funny shirt, typography, minimalist, aesthetic, gift idea, trendy design, statement tee, for men, for women",produits/formats/fm_card_fachos_fr__dark.png,produits/formats/fm_card_fachos_fr__light.png
fm_card_fascism_en,formats,antiracism,Anti-Racism,card,en,Red Card To Fascism - Anti-Racism Typography Design,"""Red Card To Fascism"" in clean gold-and-black minimalist typography. A statement design for anti-racists and human-rights advocates. Makes a perfect gift to wear or give. Available on tees, hoodies, stickers, mugs, tote bags, posters and more. #antiracism #typography","anti racism, human rights, social justice, equality, no racism, solidarity, card, fascism, anti-racism, funny shirt, typography, minimalist, aesthetic, gift idea, trendy design, statement tee, for men, for women",produits/formats/fm_card_fascism_en__dark.png,produits/formats/fm_card_fascism_en__light.png
fm_card_racism_en,formats,antiracism,Anti-Racism,card,en,Red Card To Racism - Anti-Racism Typography Design,"""Red Card To Racism"" in clean gold-and-black minimalist typography. A statement design for anti-racists and human-rights advocates. Makes a perfect gift to wear or give. Available on tees, hoodies, stickers, mugs, tote bags, posters and more. #antiracism #typography","anti racism, human rights, social justice, equality, no racism, solidarity, card, racism, anti-racism, funny shirt, typography, minimalist, aesthetic, gift idea, trendy design, statement tee, for men, for women",produits/formats/fm_card_racism_en__dark.png,produits/formats/fm_card_racism_en__light.png
fm_card_racisme_fr,formats,antiracism,Anti-Racism,card,fr,Carton Rouge Au Racisme - Anti-Racism (French) Design,"« Carton Rouge Au Racisme » en typographie or et noir, minimaliste et percutante. Un design pour les antiracistes et les défenseur·ses des droits humains. Idée cadeau parfaite, à porter ou offrir. Disponible sur t-shirt, sweat, sticker, mug, tote bag, poster et plus. #antiracism #typographie","anti racism, human rights, social justice, equality, no racism, solidarity, carton, rouge, racisme, card, anti-racism, funny shirt, typography, minimalist, aesthetic, gift idea, trendy design, statement tee, for men, for women",produits/formats/fm_card_racisme_fr__dark.png,produits/formats/fm_card_racisme_fr__light.png
he_immigrants_fr,heart,antiracism,Anti-Racism,,fr,J' love Les (Im)Migrants - Anti-Racism (French) Design,"« J' love Les (Im)Migrants » en typographie or et noir, minimaliste et percutante. Un design pour les antiracistes et les défenseur·ses des droits humains. Idée cadeau parfaite, à porter ou offrir. Disponible sur t-shirt, sweat, sticker, mug, tote bag, poster et plus. #antiracism #typographie","anti racism, human rights, social justice, equality, no racism, solidarity, love, migrants, anti-racism, funny shirt, typography, minimalist, aesthetic, gift idea, trendy design, statement tee, for men, for women",produits/heart/he_immigrants_fr__dark.png,produits/heart/he_immigrants_fr__light.png
ir_facho_neurones_fr,ironique,antiracism,Anti-Racism,,fr,"Toi Et Tes Idées Fachos, Vous Faites Pas Le Poids - Anti-Racism (French) Design","« Toi Et Tes Idées Fachos, Vous Faites Pas Le Poids » en typographie or et noir, minimaliste et percutante. Un design pour les antiracistes et les défenseur·ses des droits humains. Idée cadeau parfaite, à porter ou offrir. Disponible sur t-shirt, sweat, sticker, mug, tote bag, poster et plus. #antiracism #typographie","anti racism, human rights, social justice, equality, no racism, solidarity, idées, fachos, faites, poids, anti-racism, funny shirt, typography, minimalist, aesthetic, gift idea, trendy design, statement tee, for men, for women",produits/ironique/ir_facho_neurones_fr__dark.png,produits/ironique/ir_facho_neurones_fr__light.png
ir_great_personality_en,ironique,antiracism,Anti-Racism,,en,You Have A Great Personality For A Bigot - Anti-Racism Typography Design,"""You Have A Great Personality For A Bigot"" in clean gold-and-black minimalist typography. A statement design for anti-racists and human-rights advocates. Makes a perfect gift to wear or give. Available on tees, hoodies, stickers, mugs, tote bags, posters and more. #antiracism #typography","anti racism, human rights, social justice, equality, no racism, solidarity, great, personality, bigot, anti-racism, funny shirt, typography, minimalist, aesthetic, gift idea, trendy design, statement tee, for men, for women",produits/ironique/ir_great_personality_en__dark.png,produits/ironique/ir_great_personality_en__light.png
ir_raciste_cul_fr,ironique,antiracism,Anti-Racism,,fr,"Si T'Es Raciste, Je Préfère Encore Parler À Un Cul - Anti-Racism (French) Design","« Si T'Es Raciste, Je Préfère Encore Parler À Un Cul » en typographie or et noir, minimaliste et percutante. Un design pour les antiracistes et les défenseur·ses des droits humains. Idée cadeau parfaite, à porter ou offrir. Disponible sur t-shirt, sweat, sticker, mug, tote bag, poster et plus. #antiracism #typographie","anti racism, human rights, social justice, equality, no racism, solidarity, t'es, raciste, préfère, encore, parler, anti-racism, funny shirt, typography, minimalist, aesthetic, gift idea, trendy design, statement tee, for men, for women",produits/ironique/ir_raciste_cul_fr__dark.png,produits/ironique/ir_raciste_cul_fr__light.png
ir_so_brave_en,ironique,antiracism,Anti-Racism,,en,Being Racist In Current Year? So Brave. - Anti-Racism Typography Design,"""Being Racist In Current Year? So Brave."" in clean gold-and-black minimalist typography. A statement design for anti-racists and human-rights advocates. Makes a perfect gift to wear or give. Available on tees, hoodies, stickers, mugs, tote bags, posters and more. #antiracism #typography","anti racism, human rights, social justice, equality, no racism, solidarity, being, racist, current, year, brave, anti-racism, funny shirt, typography, minimalist, aesthetic, gift idea, trendy design, statement tee, for men, for women",produits/ironique/ir_so_brave_en__dark.png,produits/ironique/ir_so_brave_en__light.png
rev_antifa_always_en,revendications,antiracism,Anti-Racism,,en,Antifascist Since Always - Anti-Racism Typography Design,"""Antifascist Since Always"" in clean gold-and-black minimalist typography. A statement design for anti-racists and human-rights advocates. Makes a perfect gift to wear or give. Available on tees, hoodies, stickers, mugs, tote bags, posters and more. #antiracism #typography","anti racism, human rights, social justice, equality, no racism, solidarity, antifascist, since, always, anti-racism, funny shirt, typography, minimalist, aesthetic, gift idea, trendy design, statement tee, for men, for women",produits/revendications/rev_antifa_always_en__dark.png,produits/revendications/rev_antifa_always_en__light.png
rev_antifa_papy_fr,revendications,antiracism,Anti-Racism,,fr,"Antifasciste, Comme Papy En 44 - Anti-Racism (French) Design","« Antifasciste, Comme Papy En 44 » en typographie or et noir, minimaliste et percutante. Un design pour les antiracistes et les défenseur·ses des droits humains. Idée cadeau parfaite, à porter ou offrir. Disponible sur t-shirt, sweat, sticker, mug, tote bag, poster et plus. #antiracism #typographie","anti racism, human rights, social justice, equality, no racism, solidarity, antifasciste, comme, papy, anti-racism, funny shirt, typography, minimalist, aesthetic, gift idea, trendy design, statement tee, for men, for women",produits/revendications/rev_antifa_papy_fr__dark.png,produits/revendications/rev_antifa_papy_fr__light.png
rev_antiraciste_defaut_fr,revendications,antiracism,Anti-Racism,,fr,Antiraciste Par Défaut - Anti-Racism (French) Design,"« Antiraciste Par Défaut » en typographie or et noir, minimaliste et percutante. Un design pour les antiracistes et les défenseur·ses des droits humains. Idée cadeau parfaite, à porter ou offrir. Disponible sur t-shirt, sweat, sticker, mug, tote bag, poster et plus. #antiracism #typographie","anti racism, human rights, social justice, equality, no racism, solidarity, antiraciste, défaut, anti-racism, funny shirt, typography, minimalist, aesthetic, gift idea, trendy design, statement tee, for men, for women",produits/revendications/rev_antiraciste_defaut_fr__dark.png,produits/revendications/rev_antiraciste_defaut_fr__light.png
rev_babylon_en,revendications,antiracism,Anti-Racism,,en,Babylon System Is The Vampire - Anti-Racism Typography Design,"""Babylon System Is The Vampire"" in clean gold-and-black minimalist typography. A statement design for anti-racists and human-rights advocates. Makes a perfect gift to wear or give. Available on tees, hoodies, stickers, mugs, tote bags, posters and more. #antiracism #typography","anti racism, human rights, social justice, equality, no racism, solidarity, babylon, system, vampire, anti-racism, funny shirt, typography, minimalist, aesthetic, gift idea, trendy design, statement tee, for men, for women",produits/revendications/rev_babylon_en__dark.png,produits/revendications/rev_babylon_en__light.png
rev_babylone_fr,revendications,antiracism,Anti-Racism,,fr,"Babylone Tremble, On Arrive - Anti-Racism (French) Design","« Babylone Tremble, On Arrive » en typographie or et noir, minimaliste et percutante. Un design pour les antiracistes et les défenseur·ses des droits humains. Idée cadeau parfaite, à porter ou offrir. Disponible sur t-shirt, sweat, sticker, mug, tote bag, poster et plus. #antiracism #typographie","anti racism, human rights, social justice, equality, no racism, solidarity, babylone, tremble, arrive, anti-racism, funny shirt, typography, minimalist, aesthetic, gift idea, trendy design, statement tee, for men, for women",produits/revendications/rev_babylone_fr__dark.png,produits/revendications/rev_babylone_fr__light.png
rev_chat_juge_fr,revendications,antiracism,Anti-Racism,,fr,Mon Chat Juge Les Fachos - Anti-Racism (French) Design,"« Mon Chat Juge Les Fachos » en typographie or et noir, minimaliste et percutante. Un design pour les antiracistes et les défenseur·ses des droits humains. Idée cadeau parfaite, à porter ou offrir. Disponible sur t-shirt, sweat, sticker, mug, tote bag, poster et plus. #antiracism #typographie","anti racism, human rights, social justice, equality, no racism, solidarity, chat, juge, fachos, anti-racism, funny shirt, typography, minimalist, aesthetic, gift idea, trendy design, statement tee, for men, for women",produits/revendications/rev_chat_juge_fr__dark.png,produits/revendications/rev_chat_juge_fr__light.png
rev_dogs_bigotry_en,revendications,antiracism,Anti-Racism,,en,Dogs Against Bigotry - Anti-Racism Typography Design,"""Dogs Against Bigotry"" in clean gold-and-black minimalist typography. A statement design for anti-racists and human-rights advocates. Makes a perfect gift to wear or give. Available on tees, hoodies, stickers, mugs, tote bags, posters and more. #antiracism #typography","anti racism, human rights, social justice, equality, no racism, solidarity, dogs, against, bigotry, anti-racism, funny shirt, typography, minimalist, aesthetic, gift idea, trendy design, statement tee, for men, for women",produits/revendications/rev_dogs_bigotry_en__dark.png,produits/revendications/rev_dogs_bigotry_en__light.png
rev_fascisme_jamais_fr,revendications,antiracism,Anti-Racism,,fr,"Le Fascisme, Plus Jamais - Anti-Racism (French) Design","« Le Fascisme, Plus Jamais » en typographie or et noir, minimaliste et percutante. Un design pour les antiracistes et les défenseur·ses des droits humains. Idée cadeau parfaite, à porter ou offrir. Disponible sur t-shirt, sweat, sticker, mug, tote bag, poster et plus. #antiracism #typographie","anti racism, human rights, social justice, equality, no racism, solidarity, fascisme, jamais, anti-racism, funny shirt, typography, minimalist, aesthetic, gift idea, trendy design, statement tee, for men, for women",produits/revendications/rev_fascisme_jamais_fr__dark.png,produits/revendications/rev_fascisme_jamais_fr__light.png
rev_gamer_fascism_en,revendications,antiracism,Anti-Racism,,en,Gamers Against Fascism - Anti-Racism Typography Design,"""Gamers Against Fascism"" in clean gold-and-black minimalist typography. A statement design for anti-racists and human-rights advocates. Makes a perfect gift to wear or give. Available on tees, hoodies, stickers, mugs, tote bags, posters and more. #antiracism #typography","anti racism, human rights, social justice, equality, no racism, solidarity, gamers, against, fascism, anti-racism, funny shirt, typography, minimalist, aesthetic, gift idea, trendy design, statement tee, for men, for women",produits/revendications/rev_gamer_fascism_en__dark.png,produits/revendications/rev_gamer_fascism_en__light.png
rev_one_trick_en,revendications,antiracism,Anti-Racism,,en,Racists Hate This Trick: Empathy - Anti-Racism Typography Design,"""Racists Hate This Trick: Empathy"" in clean gold-and-black minimalist typography. A statement design for anti-racists and human-rights advocates. Makes a perfect gift to wear or give. Available on tees, hoodies, stickers, mugs, tote bags, posters and more. #antiracism #typography","anti racism, human rights, social justice, equality, no racism, solidarity, racists, hate, trick, empathy, anti-racism, funny shirt, typography, minimalist, aesthetic, gift idea, trendy design, statement tee, for men, for women",produits/revendications/rev_one_trick_en__dark.png,produits/revendications/rev_one_trick_en__light.png
rev_racism_last_century_en,revendications,antiracism,Anti-Racism,,en,Racism Is So Last Century - Anti-Racism Typography Design,"""Racism Is So Last Century"" in clean gold-and-black minimalist typography. A statement design for anti-racists and human-rights advocates. Makes a perfect gift to wear or give. Available on tees, hoodies, stickers, mugs, tote bags, posters and more. #antiracism #typography","anti racism, human rights, social justice, equality, no racism, solidarity, racism, last, century, anti-racism, funny shirt, typography, minimalist, aesthetic, gift idea, trendy design, statement tee, for men, for women",produits/revendications/rev_racism_last_century_en__dark.png,produits/revendications/rev_racism_last_century_en__light.png
rev_racisme_moche_fr,revendications,antiracism,Anti-Racism,,fr,Le Racisme C'Est Moche. Comme Tes Idées. - Anti-Racism (French) Design,"« Le Racisme C'Est Moche. Comme Tes Idées. » en typographie or et noir, minimaliste et percutante. Un design pour les antiracistes et les défenseur·ses des droits humains. Idée cadeau parfaite, à porter ou offrir. Disponible sur t-shirt, sweat, sticker, mug, tote bag, poster et plus. #antiracism #typographie","anti racism, human rights, social justice, equality, no racism, solidarity, racisme, c'est, moche, comme, idées, anti-racism, funny shirt, typography, minimalist, aesthetic, gift idea, trendy design, statement tee, for men, for women",produits/revendications/rev_racisme_moche_fr__dark.png,produits/revendications/rev_racisme_moche_fr__light.png
rev_runners_racism_en,revendications,antiracism,Anti-Racism,,en,Runners Against Racism - Anti-Racism Typography Design,"""Runners Against Racism"" in clean gold-and-black minimalist typography. A statement design for anti-racists and human-rights advocates. Makes a perfect gift to wear or give. Available on tees, hoodies, stickers, mugs, tote bags, posters and more. #antiracism #typography","anti racism, human rights, social justice, equality, no racism, solidarity, runners, against, racism, anti-racism, funny shirt, typography, minimalist, aesthetic, gift idea, trendy design, statement tee, for men, for women",produits/revendications/rev_runners_racism_en__dark.png,produits/revendications/rev_runners_racism_en__light.png
rev_tradition_en,revendications,antiracism,Anti-Racism,,en,Fighting Fascism Is Tradition - Anti-Racism Typography Design,"""Fighting Fascism Is Tradition"" in clean gold-and-black minimalist typography. A statement design for anti-racists and human-rights advocates. Makes a perfect gift to wear or give. Available on tees, hoodies, stickers, mugs, tote bags, posters and more. #antiracism #typography","anti racism, human rights, social justice, equality, no racism, solidarity, fighting, fascism, tradition, anti-racism, funny shirt, typography, minimalist, aesthetic, gift idea, trendy design, statement tee, for men, for women",produits/revendications/rev_tradition_en__dark.png,produits/revendications/rev_tradition_en__light.png
wa_babylone_fr,warning,antiracism,Anti-Racism,,fr,Babylone Tue (À Petit Feu) - Anti-Racism (French) Design,"« Babylone Tue (À Petit Feu) » en typographie or et noir, minimaliste et percutante. Un design pour les antiracistes et les défenseur·ses des droits humains. Idée cadeau parfaite, à porter ou offrir. Disponible sur t-shirt, sweat, sticker, mug, tote bag, poster et plus. #antiracism #typographie","anti racism, human rights, social justice, equality, no racism, solidarity, babylone, petit, anti-racism, funny shirt, typography, minimalist, aesthetic, gift idea, trendy design, statement tee, for men, for women",produits/warning/wa_babylone_fr__dark.png,produits/warning/wa_babylone_fr__light.png
wa_racism_en,warning,antiracism,Anti-Racism,,en,Racism Kills (Literally) - Anti-Racism Typography Design,"""Racism Kills (Literally)"" in clean gold-and-black minimalist typography. A statement design for anti-racists and human-rights advocates. Makes a perfect gift to wear or give. Available on tees, hoodies, stickers, mugs, tote bags, posters and more. #antiracism #typography","anti racism, human rights, social justice, equality, no racism, solidarity, racism, kills, literally, anti-racism, funny shirt, typography, minimalist, aesthetic, gift idea, trendy design, statement tee, for men, for women",produits/warning/wa_racism_en__dark.png,produits/warning/wa_racism_en__light.png
wa_racisme_fr,warning,antiracism,Anti-Racism,,fr,Le Racisme Tue (Vraiment) - Anti-Racism (French) Design,"« Le Racisme Tue (Vraiment) » en typographie or et noir, minimaliste et percutante. Un design pour les antiracistes et les défenseur·ses des droits humains. Idée cadeau parfaite, à porter ou offrir. Disponible sur t-shirt, sweat, sticker, mug, tote bag, poster et plus. #antiracism #typographie","anti racism, human rights, social justice, equality, no racism, solidarity, racisme, vraiment, anti-racism, funny shirt, typography, minimalist, aesthetic, gift idea, trendy design, statement tee, for men, for women",produits/warning/wa_racisme_fr__dark.png,produits/warning/wa_racisme_fr__light.png
ar_cat_lady_en,arrow,cats,Cats,,en,I'm With The Cat Lady - Cats Typography Design,"""I'm With The Cat Lady"" in clean gold-and-black minimalist typography. A statement design for cat people. Makes a perfect gift to wear or give. Available on tees, hoodies, stickers, mugs, tote bags, posters and more. #cats #typography","cat lover, cat mom, cat dad, cat lady, crazy cat, kitten, lady, cats, funny shirt, typography, minimalist, aesthetic, gift idea, trendy design, statement tee, for men, for women",produits/arrow/ar_cat_lady_en__dark.png,produits/arrow/ar_cat_lady_en__light.png
co_chats_droits_fr,corrige,cats,Cats,,fr,La Nuit Tous Les Chats Sont Gris → Ont Des Droits - Cats (French) Design,"« La Nuit Tous Les Chats Sont Gris → Ont Des Droits » en typographie or et noir, minimaliste et percutante. Un design pour les fous et folles de chats. Idée cadeau parfaite, à porter ou offrir. Disponible sur t-shirt, sweat, sticker, mug, tote bag, poster et plus. #cats #typographie","cat lover, cat mom, cat dad, cat lady, crazy cat, kitten, nuit, tous, chats, gris, droits, cats, funny shirt, typography, minimalist, aesthetic, gift idea, trendy design, statement tee, for men, for women",produits/corrige/co_chats_droits_fr__dark.png,produits/corrige/co_chats_droits_fr__light.png
co_crazy_cat_en,corrige,cats,Cats,,en,Crazy Cat Lady → Feminist Cat Lady - Cats Typography Design,"""Crazy Cat Lady → Feminist Cat Lady"" in clean gold-and-black minimalist typography. A statement design for cat people. Makes a perfect gift to wear or give. Available on tees, hoodies, stickers, mugs, tote bags, posters and more. #cats #typography","cat lover, cat mom, cat dad, cat lady, crazy cat, kitten, crazy, lady, feminist, cats, funny shirt, typography, minimalist, aesthetic, gift idea, trendy design, statement tee, for men, for women",produits/corrige/co_crazy_cat_en__dark.png,produits/corrige/co_crazy_cat_en__light.png
fm_caution_catlady_en,formats,cats,Cats,caution,en,Caution Feral Cat Lady - Cats Typography Design,"""Caution Feral Cat Lady"" in clean gold-and-black minimalist typography. A statement design for cat people. Makes a perfect gift to wear or give. Available on tees, hoodies, stickers, mugs, tote bags, posters and more. #cats #typography","cat lover, cat mom, cat dad, cat lady, crazy cat, kitten, caution, feral, lady, cats, funny shirt, typography, minimalist, aesthetic, gift idea, trendy design, statement tee, for men, for women",produits/formats/fm_caution_catlady_en__dark.png,produits/formats/fm_caution_catlady_en__light.png
he_chats_lutte_fr,heart,cats,Cats,,fr,J' love Les Chats Et La Lutte - Cats (French) Design,"« J' love Les Chats Et La Lutte » en typographie or et noir, minimaliste et percutante. Un design pour les fous et folles de chats. Idée cadeau parfaite, à porter ou offrir. Disponible sur t-shirt, sweat, sticker, mug, tote bag, poster et plus. #cats #typographie","cat lover, cat mom, cat dad, cat lady, crazy cat, kitten, love, chats, lutte, cats, funny shirt, typography, minimalist, aesthetic, gift idea, trendy design, statement tee, for men, for women",produits/heart/he_chats_lutte_fr__dark.png,produits/heart/he_chats_lutte_fr__light.png
he_hommes_chats_fr,heart,cats,Cats,,fr,J' love Chats not Hommes - Cats (French) Design,"« J' love Chats not Hommes » en typographie or et noir, minimaliste et percutante. Un design pour les fous et folles de chats. Idée cadeau parfaite, à porter ou offrir. Disponible sur t-shirt, sweat, sticker, mug, tote bag, poster et plus. #cats #typographie","cat lover, cat mom, cat dad, cat lady, crazy cat, kitten, love, chats, hommes, cats, funny shirt, typography, minimalist, aesthetic, gift idea, trendy design, statement tee, for men, for women",produits/heart/he_hommes_chats_fr__dark.png,produits/heart/he_hommes_chats_fr__light.png
id_cat_dad_en,identite,cats,Cats,,en,Cat Dad - Cats Typography Design,"""Cat Dad"" in clean gold-and-black minimalist typography. A statement design for cat people. Makes a perfect gift to wear or give. Available on tees, hoodies, stickers, mugs, tote bags, posters and more. #cats #typography","cat lover, cat mom, cat dad, cat lady, crazy cat, kitten, cats, funny shirt, typography, minimalist, aesthetic, gift idea, trendy design, statement tee, for men, for women",produits/identite/id_cat_dad_en__dark.png,produits/identite/id_cat_dad_en__light.png
id_cat_mom_en,identite,cats,Cats,,en,Cat Mom - Cats Typography Design,"""Cat Mom"" in clean gold-and-black minimalist typography. A statement design for cat people. Makes a perfect gift to wear or give. Available on tees, hoodies, stickers, mugs, tote bags, posters and more. #cats #typography","cat lover, cat mom, cat dad, cat lady, crazy cat, kitten, cats, funny shirt, typography, minimalist, aesthetic, gift idea, trendy design, statement tee, for men, for women",produits/identite/id_cat_mom_en__dark.png,produits/identite/id_cat_mom_en__light.png
id_katzenmama_de,identite,cats,Cats,,de,Katzen- Mama - Cats (German) Design,"""Katzen- Mama"" in clean gold-and-black minimalist typography. A statement design for cat people. Makes a perfect gift to wear or give. Available on tees, hoodies, stickers, mugs, tote bags, posters and more. #cats #typography","cat lover, cat mom, cat dad, cat lady, crazy cat, kitten, katzen, mama, cats, funny shirt, typography, minimalist, aesthetic, gift idea, trendy design, statement tee, for men, for women",produits/identite/id_katzenmama_de__dark.png,produits/identite/id_katzenmama_de__light.png
id_mae_gato_pt,identite,cats,Cats,,pt,Mãe De Gato - Cats (Portuguese) Design,"""Mãe De Gato"" in clean gold-and-black minimalist typography. A statement design for cat people. Makes a perfect gift to wear or give. Available on tees, hoodies, stickers, mugs, tote bags, posters and more. #cats #typography","cat lover, cat mom, cat dad, cat lady, crazy cat, kitten, gato, cats, funny shirt, typography, minimalist, aesthetic, gift idea, trendy design, statement tee, for men, for women",produits/identite/id_mae_gato_pt__dark.png,produits/identite/id_mae_gato_pt__light.png
id_maman_chat_fr,identite,cats,Cats,,fr,Maman De Chat - Cats (French) Design,"« Maman De Chat » en typographie or et noir, minimaliste et percutante. Un design pour les fous et folles de chats. Idée cadeau parfaite, à porter ou offrir. Disponible sur t-shirt, sweat, sticker, mug, tote bag, poster et plus. #cats #typographie","cat lover, cat mom, cat dad, cat lady, crazy cat, kitten, maman, chat, cats, funny shirt, typography, minimalist, aesthetic, gift idea, trendy design, statement tee, for men, for women",produits/identite/id_maman_chat_fr__dark.png,produits/identite/id_maman_chat_fr__light.png
id_mamanpoule_fr,identite,cats,Cats,,fr,Maman Poule - Cats (French) Design,"« Maman Poule » en typographie or et noir, minimaliste et percutante. Un design pour les fous et folles de chats. Idée cadeau parfaite, à porter ou offrir. Disponible sur t-shirt, sweat, sticker, mug, tote bag, poster et plus. #cats #typographie","cat lover, cat mom, cat dad, cat lady, crazy cat, kitten, maman, poule, cats, funny shirt, typography, minimalist, aesthetic, gift idea, trendy design, statement tee, for men, for women",produits/identite/id_mamanpoule_fr__dark.png,produits/identite/id_mamanpoule_fr__light.png
id_mamma_gatti_it,identite,cats,Cats,,it,Mamma Di Gatti - Cats (Italian) Design,"""Mamma Di Gatti"" in clean gold-and-black minimalist typography. A statement design for cat people. Makes a perfect gift to wear or give. Available on tees, hoodies, stickers, mugs, tote bags, posters and more. #cats #typography","cat lover, cat mom, cat dad, cat lady, crazy cat, kitten, mamma, gatti, cats, funny shirt, typography, minimalist, aesthetic, gift idea, trendy design, statement tee, for men, for women",produits/identite/id_mamma_gatti_it__dark.png,produits/identite/id_mamma_gatti_it__light.png
bc_halloween_en,niches,cats,Cats,black_cats,en,My Cat Looks Like Halloween Year-Round - Cats Typography Design,"""My Cat Looks Like Halloween Year-Round"" in clean gold-and-black minimalist typography. A statement design for cat people. Makes a perfect gift to wear or give. Available on tees, hoodies, stickers, mugs, tote bags, posters and more. #cats #typography","cat lover, cat mom, cat dad, cat lady, crazy cat, kitten, looks, halloween, year, round, black cats, cats, funny shirt, typography, minimalist, aesthetic, gift idea, trendy design, statement tee, for men, for women",produits/niches/bc_halloween_en__dark.png,produits/niches/bc_halloween_en__light.png
bc_lint_roller_en,niches,cats,Cats,black_cats,en,Black Cat Owner Lint Roller Addict - Cats Typography Design,"""Black Cat Owner Lint Roller Addict"" in clean gold-and-black minimalist typography. A statement design for cat people. Makes a perfect gift to wear or give. Available on tees, hoodies, stickers, mugs, tote bags, posters and more. #cats #typography","cat lover, cat mom, cat dad, cat lady, crazy cat, kitten, black, owner, lint, roller, addict, black cats, cats, funny shirt, typography, minimalist, aesthetic, gift idea, trendy design, statement tee, for men, for women",produits/niches/bc_lint_roller_en__dark.png,produits/niches/bc_lint_roller_en__light.png
cat_distractor_en,niches,cats,Cats,cats,en,Professional Cat Distractor - Cats Typography Design,"""Professional Cat Distractor"" in clean gold-and-black minimalist typography. A statement design for cat people. Makes a perfect gift to wear or give. Available on tees, hoodies, stickers, mugs, tote bags, posters and more. #cats #typography","cat lover, cat mom, cat dad, cat lady, crazy cat, kitten, professional, distractor, cats, funny shirt, typography, minimalist, aesthetic, gift idea, trendy design, statement tee, for men, for women",produits/niches/cat_distractor_en__dark.png,produits/niches/cat_distractor_en__light.png
cat_judging_en,niches,cats,Cats,cats,en,My Cat Is Judging You - Cats Typography Design,"""My Cat Is Judging You"" in clean gold-and-black minimalist typography. A statement design for cat people. Makes a perfect gift to wear or give. Available on tees, hoodies, stickers, mugs, tote bags, posters and more. #cats #typography","cat lover, cat mom, cat dad, cat lady, crazy cat, kitten, judging, cats, funny shirt, typography, minimalist, aesthetic, gift idea, trendy design, statement tee, for men, for women",produits/niches/cat_judging_en__dark.png,produits/niches/cat_judging_en__light.png
cat_lady_training_en,niches,cats,Cats,cats,en,Crazy Cat Lady in Training - Cats Typography Design,"""Crazy Cat Lady in Training"" in clean gold-and-black minimalist typography. A statement design for cat people. Makes a perfect gift to wear or give. Available on tees, hoodies, stickers, mugs, tote bags, posters and more. #cats #typography","cat lover, cat mom, cat dad, cat lady, crazy cat, kitten, crazy, lady, training, cats, funny shirt, typography, minimalist, aesthetic, gift idea, trendy design, statement tee, for men, for women",produits/niches/cat_lady_training_en__dark.png,produits/niches/cat_lady_training_en__light.png
cat_sat_on_me_en,niches,cats,Cats,cats,en,Sorry I'm Late My Cat Sat on Me - Cats Typography Design,"""Sorry I'm Late My Cat Sat on Me"" in clean gold-and-black minimalist typography. A statement design for cat people. Makes a perfect gift to wear or give. Available on tees, hoodies, stickers, mugs, tote bags, posters and more. #cats #typography","cat lover, cat mom, cat dad, cat lady, crazy cat, kitten, sorry, late, cats, funny shirt, typography, minimalist, aesthetic, gift idea, trendy design, statement tee, for men, for women",produits/niches/cat_sat_on_me_en__dark.png,produits/niches/cat_sat_on_me_en__light.png
coh_cancel_en,niches,cats,Cats,cat_over_humans,en,I Cancelled Plans to Stay Home with My Cat - Cats Typography Design,"""I Cancelled Plans to Stay Home with My Cat"" in clean gold-and-black minimalist typography. A statement design for cat people. Makes a perfect gift to wear or give. Available on tees, hoodies, stickers, mugs, tote bags, posters and more. #cats #typography","cat lover, cat mom, cat dad, cat lady, crazy cat, kitten, cancelled, plans, stay, home, cat over humans, cats, funny shirt, typography, minimalist, aesthetic, gift idea, trendy design, statement tee, for men, for women",produits/niches/coh_cancel_en__dark.png,produits/niches/coh_cancel_en__light.png
coh_judge_en,niches,cats,Cats,cat_over_humans,en,My Cat Judges Me But at Least She's Honest - Cats Typography Design,"""My Cat Judges Me But at Least She's Honest"" in clean gold-and-black minimalist typography. A statement design for cat people. Makes a perfect gift to wear or give. Available on tees, hoodies, stickers, mugs, tote bags, posters and more. #cats #typography","cat lover, cat mom, cat dad, cat lady, crazy cat, kitten, judges, least, she's, honest, cat over humans, cats, funny shirt, typography, minimalist, aesthetic, gift idea, trendy design, statement tee, for men, for women",produits/niches/coh_judge_en__dark.png,produits/niches/coh_judge_en__light.png
coh_more_know_en,niches,cats,Cats,cat_over_humans,en,The More I Know People The More I Love My Cat - Cats Typography Design,"""The More I Know People The More I Love My Cat"" in clean gold-and-black minimalist typography. A statement design for cat people. Makes a perfect gift to wear or give. Available on tees, hoodies, stickers, mugs, tote bags, posters and more. #cats #typography","cat lover, cat mom, cat dad, cat lady, crazy cat, kitten, more, know, people, love, cat over humans, cats, funny shirt, typography, minimalist, aesthetic, gift idea, trendy design, statement tee, for men, for women",produits/niches/coh_more_know_en__dark.png,produits/niches/coh_more_know_en__light.png
coh_plus_connais_fr,niches,cats,Cats,cat_over_humans,fr,Plus je connais les gens Plus j'aime mon chat - Cats (French) Design,"« Plus je connais les gens Plus j'aime mon chat » en typographie or et noir, minimaliste et percutante. Un design pour les fous et folles de chats. Idée cadeau parfaite, à porter ou offrir. Disponible sur t-shirt, sweat, sticker, mug, tote bag, poster et plus. #cats #typographie","cat lover, cat mom, cat dad, cat lady, crazy cat, kitten, connais, gens, j'aime, chat, cat over humans, cats, funny shirt, typography, minimalist, aesthetic, gift idea, trendy design, statement tee, for men, for women",produits/niches/coh_plus_connais_fr__dark.png,produits/niches/coh_plus_connais_fr__light.png
coh_ronron_fr,niches,cats,Cats,cat_over_humans,fr,Mon chat ronronne Les gens m'épuisent - Cats (French) Design,"« Mon chat ronronne Les gens m'épuisent » en typographie or et noir, minimaliste et percutante. Un design pour les fous et folles de chats. Idée cadeau parfaite, à porter ou offrir. Disponible sur t-shirt, sweat, sticker, mug, tote bag, poster et plus. #cats #typographie","cat lover, cat mom, cat dad, cat lady, crazy cat, kitten, chat, ronronne, gens, m'épuisent, cat over humans, cats, funny shirt, typography, minimalist, aesthetic, gift idea, trendy design, statement tee, for men, for women",produits/niches/coh_ronron_fr__dark.png,produits/niches/coh_ronron_fr__light.png
coh_ronronea_es,niches,cats,Cats,cat_over_humans,es,Mi gato ronronea La gente me cansa - Cats (Spanish) Design,"""Mi gato ronronea La gente me cansa"" in clean gold-and-black minimalist typography. A statement design for cat people. Makes a perfect gift to wear or give. Available on tees, hoodies, stickers, mugs, tote bags, posters and more. #cats #typography","cat lover, cat mom, cat dad, cat lady, crazy cat, kitten, gato, ronronea, gente, cansa, cat over humans, cats, funny shirt, typography, minimalist, aesthetic, gift idea, trendy design, statement tee, for men, for women",produits/niches/coh_ronronea_es__dark.png,produits/niches/coh_ronronea_es__light.png
mal_maligator_en,niches,cats,Cats,malinois,en,Maligator Owner - Cats Typography Design,"""Maligator Owner"" in clean gold-and-black minimalist typography. A statement design for cat people. Makes a perfect gift to wear or give. Available on tees, hoodies, stickers, mugs, tote bags, posters and more. #cats #typography","cat lover, cat mom, cat dad, cat lady, crazy cat, kitten, maligator, owner, malinois, cats, funny shirt, typography, minimalist, aesthetic, gift idea, trendy design, statement tee, for men, for women",produits/niches/mal_maligator_en__dark.png,produits/niches/mal_maligator_en__light.png
pun_chat_chance_fr,niches,cats,Cats,wordplay_fr,fr,"Le chat de ma vie (pas de bol, c'est un chat) - Cats (French) Design","« Le chat de ma vie (pas de bol, c'est un chat) » en typographie or et noir, minimaliste et percutante. Un design pour les fous et folles de chats. Idée cadeau parfaite, à porter ou offrir. Disponible sur t-shirt, sweat, sticker, mug, tote bag, poster et plus. #cats #typographie","cat lover, cat mom, cat dad, cat lady, crazy cat, kitten, chat, c'est, wordplay fr, cats, funny shirt, typography, minimalist, aesthetic, gift idea, trendy design, statement tee, for men, for women",produits/niches/pun_chat_chance_fr__dark.png,produits/niches/pun_chat_chance_fr__light.png
pun_gato_es,niches,cats,Cats,wordplay_es,es,Tengo un gato y muchos problemas - Cats (Spanish) Design,"""Tengo un gato y muchos problemas"" in clean gold-and-black minimalist typography. A statement design for cat people. Makes a perfect gift to wear or give. Available on tees, hoodies, stickers, mugs, tote bags, posters and more. #cats #typography","cat lover, cat mom, cat dad, cat lady, crazy cat, kitten, tengo, gato, muchos, problemas, wordplay es, cats, funny shirt, typography, minimalist, aesthetic, gift idea, trendy design, statement tee, for men, for women",produits/niches/pun_gato_es__dark.png,produits/niches/pun_gato_es__light.png
pv_chat_parti_fr,proverbes,cats,Cats,,fr,Quand Le Chat N'Est Pas Là Les Souris Télétravaillent - Cats (French) Design,"« Quand Le Chat N'Est Pas Là Les Souris Télétravaillent » en typographie or et noir, minimaliste et percutante. Un design pour les fous et folles de chats. Idée cadeau parfaite, à porter ou offrir. Disponible sur t-shirt, sweat, sticker, mug, tote bag, poster et plus. #cats #typographie","cat lover, cat mom, cat dad, cat lady, crazy cat, kitten, quand, chat, n'est, souris, télétravaillent, cats, funny shirt, typography, minimalist, aesthetic, gift idea, trendy design, statement tee, for men, for women",produits/proverbes/pv_chat_parti_fr__dark.png,produits/proverbes/pv_chat_parti_fr__light.png
pl_certified_cat_en,punchlines,cats,Cats,,en,Certified By My Cat - Cats Typography Design,"""Certified By My Cat"" in clean gold-and-black minimalist typography. A statement design for cat people. Makes a perfect gift to wear or give. Available on tees, hoodies, stickers, mugs, tote bags, posters and more. #cats #typography","cat lover, cat mom, cat dad, cat lady, crazy cat, kitten, certified, cats, funny shirt, typography, minimalist, aesthetic, gift idea, trendy design, statement tee, for men, for women",produits/punchlines/pl_certified_cat_en__dark.png,produits/punchlines/pl_certified_cat_en__light.png
pl_chat_therapie_fr,punchlines,cats,Cats,,fr,Mon Chat Est Ma Thérapie - Cats (French) Design,"« Mon Chat Est Ma Thérapie » en typographie or et noir, minimaliste et percutante. Un design pour les fous et folles de chats. Idée cadeau parfaite, à porter ou offrir. Disponible sur t-shirt, sweat, sticker, mug, tote bag, poster et plus. #cats #typographie","cat lover, cat mom, cat dad, cat lady, crazy cat, kitten, chat, thérapie, cats, funny shirt, typography, minimalist, aesthetic, gift idea, trendy design, statement tee, for men, for women",produits/punchlines/pl_chat_therapie_fr__dark.png,produits/punchlines/pl_chat_therapie_fr__light.png
rev_chats_patriarcat_fr,revendications,cats,Cats,,fr,Chats > Patriarcat - Cats (French) Design,"« Chats > Patriarcat » en typographie or et noir, minimaliste et percutante. Un design pour les fous et folles de chats. Idée cadeau parfaite, à porter ou offrir. Disponible sur t-shirt, sweat, sticker, mug, tote bag, poster et plus. #cats #typographie","cat lover, cat mom, cat dad, cat lady, crazy cat, kitten, chats, patriarcat, cats, funny shirt, typography, minimalist, aesthetic, gift idea, trendy design, statement tee, for men, for women",produits/revendications/rev_chats_patriarcat_fr__dark.png,produits/revendications/rev_chats_patriarcat_fr__light.png
rev_patriarcat_chat_fr,revendications,cats,Cats,,fr,"Pas De Patriarcat, Même Pour Mon Chat - Cats (French) Design","« Pas De Patriarcat, Même Pour Mon Chat » en typographie or et noir, minimaliste et percutante. Un design pour les fous et folles de chats. Idée cadeau parfaite, à porter ou offrir. Disponible sur t-shirt, sweat, sticker, mug, tote bag, poster et plus. #cats #typographie","cat lover, cat mom, cat dad, cat lady, crazy cat, kitten, patriarcat, même, chat, cats, funny shirt, typography, minimalist, aesthetic, gift idea, trendy design, statement tee, for men, for women",produits/revendications/rev_patriarcat_chat_fr__dark.png,produits/revendications/rev_patriarcat_chat_fr__light.png
tr_cat_hair_en,trending,cats,Cats,,en,Cat Hair Don't Care - Cats Typography Design,"""Cat Hair Don't Care"" in clean gold-and-black minimalist typography. A statement design for cat people. Makes a perfect gift to wear or give. Available on tees, hoodies, stickers, mugs, tote bags, posters and more. #cats #typography","cat lover, cat mom, cat dad, cat lady, crazy cat, kitten, hair, don't, care, cats, funny shirt, typography, minimalist, aesthetic, gift idea, trendy design, statement tee, for men, for women",produits/trending/tr_cat_hair_en__dark.png,produits/trending/tr_cat_hair_en__light.png
tr_chat_lover_fr,trending,cats,Cats,,fr,Chat Addict - Cats (French) Design,"« Chat Addict » en typographie or et noir, minimaliste et percutante. Un design pour les fous et folles de chats. Idée cadeau parfaite, à porter ou offrir. Disponible sur t-shirt, sweat, sticker, mug, tote bag, poster et plus. #cats #typographie","cat lover, cat mom, cat dad, cat lady, crazy cat, kitten, chat, addict, cats, funny shirt, typography, minimalist, aesthetic, gift idea, trendy design, statement tee, for men, for women",produits/trending/tr_chat_lover_fr__dark.png,produits/trending/tr_chat_lover_fr__light.png
an_pro_en,anti,climate,Climate & Ecology,,en,"Pro Equality, Climate, Cats, Naps, Justice, Kindness, - Climate & Ecology Typography Design","""Pro Equality, Climate, Cats, Naps, Justice, Kindness,"" in clean gold-and-black minimalist typography. A statement design for climate activists and eco-conscious people. Makes a perfect gift to wear or give. Available on tees, hoodies, stickers, mugs, tote bags, posters and more. #climate #typography","climate change, save the planet, ecology, environment, climate activist, earth day, eco friendly, equality, climate, cats, naps, justice, climate & ecology, funny shirt, typography, minimalist, aesthetic, gift idea, trendy design, statement tee, for men, for women",produits/anti/an_pro_en__dark.png,produits/anti/an_pro_en__light.png
an_pro_fr,anti,climate,Climate & Ecology,,fr,"Pour L'Écologie, L'Égalité, Les Chats, Les Droits, La Paix, Le Partage, - Climate & Ecology (French) Design","« Pour L'Écologie, L'Égalité, Les Chats, Les Droits, La Paix, Le Partage, » en typographie or et noir, minimaliste et percutante. Un design pour les militant·es écolo et les éco-conscient·es. Idée cadeau parfaite, à porter ou offrir. Disponible sur t-shirt, sweat, sticker, mug, tote bag, poster et plus. #climate #typographie","climate change, save the planet, ecology, environment, climate activist, earth day, eco friendly, l'écologie, l'égalité, chats, droits, paix, climate & ecology, funny shirt, typography, minimalist, aesthetic, gift idea, trendy design, statement tee, for men, for women",produits/anti/an_pro_fr__dark.png,produits/anti/an_pro_fr__light.png
ar_bees_en,arrow,climate,Climate & Ecology,,en,Ask Them About The Bees - Climate & Ecology Typography Design,"""Ask Them About The Bees"" in clean gold-and-black minimalist typography. A statement design for climate activists and eco-conscious people. Makes a perfect gift to wear or give. Available on tees, hoodies, stickers, mugs, tote bags, posters and more. #climate #typography","climate change, save the planet, ecology, environment, climate activist, earth day, eco friendly, them, about, bees, climate & ecology, funny shirt, typography, minimalist, aesthetic, gift idea, trendy design, statement tee, for men, for women",produits/arrow/ar_bees_en__dark.png,produits/arrow/ar_bees_en__light.png
ar_climate_en,arrow,climate,Climate & Ecology,,en,I'm With Climate Action - Climate & Ecology Typography Design,"""I'm With Climate Action"" in clean gold-and-black minimalist typography. A statement design for climate activists and eco-conscious people. Makes a perfect gift to wear or give. Available on tees, hoodies, stickers, mugs, tote bags, posters and more. #climate #typography","climate change, save the planet, ecology, environment, climate activist, earth day, eco friendly, climate, action, climate & ecology, funny shirt, typography, minimalist, aesthetic, gift idea, trendy design, statement tee, for men, for women",produits/arrow/ar_climate_en__dark.png,produits/arrow/ar_climate_en__light.png
ar_greenwash_fr,arrow,climate,Climate & Ecology,,fr,Lui Il Croit Encore Au Greenwashing - Climate & Ecology (French) Design,"« Lui Il Croit Encore Au Greenwashing » en typographie or et noir, minimaliste et percutante. Un design pour les militant·es écolo et les éco-conscient·es. Idée cadeau parfaite, à porter ou offrir. Disponible sur t-shirt, sweat, sticker, mug, tote bag, poster et plus. #climate #typographie","climate change, save the planet, ecology, environment, climate activist, earth day, eco friendly, croit, encore, greenwashing, climate & ecology, funny shirt, typography, minimalist, aesthetic, gift idea, trendy design, statement tee, for men, for women",produits/arrow/ar_greenwash_fr__dark.png,produits/arrow/ar_greenwash_fr__light.png
co_climate_en,corrige,climate,Climate & Ecology,,en,I'm A Climate Skeptic → Climate Stupid - Climate & Ecology Typography Design,"""I'm A Climate Skeptic → Climate Stupid"" in clean gold-and-black minimalist typography. A statement design for climate activists and eco-conscious people. Makes a perfect gift to wear or give. Available on tees, hoodies, stickers, mugs, tote bags, posters and more. #climate #typography","climate change, save the planet, ecology, environment, climate activist, earth day, eco friendly, climate, skeptic, stupid, climate & ecology, funny shirt, typography, minimalist, aesthetic, gift idea, trendy design, statement tee, for men, for women",produits/corrige/co_climate_en__dark.png,produits/corrige/co_climate_en__light.png
co_climato_fr,corrige,climate,Climate & Ecology,,fr,Je Suis Climatosceptique → Climato-Stupide - Climate & Ecology (French) Design,"« Je Suis Climatosceptique → Climato-Stupide » en typographie or et noir, minimaliste et percutante. Un design pour les militant·es écolo et les éco-conscient·es. Idée cadeau parfaite, à porter ou offrir. Disponible sur t-shirt, sweat, sticker, mug, tote bag, poster et plus. #climate #typographie","climate change, save the planet, ecology, environment, climate activist, earth day, eco friendly, suis, climatosceptique, climato, stupide, climate & ecology, funny shirt, typography, minimalist, aesthetic, gift idea, trendy design, statement tee, for men, for women",produits/corrige/co_climato_fr__dark.png,produits/corrige/co_climato_fr__light.png
co_flatearth_en,corrige,climate,Climate & Ecology,,en,Earth Is Flat? Free Thinker → Free Faller - Climate & Ecology Typography Design,"""Earth Is Flat? Free Thinker → Free Faller"" in clean gold-and-black minimalist typography. A statement design for climate activists and eco-conscious people. Makes a perfect gift to wear or give. Available on tees, hoodies, stickers, mugs, tote bags, posters and more. #climate #typography","climate change, save the planet, ecology, environment, climate activist, earth day, eco friendly, earth, flat, free, thinker, faller, climate & ecology, funny shirt, typography, minimalist, aesthetic, gift idea, trendy design, statement tee, for men, for women",produits/corrige/co_flatearth_en__dark.png,produits/corrige/co_flatearth_en__light.png
co_houston_en,corrige,climate,Climate & Ecology,,en,"Houston, We Have A Problem → Planet To Save - Climate & Ecology Typography Design","""Houston, We Have A Problem → Planet To Save"" in clean gold-and-black minimalist typography. A statement design for climate activists and eco-conscious people. Makes a perfect gift to wear or give. Available on tees, hoodies, stickers, mugs, tote bags, posters and more. #climate #typography","climate change, save the planet, ecology, environment, climate activist, earth day, eco friendly, houston, problem, planet, save, climate & ecology, funny shirt, typography, minimalist, aesthetic, gift idea, trendy design, statement tee, for men, for women",produits/corrige/co_houston_en__dark.png,produits/corrige/co_houston_en__light.png
co_make_earth_en,corrige,climate,Climate & Ecology,,en,Make America Great Again → Earth Livable Again - Climate & Ecology Typography Design,"""Make America Great Again → Earth Livable Again"" in clean gold-and-black minimalist typography. A statement design for climate activists and eco-conscious people. Makes a perfect gift to wear or give. Available on tees, hoodies, stickers, mugs, tote bags, posters and more. #climate #typography","climate change, save the planet, ecology, environment, climate activist, earth day, eco friendly, make, america, great, again, earth, climate & ecology, funny shirt, typography, minimalist, aesthetic, gift idea, trendy design, statement tee, for men, for women",produits/corrige/co_make_earth_en__dark.png,produits/corrige/co_make_earth_en__light.png
co_make_love_en,corrige,climate,Climate & Ecology,,en,"Make Love, Not War → Carbon - Climate & Ecology Typography Design","""Make Love, Not War → Carbon"" in clean gold-and-black minimalist typography. A statement design for climate activists and eco-conscious people. Makes a perfect gift to wear or give. Available on tees, hoodies, stickers, mugs, tote bags, posters and more. #climate #typography","climate change, save the planet, ecology, environment, climate activist, earth day, eco friendly, make, love, carbon, climate & ecology, funny shirt, typography, minimalist, aesthetic, gift idea, trendy design, statement tee, for men, for women",produits/corrige/co_make_love_en__dark.png,produits/corrige/co_make_love_en__light.png
co_planet_bee_en,corrige,climate,Climate & Ecology,,en,There Is No Planet B → Planet Bee - Climate & Ecology Typography Design,"""There Is No Planet B → Planet Bee"" in clean gold-and-black minimalist typography. A statement design for climate activists and eco-conscious people. Makes a perfect gift to wear or give. Available on tees, hoodies, stickers, mugs, tote bags, posters and more. #climate #typography","climate change, save the planet, ecology, environment, climate activist, earth day, eco friendly, there, planet, climate & ecology, funny shirt, typography, minimalist, aesthetic, gift idea, trendy design, statement tee, for men, for women",produits/corrige/co_planet_bee_en__dark.png,produits/corrige/co_planet_bee_en__light.png
co_save_planet_en,corrige,climate,Climate & Ecology,,en,Save The Date → Planet - Climate & Ecology Typography Design,"""Save The Date → Planet"" in clean gold-and-black minimalist typography. A statement design for climate activists and eco-conscious people. Makes a perfect gift to wear or give. Available on tees, hoodies, stickers, mugs, tote bags, posters and more. #climate #typography","climate change, save the planet, ecology, environment, climate activist, earth day, eco friendly, save, date, planet, climate & ecology, funny shirt, typography, minimalist, aesthetic, gift idea, trendy design, statement tee, for men, for women",produits/corrige/co_save_planet_en__dark.png,produits/corrige/co_save_planet_en__light.png
co_swimming_en,corrige,climate,Climate & Ecology,,en,Just Keep Swimming → The Oceans Clean - Climate & Ecology Typography Design,"""Just Keep Swimming → The Oceans Clean"" in clean gold-and-black minimalist typography. A statement design for climate activists and eco-conscious people. Makes a perfect gift to wear or give. Available on tees, hoodies, stickers, mugs, tote bags, posters and more. #climate #typography","climate change, save the planet, ecology, environment, climate activist, earth day, eco friendly, keep, swimming, oceans, clean, climate & ecology, funny shirt, typography, minimalist, aesthetic, gift idea, trendy design, statement tee, for men, for women",produits/corrige/co_swimming_en__dark.png,produits/corrige/co_swimming_en__light.png
co_think_bees_en,corrige,climate,Climate & Ecology,,en,Think Globally → Of The Bees - Climate & Ecology Typography Design,"""Think Globally → Of The Bees"" in clean gold-and-black minimalist typography. A statement design for climate activists and eco-conscious people. Makes a perfect gift to wear or give. Available on tees, hoodies, stickers, mugs, tote bags, posters and more. #climate #typography","climate change, save the planet, ecology, environment, climate activist, earth day, eco friendly, think, globally, bees, climate & ecology, funny shirt, typography, minimalist, aesthetic, gift idea, trendy design, statement tee, for men, for women",produits/corrige/co_think_bees_en__dark.png,produits/corrige/co_think_bees_en__light.png
he_capitalism_planet_en,heart,climate,Climate & Ecology,,en,I love The Planet not Capitalism - Climate & Ecology Typography Design,"""I love The Planet not Capitalism"" in clean gold-and-black minimalist typography. A statement design for climate activists and eco-conscious people. Makes a perfect gift to wear or give. Available on tees, hoodies, stickers, mugs, tote bags, posters and more. #climate #typography","climate change, save the planet, ecology, environment, climate activist, earth day, eco friendly, love, planet, capitalism, climate & ecology, funny shirt, typography, minimalist, aesthetic, gift idea, trendy design, statement tee, for men, for women",produits/heart/he_capitalism_planet_en__dark.png,produits/heart/he_capitalism_planet_en__light.png
he_co2_en,heart,climate,Climate & Ecology,,en,I love CO2 - Climate & Ecology Typography Design,"""I love CO2"" in clean gold-and-black minimalist typography. A statement design for climate activists and eco-conscious people. Makes a perfect gift to wear or give. Available on tees, hoodies, stickers, mugs, tote bags, posters and more. #climate #typography","climate change, save the planet, ecology, environment, climate activist, earth day, eco friendly, love, climate & ecology, funny shirt, typography, minimalist, aesthetic, gift idea, trendy design, statement tee, for men, for women",produits/heart/he_co2_en__dark.png,produits/heart/he_co2_en__light.png
he_petrole_fr,heart,climate,Climate & Ecology,,fr,J' love Le Pétrole - Climate & Ecology (French) Design,"« J' love Le Pétrole » en typographie or et noir, minimaliste et percutante. Un design pour les militant·es écolo et les éco-conscient·es. Idée cadeau parfaite, à porter ou offrir. Disponible sur t-shirt, sweat, sticker, mug, tote bag, poster et plus. #climate #typographie","climate change, save the planet, ecology, environment, climate activist, earth day, eco friendly, love, pétrole, climate & ecology, funny shirt, typography, minimalist, aesthetic, gift idea, trendy design, statement tee, for men, for women",produits/heart/he_petrole_fr__dark.png,produits/heart/he_petrole_fr__light.png
id_bee_killers_en,identite,climate,Climate & Ecology,,en,Bee Killers Are Humanity's Killers - Climate & Ecology Typography Design,"""Bee Killers Are Humanity's Killers"" in clean gold-and-black minimalist typography. A statement design for climate activists and eco-conscious people. Makes a perfect gift to wear or give. Available on tees, hoodies, stickers, mugs, tote bags, posters and more. #climate #typography","climate change, save the planet, ecology, environment, climate activist, earth day, eco friendly, killers, humanity's, climate & ecology, funny shirt, typography, minimalist, aesthetic, gift idea, trendy design, statement tee, for men, for women",produits/identite/id_bee_killers_en__dark.png,produits/identite/id_bee_killers_en__light.png
id_climate_en,identite,climate,Climate & Ecology,,en,Climate Activist - Climate & Ecology Typography Design,"""Climate Activist"" in clean gold-and-black minimalist typography. A statement design for climate activists and eco-conscious people. Makes a perfect gift to wear or give. Available on tees, hoodies, stickers, mugs, tote bags, posters and more. #climate #typography","climate change, save the planet, ecology, environment, climate activist, earth day, eco friendly, climate, activist, climate & ecology, funny shirt, typography, minimalist, aesthetic, gift idea, trendy design, statement tee, for men, for women",produits/identite/id_climate_en__dark.png,produits/identite/id_climate_en__light.png
id_no_bees_en,identite,climate,Climate & Ecology,,en,"No Bees, No Us - Climate & Ecology Typography Design","""No Bees, No Us"" in clean gold-and-black minimalist typography. A statement design for climate activists and eco-conscious people. Makes a perfect gift to wear or give. Available on tees, hoodies, stickers, mugs, tote bags, posters and more. #climate #typography","climate change, save the planet, ecology, environment, climate activist, earth day, eco friendly, bees, climate & ecology, funny shirt, typography, minimalist, aesthetic, gift idea, trendy design, statement tee, for men, for women",produits/identite/id_no_bees_en__dark.png,produits/identite/id_no_bees_en__light.png
id_pecheur_fr,identite,climate,Climate & Ecology,,fr,Pêcheur - Climate & Ecology (French) Design,"« Pêcheur » en typographie or et noir, minimaliste et percutante. Un design pour les militant·es écolo et les éco-conscient·es. Idée cadeau parfaite, à porter ou offrir. Disponible sur t-shirt, sweat, sticker, mug, tote bag, poster et plus. #climate #typographie","climate change, save the planet, ecology, environment, climate activist, earth day, eco friendly, pêcheur, climate & ecology, funny shirt, typography, minimalist, aesthetic, gift idea, trendy design, statement tee, for men, for women",produits/identite/id_pecheur_fr__dark.png,produits/identite/id_pecheur_fr__light.png
id_save_bees_en,identite,climate,Climate & Ecology,,en,Save The Bees - Climate & Ecology Typography Design,"""Save The Bees"" in clean gold-and-black minimalist typography. A statement design for climate activists and eco-conscious people. Makes a perfect gift to wear or give. Available on tees, hoodies, stickers, mugs, tote bags, posters and more. #climate #typography","climate change, save the planet, ecology, environment, climate activist, earth day, eco friendly, save, bees, climate & ecology, funny shirt, typography, minimalist, aesthetic, gift idea, trendy design, statement tee, for men, for women",produits/identite/id_save_bees_en__dark.png,produits/identite/id_save_bees_en__light.png
aoh_nature_fr,niches,climate,Climate & Ecology,plants_over_humans,fr,La forêt ne me juge pas Les gens oui - Climate & Ecology (French) Design,"« La forêt ne me juge pas Les gens oui » en typographie or et noir, minimaliste et percutante. Un design pour les militant·es écolo et les éco-conscient·es. Idée cadeau parfaite, à porter ou offrir. Disponible sur t-shirt, sweat, sticker, mug, tote bag, poster et plus. #climate #typographie","climate change, save the planet, ecology, environment, climate activist, earth day, eco friendly, forêt, juge, gens, plants over humans, climate & ecology, funny shirt, typography, minimalist, aesthetic, gift idea, trendy design, statement tee, for men, for women",produits/niches/aoh_nature_fr__dark.png,produits/niches/aoh_nature_fr__light.png
aq_co2_en,niches,climate,Climate & Ecology,aquascaping,en,CO2 Off Tank Sad - Climate & Ecology Typography Design,"""CO2 Off Tank Sad"" in clean gold-and-black minimalist typography. A statement design for climate activists and eco-conscious people. Makes a perfect gift to wear or give. Available on tees, hoodies, stickers, mugs, tote bags, posters and more. #climate #typography","climate change, save the planet, ecology, environment, climate activist, earth day, eco friendly, tank, aquascaping, climate & ecology, funny shirt, typography, minimalist, aesthetic, gift idea, trendy design, statement tee, for men, for women",produits/niches/aq_co2_en__dark.png,produits/niches/aq_co2_en__light.png
bee_frames_en,niches,climate,Climate & Ecology,beekeeping,en,Ten Frames Forty Thousand Opinions - Climate & Ecology Typography Design,"""Ten Frames Forty Thousand Opinions"" in clean gold-and-black minimalist typography. A statement design for climate activists and eco-conscious people. Makes a perfect gift to wear or give. Available on tees, hoodies, stickers, mugs, tote bags, posters and more. #climate #typography","climate change, save the planet, ecology, environment, climate activist, earth day, eco friendly, frames, forty, thousand, opinions, beekeeping, climate & ecology, funny shirt, typography, minimalist, aesthetic, gift idea, trendy design, statement tee, for men, for women",produits/niches/bee_frames_en__dark.png,produits/niches/bee_frames_en__light.png
bee_oxalic_en,niches,climate,Climate & Ecology,beekeeping,en,Treated with OA Still Worrying - Climate & Ecology Typography Design,"""Treated with OA Still Worrying"" in clean gold-and-black minimalist typography. A statement design for climate activists and eco-conscious people. Makes a perfect gift to wear or give. Available on tees, hoodies, stickers, mugs, tote bags, posters and more. #climate #typography","climate change, save the planet, ecology, environment, climate activist, earth day, eco friendly, treated, still, worrying, beekeeping, climate & ecology, funny shirt, typography, minimalist, aesthetic, gift idea, trendy design, statement tee, for men, for women",produits/niches/bee_oxalic_en__dark.png,produits/niches/bee_oxalic_en__light.png
bee_propolis_en,niches,climate,Climate & Ecology,beekeeping,en,Propolis on Everything I Accept This - Climate & Ecology Typography Design,"""Propolis on Everything I Accept This"" in clean gold-and-black minimalist typography. A statement design for climate activists and eco-conscious people. Makes a perfect gift to wear or give. Available on tees, hoodies, stickers, mugs, tote bags, posters and more. #climate #typography","climate change, save the planet, ecology, environment, climate activist, earth day, eco friendly, propolis, everything, accept, beekeeping, climate & ecology, funny shirt, typography, minimalist, aesthetic, gift idea, trendy design, statement tee, for men, for women",produits/niches/bee_propolis_en__dark.png,produits/niches/bee_propolis_en__light.png
bee_queen_hidden_en,niches,climate,Climate & Ecology,beekeeping,en,The Queen Was There I Just Couldn't Find Her - Climate & Ecology Typography Design,"""The Queen Was There I Just Couldn't Find Her"" in clean gold-and-black minimalist typography. A statement design for climate activists and eco-conscious people. Makes a perfect gift to wear or give. Available on tees, hoodies, stickers, mugs, tote bags, posters and more. #climate #typography","climate change, save the planet, ecology, environment, climate activist, earth day, eco friendly, queen, there, couldn't, find, beekeeping, climate & ecology, funny shirt, typography, minimalist, aesthetic, gift idea, trendy design, statement tee, for men, for women",produits/niches/bee_queen_hidden_en__dark.png,produits/niches/bee_queen_hidden_en__light.png
bee_split_en,niches,climate,Climate & Ecology,beekeeping,en,I Split Before They Could Swarm. Mostly. - Climate & Ecology Typography Design,"""I Split Before They Could Swarm. Mostly."" in clean gold-and-black minimalist typography. A statement design for climate activists and eco-conscious people. Makes a perfect gift to wear or give. Available on tees, hoodies, stickers, mugs, tote bags, posters and more. #climate #typography","climate change, save the planet, ecology, environment, climate activist, earth day, eco friendly, split, before, could, swarm, mostly, beekeeping, climate & ecology, funny shirt, typography, minimalist, aesthetic, gift idea, trendy design, statement tee, for men, for women",produits/niches/bee_split_en__dark.png,produits/niches/bee_split_en__light.png
bee_swarmed_en,niches,climate,Climate & Ecology,beekeeping,en,Swarmed Out Starting Over. Again. - Climate & Ecology Typography Design,"""Swarmed Out Starting Over. Again."" in clean gold-and-black minimalist typography. A statement design for climate activists and eco-conscious people. Makes a perfect gift to wear or give. Available on tees, hoodies, stickers, mugs, tote bags, posters and more. #climate #typography","climate change, save the planet, ecology, environment, climate activist, earth day, eco friendly, swarmed, starting, over, again, beekeeping, climate & ecology, funny shirt, typography, minimalist, aesthetic, gift idea, trendy design, statement tee, for men, for women",produits/niches/bee_swarmed_en__dark.png,produits/niches/bee_swarmed_en__light.png
bee_varroa_en,niches,climate,Climate & Ecology,beekeeping,en,My Varroa Count Is My Anxiety Number - Climate & Ecology Typography Design,"""My Varroa Count Is My Anxiety Number"" in clean gold-and-black minimalist typography. A statement design for climate activists and eco-conscious people. Makes a perfect gift to wear or give. Available on tees, hoodies, stickers, mugs, tote bags, posters and more. #climate #typography","climate change, save the planet, ecology, environment, climate activist, earth day, eco friendly, varroa, count, anxiety, number, beekeeping, climate & ecology, funny shirt, typography, minimalist, aesthetic, gift idea, trendy design, statement tee, for men, for women",produits/niches/bee_varroa_en__dark.png,produits/niches/bee_varroa_en__light.png
dg_innova_en,niches,climate,Climate & Ecology,disc_golf,en,Innova or Discraft Blood Has Been Spilled - Climate & Ecology Typography Design,"""Innova or Discraft Blood Has Been Spilled"" in clean gold-and-black minimalist typography. A statement design for climate activists and eco-conscious people. Makes a perfect gift to wear or give. Available on tees, hoodies, stickers, mugs, tote bags, posters and more. #climate #typography","climate change, save the planet, ecology, environment, climate activist, earth day, eco friendly, innova, discraft, blood, been, spilled, disc golf, climate & ecology, funny shirt, typography, minimalist, aesthetic, gift idea, trendy design, statement tee, for men, for women",produits/niches/dg_innova_en__dark.png,produits/niches/dg_innova_en__light.png
vegan_turnip_beet_en,niches,climate,Climate & Ecology,vegan,en,Lettuce Turnip the Beet - Climate & Ecology Typography Design,"""Lettuce Turnip the Beet"" in clean gold-and-black minimalist typography. A statement design for climate activists and eco-conscious people. Makes a perfect gift to wear or give. Available on tees, hoodies, stickers, mugs, tote bags, posters and more. #climate #typography","climate change, save the planet, ecology, environment, climate activist, earth day, eco friendly, lettuce, turnip, beet, vegan, climate & ecology, funny shirt, typography, minimalist, aesthetic, gift idea, trendy design, statement tee, for men, for women",produits/niches/vegan_turnip_beet_en__dark.png,produits/niches/vegan_turnip_beet_en__light.png
pv_abeille_pesticide_fr,proverbes,climate,Climate & Ecology,,fr,Une Abeille Vaut Mieux Que Deux Pesticides - Climate & Ecology (French) Design,"« Une Abeille Vaut Mieux Que Deux Pesticides » en typographie or et noir, minimaliste et percutante. Un design pour les militant·es écolo et les éco-conscient·es. Idée cadeau parfaite, à porter ou offrir. Disponible sur t-shirt, sweat, sticker, mug, tote bag, poster et plus. #climate #typographie","climate change, save the planet, ecology, environment, climate activist, earth day, eco friendly, abeille, vaut, mieux, deux, pesticides, climate & ecology, funny shirt, typography, minimalist, aesthetic, gift idea, trendy design, statement tee, for men, for women",produits/proverbes/pv_abeille_pesticide_fr__dark.png,produits/proverbes/pv_abeille_pesticide_fr__light.png
pv_arbre_cache_foret_fr,proverbes,climate,Climate & Ecology,,fr,L'Arbre Qui Cache La Forêt Qu'On A Rasée - Climate & Ecology (French) Design,"« L'Arbre Qui Cache La Forêt Qu'On A Rasée » en typographie or et noir, minimaliste et percutante. Un design pour les militant·es écolo et les éco-conscient·es. Idée cadeau parfaite, à porter ou offrir. Disponible sur t-shirt, sweat, sticker, mug, tote bag, poster et plus. #climate #typographie","climate change, save the planet, ecology, environment, climate activist, earth day, eco friendly, l'arbre, cache, forêt, rasée, climate & ecology, funny shirt, typography, minimalist, aesthetic, gift idea, trendy design, statement tee, for men, for women",produits/proverbes/pv_arbre_cache_foret_fr__dark.png,produits/proverbes/pv_arbre_cache_foret_fr__light.png
pv_bee_ecosystem_en,proverbes,climate,Climate & Ecology,,en,A Bee In The Hand Is Worth The Whole Ecosystem - Climate & Ecology Typography Design,"""A Bee In The Hand Is Worth The Whole Ecosystem"" in clean gold-and-black minimalist typography. A statement design for climate activists and eco-conscious people. Makes a perfect gift to wear or give. Available on tees, hoodies, stickers, mugs, tote bags, posters and more. #climate #typography","climate change, save the planet, ecology, environment, climate activist, earth day, eco friendly, hand, worth, whole, ecosystem, climate & ecology, funny shirt, typography, minimalist, aesthetic, gift idea, trendy design, statement tee, for men, for women",produits/proverbes/pv_bee_ecosystem_en__dark.png,produits/proverbes/pv_bee_ecosystem_en__light.png
pl_6e_extinction_fr,punchlines,climate,Climate & Ecology,,fr,6ème Extinction Édition Limitée - Climate & Ecology (French) Design,"« 6ème Extinction Édition Limitée » en typographie or et noir, minimaliste et percutante. Un design pour les militant·es écolo et les éco-conscient·es. Idée cadeau parfaite, à porter ou offrir. Disponible sur t-shirt, sweat, sticker, mug, tote bag, poster et plus. #climate #typographie","climate change, save the planet, ecology, environment, climate activist, earth day, eco friendly, extinction, édition, limitée, climate & ecology, funny shirt, typography, minimalist, aesthetic, gift idea, trendy design, statement tee, for men, for women",produits/punchlines/pl_6e_extinction_fr__dark.png,produits/punchlines/pl_6e_extinction_fr__light.png
pl_anthropocene_fr,punchlines,climate,Climate & Ecology,,fr,Bienvenue Dans L'Anthropocène (Profitez Bien) - Climate & Ecology (French) Design,"« Bienvenue Dans L'Anthropocène (Profitez Bien) » en typographie or et noir, minimaliste et percutante. Un design pour les militant·es écolo et les éco-conscient·es. Idée cadeau parfaite, à porter ou offrir. Disponible sur t-shirt, sweat, sticker, mug, tote bag, poster et plus. #climate #typographie","climate change, save the planet, ecology, environment, climate activist, earth day, eco friendly, bienvenue, l'anthropocène, profitez, bien, climate & ecology, funny shirt, typography, minimalist, aesthetic, gift idea, trendy design, statement tee, for men, for women",produits/punchlines/pl_anthropocene_fr__dark.png,produits/punchlines/pl_anthropocene_fr__light.png
pl_asteroid_en,punchlines,climate,Climate & Ecology,,en,We Are The Asteroid - Climate & Ecology Typography Design,"""We Are The Asteroid"" in clean gold-and-black minimalist typography. A statement design for climate activists and eco-conscious people. Makes a perfect gift to wear or give. Available on tees, hoodies, stickers, mugs, tote bags, posters and more. #climate #typography","climate change, save the planet, ecology, environment, climate activist, earth day, eco friendly, asteroid, climate & ecology, funny shirt, typography, minimalist, aesthetic, gift idea, trendy design, statement tee, for men, for women",produits/punchlines/pl_asteroid_en__dark.png,produits/punchlines/pl_asteroid_en__light.png
pl_auto_extinction_fr,punchlines,climate,Climate & Ecology,,fr,Auto-Extinction En Cours - Climate & Ecology (French) Design,"« Auto-Extinction En Cours » en typographie or et noir, minimaliste et percutante. Un design pour les militant·es écolo et les éco-conscient·es. Idée cadeau parfaite, à porter ou offrir. Disponible sur t-shirt, sweat, sticker, mug, tote bag, poster et plus. #climate #typographie","climate change, save the planet, ecology, environment, climate activist, earth day, eco friendly, auto, extinction, cours, climate & ecology, funny shirt, typography, minimalist, aesthetic, gift idea, trendy design, statement tee, for men, for women",produits/punchlines/pl_auto_extinction_fr__dark.png,produits/punchlines/pl_auto_extinction_fr__light.png
pl_change_should_en,punchlines,climate,Climate & Ecology,,en,The Climate's Changing. So Should You. - Climate & Ecology Typography Design,"""The Climate's Changing. So Should You."" in clean gold-and-black minimalist typography. A statement design for climate activists and eco-conscious people. Makes a perfect gift to wear or give. Available on tees, hoodies, stickers, mugs, tote bags, posters and more. #climate #typography","climate change, save the planet, ecology, environment, climate activist, earth day, eco friendly, climate's, changing, should, climate & ecology, funny shirt, typography, minimalist, aesthetic, gift idea, trendy design, statement tee, for men, for women",produits/punchlines/pl_change_should_en__dark.png,produits/punchlines/pl_change_should_en__light.png
pl_climato_criminels_fr,punchlines,climate,Climate & Ecology,,fr,Les Élites Sont Des Climato-Criminels Conscients - Climate & Ecology (French) Design,"« Les Élites Sont Des Climato-Criminels Conscients » en typographie or et noir, minimaliste et percutante. Un design pour les militant·es écolo et les éco-conscient·es. Idée cadeau parfaite, à porter ou offrir. Disponible sur t-shirt, sweat, sticker, mug, tote bag, poster et plus. #climate #typographie","climate change, save the planet, ecology, environment, climate activist, earth day, eco friendly, élites, climato, criminels, conscients, climate & ecology, funny shirt, typography, minimalist, aesthetic, gift idea, trendy design, statement tee, for men, for women",produits/punchlines/pl_climato_criminels_fr__dark.png,produits/punchlines/pl_climato_criminels_fr__light.png
pl_comete_fr,punchlines,climate,Climate & Ecology,,fr,Nous Sommes La Comète - Climate & Ecology (French) Design,"« Nous Sommes La Comète » en typographie or et noir, minimaliste et percutante. Un design pour les militant·es écolo et les éco-conscient·es. Idée cadeau parfaite, à porter ou offrir. Disponible sur t-shirt, sweat, sticker, mug, tote bag, poster et plus. #climate #typographie","climate change, save the planet, ecology, environment, climate activist, earth day, eco friendly, sommes, comète, climate & ecology, funny shirt, typography, minimalist, aesthetic, gift idea, trendy design, statement tee, for men, for women",produits/punchlines/pl_comete_fr__dark.png,produits/punchlines/pl_comete_fr__light.png
pl_derniere_foret_fr,punchlines,climate,Climate & Ecology,,fr,"Quand La Dernière Forêt Tombera, On Comptera Nos Billets - Climate & Ecology (French) Design","« Quand La Dernière Forêt Tombera, On Comptera Nos Billets » en typographie or et noir, minimaliste et percutante. Un design pour les militant·es écolo et les éco-conscient·es. Idée cadeau parfaite, à porter ou offrir. Disponible sur t-shirt, sweat, sticker, mug, tote bag, poster et plus. #climate #typographie","climate change, save the planet, ecology, environment, climate activist, earth day, eco friendly, quand, dernière, forêt, tombera, comptera, climate & ecology, funny shirt, typography, minimalist, aesthetic, gift idea, trendy design, statement tee, for men, for women",produits/punchlines/pl_derniere_foret_fr__dark.png,produits/punchlines/pl_derniere_foret_fr__light.png
pl_oceans_silence_fr,punchlines,climate,Climate & Ecology,,fr,Les Océans Se Taisent. Écoute Quand Même. - Climate & Ecology (French) Design,"« Les Océans Se Taisent. Écoute Quand Même. » en typographie or et noir, minimaliste et percutante. Un design pour les militant·es écolo et les éco-conscient·es. Idée cadeau parfaite, à porter ou offrir. Disponible sur t-shirt, sweat, sticker, mug, tote bag, poster et plus. #climate #typographie","climate change, save the planet, ecology, environment, climate activist, earth day, eco friendly, océans, taisent, écoute, quand, même, climate & ecology, funny shirt, typography, minimalist, aesthetic, gift idea, trendy design, statement tee, for men, for women",produits/punchlines/pl_oceans_silence_fr__dark.png,produits/punchlines/pl_oceans_silence_fr__light.png
pl_ones_waiting_en,punchlines,climate,Climate & Ecology,,en,We Are The Ones We've Been Waiting For - Climate & Ecology Typography Design,"""We Are The Ones We've Been Waiting For"" in clean gold-and-black minimalist typography. A statement design for climate activists and eco-conscious people. Makes a perfect gift to wear or give. Available on tees, hoodies, stickers, mugs, tote bags, posters and more. #climate #typography","climate change, save the planet, ecology, environment, climate activist, earth day, eco friendly, ones, we've, been, waiting, climate & ecology, funny shirt, typography, minimalist, aesthetic, gift idea, trendy design, statement tee, for men, for women",produits/punchlines/pl_ones_waiting_en__dark.png,produits/punchlines/pl_ones_waiting_en__light.png
pl_planet_fine_en,punchlines,climate,Climate & Ecology,,en,The Planet Is Fine. We're Doomed. - Climate & Ecology Typography Design,"""The Planet Is Fine. We're Doomed."" in clean gold-and-black minimalist typography. A statement design for climate activists and eco-conscious people. Makes a perfect gift to wear or give. Available on tees, hoodies, stickers, mugs, tote bags, posters and more. #climate #typography","climate change, save the planet, ecology, environment, climate activist, earth day, eco friendly, planet, fine, we're, doomed, climate & ecology, funny shirt, typography, minimalist, aesthetic, gift idea, trendy design, statement tee, for men, for women",produits/punchlines/pl_planet_fine_en__dark.png,produits/punchlines/pl_planet_fine_en__light.png
pl_planete_b_fr,punchlines,climate,Climate & Ecology,,fr,Il N'Y A Pas De Planète B - Climate & Ecology (French) Design,"« Il N'Y A Pas De Planète B » en typographie or et noir, minimaliste et percutante. Un design pour les militant·es écolo et les éco-conscient·es. Idée cadeau parfaite, à porter ou offrir. Disponible sur t-shirt, sweat, sticker, mug, tote bag, poster et plus. #climate #typographie","climate change, save the planet, ecology, environment, climate activist, earth day, eco friendly, planète, climate & ecology, funny shirt, typography, minimalist, aesthetic, gift idea, trendy design, statement tee, for men, for women",produits/punchlines/pl_planete_b_fr__dark.png,produits/punchlines/pl_planete_b_fr__light.png
pl_planete_cassee_fr,punchlines,climate,Climate & Ecology,,fr,On Avait Une Planète. On L'A Cassée. - Climate & Ecology (French) Design,"« On Avait Une Planète. On L'A Cassée. » en typographie or et noir, minimaliste et percutante. Un design pour les militant·es écolo et les éco-conscient·es. Idée cadeau parfaite, à porter ou offrir. Disponible sur t-shirt, sweat, sticker, mug, tote bag, poster et plus. #climate #typographie","climate change, save the planet, ecology, environment, climate activist, earth day, eco friendly, avait, planète, cassée, climate & ecology, funny shirt, typography, minimalist, aesthetic, gift idea, trendy design, statement tee, for men, for women",produits/punchlines/pl_planete_cassee_fr__dark.png,produits/punchlines/pl_planete_cassee_fr__light.png
rev_abeilles_lobbies_fr,revendications,climate,Climate & Ecology,,fr,"Sauvez Les Abeilles, Pas Les Lobbies - Climate & Ecology (French) Design","« Sauvez Les Abeilles, Pas Les Lobbies » en typographie or et noir, minimaliste et percutante. Un design pour les militant·es écolo et les éco-conscient·es. Idée cadeau parfaite, à porter ou offrir. Disponible sur t-shirt, sweat, sticker, mug, tote bag, poster et plus. #climate #typographie","climate change, save the planet, ecology, environment, climate activist, earth day, eco friendly, sauvez, abeilles, lobbies, climate & ecology, funny shirt, typography, minimalist, aesthetic, gift idea, trendy design, statement tee, for men, for women",produits/revendications/rev_abeilles_lobbies_fr__dark.png,produits/revendications/rev_abeilles_lobbies_fr__light.png
rev_abeilles_pas_riches_fr,revendications,climate,Climate & Ecology,,fr,"Je Sauve Les Abeilles, Pas Les Riches - Climate & Ecology (French) Design","« Je Sauve Les Abeilles, Pas Les Riches » en typographie or et noir, minimaliste et percutante. Un design pour les militant·es écolo et les éco-conscient·es. Idée cadeau parfaite, à porter ou offrir. Disponible sur t-shirt, sweat, sticker, mug, tote bag, poster et plus. #climate #typographie","climate change, save the planet, ecology, environment, climate activist, earth day, eco friendly, sauve, abeilles, riches, climate & ecology, funny shirt, typography, minimalist, aesthetic, gift idea, trendy design, statement tee, for men, for women",produits/revendications/rev_abeilles_pas_riches_fr__dark.png,produits/revendications/rev_abeilles_pas_riches_fr__light.png
rev_beekeeper_more_en,revendications,climate,Climate & Ecology,,en,Saving More Than Bees - Climate & Ecology Typography Design,"""Saving More Than Bees"" in clean gold-and-black minimalist typography. A statement design for climate activists and eco-conscious people. Makes a perfect gift to wear or give. Available on tees, hoodies, stickers, mugs, tote bags, posters and more. #climate #typography","climate change, save the planet, ecology, environment, climate activist, earth day, eco friendly, saving, more, than, bees, climate & ecology, funny shirt, typography, minimalist, aesthetic, gift idea, trendy design, statement tee, for men, for women",produits/revendications/rev_beekeeper_more_en__dark.png,produits/revendications/rev_beekeeper_more_en__light.png
rev_bees_en,revendications,climate,Climate & Ecology,,en,"Save The Bees, Not The Billionaires - Climate & Ecology Typography Design","""Save The Bees, Not The Billionaires"" in clean gold-and-black minimalist typography. A statement design for climate activists and eco-conscious people. Makes a perfect gift to wear or give. Available on tees, hoodies, stickers, mugs, tote bags, posters and more. #climate #typography","climate change, save the planet, ecology, environment, climate activist, earth day, eco friendly, save, bees, billionaires, climate & ecology, funny shirt, typography, minimalist, aesthetic, gift idea, trendy design, statement tee, for men, for women",produits/revendications/rev_bees_en__dark.png,produits/revendications/rev_bees_en__light.png
rev_climate_real_en,revendications,climate,Climate & Ecology,,en,"Climate Change Is Real, Sorry Not Sorry - Climate & Ecology Typography Design","""Climate Change Is Real, Sorry Not Sorry"" in clean gold-and-black minimalist typography. A statement design for climate activists and eco-conscious people. Makes a perfect gift to wear or give. Available on tees, hoodies, stickers, mugs, tote bags, posters and more. #climate #typography","climate change, save the planet, ecology, environment, climate activist, earth day, eco friendly, climate, change, real, sorry, climate & ecology, funny shirt, typography, minimalist, aesthetic, gift idea, trendy design, statement tee, for men, for women",produits/revendications/rev_climate_real_en__dark.png,produits/revendications/rev_climate_real_en__light.png
rev_climato_ocean_fr,revendications,climate,Climate & Ecology,,fr,Climato-Sceptique ? Bois L'Océan Alors - Climate & Ecology (French) Design,"« Climato-Sceptique ? Bois L'Océan Alors » en typographie or et noir, minimaliste et percutante. Un design pour les militant·es écolo et les éco-conscient·es. Idée cadeau parfaite, à porter ou offrir. Disponible sur t-shirt, sweat, sticker, mug, tote bag, poster et plus. #climate #typographie","climate change, save the planet, ecology, environment, climate activist, earth day, eco friendly, climato, sceptique, bois, l'océan, alors, climate & ecology, funny shirt, typography, minimalist, aesthetic, gift idea, trendy design, statement tee, for men, for women",produits/revendications/rev_climato_ocean_fr__dark.png,produits/revendications/rev_climato_ocean_fr__light.png
rev_croissance_fr,revendications,climate,Climate & Ecology,,fr,"Croissance Infinie, Planète Finie - Climate & Ecology (French) Design","« Croissance Infinie, Planète Finie » en typographie or et noir, minimaliste et percutante. Un design pour les militant·es écolo et les éco-conscient·es. Idée cadeau parfaite, à porter ou offrir. Disponible sur t-shirt, sweat, sticker, mug, tote bag, poster et plus. #climate #typographie","climate change, save the planet, ecology, environment, climate activist, earth day, eco friendly, croissance, infinie, planète, finie, climate & ecology, funny shirt, typography, minimalist, aesthetic, gift idea, trendy design, statement tee, for men, for women",produits/revendications/rev_croissance_fr__dark.png,produits/revendications/rev_croissance_fr__light.png
rev_deforest_en,revendications,climate,Climate & Ecology,,en,Trees Don't Grow On Quarterly Profits - Climate & Ecology Typography Design,"""Trees Don't Grow On Quarterly Profits"" in clean gold-and-black minimalist typography. A statement design for climate activists and eco-conscious people. Makes a perfect gift to wear or give. Available on tees, hoodies, stickers, mugs, tote bags, posters and more. #climate #typography","climate change, save the planet, ecology, environment, climate activist, earth day, eco friendly, trees, don't, grow, quarterly, profits, climate & ecology, funny shirt, typography, minimalist, aesthetic, gift idea, trendy design, statement tee, for men, for women",produits/revendications/rev_deforest_en__dark.png,produits/revendications/rev_deforest_en__light.png
rev_gardener_bees_en,revendications,climate,Climate & Ecology,,en,"Gardening For The Bees, Not The Billionaires - Climate & Ecology Typography Design","""Gardening For The Bees, Not The Billionaires"" in clean gold-and-black minimalist typography. A statement design for climate activists and eco-conscious people. Makes a perfect gift to wear or give. Available on tees, hoodies, stickers, mugs, tote bags, posters and more. #climate #typography","climate change, save the planet, ecology, environment, climate activist, earth day, eco friendly, gardening, bees, billionaires, climate & ecology, funny shirt, typography, minimalist, aesthetic, gift idea, trendy design, statement tee, for men, for women",produits/revendications/rev_gardener_bees_en__dark.png,produits/revendications/rev_gardener_bees_en__light.png
rev_greenwash_en,revendications,climate,Climate & Ecology,,en,"Green Is A Color, Not A Strategy - Climate & Ecology Typography Design","""Green Is A Color, Not A Strategy"" in clean gold-and-black minimalist typography. A statement design for climate activists and eco-conscious people. Makes a perfect gift to wear or give. Available on tees, hoodies, stickers, mugs, tote bags, posters and more. #climate #typography","climate change, save the planet, ecology, environment, climate activist, earth day, eco friendly, green, color, strategy, climate & ecology, funny shirt, typography, minimalist, aesthetic, gift idea, trendy design, statement tee, for men, for women",produits/revendications/rev_greenwash_en__dark.png,produits/revendications/rev_greenwash_en__light.png
rev_greenwash_fr,revendications,climate,Climate & Ecology,,fr,"Le Vert, C'Est Une Couleur. Pas Un Argument - Climate & Ecology (French) Design","« Le Vert, C'Est Une Couleur. Pas Un Argument » en typographie or et noir, minimaliste et percutante. Un design pour les militant·es écolo et les éco-conscient·es. Idée cadeau parfaite, à porter ou offrir. Disponible sur t-shirt, sweat, sticker, mug, tote bag, poster et plus. #climate #typographie","climate change, save the planet, ecology, environment, climate activist, earth day, eco friendly, vert, c'est, couleur, argument, climate & ecology, funny shirt, typography, minimalist, aesthetic, gift idea, trendy design, statement tee, for men, for women",produits/revendications/rev_greenwash_fr__dark.png,produits/revendications/rev_greenwash_fr__light.png
rev_levain_ecolo_fr,revendications,climate,Climate & Ecology,,fr,"Levain Maison, Planète Préservée - Climate & Ecology (French) Design","« Levain Maison, Planète Préservée » en typographie or et noir, minimaliste et percutante. Un design pour les militant·es écolo et les éco-conscient·es. Idée cadeau parfaite, à porter ou offrir. Disponible sur t-shirt, sweat, sticker, mug, tote bag, poster et plus. #climate #typographie","climate change, save the planet, ecology, environment, climate activist, earth day, eco friendly, levain, maison, planète, préservée, climate & ecology, funny shirt, typography, minimalist, aesthetic, gift idea, trendy design, statement tee, for men, for women",produits/revendications/rev_levain_ecolo_fr__dark.png,produits/revendications/rev_levain_ecolo_fr__light.png
rev_ocean_buffet_fr,revendications,climate,Climate & Ecology,,fr,L'Océan N'Est Pas Un Buffet À Volonté - Climate & Ecology (French) Design,"« L'Océan N'Est Pas Un Buffet À Volonté » en typographie or et noir, minimaliste et percutante. Un design pour les militant·es écolo et les éco-conscient·es. Idée cadeau parfaite, à porter ou offrir. Disponible sur t-shirt, sweat, sticker, mug, tote bag, poster et plus. #climate #typographie","climate change, save the planet, ecology, environment, climate activist, earth day, eco friendly, l'océan, n'est, buffet, volonté, climate & ecology, funny shirt, typography, minimalist, aesthetic, gift idea, trendy design, statement tee, for men, for women",produits/revendications/rev_ocean_buffet_fr__dark.png,produits/revendications/rev_ocean_buffet_fr__light.png
rev_overfishing_en,revendications,climate,Climate & Ecology,,en,The Ocean Isn't An All-You-Can-Eat - Climate & Ecology Typography Design,"""The Ocean Isn't An All-You-Can-Eat"" in clean gold-and-black minimalist typography. A statement design for climate activists and eco-conscious people. Makes a perfect gift to wear or give. Available on tees, hoodies, stickers, mugs, tote bags, posters and more. #climate #typography","climate change, save the planet, ecology, environment, climate activist, earth day, eco friendly, ocean, isn't, climate & ecology, funny shirt, typography, minimalist, aesthetic, gift idea, trendy design, statement tee, for men, for women",produits/revendications/rev_overfishing_en__dark.png,produits/revendications/rev_overfishing_en__light.png
rev_planet_b_en,revendications,climate,Climate & Ecology,,en,There Is No Planet B - Climate & Ecology Typography Design,"""There Is No Planet B"" in clean gold-and-black minimalist typography. A statement design for climate activists and eco-conscious people. Makes a perfect gift to wear or give. Available on tees, hoodies, stickers, mugs, tote bags, posters and more. #climate #typography","climate change, save the planet, ecology, environment, climate activist, earth day, eco friendly, there, planet, climate & ecology, funny shirt, typography, minimalist, aesthetic, gift idea, trendy design, statement tee, for men, for women",produits/revendications/rev_planet_b_en__dark.png,produits/revendications/rev_planet_b_en__light.png
rev_planete_actionnaires_fr,revendications,climate,Climate & Ecology,,fr,"Sauvez La Planète, Pas Les Actionnaires - Climate & Ecology (French) Design","« Sauvez La Planète, Pas Les Actionnaires » en typographie or et noir, minimaliste et percutante. Un design pour les militant·es écolo et les éco-conscient·es. Idée cadeau parfaite, à porter ou offrir. Disponible sur t-shirt, sweat, sticker, mug, tote bag, poster et plus. #climate #typographie","climate change, save the planet, ecology, environment, climate activist, earth day, eco friendly, sauvez, planète, actionnaires, climate & ecology, funny shirt, typography, minimalist, aesthetic, gift idea, trendy design, statement tee, for men, for women",produits/revendications/rev_planete_actionnaires_fr__dark.png,produits/revendications/rev_planete_actionnaires_fr__light.png
rev_planete_avant_profit_fr,revendications,climate,Climate & Ecology,,fr,La Planète Avant Le Profit - Climate & Ecology (French) Design,"« La Planète Avant Le Profit » en typographie or et noir, minimaliste et percutante. Un design pour les militant·es écolo et les éco-conscient·es. Idée cadeau parfaite, à porter ou offrir. Disponible sur t-shirt, sweat, sticker, mug, tote bag, poster et plus. #climate #typographie","climate change, save the planet, ecology, environment, climate activist, earth day, eco friendly, planète, avant, profit, climate & ecology, funny shirt, typography, minimalist, aesthetic, gift idea, trendy design, statement tee, for men, for women",produits/revendications/rev_planete_avant_profit_fr__dark.png,produits/revendications/rev_planete_avant_profit_fr__light.png
rev_planete_b_fr,revendications,climate,Climate & Ecology,,fr,Y'A Pas De Planète B - Climate & Ecology (French) Design,"« Y'A Pas De Planète B » en typographie or et noir, minimaliste et percutante. Un design pour les militant·es écolo et les éco-conscient·es. Idée cadeau parfaite, à porter ou offrir. Disponible sur t-shirt, sweat, sticker, mug, tote bag, poster et plus. #climate #typographie","climate change, save the planet, ecology, environment, climate activist, earth day, eco friendly, planète, climate & ecology, funny shirt, typography, minimalist, aesthetic, gift idea, trendy design, statement tee, for men, for women",produits/revendications/rev_planete_b_fr__dark.png,produits/revendications/rev_planete_b_fr__light.png
rev_plant_green_en,revendications,climate,Climate & Ecology,,en,Plant Mom For A Greener Planet - Climate & Ecology Typography Design,"""Plant Mom For A Greener Planet"" in clean gold-and-black minimalist typography. A statement design for climate activists and eco-conscious people. Makes a perfect gift to wear or give. Available on tees, hoodies, stickers, mugs, tote bags, posters and more. #climate #typography","climate change, save the planet, ecology, environment, climate activist, earth day, eco friendly, plant, greener, planet, climate & ecology, funny shirt, typography, minimalist, aesthetic, gift idea, trendy design, statement tee, for men, for women",produits/revendications/rev_plant_green_en__dark.png,produits/revendications/rev_plant_green_en__light.png
wa_climate_en,warning,climate,Climate & Ecology,,en,Climate Inaction Kills - Climate & Ecology Typography Design,"""Climate Inaction Kills"" in clean gold-and-black minimalist typography. A statement design for climate activists and eco-conscious people. Makes a perfect gift to wear or give. Available on tees, hoodies, stickers, mugs, tote bags, posters and more. #climate #typography","climate change, save the planet, ecology, environment, climate activist, earth day, eco friendly, climate, inaction, kills, climate & ecology, funny shirt, typography, minimalist, aesthetic, gift idea, trendy design, statement tee, for men, for women",produits/warning/wa_climate_en__dark.png,produits/warning/wa_climate_en__light.png
wa_deforestation_en,warning,climate,Climate & Ecology,,en,Deforestation Kills - Climate & Ecology Typography Design,"""Deforestation Kills"" in clean gold-and-black minimalist typography. A statement design for climate activists and eco-conscious people. Makes a perfect gift to wear or give. Available on tees, hoodies, stickers, mugs, tote bags, posters and more. #climate #typography","climate change, save the planet, ecology, environment, climate activist, earth day, eco friendly, deforestation, kills, climate & ecology, funny shirt, typography, minimalist, aesthetic, gift idea, trendy design, statement tee, for men, for women",produits/warning/wa_deforestation_en__dark.png,produits/warning/wa_deforestation_en__light.png
wa_deforestation_fr,warning,climate,Climate & Ecology,,fr,La Déforestation Tue - Climate & Ecology (French) Design,"« La Déforestation Tue » en typographie or et noir, minimaliste et percutante. Un design pour les militant·es écolo et les éco-conscient·es. Idée cadeau parfaite, à porter ou offrir. Disponible sur t-shirt, sweat, sticker, mug, tote bag, poster et plus. #climate #typographie","climate change, save the planet, ecology, environment, climate activist, earth day, eco friendly, déforestation, climate & ecology, funny shirt, typography, minimalist, aesthetic, gift idea, trendy design, statement tee, for men, for women",produits/warning/wa_deforestation_fr__dark.png,produits/warning/wa_deforestation_fr__light.png
wa_inaction_fr,warning,climate,Climate & Ecology,,fr,L'Inaction Climatique Tue - Climate & Ecology (French) Design,"« L'Inaction Climatique Tue » en typographie or et noir, minimaliste et percutante. Un design pour les militant·es écolo et les éco-conscient·es. Idée cadeau parfaite, à porter ou offrir. Disponible sur t-shirt, sweat, sticker, mug, tote bag, poster et plus. #climate #typographie","climate change, save the planet, ecology, environment, climate activist, earth day, eco friendly, l'inaction, climatique, climate & ecology, funny shirt, typography, minimalist, aesthetic, gift idea, trendy design, statement tee, for men, for women",produits/warning/wa_inaction_fr__dark.png,produits/warning/wa_inaction_fr__light.png
wa_overfishing_en,warning,climate,Climate & Ecology,,en,Overfishing Kills (The Oceans) - Climate & Ecology Typography Design,"""Overfishing Kills (The Oceans)"" in clean gold-and-black minimalist typography. A statement design for climate activists and eco-conscious people. Makes a perfect gift to wear or give. Available on tees, hoodies, stickers, mugs, tote bags, posters and more. #climate #typography","climate change, save the planet, ecology, environment, climate activist, earth day, eco friendly, overfishing, kills, oceans, climate & ecology, funny shirt, typography, minimalist, aesthetic, gift idea, trendy design, statement tee, for men, for women",produits/warning/wa_overfishing_en__dark.png,produits/warning/wa_overfishing_en__light.png
wa_peche_fr,warning,climate,Climate & Ecology,,fr,La Pêche Intensive Tue (Les Océans) - Climate & Ecology (French) Design,"« La Pêche Intensive Tue (Les Océans) » en typographie or et noir, minimaliste et percutante. Un design pour les militant·es écolo et les éco-conscient·es. Idée cadeau parfaite, à porter ou offrir. Disponible sur t-shirt, sweat, sticker, mug, tote bag, poster et plus. #climate #typographie","climate change, save the planet, ecology, environment, climate activist, earth day, eco friendly, pêche, intensive, océans, climate & ecology, funny shirt, typography, minimalist, aesthetic, gift idea, trendy design, statement tee, for men, for women",produits/warning/wa_peche_fr__dark.png,produits/warning/wa_peche_fr__light.png
pl_adulte_arnaque_fr,punchlines,existential,Existential & Dark Humor,,fr,Être Adulte C'Est Une Arnaque - Existential & Dark Humor (French) Design,"« Être Adulte C'Est Une Arnaque » en typographie or et noir, minimaliste et percutante. Un design pour les amateur·ices d'humour noir et d'absurde. Idée cadeau parfaite, à porter ou offrir. Disponible sur t-shirt, sweat, sticker, mug, tote bag, poster et plus. #existential #typographie","existential, nihilism, dark humor, philosophy, absurd, adulte, c'est, arnaque, existential & dark humor, funny shirt, typography, minimalist, aesthetic, gift idea, trendy design, statement tee, for men, for women",produits/punchlines/pl_adulte_arnaque_fr__dark.png,produits/punchlines/pl_adulte_arnaque_fr__light.png
pl_adulting_en,punchlines,existential,Existential & Dark Humor,,en,Adulting Is A Scam - Existential & Dark Humor Typography Design,"""Adulting Is A Scam"" in clean gold-and-black minimalist typography. A statement design for lovers of dark humor and the absurd. Makes a perfect gift to wear or give. Available on tees, hoodies, stickers, mugs, tote bags, posters and more. #existential #typography","existential, nihilism, dark humor, philosophy, absurd, adulting, scam, existential & dark humor, funny shirt, typography, minimalist, aesthetic, gift idea, trendy design, statement tee, for men, for women",produits/punchlines/pl_adulting_en__dark.png,produits/punchlines/pl_adulting_en__light.png
pl_allergique_lactose_fr,punchlines,existential,Existential & Dark Humor,,fr,Allergique Aux Conneries (Et Au Lactose) - Existential & Dark Humor (French) Design,"« Allergique Aux Conneries (Et Au Lactose) » en typographie or et noir, minimaliste et percutante. Un design pour les amateur·ices d'humour noir et d'absurde. Idée cadeau parfaite, à porter ou offrir. Disponible sur t-shirt, sweat, sticker, mug, tote bag, poster et plus. #existential #typographie","existential, nihilism, dark humor, philosophy, absurd, allergique, conneries, lactose, existential & dark humor, funny shirt, typography, minimalist, aesthetic, gift idea, trendy design, statement tee, for men, for women",produits/punchlines/pl_allergique_lactose_fr__dark.png,produits/punchlines/pl_allergique_lactose_fr__light.png
pl_another_world_en,punchlines,existential,Existential & Dark Humor,,en,Another World Is Possible - Existential & Dark Humor Typography Design,"""Another World Is Possible"" in clean gold-and-black minimalist typography. A statement design for lovers of dark humor and the absurd. Makes a perfect gift to wear or give. Available on tees, hoodies, stickers, mugs, tote bags, posters and more. #existential #typography","existential, nihilism, dark humor, philosophy, absurd, another, world, possible, existential & dark humor, funny shirt, typography, minimalist, aesthetic, gift idea, trendy design, statement tee, for men, for women",produits/punchlines/pl_another_world_en__dark.png,produits/punchlines/pl_another_world_en__light.png
pl_anti_traditions_fr,punchlines,existential,Existential & Dark Humor,,fr,Traditionnellement Anti-Traditions - Existential & Dark Humor (French) Design,"« Traditionnellement Anti-Traditions » en typographie or et noir, minimaliste et percutante. Un design pour les amateur·ices d'humour noir et d'absurde. Idée cadeau parfaite, à porter ou offrir. Disponible sur t-shirt, sweat, sticker, mug, tote bag, poster et plus. #existential #typographie","existential, nihilism, dark humor, philosophy, absurd, traditionnellement, anti, traditions, existential & dark humor, funny shirt, typography, minimalist, aesthetic, gift idea, trendy design, statement tee, for men, for women",produits/punchlines/pl_anti_traditions_fr__dark.png,produits/punchlines/pl_anti_traditions_fr__light.png
pl_atoms_en,punchlines,existential,Existential & Dark Humor,,en,We're Just Atoms Pretending - Existential & Dark Humor Typography Design,"""We're Just Atoms Pretending"" in clean gold-and-black minimalist typography. A statement design for lovers of dark humor and the absurd. Makes a perfect gift to wear or give. Available on tees, hoodies, stickers, mugs, tote bags, posters and more. #existential #typography","existential, nihilism, dark humor, philosophy, absurd, we're, atoms, pretending, existential & dark humor, funny shirt, typography, minimalist, aesthetic, gift idea, trendy design, statement tee, for men, for women",produits/punchlines/pl_atoms_en__dark.png,produits/punchlines/pl_atoms_en__light.png
pl_awkward_en,punchlines,existential,Existential & Dark Humor,,en,"I Came, I Saw, I Made It Awkward - Existential & Dark Humor Typography Design","""I Came, I Saw, I Made It Awkward"" in clean gold-and-black minimalist typography. A statement design for lovers of dark humor and the absurd. Makes a perfect gift to wear or give. Available on tees, hoodies, stickers, mugs, tote bags, posters and more. #existential #typography","existential, nihilism, dark humor, philosophy, absurd, came, made, awkward, existential & dark humor, funny shirt, typography, minimalist, aesthetic, gift idea, trendy design, statement tee, for men, for women",produits/punchlines/pl_awkward_en__dark.png,produits/punchlines/pl_awkward_en__light.png
pl_be_storm_en,punchlines,existential,Existential & Dark Humor,,en,Be The Storm - Existential & Dark Humor Typography Design,"""Be The Storm"" in clean gold-and-black minimalist typography. A statement design for lovers of dark humor and the absurd. Makes a perfect gift to wear or give. Available on tees, hoodies, stickers, mugs, tote bags, posters and more. #existential #typography","existential, nihilism, dark humor, philosophy, absurd, storm, existential & dark humor, funny shirt, typography, minimalist, aesthetic, gift idea, trendy design, statement tee, for men, for women",produits/punchlines/pl_be_storm_en__dark.png,produits/punchlines/pl_be_storm_en__light.png
pl_beaute_rue_fr,punchlines,existential,Existential & Dark Humor,,fr,La Beauté Est Dans La Rue - Existential & Dark Humor (French) Design,"« La Beauté Est Dans La Rue » en typographie or et noir, minimaliste et percutante. Un design pour les amateur·ices d'humour noir et d'absurde. Idée cadeau parfaite, à porter ou offrir. Disponible sur t-shirt, sweat, sticker, mug, tote bag, poster et plus. #existential #typographie","existential, nihilism, dark humor, philosophy, absurd, beauté, existential & dark humor, funny shirt, typography, minimalist, aesthetic, gift idea, trendy design, statement tee, for men, for women",produits/punchlines/pl_beaute_rue_fr__dark.png,produits/punchlines/pl_beaute_rue_fr__light.png
pl_bof_fr,punchlines,existential,Existential & Dark Humor,,fr,Bof. (Mot Du Jour) - Existential & Dark Humor (French) Design,"« Bof. (Mot Du Jour) » en typographie or et noir, minimaliste et percutante. Un design pour les amateur·ices d'humour noir et d'absurde. Idée cadeau parfaite, à porter ou offrir. Disponible sur t-shirt, sweat, sticker, mug, tote bag, poster et plus. #existential #typographie","existential, nihilism, dark humor, philosophy, absurd, jour, existential & dark humor, funny shirt, typography, minimalist, aesthetic, gift idea, trendy design, statement tee, for men, for women",produits/punchlines/pl_bof_fr__dark.png,produits/punchlines/pl_bof_fr__light.png
pl_born_adult_en,punchlines,existential,Existential & Dark Humor,,en,"Born To Die, Forced To Adult - Existential & Dark Humor Typography Design","""Born To Die, Forced To Adult"" in clean gold-and-black minimalist typography. A statement design for lovers of dark humor and the absurd. Makes a perfect gift to wear or give. Available on tees, hoodies, stickers, mugs, tote bags, posters and more. #existential #typography","existential, nihilism, dark humor, philosophy, absurd, born, forced, adult, existential & dark humor, funny shirt, typography, minimalist, aesthetic, gift idea, trendy design, statement tee, for men, for women",produits/punchlines/pl_born_adult_en__dark.png,produits/punchlines/pl_born_adult_en__light.png
pl_born_nap_en,punchlines,existential,Existential & Dark Humor,,en,"Born To Nap, Forced To Work - Existential & Dark Humor Typography Design","""Born To Nap, Forced To Work"" in clean gold-and-black minimalist typography. A statement design for lovers of dark humor and the absurd. Makes a perfect gift to wear or give. Available on tees, hoodies, stickers, mugs, tote bags, posters and more. #existential #typography","existential, nihilism, dark humor, philosophy, absurd, born, forced, work, existential & dark humor, funny shirt, typography, minimalist, aesthetic, gift idea, trendy design, statement tee, for men, for women",produits/punchlines/pl_born_nap_en__dark.png,produits/punchlines/pl_born_nap_en__light.png
pl_brule_style_fr,punchlines,existential,Existential & Dark Humor,,fr,"On Brûle, Mais Avec Style - Existential & Dark Humor (French) Design","« On Brûle, Mais Avec Style » en typographie or et noir, minimaliste et percutante. Un design pour les amateur·ices d'humour noir et d'absurde. Idée cadeau parfaite, à porter ou offrir. Disponible sur t-shirt, sweat, sticker, mug, tote bag, poster et plus. #existential #typographie","existential, nihilism, dark humor, philosophy, absurd, brûle, style, existential & dark humor, funny shirt, typography, minimalist, aesthetic, gift idea, trendy design, statement tee, for men, for women",produits/punchlines/pl_brule_style_fr__dark.png,produits/punchlines/pl_brule_style_fr__light.png
pl_carpe_koi_fr,punchlines,existential,Existential & Dark Humor,,fr,"Carpe Diem, Carpe Koi - Existential & Dark Humor (French) Design","« Carpe Diem, Carpe Koi » en typographie or et noir, minimaliste et percutante. Un design pour les amateur·ices d'humour noir et d'absurde. Idée cadeau parfaite, à porter ou offrir. Disponible sur t-shirt, sweat, sticker, mug, tote bag, poster et plus. #existential #typographie","existential, nihilism, dark humor, philosophy, absurd, carpe, diem, existential & dark humor, funny shirt, typography, minimalist, aesthetic, gift idea, trendy design, statement tee, for men, for women",produits/punchlines/pl_carpe_koi_fr__dark.png,produits/punchlines/pl_carpe_koi_fr__light.png
pl_carpe_nope_en,punchlines,existential,Existential & Dark Humor,,en,Carpe Diem? Carpe Nope. - Existential & Dark Humor Typography Design,"""Carpe Diem? Carpe Nope."" in clean gold-and-black minimalist typography. A statement design for lovers of dark humor and the absurd. Makes a perfect gift to wear or give. Available on tees, hoodies, stickers, mugs, tote bags, posters and more. #existential #typography","existential, nihilism, dark humor, philosophy, absurd, carpe, diem, nope, existential & dark humor, funny shirt, typography, minimalist, aesthetic, gift idea, trendy design, statement tee, for men, for women",produits/punchlines/pl_carpe_nope_en__dark.png,produits/punchlines/pl_carpe_nope_en__light.png
pl_ceci_tshirt_fr,punchlines,existential,Existential & Dark Humor,,fr,Ceci N'Est Pas Un T-Shirt - Existential & Dark Humor (French) Design,"« Ceci N'Est Pas Un T-Shirt » en typographie or et noir, minimaliste et percutante. Un design pour les amateur·ices d'humour noir et d'absurde. Idée cadeau parfaite, à porter ou offrir. Disponible sur t-shirt, sweat, sticker, mug, tote bag, poster et plus. #existential #typographie","existential, nihilism, dark humor, philosophy, absurd, ceci, n'est, shirt, existential & dark humor, funny shirt, typography, minimalist, aesthetic, gift idea, trendy design, statement tee, for men, for women",produits/punchlines/pl_ceci_tshirt_fr__dark.png,produits/punchlines/pl_ceci_tshirt_fr__light.png
pl_chronically_en,punchlines,existential,Existential & Dark Humor,,en,"Chronically Online, Eternally Tired - Existential & Dark Humor Typography Design","""Chronically Online, Eternally Tired"" in clean gold-and-black minimalist typography. A statement design for lovers of dark humor and the absurd. Makes a perfect gift to wear or give. Available on tees, hoodies, stickers, mugs, tote bags, posters and more. #existential #typography","existential, nihilism, dark humor, philosophy, absurd, chronically, online, eternally, tired, existential & dark humor, funny shirt, typography, minimalist, aesthetic, gift idea, trendy design, statement tee, for men, for women",produits/punchlines/pl_chronically_en__dark.png,produits/punchlines/pl_chronically_en__light.png
pl_cogito_bof_fr,punchlines,existential,Existential & Dark Humor,,fr,Cogito Ergo Bof - Existential & Dark Humor (French) Design,"« Cogito Ergo Bof » en typographie or et noir, minimaliste et percutante. Un design pour les amateur·ices d'humour noir et d'absurde. Idée cadeau parfaite, à porter ou offrir. Disponible sur t-shirt, sweat, sticker, mug, tote bag, poster et plus. #existential #typographie","existential, nihilism, dark humor, philosophy, absurd, cogito, ergo, existential & dark humor, funny shirt, typography, minimalist, aesthetic, gift idea, trendy design, statement tee, for men, for women",produits/punchlines/pl_cogito_bof_fr__dark.png,produits/punchlines/pl_cogito_bof_fr__light.png
pl_compassion_en,punchlines,existential,Existential & Dark Humor,,en,Compassion Is Not A Trend - Existential & Dark Humor Typography Design,"""Compassion Is Not A Trend"" in clean gold-and-black minimalist typography. A statement design for lovers of dark humor and the absurd. Makes a perfect gift to wear or give. Available on tees, hoodies, stickers, mugs, tote bags, posters and more. #existential #typography","existential, nihilism, dark humor, philosophy, absurd, compassion, trend, existential & dark humor, funny shirt, typography, minimalist, aesthetic, gift idea, trendy design, statement tee, for men, for women",produits/punchlines/pl_compassion_en__dark.png,produits/punchlines/pl_compassion_en__light.png
pl_cours_camarade_fr,punchlines,existential,Existential & Dark Humor,,fr,"Cours Camarade, Le Vieux Monde Est Derrière Toi - Existential & Dark Humor (French) Design","« Cours Camarade, Le Vieux Monde Est Derrière Toi » en typographie or et noir, minimaliste et percutante. Un design pour les amateur·ices d'humour noir et d'absurde. Idée cadeau parfaite, à porter ou offrir. Disponible sur t-shirt, sweat, sticker, mug, tote bag, poster et plus. #existential #typographie","existential, nihilism, dark humor, philosophy, absurd, cours, camarade, vieux, monde, derrière, existential & dark humor, funny shirt, typography, minimalist, aesthetic, gift idea, trendy design, statement tee, for men, for women",produits/punchlines/pl_cours_camarade_fr__dark.png,produits/punchlines/pl_cours_camarade_fr__light.png
pl_demain_pire_fr,punchlines,existential,Existential & Dark Humor,,fr,Demain Sera Pire (Mais Ensoleillé) - Existential & Dark Humor (French) Design,"« Demain Sera Pire (Mais Ensoleillé) » en typographie or et noir, minimaliste et percutante. Un design pour les amateur·ices d'humour noir et d'absurde. Idée cadeau parfaite, à porter ou offrir. Disponible sur t-shirt, sweat, sticker, mug, tote bag, poster et plus. #existential #typographie","existential, nihilism, dark humor, philosophy, absurd, demain, sera, pire, ensoleillé, existential & dark humor, funny shirt, typography, minimalist, aesthetic, gift idea, trendy design, statement tee, for men, for women",produits/punchlines/pl_demain_pire_fr__dark.png,produits/punchlines/pl_demain_pire_fr__light.png
pl_desobeir_exister_fr,punchlines,existential,Existential & Dark Humor,,fr,"Désobéir, C'Est Exister - Existential & Dark Humor (French) Design","« Désobéir, C'Est Exister » en typographie or et noir, minimaliste et percutante. Un design pour les amateur·ices d'humour noir et d'absurde. Idée cadeau parfaite, à porter ou offrir. Disponible sur t-shirt, sweat, sticker, mug, tote bag, poster et plus. #existential #typographie","existential, nihilism, dark humor, philosophy, absurd, désobéir, c'est, exister, existential & dark humor, funny shirt, typography, minimalist, aesthetic, gift idea, trendy design, statement tee, for men, for women",produits/punchlines/pl_desobeir_exister_fr__dark.png,produits/punchlines/pl_desobeir_exister_fr__light.png
pl_disobey_en,punchlines,existential,Existential & Dark Humor,,en,Disobey Beautifully - Existential & Dark Humor Typography Design,"""Disobey Beautifully"" in clean gold-and-black minimalist typography. A statement design for lovers of dark humor and the absurd. Makes a perfect gift to wear or give. Available on tees, hoodies, stickers, mugs, tote bags, posters and more. #existential #typography","existential, nihilism, dark humor, philosophy, absurd, disobey, beautifully, existential & dark humor, funny shirt, typography, minimalist, aesthetic, gift idea, trendy design, statement tee, for men, for women",produits/punchlines/pl_disobey_en__dark.png,produits/punchlines/pl_disobey_en__light.png
pl_disparition_nous_fr,punchlines,existential,Existential & Dark Humor,,fr,Espèce En Voie De Disparition (Nous) - Existential & Dark Humor (French) Design,"« Espèce En Voie De Disparition (Nous) » en typographie or et noir, minimaliste et percutante. Un design pour les amateur·ices d'humour noir et d'absurde. Idée cadeau parfaite, à porter ou offrir. Disponible sur t-shirt, sweat, sticker, mug, tote bag, poster et plus. #existential #typographie","existential, nihilism, dark humor, philosophy, absurd, espèce, voie, disparition, existential & dark humor, funny shirt, typography, minimalist, aesthetic, gift idea, trendy design, statement tee, for men, for women",produits/punchlines/pl_disparition_nous_fr__dark.png,produits/punchlines/pl_disparition_nous_fr__light.png
pl_doomed_aesthetic_en,punchlines,existential,Existential & Dark Humor,,en,"Doomed, But Make It Aesthetic - Existential & Dark Humor Typography Design","""Doomed, But Make It Aesthetic"" in clean gold-and-black minimalist typography. A statement design for lovers of dark humor and the absurd. Makes a perfect gift to wear or give. Available on tees, hoodies, stickers, mugs, tote bags, posters and more. #existential #typography","existential, nihilism, dark humor, philosophy, absurd, doomed, make, aesthetic, existential & dark humor, funny shirt, typography, minimalist, gift idea, trendy design, statement tee, for men, for women",produits/punchlines/pl_doomed_aesthetic_en__dark.png,produits/punchlines/pl_doomed_aesthetic_en__light.png
pl_dread_party_en,punchlines,existential,Existential & Dark Humor,,en,"Existential Dread, Party Of One - Existential & Dark Humor Typography Design","""Existential Dread, Party Of One"" in clean gold-and-black minimalist typography. A statement design for lovers of dark humor and the absurd. Makes a perfect gift to wear or give. Available on tees, hoodies, stickers, mugs, tote bags, posters and more. #existential #typography","existential, nihilism, dark humor, philosophy, absurd, dread, party, existential & dark humor, funny shirt, typography, minimalist, aesthetic, gift idea, trendy design, statement tee, for men, for women",produits/punchlines/pl_dread_party_en__dark.png,produits/punchlines/pl_dread_party_en__light.png
pl_droits_acquis_fr,punchlines,existential,Existential & Dark Humor,,fr,Aucun Droit N'Est Acquis - Existential & Dark Humor (French) Design,"« Aucun Droit N'Est Acquis » en typographie or et noir, minimaliste et percutante. Un design pour les amateur·ices d'humour noir et d'absurde. Idée cadeau parfaite, à porter ou offrir. Disponible sur t-shirt, sweat, sticker, mug, tote bag, poster et plus. #existential #typographie","existential, nihilism, dark humor, philosophy, absurd, aucun, droit, n'est, acquis, existential & dark humor, funny shirt, typography, minimalist, aesthetic, gift idea, trendy design, statement tee, for men, for women",produits/punchlines/pl_droits_acquis_fr__dark.png,produits/punchlines/pl_droits_acquis_fr__light.png
pl_end_near_en,punchlines,existential,Existential & Dark Humor,,en,The End Is Near (Restrictions Apply) - Existential & Dark Humor Typography Design,"""The End Is Near (Restrictions Apply)"" in clean gold-and-black minimalist typography. A statement design for lovers of dark humor and the absurd. Makes a perfect gift to wear or give. Available on tees, hoodies, stickers, mugs, tote bags, posters and more. #existential #typography","existential, nihilism, dark humor, philosophy, absurd, near, restrictions, apply, existential & dark humor, funny shirt, typography, minimalist, aesthetic, gift idea, trendy design, statement tee, for men, for women",produits/punchlines/pl_end_near_en__dark.png,produits/punchlines/pl_end_near_en__light.png
pl_energie_sociale_fr,punchlines,existential,Existential & Dark Humor,,fr,Énergie Sociale : Épuisée - Existential & Dark Humor (French) Design,"« Énergie Sociale : Épuisée » en typographie or et noir, minimaliste et percutante. Un design pour les amateur·ices d'humour noir et d'absurde. Idée cadeau parfaite, à porter ou offrir. Disponible sur t-shirt, sweat, sticker, mug, tote bag, poster et plus. #existential #typographie","existential, nihilism, dark humor, philosophy, absurd, énergie, sociale, épuisée, existential & dark humor, funny shirt, typography, minimalist, aesthetic, gift idea, trendy design, statement tee, for men, for women",produits/punchlines/pl_energie_sociale_fr__dark.png,produits/punchlines/pl_energie_sociale_fr__light.png
pl_energy_saving_en,punchlines,existential,Existential & Dark Humor,,en,Not Lazy. Energy-Saving Mode. - Existential & Dark Humor Typography Design,"""Not Lazy. Energy-Saving Mode."" in clean gold-and-black minimalist typography. A statement design for lovers of dark humor and the absurd. Makes a perfect gift to wear or give. Available on tees, hoodies, stickers, mugs, tote bags, posters and more. #existential #typography","existential, nihilism, dark humor, philosophy, absurd, lazy, energy, saving, mode, existential & dark humor, funny shirt, typography, minimalist, aesthetic, gift idea, trendy design, statement tee, for men, for women",produits/punchlines/pl_energy_saving_en__dark.png,produits/punchlines/pl_energy_saving_en__light.png
pl_enfer_rechauffement_fr,punchlines,existential,Existential & Dark Humor,,fr,Bienvenue En Enfer (Réchauffement Inclus) - Existential & Dark Humor (French) Design,"« Bienvenue En Enfer (Réchauffement Inclus) » en typographie or et noir, minimaliste et percutante. Un design pour les amateur·ices d'humour noir et d'absurde. Idée cadeau parfaite, à porter ou offrir. Disponible sur t-shirt, sweat, sticker, mug, tote bag, poster et plus. #existential #typographie","existential, nihilism, dark humor, philosophy, absurd, bienvenue, enfer, réchauffement, inclus, existential & dark humor, funny shirt, typography, minimalist, aesthetic, gift idea, trendy design, statement tee, for men, for women",produits/punchlines/pl_enfer_rechauffement_fr__dark.png,produits/punchlines/pl_enfer_rechauffement_fr__light.png
pl_espoir_discipline_fr,punchlines,existential,Existential & Dark Humor,,fr,L'Espoir Est Une Discipline - Existential & Dark Humor (French) Design,"« L'Espoir Est Une Discipline » en typographie or et noir, minimaliste et percutante. Un design pour les amateur·ices d'humour noir et d'absurde. Idée cadeau parfaite, à porter ou offrir. Disponible sur t-shirt, sweat, sticker, mug, tote bag, poster et plus. #existential #typographie","existential, nihilism, dark humor, philosophy, absurd, l'espoir, discipline, existential & dark humor, funny shirt, typography, minimalist, aesthetic, gift idea, trendy design, statement tee, for men, for women",produits/punchlines/pl_espoir_discipline_fr__dark.png,produits/punchlines/pl_espoir_discipline_fr__light.png
pl_espoir_fatigue_fr,punchlines,existential,Existential & Dark Humor,,fr,L'Espoir Fait Vivre (Et Mourir Fatigué) - Existential & Dark Humor (French) Design,"« L'Espoir Fait Vivre (Et Mourir Fatigué) » en typographie or et noir, minimaliste et percutante. Un design pour les amateur·ices d'humour noir et d'absurde. Idée cadeau parfaite, à porter ou offrir. Disponible sur t-shirt, sweat, sticker, mug, tote bag, poster et plus. #existential #typographie","existential, nihilism, dark humor, philosophy, absurd, l'espoir, vivre, mourir, fatigué, existential & dark humor, funny shirt, typography, minimalist, aesthetic, gift idea, trendy design, statement tee, for men, for women",produits/punchlines/pl_espoir_fatigue_fr__dark.png,produits/punchlines/pl_espoir_fatigue_fr__light.png
pl_feral_en,punchlines,existential,Existential & Dark Humor,,en,Mostly Peaceful. Occasionally Feral. - Existential & Dark Humor Typography Design,"""Mostly Peaceful. Occasionally Feral."" in clean gold-and-black minimalist typography. A statement design for lovers of dark humor and the absurd. Makes a perfect gift to wear or give. Available on tees, hoodies, stickers, mugs, tote bags, posters and more. #existential #typography","existential, nihilism, dark humor, philosophy, absurd, mostly, peaceful, occasionally, feral, existential & dark humor, funny shirt, typography, minimalist, aesthetic, gift idea, trendy design, statement tee, for men, for women",produits/punchlines/pl_feral_en__dark.png,produits/punchlines/pl_feral_en__light.png
pl_futur_avant_fr,punchlines,existential,Existential & Dark Humor,,fr,Le Futur Était Mieux Avant - Existential & Dark Humor (French) Design,"« Le Futur Était Mieux Avant » en typographie or et noir, minimaliste et percutante. Un design pour les amateur·ices d'humour noir et d'absurde. Idée cadeau parfaite, à porter ou offrir. Disponible sur t-shirt, sweat, sticker, mug, tote bag, poster et plus. #existential #typographie","existential, nihilism, dark humor, philosophy, absurd, futur, était, mieux, avant, existential & dark humor, funny shirt, typography, minimalist, aesthetic, gift idea, trendy design, statement tee, for men, for women",produits/punchlines/pl_futur_avant_fr__dark.png,produits/punchlines/pl_futur_avant_fr__light.png
pl_future_before_en,punchlines,existential,Existential & Dark Humor,,en,The Future Was Better Before - Existential & Dark Humor Typography Design,"""The Future Was Better Before"" in clean gold-and-black minimalist typography. A statement design for lovers of dark humor and the absurd. Makes a perfect gift to wear or give. Available on tees, hoodies, stickers, mugs, tote bags, posters and more. #existential #typography","existential, nihilism, dark humor, philosophy, absurd, future, better, before, existential & dark humor, funny shirt, typography, minimalist, aesthetic, gift idea, trendy design, statement tee, for men, for women",produits/punchlines/pl_future_before_en__dark.png,produits/punchlines/pl_future_before_en__light.png
pl_future_female_en,punchlines,existential,Existential & Dark Humor,,en,The Future Is Inclusive - Existential & Dark Humor Typography Design,"""The Future Is Inclusive"" in clean gold-and-black minimalist typography. A statement design for lovers of dark humor and the absurd. Makes a perfect gift to wear or give. Available on tees, hoodies, stickers, mugs, tote bags, posters and more. #existential #typography","existential, nihilism, dark humor, philosophy, absurd, future, inclusive, existential & dark humor, funny shirt, typography, minimalist, aesthetic, gift idea, trendy design, statement tee, for men, for women",produits/punchlines/pl_future_female_en__dark.png,produits/punchlines/pl_future_female_en__light.png
pl_game_over_fr,punchlines,existential,Existential & Dark Humor,,fr,Game Over. Insère Une Pièce (On N'En A Plus) - Existential & Dark Humor (French) Design,"« Game Over. Insère Une Pièce (On N'En A Plus) » en typographie or et noir, minimaliste et percutante. Un design pour les amateur·ices d'humour noir et d'absurde. Idée cadeau parfaite, à porter ou offrir. Disponible sur t-shirt, sweat, sticker, mug, tote bag, poster et plus. #existential #typographie","existential, nihilism, dark humor, philosophy, absurd, game, over, insère, pièce, n'en, existential & dark humor, funny shirt, typography, minimalist, aesthetic, gift idea, trendy design, statement tee, for men, for women",produits/punchlines/pl_game_over_fr__dark.png,produits/punchlines/pl_game_over_fr__light.png
pl_graines_fr,punchlines,existential,Existential & Dark Humor,,fr,Ils Ont Voulu Nous Enterrer. Ils Ignoraient Qu'On Était Des Graines - Existential & Dark Humor (French) Design,"« Ils Ont Voulu Nous Enterrer. Ils Ignoraient Qu'On Était Des Graines » en typographie or et noir, minimaliste et percutante. Un design pour les amateur·ices d'humour noir et d'absurde. Idée cadeau parfaite, à porter ou offrir. Disponible sur t-shirt, sweat, sticker, mug, tote bag, poster et plus. #existential #typographie","existential, nihilism, dark humor, philosophy, absurd, voulu, enterrer, ignoraient, était, graines, existential & dark humor, funny shirt, typography, minimalist, aesthetic, gift idea, trendy design, statement tee, for men, for women",produits/punchlines/pl_graines_fr__dark.png,produits/punchlines/pl_graines_fr__light.png
pl_grandma_hates_en,punchlines,existential,Existential & Dark Humor,,en,My Grandma Hates You - Existential & Dark Humor Typography Design,"""My Grandma Hates You"" in clean gold-and-black minimalist typography. A statement design for lovers of dark humor and the absurd. Makes a perfect gift to wear or give. Available on tees, hoodies, stickers, mugs, tote bags, posters and more. #existential #typography","existential, nihilism, dark humor, philosophy, absurd, grandma, hates, existential & dark humor, funny shirt, typography, minimalist, aesthetic, gift idea, trendy design, statement tee, for men, for women",produits/punchlines/pl_grandma_hates_en__dark.png,produits/punchlines/pl_grandma_hates_en__light.png
pl_hope_dies_en,punchlines,existential,Existential & Dark Humor,,en,Hope Dies Last. But It Dies. - Existential & Dark Humor Typography Design,"""Hope Dies Last. But It Dies."" in clean gold-and-black minimalist typography. A statement design for lovers of dark humor and the absurd. Makes a perfect gift to wear or give. Available on tees, hoodies, stickers, mugs, tote bags, posters and more. #existential #typography","existential, nihilism, dark humor, philosophy, absurd, hope, dies, last, existential & dark humor, funny shirt, typography, minimalist, aesthetic, gift idea, trendy design, statement tee, for men, for women",produits/punchlines/pl_hope_dies_en__dark.png,produits/punchlines/pl_hope_dies_en__light.png
pl_hope_discipline_en,punchlines,existential,Existential & Dark Humor,,en,Hope Is A Discipline - Existential & Dark Humor Typography Design,"""Hope Is A Discipline"" in clean gold-and-black minimalist typography. A statement design for lovers of dark humor and the absurd. Makes a perfect gift to wear or give. Available on tees, hoodies, stickers, mugs, tote bags, posters and more. #existential #typography","existential, nihilism, dark humor, philosophy, absurd, hope, discipline, existential & dark humor, funny shirt, typography, minimalist, aesthetic, gift idea, trendy design, statement tee, for men, for women",produits/punchlines/pl_hope_discipline_en__dark.png,produits/punchlines/pl_hope_discipline_en__light.png
pl_huitre_en,punchlines,existential,Existential & Dark Humor,,en,The Oyster Took It Hard - Existential & Dark Humor Typography Design,"""The Oyster Took It Hard"" in clean gold-and-black minimalist typography. A statement design for lovers of dark humor and the absurd. Makes a perfect gift to wear or give. Available on tees, hoodies, stickers, mugs, tote bags, posters and more. #existential #typography","existential, nihilism, dark humor, philosophy, absurd, oyster, took, hard, existential & dark humor, funny shirt, typography, minimalist, aesthetic, gift idea, trendy design, statement tee, for men, for women",produits/punchlines/pl_huitre_en__dark.png,produits/punchlines/pl_huitre_en__light.png
pl_huitre_fr,punchlines,existential,Existential & Dark Humor,,fr,L'Huître A Pris Cher - Existential & Dark Humor (French) Design,"« L'Huître A Pris Cher » en typographie or et noir, minimaliste et percutante. Un design pour les amateur·ices d'humour noir et d'absurde. Idée cadeau parfaite, à porter ou offrir. Disponible sur t-shirt, sweat, sticker, mug, tote bag, poster et plus. #existential #typographie","existential, nihilism, dark humor, philosophy, absurd, l'huître, pris, cher, existential & dark humor, funny shirt, typography, minimalist, aesthetic, gift idea, trendy design, statement tee, for men, for women",produits/punchlines/pl_huitre_fr__dark.png,produits/punchlines/pl_huitre_fr__light.png
pl_hydrate_anyway_en,punchlines,existential,Existential & Dark Humor,,en,We're All Going To Die (Hydrate Anyway) - Existential & Dark Humor Typography Design,"""We're All Going To Die (Hydrate Anyway)"" in clean gold-and-black minimalist typography. A statement design for lovers of dark humor and the absurd. Makes a perfect gift to wear or give. Available on tees, hoodies, stickers, mugs, tote bags, posters and more. #existential #typography","existential, nihilism, dark humor, philosophy, absurd, we're, going, hydrate, anyway, existential & dark humor, funny shirt, typography, minimalist, aesthetic, gift idea, trendy design, statement tee, for men, for women",produits/punchlines/pl_hydrate_anyway_en__dark.png,produits/punchlines/pl_hydrate_anyway_en__light.png
pl_imagination_fr,punchlines,existential,Existential & Dark Humor,,fr,L'Imagination Au Pouvoir - Existential & Dark Humor (French) Design,"« L'Imagination Au Pouvoir » en typographie or et noir, minimaliste et percutante. Un design pour les amateur·ices d'humour noir et d'absurde. Idée cadeau parfaite, à porter ou offrir. Disponible sur t-shirt, sweat, sticker, mug, tote bag, poster et plus. #existential #typographie","existential, nihilism, dark humor, philosophy, absurd, l'imagination, pouvoir, existential & dark humor, funny shirt, typography, minimalist, aesthetic, gift idea, trendy design, statement tee, for men, for women",produits/punchlines/pl_imagination_fr__dark.png,produits/punchlines/pl_imagination_fr__light.png
pl_insignificant_en,punchlines,existential,Existential & Dark Humor,,en,Cosmically Insignificant And Tired - Existential & Dark Humor Typography Design,"""Cosmically Insignificant And Tired"" in clean gold-and-black minimalist typography. A statement design for lovers of dark humor and the absurd. Makes a perfect gift to wear or give. Available on tees, hoodies, stickers, mugs, tote bags, posters and more. #existential #typography","existential, nihilism, dark humor, philosophy, absurd, cosmically, insignificant, tired, existential & dark humor, funny shirt, typography, minimalist, aesthetic, gift idea, trendy design, statement tee, for men, for women",produits/punchlines/pl_insignificant_en__dark.png,produits/punchlines/pl_insignificant_en__light.png
pl_justice_paix_fr,punchlines,existential,Existential & Dark Humor,,fr,"Pas De Justice, Pas De Paix - Existential & Dark Humor (French) Design","« Pas De Justice, Pas De Paix » en typographie or et noir, minimaliste et percutante. Un design pour les amateur·ices d'humour noir et d'absurde. Idée cadeau parfaite, à porter ou offrir. Disponible sur t-shirt, sweat, sticker, mug, tote bag, poster et plus. #existential #typographie","existential, nihilism, dark humor, philosophy, absurd, justice, paix, existential & dark humor, funny shirt, typography, minimalist, aesthetic, gift idea, trendy design, statement tee, for men, for women",produits/punchlines/pl_justice_paix_fr__dark.png,produits/punchlines/pl_justice_paix_fr__light.png
pl_last_tree_en,punchlines,existential,Existential & Dark Humor,,en,Only When The Last Tree Falls Will They Learn They Can't Eat Money - Existential & Dark Humor Typography Design,"""Only When The Last Tree Falls Will They Learn They Can't Eat Money"" in clean gold-and-black minimalist typography. A statement design for lovers of dark humor and the absurd. Makes a perfect gift to wear or give. Available on tees, hoodies, stickers, mugs, tote bags, posters and more. #existential #typography","existential, nihilism, dark humor, philosophy, absurd, last, tree, falls, learn, can't, existential & dark humor, funny shirt, typography, minimalist, aesthetic, gift idea, trendy design, statement tee, for men, for women",produits/punchlines/pl_last_tree_en__dark.png,produits/punchlines/pl_last_tree_en__light.png
pl_main_villain_en,punchlines,existential,Existential & Dark Humor,,en,Not The Hero. Not The Victim. The Plot Twist. - Existential & Dark Humor Typography Design,"""Not The Hero. Not The Victim. The Plot Twist."" in clean gold-and-black minimalist typography. A statement design for lovers of dark humor and the absurd. Makes a perfect gift to wear or give. Available on tees, hoodies, stickers, mugs, tote bags, posters and more. #existential #typography","existential, nihilism, dark humor, philosophy, absurd, hero, victim, plot, twist, existential & dark humor, funny shirt, typography, minimalist, aesthetic, gift idea, trendy design, statement tee, for men, for women",produits/punchlines/pl_main_villain_en__dark.png,produits/punchlines/pl_main_villain_en__light.png
pl_mamie_deteste_fr,punchlines,existential,Existential & Dark Humor,,fr,Ma Mamie Te Déteste - Existential & Dark Humor (French) Design,"« Ma Mamie Te Déteste » en typographie or et noir, minimaliste et percutante. Un design pour les amateur·ices d'humour noir et d'absurde. Idée cadeau parfaite, à porter ou offrir. Disponible sur t-shirt, sweat, sticker, mug, tote bag, poster et plus. #existential #typographie","existential, nihilism, dark humor, philosophy, absurd, mamie, déteste, existential & dark humor, funny shirt, typography, minimalist, aesthetic, gift idea, trendy design, statement tee, for men, for women",produits/punchlines/pl_mamie_deteste_fr__dark.png,produits/punchlines/pl_mamie_deteste_fr__light.png
pl_menace_en,punchlines,existential,Existential & Dark Humor,,en,Someone's Emotional Support Menace - Existential & Dark Humor Typography Design,"""Someone's Emotional Support Menace"" in clean gold-and-black minimalist typography. A statement design for lovers of dark humor and the absurd. Makes a perfect gift to wear or give. Available on tees, hoodies, stickers, mugs, tote bags, posters and more. #existential #typography","existential, nihilism, dark humor, philosophy, absurd, someone's, emotional, support, menace, existential & dark humor, funny shirt, typography, minimalist, aesthetic, gift idea, trendy design, statement tee, for men, for women",produits/punchlines/pl_menace_en__dark.png,produits/punchlines/pl_menace_en__light.png
pl_metaphysiquement_fr,punchlines,existential,Existential & Dark Humor,,fr,Métaphysiquement Fatigué - Existential & Dark Humor (French) Design,"« Métaphysiquement Fatigué » en typographie or et noir, minimaliste et percutante. Un design pour les amateur·ices d'humour noir et d'absurde. Idée cadeau parfaite, à porter ou offrir. Disponible sur t-shirt, sweat, sticker, mug, tote bag, poster et plus. #existential #typographie","existential, nihilism, dark humor, philosophy, absurd, métaphysiquement, fatigué, existential & dark humor, funny shirt, typography, minimalist, aesthetic, gift idea, trendy design, statement tee, for men, for women",produits/punchlines/pl_metaphysiquement_fr__dark.png,produits/punchlines/pl_metaphysiquement_fr__light.png
pl_meteo_apocalyptique_fr,punchlines,existential,Existential & Dark Humor,,fr,Météo Du Jour : Apocalyptique - Existential & Dark Humor (French) Design,"« Météo Du Jour : Apocalyptique » en typographie or et noir, minimaliste et percutante. Un design pour les amateur·ices d'humour noir et d'absurde. Idée cadeau parfaite, à porter ou offrir. Disponible sur t-shirt, sweat, sticker, mug, tote bag, poster et plus. #existential #typographie","existential, nihilism, dark humor, philosophy, absurd, météo, jour, apocalyptique, existential & dark humor, funny shirt, typography, minimalist, aesthetic, gift idea, trendy design, statement tee, for men, for women",produits/punchlines/pl_meteo_apocalyptique_fr__dark.png,produits/punchlines/pl_meteo_apocalyptique_fr__light.png
pl_metro_en,punchlines,existential,Existential & Dark Humor,,en,"Commute, Work, Hammer - Existential & Dark Humor Typography Design","""Commute, Work, Hammer"" in clean gold-and-black minimalist typography. A statement design for lovers of dark humor and the absurd. Makes a perfect gift to wear or give. Available on tees, hoodies, stickers, mugs, tote bags, posters and more. #existential #typography","existential, nihilism, dark humor, philosophy, absurd, commute, work, hammer, existential & dark humor, funny shirt, typography, minimalist, aesthetic, gift idea, trendy design, statement tee, for men, for women",produits/punchlines/pl_metro_en__dark.png,produits/punchlines/pl_metro_en__light.png
pl_moins_riz_fr,punchlines,existential,Existential & Dark Humor,,fr,"Plus On Est De Fous, Moins Y'A De Riz - Existential & Dark Humor (French) Design","« Plus On Est De Fous, Moins Y'A De Riz » en typographie or et noir, minimaliste et percutante. Un design pour les amateur·ices d'humour noir et d'absurde. Idée cadeau parfaite, à porter ou offrir. Disponible sur t-shirt, sweat, sticker, mug, tote bag, poster et plus. #existential #typographie","existential, nihilism, dark humor, philosophy, absurd, fous, moins, existential & dark humor, funny shirt, typography, minimalist, aesthetic, gift idea, trendy design, statement tee, for men, for women",produits/punchlines/pl_moins_riz_fr__dark.png,produits/punchlines/pl_moins_riz_fr__light.png
pl_mortiferes_fr,punchlines,existential,Existential & Dark Humor,,fr,Mort Aux Pratiques Mortifères - Existential & Dark Humor (French) Design,"« Mort Aux Pratiques Mortifères » en typographie or et noir, minimaliste et percutante. Un design pour les amateur·ices d'humour noir et d'absurde. Idée cadeau parfaite, à porter ou offrir. Disponible sur t-shirt, sweat, sticker, mug, tote bag, poster et plus. #existential #typographie","existential, nihilism, dark humor, philosophy, absurd, mort, pratiques, mortifères, existential & dark humor, funny shirt, typography, minimalist, aesthetic, gift idea, trendy design, statement tee, for men, for women",produits/punchlines/pl_mortiferes_fr__dark.png,produits/punchlines/pl_mortiferes_fr__light.png
pl_motivation_demain_fr,punchlines,existential,Existential & Dark Humor,,fr,Motivation : Reportée À Demain - Existential & Dark Humor (French) Design,"« Motivation : Reportée À Demain » en typographie or et noir, minimaliste et percutante. Un design pour les amateur·ices d'humour noir et d'absurde. Idée cadeau parfaite, à porter ou offrir. Disponible sur t-shirt, sweat, sticker, mug, tote bag, poster et plus. #existential #typographie","existential, nihilism, dark humor, philosophy, absurd, motivation, reportée, demain, existential & dark humor, funny shirt, typography, minimalist, aesthetic, gift idea, trendy design, statement tee, for men, for women",produits/punchlines/pl_motivation_demain_fr__dark.png,produits/punchlines/pl_motivation_demain_fr__light.png
pl_mouette_fr,punchlines,existential,Existential & Dark Humor,,fr,La Mouette Muette - Existential & Dark Humor (French) Design,"« La Mouette Muette » en typographie or et noir, minimaliste et percutante. Un design pour les amateur·ices d'humour noir et d'absurde. Idée cadeau parfaite, à porter ou offrir. Disponible sur t-shirt, sweat, sticker, mug, tote bag, poster et plus. #existential #typographie","existential, nihilism, dark humor, philosophy, absurd, mouette, muette, existential & dark humor, funny shirt, typography, minimalist, aesthetic, gift idea, trendy design, statement tee, for men, for women",produits/punchlines/pl_mouette_fr__dark.png,produits/punchlines/pl_mouette_fr__light.png
pl_mousquetaire_fr,punchlines,existential,Existential & Dark Humor,,fr,"Tching Tching, Je Suis Un Mousquetaire - Existential & Dark Humor (French) Design","« Tching Tching, Je Suis Un Mousquetaire » en typographie or et noir, minimaliste et percutante. Un design pour les amateur·ices d'humour noir et d'absurde. Idée cadeau parfaite, à porter ou offrir. Disponible sur t-shirt, sweat, sticker, mug, tote bag, poster et plus. #existential #typographie","existential, nihilism, dark humor, philosophy, absurd, tching, suis, mousquetaire, existential & dark humor, funny shirt, typography, minimalist, aesthetic, gift idea, trendy design, statement tee, for men, for women",produits/punchlines/pl_mousquetaire_fr__dark.png,produits/punchlines/pl_mousquetaire_fr__light.png
pl_mur_reves_fr,punchlines,existential,Existential & Dark Humor,,fr,Au Bout De Mes Rêves Y'A Un Mur - Existential & Dark Humor (French) Design,"« Au Bout De Mes Rêves Y'A Un Mur » en typographie or et noir, minimaliste et percutante. Un design pour les amateur·ices d'humour noir et d'absurde. Idée cadeau parfaite, à porter ou offrir. Disponible sur t-shirt, sweat, sticker, mug, tote bag, poster et plus. #existential #typographie","existential, nihilism, dark humor, philosophy, absurd, bout, rêves, existential & dark humor, funny shirt, typography, minimalist, aesthetic, gift idea, trendy design, statement tee, for men, for women",produits/punchlines/pl_mur_reves_fr__dark.png,produits/punchlines/pl_mur_reves_fr__light.png
pl_naitre_mourir_fr,punchlines,existential,Existential & Dark Humor,,fr,"On Naît, On Stresse, On Meurt - Existential & Dark Humor (French) Design","« On Naît, On Stresse, On Meurt » en typographie or et noir, minimaliste et percutante. Un design pour les amateur·ices d'humour noir et d'absurde. Idée cadeau parfaite, à porter ou offrir. Disponible sur t-shirt, sweat, sticker, mug, tote bag, poster et plus. #existential #typographie","existential, nihilism, dark humor, philosophy, absurd, naît, stresse, meurt, existential & dark humor, funny shirt, typography, minimalist, aesthetic, gift idea, trendy design, statement tee, for men, for women",produits/punchlines/pl_naitre_mourir_fr__dark.png,produits/punchlines/pl_naitre_mourir_fr__light.png
pl_nap_queen_en,punchlines,existential,Existential & Dark Humor,,en,Nap Royalty - Existential & Dark Humor Typography Design,"""Nap Royalty"" in clean gold-and-black minimalist typography. A statement design for lovers of dark humor and the absurd. Makes a perfect gift to wear or give. Available on tees, hoodies, stickers, mugs, tote bags, posters and more. #existential #typography","existential, nihilism, dark humor, philosophy, absurd, royalty, existential & dark humor, funny shirt, typography, minimalist, aesthetic, gift idea, trendy design, statement tee, for men, for women",produits/punchlines/pl_nap_queen_en__dark.png,produits/punchlines/pl_nap_queen_en__light.png
pl_ne_travaillez_fr,punchlines,existential,Existential & Dark Humor,,fr,Ne Travaillez Jamais - Existential & Dark Humor (French) Design,"« Ne Travaillez Jamais » en typographie or et noir, minimaliste et percutante. Un design pour les amateur·ices d'humour noir et d'absurde. Idée cadeau parfaite, à porter ou offrir. Disponible sur t-shirt, sweat, sticker, mug, tote bag, poster et plus. #existential #typographie","existential, nihilism, dark humor, philosophy, absurd, travaillez, jamais, existential & dark humor, funny shirt, typography, minimalist, aesthetic, gift idea, trendy design, statement tee, for men, for women",produits/punchlines/pl_ne_travaillez_fr__dark.png,produits/punchlines/pl_ne_travaillez_fr__light.png
pl_neant_salue_fr,punchlines,existential,Existential & Dark Humor,,fr,Le Néant Vous Salue Bien - Existential & Dark Humor (French) Design,"« Le Néant Vous Salue Bien » en typographie or et noir, minimaliste et percutante. Un design pour les amateur·ices d'humour noir et d'absurde. Idée cadeau parfaite, à porter ou offrir. Disponible sur t-shirt, sweat, sticker, mug, tote bag, poster et plus. #existential #typographie","existential, nihilism, dark humor, philosophy, absurd, néant, salue, bien, existential & dark humor, funny shirt, typography, minimalist, aesthetic, gift idea, trendy design, statement tee, for men, for women",produits/punchlines/pl_neant_salue_fr__dark.png,produits/punchlines/pl_neant_salue_fr__light.png
pl_no_one_free_en,punchlines,existential,Existential & Dark Humor,,en,No One Is Free Until We All Are - Existential & Dark Humor Typography Design,"""No One Is Free Until We All Are"" in clean gold-and-black minimalist typography. A statement design for lovers of dark humor and the absurd. Makes a perfect gift to wear or give. Available on tees, hoodies, stickers, mugs, tote bags, posters and more. #existential #typography","existential, nihilism, dark humor, philosophy, absurd, free, until, existential & dark humor, funny shirt, typography, minimalist, aesthetic, gift idea, trendy design, statement tee, for men, for women",produits/punchlines/pl_no_one_free_en__dark.png,produits/punchlines/pl_no_one_free_en__light.png
pl_non_fr,punchlines,existential,Existential & Dark Humor,,fr,Non. - Existential & Dark Humor (French) Design,"« Non. » en typographie or et noir, minimaliste et percutante. Un design pour les amateur·ices d'humour noir et d'absurde. Idée cadeau parfaite, à porter ou offrir. Disponible sur t-shirt, sweat, sticker, mug, tote bag, poster et plus. #existential #typographie","existential, nihilism, dark humor, philosophy, absurd, existential & dark humor, funny shirt, typography, minimalist, aesthetic, gift idea, trendy design, statement tee, for men, for women",produits/punchlines/pl_non_fr__dark.png,produits/punchlines/pl_non_fr__light.png
pl_normal_malade_fr,punchlines,existential,Existential & Dark Humor,,fr,"Être Bien Adapté À Une Société Malade, Non Merci - Existential & Dark Humor (French) Design","« Être Bien Adapté À Une Société Malade, Non Merci » en typographie or et noir, minimaliste et percutante. Un design pour les amateur·ices d'humour noir et d'absurde. Idée cadeau parfaite, à porter ou offrir. Disponible sur t-shirt, sweat, sticker, mug, tote bag, poster et plus. #existential #typographie","existential, nihilism, dark humor, philosophy, absurd, bien, adapté, société, malade, merci, existential & dark humor, funny shirt, typography, minimalist, aesthetic, gift idea, trendy design, statement tee, for men, for women",produits/punchlines/pl_normal_malade_fr__dark.png,produits/punchlines/pl_normal_malade_fr__light.png
pl_numero_fr,punchlines,existential,Existential & Dark Humor,,fr,Pas Un Numéro. Un Être Vivant. - Existential & Dark Humor (French) Design,"« Pas Un Numéro. Un Être Vivant. » en typographie or et noir, minimaliste et percutante. Un design pour les amateur·ices d'humour noir et d'absurde. Idée cadeau parfaite, à porter ou offrir. Disponible sur t-shirt, sweat, sticker, mug, tote bag, poster et plus. #existential #typographie","existential, nihilism, dark humor, philosophy, absurd, numéro, vivant, existential & dark humor, funny shirt, typography, minimalist, aesthetic, gift idea, trendy design, statement tee, for men, for women",produits/punchlines/pl_numero_fr__dark.png,produits/punchlines/pl_numero_fr__light.png
pl_optimism_en,punchlines,existential,Existential & Dark Humor,,en,Optimism: Out Of Stock - Existential & Dark Humor Typography Design,"""Optimism: Out Of Stock"" in clean gold-and-black minimalist typography. A statement design for lovers of dark humor and the absurd. Makes a perfect gift to wear or give. Available on tees, hoodies, stickers, mugs, tote bags, posters and more. #existential #typography","existential, nihilism, dark humor, philosophy, absurd, optimism, stock, existential & dark humor, funny shirt, typography, minimalist, aesthetic, gift idea, trendy design, statement tee, for men, for women",produits/punchlines/pl_optimism_en__dark.png,produits/punchlines/pl_optimism_en__light.png
pl_optimisme_fr,punchlines,existential,Existential & Dark Humor,,fr,Optimisme : Rupture De Stock - Existential & Dark Humor (French) Design,"« Optimisme : Rupture De Stock » en typographie or et noir, minimaliste et percutante. Un design pour les amateur·ices d'humour noir et d'absurde. Idée cadeau parfaite, à porter ou offrir. Disponible sur t-shirt, sweat, sticker, mug, tote bag, poster et plus. #existential #typographie","existential, nihilism, dark humor, philosophy, absurd, optimisme, rupture, stock, existential & dark humor, funny shirt, typography, minimalist, aesthetic, gift idea, trendy design, statement tee, for men, for women",produits/punchlines/pl_optimisme_fr__dark.png,produits/punchlines/pl_optimisme_fr__light.png
pl_page12_fr,punchlines,existential,Existential & Dark Humor,,fr,Fin Du Monde : Détails En Page 12 - Existential & Dark Humor (French) Design,"« Fin Du Monde : Détails En Page 12 » en typographie or et noir, minimaliste et percutante. Un design pour les amateur·ices d'humour noir et d'absurde. Idée cadeau parfaite, à porter ou offrir. Disponible sur t-shirt, sweat, sticker, mug, tote bag, poster et plus. #existential #typographie","existential, nihilism, dark humor, philosophy, absurd, monde, détails, page, existential & dark humor, funny shirt, typography, minimalist, aesthetic, gift idea, trendy design, statement tee, for men, for women",produits/punchlines/pl_page12_fr__dark.png,produits/punchlines/pl_page12_fr__light.png
pl_panem_pain_fr,punchlines,existential,Existential & Dark Humor,,fr,Panem Et Circenses (Surtout Le Pain) - Existential & Dark Humor (French) Design,"« Panem Et Circenses (Surtout Le Pain) » en typographie or et noir, minimaliste et percutante. Un design pour les amateur·ices d'humour noir et d'absurde. Idée cadeau parfaite, à porter ou offrir. Disponible sur t-shirt, sweat, sticker, mug, tote bag, poster et plus. #existential #typographie","existential, nihilism, dark humor, philosophy, absurd, panem, circenses, surtout, pain, existential & dark humor, funny shirt, typography, minimalist, aesthetic, gift idea, trendy design, statement tee, for men, for women",produits/punchlines/pl_panem_pain_fr__dark.png,produits/punchlines/pl_panem_pain_fr__light.png
pl_pas_paranos_fr,punchlines,existential,Existential & Dark Humor,,fr,"On N'Est Pas Parano, On Est Lucides - Existential & Dark Humor (French) Design","« On N'Est Pas Parano, On Est Lucides » en typographie or et noir, minimaliste et percutante. Un design pour les amateur·ices d'humour noir et d'absurde. Idée cadeau parfaite, à porter ou offrir. Disponible sur t-shirt, sweat, sticker, mug, tote bag, poster et plus. #existential #typographie","existential, nihilism, dark humor, philosophy, absurd, n'est, parano, lucides, existential & dark humor, funny shirt, typography, minimalist, aesthetic, gift idea, trendy design, statement tee, for men, for women",produits/punchlines/pl_pas_paranos_fr__dark.png,produits/punchlines/pl_pas_paranos_fr__light.png
pl_pense_fuis_fr,punchlines,existential,Existential & Dark Humor,,fr,Je Pense Donc Je Fuis - Existential & Dark Humor (French) Design,"« Je Pense Donc Je Fuis » en typographie or et noir, minimaliste et percutante. Un design pour les amateur·ices d'humour noir et d'absurde. Idée cadeau parfaite, à porter ou offrir. Disponible sur t-shirt, sweat, sticker, mug, tote bag, poster et plus. #existential #typographie","existential, nihilism, dark humor, philosophy, absurd, pense, donc, fuis, existential & dark humor, funny shirt, typography, minimalist, aesthetic, gift idea, trendy design, statement tee, for men, for women",produits/punchlines/pl_pense_fuis_fr__dark.png,produits/punchlines/pl_pense_fuis_fr__light.png
pl_persevoler_fr,punchlines,existential,Existential & Dark Humor,,fr,"Errare Humanum Est, Persévérer Diabolique - Existential & Dark Humor (French) Design","« Errare Humanum Est, Persévérer Diabolique » en typographie or et noir, minimaliste et percutante. Un design pour les amateur·ices d'humour noir et d'absurde. Idée cadeau parfaite, à porter ou offrir. Disponible sur t-shirt, sweat, sticker, mug, tote bag, poster et plus. #existential #typographie","existential, nihilism, dark humor, philosophy, absurd, errare, humanum, persévérer, diabolique, existential & dark humor, funny shirt, typography, minimalist, aesthetic, gift idea, trendy design, statement tee, for men, for women",produits/punchlines/pl_persevoler_fr__dark.png,produits/punchlines/pl_persevoler_fr__light.png
pl_pile_charge_fr,punchlines,existential,Existential & Dark Humor,,fr,Batterie Sociale : 0 % - Existential & Dark Humor (French) Design,"« Batterie Sociale : 0 % » en typographie or et noir, minimaliste et percutante. Un design pour les amateur·ices d'humour noir et d'absurde. Idée cadeau parfaite, à porter ou offrir. Disponible sur t-shirt, sweat, sticker, mug, tote bag, poster et plus. #existential #typographie","existential, nihilism, dark humor, philosophy, absurd, batterie, sociale, existential & dark humor, funny shirt, typography, minimalist, aesthetic, gift idea, trendy design, statement tee, for men, for women",produits/punchlines/pl_pile_charge_fr__dark.png,produits/punchlines/pl_pile_charge_fr__light.png
pl_plot_twist_en,punchlines,existential,Existential & Dark Humor,,en,Plot Twist: Nobody's Coming To Save Us - Existential & Dark Humor Typography Design,"""Plot Twist: Nobody's Coming To Save Us"" in clean gold-and-black minimalist typography. A statement design for lovers of dark humor and the absurd. Makes a perfect gift to wear or give. Available on tees, hoodies, stickers, mugs, tote bags, posters and more. #existential #typography","existential, nihilism, dark humor, philosophy, absurd, plot, twist, nobody's, coming, save, existential & dark humor, funny shirt, typography, minimalist, aesthetic, gift idea, trendy design, statement tee, for men, for women",produits/punchlines/pl_plot_twist_en__dark.png,produits/punchlines/pl_plot_twist_en__light.png
pl_plutot_la_vie_fr,punchlines,existential,Existential & Dark Humor,,fr,Plutôt La Vie - Existential & Dark Humor (French) Design,"« Plutôt La Vie » en typographie or et noir, minimaliste et percutante. Un design pour les amateur·ices d'humour noir et d'absurde. Idée cadeau parfaite, à porter ou offrir. Disponible sur t-shirt, sweat, sticker, mug, tote bag, poster et plus. #existential #typographie","existential, nihilism, dark humor, philosophy, absurd, plutôt, existential & dark humor, funny shirt, typography, minimalist, aesthetic, gift idea, trendy design, statement tee, for men, for women",produits/punchlines/pl_plutot_la_vie_fr__dark.png,produits/punchlines/pl_plutot_la_vie_fr__light.png
pl_pourquoi_simple_fr,punchlines,existential,Existential & Dark Humor,,fr,Pourquoi Faire Simple Quand On Peut Tout Gâcher - Existential & Dark Humor (French) Design,"« Pourquoi Faire Simple Quand On Peut Tout Gâcher » en typographie or et noir, minimaliste et percutante. Un design pour les amateur·ices d'humour noir et d'absurde. Idée cadeau parfaite, à porter ou offrir. Disponible sur t-shirt, sweat, sticker, mug, tote bag, poster et plus. #existential #typographie","existential, nihilism, dark humor, philosophy, absurd, pourquoi, faire, simple, quand, peut, existential & dark humor, funny shirt, typography, minimalist, aesthetic, gift idea, trendy design, statement tee, for men, for women",produits/punchlines/pl_pourquoi_simple_fr__dark.png,produits/punchlines/pl_pourquoi_simple_fr__light.png
pl_poussiere_fr,punchlines,existential,Existential & Dark Humor,,fr,"Poussière Tu Es, Stressée Tu Resteras - Existential & Dark Humor (French) Design","« Poussière Tu Es, Stressée Tu Resteras » en typographie or et noir, minimaliste et percutante. Un design pour les amateur·ices d'humour noir et d'absurde. Idée cadeau parfaite, à porter ou offrir. Disponible sur t-shirt, sweat, sticker, mug, tote bag, poster et plus. #existential #typographie","existential, nihilism, dark humor, philosophy, absurd, poussière, stressée, resteras, existential & dark humor, funny shirt, typography, minimalist, aesthetic, gift idea, trendy design, statement tee, for men, for women",produits/punchlines/pl_poussiere_fr__dark.png,produits/punchlines/pl_poussiere_fr__light.png
pl_pro_disappointment_en,punchlines,existential,Existential & Dark Humor,,en,Professional Disappointment - Existential & Dark Humor Typography Design,"""Professional Disappointment"" in clean gold-and-black minimalist typography. A statement design for lovers of dark humor and the absurd. Makes a perfect gift to wear or give. Available on tees, hoodies, stickers, mugs, tote bags, posters and more. #existential #typography","existential, nihilism, dark humor, philosophy, absurd, professional, disappointment, existential & dark humor, funny shirt, typography, minimalist, aesthetic, gift idea, trendy design, statement tee, for men, for women",produits/punchlines/pl_pro_disappointment_en__dark.png,produits/punchlines/pl_pro_disappointment_en__light.png
pl_profitez_fini_fr,punchlines,existential,Existential & Dark Humor,,fr,"Profitez, C'Est Bientôt Fini - Existential & Dark Humor (French) Design","« Profitez, C'Est Bientôt Fini » en typographie or et noir, minimaliste et percutante. Un design pour les amateur·ices d'humour noir et d'absurde. Idée cadeau parfaite, à porter ou offrir. Disponible sur t-shirt, sweat, sticker, mug, tote bag, poster et plus. #existential #typographie","existential, nihilism, dark humor, philosophy, absurd, profitez, c'est, bientôt, fini, existential & dark humor, funny shirt, typography, minimalist, aesthetic, gift idea, trendy design, statement tee, for men, for women",produits/punchlines/pl_profitez_fini_fr__dark.png,produits/punchlines/pl_profitez_fini_fr__light.png
pl_profits_poumons_fr,punchlines,existential,Existential & Dark Humor,,fr,"Vos Profits, Nos Poumons - Existential & Dark Humor (French) Design","« Vos Profits, Nos Poumons » en typographie or et noir, minimaliste et percutante. Un design pour les amateur·ices d'humour noir et d'absurde. Idée cadeau parfaite, à porter ou offrir. Disponible sur t-shirt, sweat, sticker, mug, tote bag, poster et plus. #existential #typographie","existential, nihilism, dark humor, philosophy, absurd, profits, poumons, existential & dark humor, funny shirt, typography, minimalist, aesthetic, gift idea, trendy design, statement tee, for men, for women",produits/punchlines/pl_profits_poumons_fr__dark.png,produits/punchlines/pl_profits_poumons_fr__light.png
pl_quoi_bon_fr,punchlines,existential,Existential & Dark Humor,,fr,À Quoi Bon (Mais Quand Même) - Existential & Dark Humor (French) Design,"« À Quoi Bon (Mais Quand Même) » en typographie or et noir, minimaliste et percutante. Un design pour les amateur·ices d'humour noir et d'absurde. Idée cadeau parfaite, à porter ou offrir. Disponible sur t-shirt, sweat, sticker, mug, tote bag, poster et plus. #existential #typographie","existential, nihilism, dark humor, philosophy, absurd, quoi, quand, même, existential & dark humor, funny shirt, typography, minimalist, aesthetic, gift idea, trendy design, statement tee, for men, for women",produits/punchlines/pl_quoi_bon_fr__dark.png,produits/punchlines/pl_quoi_bon_fr__light.png
pl_quouije_fr,punchlines,existential,Existential & Dark Humor,,fr,Qu'Ouïe-Je ? - Existential & Dark Humor (French) Design,"« Qu'Ouïe-Je ? » en typographie or et noir, minimaliste et percutante. Un design pour les amateur·ices d'humour noir et d'absurde. Idée cadeau parfaite, à porter ou offrir. Disponible sur t-shirt, sweat, sticker, mug, tote bag, poster et plus. #existential #typographie","existential, nihilism, dark humor, philosophy, absurd, qu'ouïe, existential & dark humor, funny shirt, typography, minimalist, aesthetic, gift idea, trendy design, statement tee, for men, for women",produits/punchlines/pl_quouije_fr__dark.png,produits/punchlines/pl_quouije_fr__light.png
pl_reve_realite_fr,punchlines,existential,Existential & Dark Humor,,fr,Le Rêve Est Réalité - Existential & Dark Humor (French) Design,"« Le Rêve Est Réalité » en typographie or et noir, minimaliste et percutante. Un design pour les amateur·ices d'humour noir et d'absurde. Idée cadeau parfaite, à porter ou offrir. Disponible sur t-shirt, sweat, sticker, mug, tote bag, poster et plus. #existential #typographie","existential, nihilism, dark humor, philosophy, absurd, rêve, réalité, existential & dark humor, funny shirt, typography, minimalist, aesthetic, gift idea, trendy design, statement tee, for men, for women",produits/punchlines/pl_reve_realite_fr__dark.png,produits/punchlines/pl_reve_realite_fr__light.png
pl_reveil_ennemi_fr,punchlines,existential,Existential & Dark Humor,,fr,Mon Réveil Est Mon Ennemi - Existential & Dark Humor (French) Design,"« Mon Réveil Est Mon Ennemi » en typographie or et noir, minimaliste et percutante. Un design pour les amateur·ices d'humour noir et d'absurde. Idée cadeau parfaite, à porter ou offrir. Disponible sur t-shirt, sweat, sticker, mug, tote bag, poster et plus. #existential #typographie","existential, nihilism, dark humor, philosophy, absurd, réveil, ennemi, existential & dark humor, funny shirt, typography, minimalist, aesthetic, gift idea, trendy design, statement tee, for men, for women",produits/punchlines/pl_reveil_ennemi_fr__dark.png,produits/punchlines/pl_reveil_ennemi_fr__light.png
pl_rien_sens_fr,punchlines,existential,Existential & Dark Humor,,fr,Rien N'A De Sens. Souris Quand Même. - Existential & Dark Humor (French) Design,"« Rien N'A De Sens. Souris Quand Même. » en typographie or et noir, minimaliste et percutante. Un design pour les amateur·ices d'humour noir et d'absurde. Idée cadeau parfaite, à porter ou offrir. Disponible sur t-shirt, sweat, sticker, mug, tote bag, poster et plus. #existential #typographie","existential, nihilism, dark humor, philosophy, absurd, rien, sens, souris, quand, même, existential & dark humor, funny shirt, typography, minimalist, aesthetic, gift idea, trendy design, statement tee, for men, for women",produits/punchlines/pl_rien_sens_fr__dark.png,produits/punchlines/pl_rien_sens_fr__light.png
pl_riot_unheard_en,punchlines,existential,Existential & Dark Humor,,en,A Riot Is The Language Of The Unheard - Existential & Dark Humor Typography Design,"""A Riot Is The Language Of The Unheard"" in clean gold-and-black minimalist typography. A statement design for lovers of dark humor and the absurd. Makes a perfect gift to wear or give. Available on tees, hoodies, stickers, mugs, tote bags, posters and more. #existential #typography","existential, nihilism, dark humor, philosophy, absurd, riot, language, unheard, existential & dark humor, funny shirt, typography, minimalist, aesthetic, gift idea, trendy design, statement tee, for men, for women",produits/punchlines/pl_riot_unheard_en__dark.png,produits/punchlines/pl_riot_unheard_en__light.png
pl_sarcasm_en,punchlines,existential,Existential & Dark Humor,,en,Emotionally Fluent In Sarcasm - Existential & Dark Humor Typography Design,"""Emotionally Fluent In Sarcasm"" in clean gold-and-black minimalist typography. A statement design for lovers of dark humor and the absurd. Makes a perfect gift to wear or give. Available on tees, hoodies, stickers, mugs, tote bags, posters and more. #existential #typography","existential, nihilism, dark humor, philosophy, absurd, emotionally, fluent, sarcasm, existential & dark humor, funny shirt, typography, minimalist, aesthetic, gift idea, trendy design, statement tee, for men, for women",produits/punchlines/pl_sarcasm_en__dark.png,produits/punchlines/pl_sarcasm_en__light.png
pl_seas_day_en,punchlines,existential,Existential & Dark Humor,,en,Seas The Day - Existential & Dark Humor Typography Design,"""Seas The Day"" in clean gold-and-black minimalist typography. A statement design for lovers of dark humor and the absurd. Makes a perfect gift to wear or give. Available on tees, hoodies, stickers, mugs, tote bags, posters and more. #existential #typography","existential, nihilism, dark humor, philosophy, absurd, seas, existential & dark humor, funny shirt, typography, minimalist, aesthetic, gift idea, trendy design, statement tee, for men, for women",produits/punchlines/pl_seas_day_en__dark.png,produits/punchlines/pl_seas_day_en__light.png
pl_seeds_en,punchlines,existential,Existential & Dark Humor,,en,They Buried Us. They Didn't Know We Were Seeds - Existential & Dark Humor Typography Design,"""They Buried Us. They Didn't Know We Were Seeds"" in clean gold-and-black minimalist typography. A statement design for lovers of dark humor and the absurd. Makes a perfect gift to wear or give. Available on tees, hoodies, stickers, mugs, tote bags, posters and more. #existential #typography","existential, nihilism, dark humor, philosophy, absurd, buried, didn't, know, were, seeds, existential & dark humor, funny shirt, typography, minimalist, aesthetic, gift idea, trendy design, statement tee, for men, for women",produits/punchlines/pl_seeds_en__dark.png,produits/punchlines/pl_seeds_en__light.png
pl_sersje_fr,punchlines,existential,Existential & Dark Humor,,fr,À Quoi Sers-Je ? - Existential & Dark Humor (French) Design,"« À Quoi Sers-Je ? » en typographie or et noir, minimaliste et percutante. Un design pour les amateur·ices d'humour noir et d'absurde. Idée cadeau parfaite, à porter ou offrir. Disponible sur t-shirt, sweat, sticker, mug, tote bag, poster et plus. #existential #typographie","existential, nihilism, dark humor, philosophy, absurd, quoi, sers, existential & dark humor, funny shirt, typography, minimalist, aesthetic, gift idea, trendy design, statement tee, for men, for women",produits/punchlines/pl_sersje_fr__dark.png,produits/punchlines/pl_sersje_fr__light.png
pl_sieste_historique_fr,punchlines,existential,Existential & Dark Humor,,fr,Sur Le Point De Faire Une Sieste Historique - Existential & Dark Humor (French) Design,"« Sur Le Point De Faire Une Sieste Historique » en typographie or et noir, minimaliste et percutante. Un design pour les amateur·ices d'humour noir et d'absurde. Idée cadeau parfaite, à porter ou offrir. Disponible sur t-shirt, sweat, sticker, mug, tote bag, poster et plus. #existential #typographie","existential, nihilism, dark humor, philosophy, absurd, point, faire, sieste, historique, existential & dark humor, funny shirt, typography, minimalist, aesthetic, gift idea, trendy design, statement tee, for men, for women",produits/punchlines/pl_sieste_historique_fr__dark.png,produits/punchlines/pl_sieste_historique_fr__light.png
pl_silence_complice2_fr,punchlines,existential,Existential & Dark Humor,,fr,"Ne Rien Dire, C'Est Choisir L'Oppresseur - Existential & Dark Humor (French) Design","« Ne Rien Dire, C'Est Choisir L'Oppresseur » en typographie or et noir, minimaliste et percutante. Un design pour les amateur·ices d'humour noir et d'absurde. Idée cadeau parfaite, à porter ou offrir. Disponible sur t-shirt, sweat, sticker, mug, tote bag, poster et plus. #existential #typographie","existential, nihilism, dark humor, philosophy, absurd, rien, dire, c'est, choisir, l'oppresseur, existential & dark humor, funny shirt, typography, minimalist, aesthetic, gift idea, trendy design, statement tee, for men, for women",produits/punchlines/pl_silence_complice2_fr__dark.png,produits/punchlines/pl_silence_complice2_fr__light.png
pl_silence_complice_fr,punchlines,existential,Existential & Dark Humor,,fr,Le Silence Est Complice - Existential & Dark Humor (French) Design,"« Le Silence Est Complice » en typographie or et noir, minimaliste et percutante. Un design pour les amateur·ices d'humour noir et d'absurde. Idée cadeau parfaite, à porter ou offrir. Disponible sur t-shirt, sweat, sticker, mug, tote bag, poster et plus. #existential #typographie","existential, nihilism, dark humor, philosophy, absurd, silence, complice, existential & dark humor, funny shirt, typography, minimalist, aesthetic, gift idea, trendy design, statement tee, for men, for women",produits/punchlines/pl_silence_complice_fr__dark.png,produits/punchlines/pl_silence_complice_fr__light.png
pl_silence_or_fr,punchlines,existential,Existential & Dark Humor,,fr,Le Silence Est D'Or. Moi Je Suis Fauché. - Existential & Dark Humor (French) Design,"« Le Silence Est D'Or. Moi Je Suis Fauché. » en typographie or et noir, minimaliste et percutante. Un design pour les amateur·ices d'humour noir et d'absurde. Idée cadeau parfaite, à porter ou offrir. Disponible sur t-shirt, sweat, sticker, mug, tote bag, poster et plus. #existential #typographie","existential, nihilism, dark humor, philosophy, absurd, silence, d'or, suis, fauché, existential & dark humor, funny shirt, typography, minimalist, aesthetic, gift idea, trendy design, statement tee, for men, for women",produits/punchlines/pl_silence_or_fr__dark.png,produits/punchlines/pl_silence_or_fr__light.png
pl_skin_style_en,punchlines,existential,Existential & Dark Humor,,en,Their Skin Is Not Your Style - Existential & Dark Humor Typography Design,"""Their Skin Is Not Your Style"" in clean gold-and-black minimalist typography. A statement design for lovers of dark humor and the absurd. Makes a perfect gift to wear or give. Available on tees, hoodies, stickers, mugs, tote bags, posters and more. #existential #typography","existential, nihilism, dark humor, philosophy, absurd, their, skin, style, existential & dark humor, funny shirt, typography, minimalist, aesthetic, gift idea, trendy design, statement tee, for men, for women",produits/punchlines/pl_skin_style_en__dark.png,produits/punchlines/pl_skin_style_en__light.png
pl_souris_interieur_fr,punchlines,existential,Existential & Dark Humor,,fr,Je Souris. À L'Intérieur C'Est Le Chaos - Existential & Dark Humor (French) Design,"« Je Souris. À L'Intérieur C'Est Le Chaos » en typographie or et noir, minimaliste et percutante. Un design pour les amateur·ices d'humour noir et d'absurde. Idée cadeau parfaite, à porter ou offrir. Disponible sur t-shirt, sweat, sticker, mug, tote bag, poster et plus. #existential #typographie","existential, nihilism, dark humor, philosophy, absurd, souris, l'intérieur, c'est, chaos, existential & dark humor, funny shirt, typography, minimalist, aesthetic, gift idea, trendy design, statement tee, for men, for women",produits/punchlines/pl_souris_interieur_fr__dark.png,produits/punchlines/pl_souris_interieur_fr__light.png
pl_stay_soft_en,punchlines,existential,Existential & Dark Humor,,en,"Stay Angry, Stay Soft - Existential & Dark Humor Typography Design","""Stay Angry, Stay Soft"" in clean gold-and-black minimalist typography. A statement design for lovers of dark humor and the absurd. Makes a perfect gift to wear or give. Available on tees, hoodies, stickers, mugs, tote bags, posters and more. #existential #typography","existential, nihilism, dark humor, philosophy, absurd, stay, angry, soft, existential & dark humor, funny shirt, typography, minimalist, aesthetic, gift idea, trendy design, statement tee, for men, for women",produits/punchlines/pl_stay_soft_en__dark.png,produits/punchlines/pl_stay_soft_en__light.png
pl_surviving_en,punchlines,existential,Existential & Dark Humor,,en,"Surviving, Not Thriving (But Make It Cute) - Existential & Dark Humor Typography Design","""Surviving, Not Thriving (But Make It Cute)"" in clean gold-and-black minimalist typography. A statement design for lovers of dark humor and the absurd. Makes a perfect gift to wear or give. Available on tees, hoodies, stickers, mugs, tote bags, posters and more. #existential #typography","existential, nihilism, dark humor, philosophy, absurd, surviving, thriving, make, cute, existential & dark humor, funny shirt, typography, minimalist, aesthetic, gift idea, trendy design, statement tee, for men, for women",produits/punchlines/pl_surviving_en__dark.png,produits/punchlines/pl_surviving_en__light.png
pl_terre_heritage_fr,punchlines,existential,Existential & Dark Humor,,fr,"La Terre N'Est Pas Un Héritage, C'Est Un Emprunt - Existential & Dark Humor (French) Design","« La Terre N'Est Pas Un Héritage, C'Est Un Emprunt » en typographie or et noir, minimaliste et percutante. Un design pour les amateur·ices d'humour noir et d'absurde. Idée cadeau parfaite, à porter ou offrir. Disponible sur t-shirt, sweat, sticker, mug, tote bag, poster et plus. #existential #typographie","existential, nihilism, dark humor, philosophy, absurd, terre, n'est, héritage, c'est, emprunt, existential & dark humor, funny shirt, typography, minimalist, aesthetic, gift idea, trendy design, statement tee, for men, for women",produits/punchlines/pl_terre_heritage_fr__dark.png,produits/punchlines/pl_terre_heritage_fr__light.png
pl_terre_temoin_fr,punchlines,existential,Existential & Dark Humor,,fr,La Terre Brûle Et Nous Regardons Ailleurs - Existential & Dark Humor (French) Design,"« La Terre Brûle Et Nous Regardons Ailleurs » en typographie or et noir, minimaliste et percutante. Un design pour les amateur·ices d'humour noir et d'absurde. Idée cadeau parfaite, à porter ou offrir. Disponible sur t-shirt, sweat, sticker, mug, tote bag, poster et plus. #existential #typographie","existential, nihilism, dark humor, philosophy, absurd, terre, brûle, regardons, ailleurs, existential & dark humor, funny shirt, typography, minimalist, aesthetic, gift idea, trendy design, statement tee, for men, for women",produits/punchlines/pl_terre_temoin_fr__dark.png,produits/punchlines/pl_terre_temoin_fr__light.png
pl_this_is_fine_en,punchlines,existential,Existential & Dark Humor,,en,This Is Fine (It Is Not) - Existential & Dark Humor Typography Design,"""This Is Fine (It Is Not)"" in clean gold-and-black minimalist typography. A statement design for lovers of dark humor and the absurd. Makes a perfect gift to wear or give. Available on tees, hoodies, stickers, mugs, tote bags, posters and more. #existential #typography","existential, nihilism, dark humor, philosophy, absurd, fine, existential & dark humor, funny shirt, typography, minimalist, aesthetic, gift idea, trendy design, statement tee, for men, for women",produits/punchlines/pl_this_is_fine_en__dark.png,produits/punchlines/pl_this_is_fine_en__light.png
pl_touche_fond_fr,punchlines,existential,Existential & Dark Humor,,fr,"J'Ai Touché Le Fond. Et Là, Je Creuse. - Existential & Dark Humor (French) Design","« J'Ai Touché Le Fond. Et Là, Je Creuse. » en typographie or et noir, minimaliste et percutante. Un design pour les amateur·ices d'humour noir et d'absurde. Idée cadeau parfaite, à porter ou offrir. Disponible sur t-shirt, sweat, sticker, mug, tote bag, poster et plus. #existential #typographie","existential, nihilism, dark humor, philosophy, absurd, j'ai, touché, fond, creuse, existential & dark humor, funny shirt, typography, minimalist, aesthetic, gift idea, trendy design, statement tee, for men, for women",produits/punchlines/pl_touche_fond_fr__dark.png,produits/punchlines/pl_touche_fond_fr__light.png
pl_tout_a_nous_fr,punchlines,existential,Existential & Dark Humor,,fr,"Tout Est À Nous, Rien N'Est À Eux - Existential & Dark Humor (French) Design","« Tout Est À Nous, Rien N'Est À Eux » en typographie or et noir, minimaliste et percutante. Un design pour les amateur·ices d'humour noir et d'absurde. Idée cadeau parfaite, à porter ou offrir. Disponible sur t-shirt, sweat, sticker, mug, tote bag, poster et plus. #existential #typographie","existential, nihilism, dark humor, philosophy, absurd, rien, n'est, existential & dark humor, funny shirt, typography, minimalist, aesthetic, gift idea, trendy design, statement tee, for men, for women",produits/punchlines/pl_tout_a_nous_fr__dark.png,produits/punchlines/pl_tout_a_nous_fr__light.png
pl_tout_ca_fr,punchlines,existential,Existential & Dark Humor,,fr,Tout Ça Pour Ça - Existential & Dark Humor (French) Design,"« Tout Ça Pour Ça » en typographie or et noir, minimaliste et percutante. Un design pour les amateur·ices d'humour noir et d'absurde. Idée cadeau parfaite, à porter ou offrir. Disponible sur t-shirt, sweat, sticker, mug, tote bag, poster et plus. #existential #typographie","existential, nihilism, dark humor, philosophy, absurd, existential & dark humor, funny shirt, typography, minimalist, aesthetic, gift idea, trendy design, statement tee, for men, for women",produits/punchlines/pl_tout_ca_fr__dark.png,produits/punchlines/pl_tout_ca_fr__light.png
pl_tout_passe_fr,punchlines,existential,Existential & Dark Humor,,fr,Tout Passe. Même Ça. - Existential & Dark Humor (French) Design,"« Tout Passe. Même Ça. » en typographie or et noir, minimaliste et percutante. Un design pour les amateur·ices d'humour noir et d'absurde. Idée cadeau parfaite, à porter ou offrir. Disponible sur t-shirt, sweat, sticker, mug, tote bag, poster et plus. #existential #typographie","existential, nihilism, dark humor, philosophy, absurd, passe, même, existential & dark humor, funny shirt, typography, minimalist, aesthetic, gift idea, trendy design, statement tee, for men, for women",produits/punchlines/pl_tout_passe_fr__dark.png,produits/punchlines/pl_tout_passe_fr__light.png
pl_unbothered_en,punchlines,existential,Existential & Dark Humor,,en,Unbothered. Moisturized. Doomed. - Existential & Dark Humor Typography Design,"""Unbothered. Moisturized. Doomed."" in clean gold-and-black minimalist typography. A statement design for lovers of dark humor and the absurd. Makes a perfect gift to wear or give. Available on tees, hoodies, stickers, mugs, tote bags, posters and more. #existential #typography","existential, nihilism, dark humor, philosophy, absurd, unbothered, moisturized, doomed, existential & dark humor, funny shirt, typography, minimalist, aesthetic, gift idea, trendy design, statement tee, for men, for women",produits/punchlines/pl_unbothered_en__dark.png,produits/punchlines/pl_unbothered_en__light.png
pl_united_en,punchlines,existential,Existential & Dark Humor,,en,The People United Will Never Be Defeated - Existential & Dark Humor Typography Design,"""The People United Will Never Be Defeated"" in clean gold-and-black minimalist typography. A statement design for lovers of dark humor and the absurd. Makes a perfect gift to wear or give. Available on tees, hoodies, stickers, mugs, tote bags, posters and more. #existential #typography","existential, nihilism, dark humor, philosophy, absurd, people, united, never, defeated, existential & dark humor, funny shirt, typography, minimalist, aesthetic, gift idea, trendy design, statement tee, for men, for women",produits/punchlines/pl_united_en__dark.png,produits/punchlines/pl_united_en__light.png
pl_valeurs_decouvert_fr,punchlines,existential,Existential & Dark Humor,,fr,"Pas D'Argent, Mais Des Valeurs (Et Un Découvert) - Existential & Dark Humor (French) Design","« Pas D'Argent, Mais Des Valeurs (Et Un Découvert) » en typographie or et noir, minimaliste et percutante. Un design pour les amateur·ices d'humour noir et d'absurde. Idée cadeau parfaite, à porter ou offrir. Disponible sur t-shirt, sweat, sticker, mug, tote bag, poster et plus. #existential #typographie","existential, nihilism, dark humor, philosophy, absurd, d'argent, valeurs, découvert, existential & dark humor, funny shirt, typography, minimalist, aesthetic, gift idea, trendy design, statement tee, for men, for women",produits/punchlines/pl_valeurs_decouvert_fr__dark.png,produits/punchlines/pl_valeurs_decouvert_fr__light.png
pl_veni_vomi_fr,punchlines,existential,Existential & Dark Humor,,fr,"Veni, Vidi, Vomi - Existential & Dark Humor (French) Design","« Veni, Vidi, Vomi » en typographie or et noir, minimaliste et percutante. Un design pour les amateur·ices d'humour noir et d'absurde. Idée cadeau parfaite, à porter ou offrir. Disponible sur t-shirt, sweat, sticker, mug, tote bag, poster et plus. #existential #typographie","existential, nihilism, dark humor, philosophy, absurd, veni, vidi, vomi, existential & dark humor, funny shirt, typography, minimalist, aesthetic, gift idea, trendy design, statement tee, for men, for women",produits/punchlines/pl_veni_vomi_fr__dark.png,produits/punchlines/pl_veni_vomi_fr__light.png
pl_vide_appele_fr,punchlines,existential,Existential & Dark Humor,,fr,Le Vide A Appelé. J'Ai Pas Répondu. - Existential & Dark Humor (French) Design,"« Le Vide A Appelé. J'Ai Pas Répondu. » en typographie or et noir, minimaliste et percutante. Un design pour les amateur·ices d'humour noir et d'absurde. Idée cadeau parfaite, à porter ou offrir. Disponible sur t-shirt, sweat, sticker, mug, tote bag, poster et plus. #existential #typographie","existential, nihilism, dark humor, philosophy, absurd, vide, appelé, j'ai, répondu, existential & dark humor, funny shirt, typography, minimalist, aesthetic, gift idea, trendy design, statement tee, for men, for women",produits/punchlines/pl_vide_appele_fr__dark.png,produits/punchlines/pl_vide_appele_fr__light.png
pl_voice_shakes_en,punchlines,existential,Existential & Dark Humor,,en,"Speak The Truth, Even If Your Voice Shakes - Existential & Dark Humor Typography Design","""Speak The Truth, Even If Your Voice Shakes"" in clean gold-and-black minimalist typography. A statement design for lovers of dark humor and the absurd. Makes a perfect gift to wear or give. Available on tees, hoodies, stickers, mugs, tote bags, posters and more. #existential #typography","existential, nihilism, dark humor, philosophy, absurd, speak, truth, even, voice, shakes, existential & dark humor, funny shirt, typography, minimalist, aesthetic, gift idea, trendy design, statement tee, for men, for women",produits/punchlines/pl_voice_shakes_en__dark.png,produits/punchlines/pl_voice_shakes_en__light.png
pl_world_burning_en,punchlines,existential,Existential & Dark Humor,,en,The World Is On Fire And We're Looking Away - Existential & Dark Humor Typography Design,"""The World Is On Fire And We're Looking Away"" in clean gold-and-black minimalist typography. A statement design for lovers of dark humor and the absurd. Makes a perfect gift to wear or give. Available on tees, hoodies, stickers, mugs, tote bags, posters and more. #existential #typography","existential, nihilism, dark humor, philosophy, absurd, world, fire, we're, looking, away, existential & dark humor, funny shirt, typography, minimalist, aesthetic, gift idea, trendy design, statement tee, for men, for women",produits/punchlines/pl_world_burning_en__dark.png,produits/punchlines/pl_world_burning_en__light.png
tr_batterie_sociale_fr,trending,existential,Existential & Dark Humor,,fr,Batterie Sociale Vide - Existential & Dark Humor (French) Design,"« Batterie Sociale Vide » en typographie or et noir, minimaliste et percutante. Un design pour les amateur·ices d'humour noir et d'absurde. Idée cadeau parfaite, à porter ou offrir. Disponible sur t-shirt, sweat, sticker, mug, tote bag, poster et plus. #existential #typographie","existential, nihilism, dark humor, philosophy, absurd, batterie, sociale, vide, existential & dark humor, funny shirt, typography, minimalist, aesthetic, gift idea, trendy design, statement tee, for men, for women",produits/trending/tr_batterie_sociale_fr__dark.png,produits/trending/tr_batterie_sociale_fr__light.png
an_safe_fr,anti,feminism,Feminist,,fr,"Zone Sans Racisme, Homophobie, Sexisme, Validisme, Haine, Transphobie, - Feminist (French) Design","« Zone Sans Racisme, Homophobie, Sexisme, Validisme, Haine, Transphobie, » en typographie or et noir, minimaliste et percutante. Un design pour les féministes et celles qui défendent l'égalité. Idée cadeau parfaite, à porter ou offrir. Disponible sur t-shirt, sweat, sticker, mug, tote bag, poster et plus. #feminism #typographie","feminist, feminism, girl power, smash patriarchy, women rights, equal rights, feminist gift, zone, sans, racisme, homophobie, sexisme, funny shirt, typography, minimalist, aesthetic, gift idea, trendy design, statement tee, for men, for women",produits/anti/an_safe_fr__dark.png,produits/anti/an_safe_fr__light.png
ar_feministe_fr,arrow,feminism,Feminist,,fr,Lui Aussi Est Féministe - Feminist (French) Design,"« Lui Aussi Est Féministe » en typographie or et noir, minimaliste et percutante. Un design pour les féministes et celles qui défendent l'égalité. Idée cadeau parfaite, à porter ou offrir. Disponible sur t-shirt, sweat, sticker, mug, tote bag, poster et plus. #feminism #typographie","feminist, feminism, girl power, smash patriarchy, women rights, equal rights, feminist gift, aussi, féministe, funny shirt, typography, minimalist, aesthetic, gift idea, trendy design, statement tee, for men, for women",produits/arrow/ar_feministe_fr__dark.png,produits/arrow/ar_feministe_fr__light.png
co_after_all_en,corrige,feminism,Feminist,,en,After All This Time? Always. → Still Fighting. - Feminist Typography Design,"""After All This Time? Always. → Still Fighting."" in clean gold-and-black minimalist typography. A statement design for feminists and women who fight for equality. Makes a perfect gift to wear or give. Available on tees, hoodies, stickers, mugs, tote bags, posters and more. #feminism #typography","feminist, feminism, girl power, smash patriarchy, women rights, equal rights, feminist gift, after, time, always, still, fighting, funny shirt, typography, minimalist, aesthetic, gift idea, trendy design, statement tee, for men, for women",produits/corrige/co_after_all_en__dark.png,produits/corrige/co_after_all_en__light.png
co_all_you_need_en,corrige,feminism,Feminist,,en,All You Need Is Love → Human Rights - Feminist Typography Design,"""All You Need Is Love → Human Rights"" in clean gold-and-black minimalist typography. A statement design for feminists and women who fight for equality. Makes a perfect gift to wear or give. Available on tees, hoodies, stickers, mugs, tote bags, posters and more. #feminism #typography","feminist, feminism, girl power, smash patriarchy, women rights, equal rights, feminist gift, need, love, human, rights, funny shirt, typography, minimalist, aesthetic, gift idea, trendy design, statement tee, for men, for women",produits/corrige/co_all_you_need_en__dark.png,produits/corrige/co_all_you_need_en__light.png
co_another_day_en,corrige,feminism,Feminist,,en,"Another Day, Another Dollar → Another Fight - Feminist Typography Design","""Another Day, Another Dollar → Another Fight"" in clean gold-and-black minimalist typography. A statement design for feminists and women who fight for equality. Makes a perfect gift to wear or give. Available on tees, hoodies, stickers, mugs, tote bags, posters and more. #feminism #typography","feminist, feminism, girl power, smash patriarchy, women rights, equal rights, feminist gift, another, dollar, fight, funny shirt, typography, minimalist, aesthetic, gift idea, trendy design, statement tee, for men, for women",produits/corrige/co_another_day_en__dark.png,produits/corrige/co_another_day_en__light.png
co_antiscience_en,corrige,feminism,Feminist,,en,I Did My Own Research → Googling - Feminist Typography Design,"""I Did My Own Research → Googling"" in clean gold-and-black minimalist typography. A statement design for feminists and women who fight for equality. Makes a perfect gift to wear or give. Available on tees, hoodies, stickers, mugs, tote bags, posters and more. #feminism #typography","feminist, feminism, girl power, smash patriarchy, women rights, equal rights, feminist gift, research, googling, funny shirt, typography, minimalist, aesthetic, gift idea, trendy design, statement tee, for men, for women",produits/corrige/co_antiscience_en__dark.png,produits/corrige/co_antiscience_en__light.png
co_apolitique_fr,corrige,feminism,Feminist,,fr,Je Suis Apolitique → Juste Privilégié - Feminist (French) Design,"« Je Suis Apolitique → Juste Privilégié » en typographie or et noir, minimaliste et percutante. Un design pour les féministes et celles qui défendent l'égalité. Idée cadeau parfaite, à porter ou offrir. Disponible sur t-shirt, sweat, sticker, mug, tote bag, poster et plus. #feminism #typographie","feminist, feminism, girl power, smash patriarchy, women rights, equal rights, feminist gift, suis, apolitique, juste, privilégié, funny shirt, typography, minimalist, aesthetic, gift idea, trendy design, statement tee, for men, for women",produits/corrige/co_apolitique_fr__dark.png,produits/corrige/co_apolitique_fr__light.png
co_be_change_en,corrige,feminism,Feminist,,en,Be The Change You Wish To See → You Tax - Feminist Typography Design,"""Be The Change You Wish To See → You Tax"" in clean gold-and-black minimalist typography. A statement design for feminists and women who fight for equality. Makes a perfect gift to wear or give. Available on tees, hoodies, stickers, mugs, tote bags, posters and more. #feminism #typography","feminist, feminism, girl power, smash patriarchy, women rights, equal rights, feminist gift, change, wish, funny shirt, typography, minimalist, aesthetic, gift idea, trendy design, statement tee, for men, for women",produits/corrige/co_be_change_en__dark.png,produits/corrige/co_be_change_en__light.png
co_born_shop_en,corrige,feminism,Feminist,,en,Born To Shop → Adopt - Feminist Typography Design,"""Born To Shop → Adopt"" in clean gold-and-black minimalist typography. A statement design for feminists and women who fight for equality. Makes a perfect gift to wear or give. Available on tees, hoodies, stickers, mugs, tote bags, posters and more. #feminism #typography","feminist, feminism, girl power, smash patriarchy, women rights, equal rights, feminist gift, born, shop, adopt, funny shirt, typography, minimalist, aesthetic, gift idea, trendy design, statement tee, for men, for women",produits/corrige/co_born_shop_en__dark.png,produits/corrige/co_born_shop_en__light.png
co_boys_will_en,corrige,feminism,Feminist,,en,Boys Will Be Boys → Held Accountable - Feminist Typography Design,"""Boys Will Be Boys → Held Accountable"" in clean gold-and-black minimalist typography. A statement design for feminists and women who fight for equality. Makes a perfect gift to wear or give. Available on tees, hoodies, stickers, mugs, tote bags, posters and more. #feminism #typography","feminist, feminism, girl power, smash patriarchy, women rights, equal rights, feminist gift, boys, held, accountable, funny shirt, typography, minimalist, aesthetic, gift idea, trendy design, statement tee, for men, for women",produits/corrige/co_boys_will_en__dark.png,produits/corrige/co_boys_will_en__light.png
co_canicule_fr,corrige,feminism,Feminist,,fr,"Il Fait Chaud, C'Est Normal → +1,5°C - Feminist (French) Design","« Il Fait Chaud, C'Est Normal → +1,5°C » en typographie or et noir, minimaliste et percutante. Un design pour les féministes et celles qui défendent l'égalité. Idée cadeau parfaite, à porter ou offrir. Disponible sur t-shirt, sweat, sticker, mug, tote bag, poster et plus. #feminism #typographie","feminist, feminism, girl power, smash patriarchy, women rights, equal rights, feminist gift, chaud, c'est, normal, funny shirt, typography, minimalist, aesthetic, gift idea, trendy design, statement tee, for men, for women",produits/corrige/co_canicule_fr__dark.png,produits/corrige/co_canicule_fr__light.png
co_client_raison_fr,corrige,feminism,Feminist,,fr,Le Client A Toujours Raison → Souvent Tort - Feminist (French) Design,"« Le Client A Toujours Raison → Souvent Tort » en typographie or et noir, minimaliste et percutante. Un design pour les féministes et celles qui défendent l'égalité. Idée cadeau parfaite, à porter ou offrir. Disponible sur t-shirt, sweat, sticker, mug, tote bag, poster et plus. #feminism #typographie","feminist, feminism, girl power, smash patriarchy, women rights, equal rights, feminist gift, client, toujours, raison, souvent, tort, funny shirt, typography, minimalist, aesthetic, gift idea, trendy design, statement tee, for men, for women",produits/corrige/co_client_raison_fr__dark.png,produits/corrige/co_client_raison_fr__light.png
co_complotiste_fr,corrige,feminism,Feminist,,fr,Je Ne Suis Pas Complotiste → Juste Crédule - Feminist (French) Design,"« Je Ne Suis Pas Complotiste → Juste Crédule » en typographie or et noir, minimaliste et percutante. Un design pour les féministes et celles qui défendent l'égalité. Idée cadeau parfaite, à porter ou offrir. Disponible sur t-shirt, sweat, sticker, mug, tote bag, poster et plus. #feminism #typographie","feminist, feminism, girl power, smash patriarchy, women rights, equal rights, feminist gift, suis, complotiste, juste, crédule, funny shirt, typography, minimalist, aesthetic, gift idea, trendy design, statement tee, for men, for women",produits/corrige/co_complotiste_fr__dark.png,produits/corrige/co_complotiste_fr__light.png
co_cool_story_en,corrige,feminism,Feminist,,en,"Cool Story, Bro → Believe Women - Feminist Typography Design","""Cool Story, Bro → Believe Women"" in clean gold-and-black minimalist typography. A statement design for feminists and women who fight for equality. Makes a perfect gift to wear or give. Available on tees, hoodies, stickers, mugs, tote bags, posters and more. #feminism #typography","feminist, feminism, girl power, smash patriarchy, women rights, equal rights, feminist gift, cool, story, believe, women, funny shirt, typography, minimalist, aesthetic, gift idea, trendy design, statement tee, for men, for women",produits/corrige/co_cool_story_en__dark.png,produits/corrige/co_cool_story_en__light.png
co_courage_fr,corrige,feminism,Feminist,,fr,"Le Courage, C'Est D'Obéir → C'Est De Résister - Feminist (French) Design","« Le Courage, C'Est D'Obéir → C'Est De Résister » en typographie or et noir, minimaliste et percutante. Un design pour les féministes et celles qui défendent l'égalité. Idée cadeau parfaite, à porter ou offrir. Disponible sur t-shirt, sweat, sticker, mug, tote bag, poster et plus. #feminism #typographie","feminist, feminism, girl power, smash patriarchy, women rights, equal rights, feminist gift, courage, c'est, d'obéir, résister, funny shirt, typography, minimalist, aesthetic, gift idea, trendy design, statement tee, for men, for women",produits/corrige/co_courage_fr__dark.png,produits/corrige/co_courage_fr__light.png
co_croissance_fr,corrige,feminism,Feminist,,fr,La Croissance Infinie → C'Est Fini - Feminist (French) Design,"« La Croissance Infinie → C'Est Fini » en typographie or et noir, minimaliste et percutante. Un design pour les féministes et celles qui défendent l'égalité. Idée cadeau parfaite, à porter ou offrir. Disponible sur t-shirt, sweat, sticker, mug, tote bag, poster et plus. #feminism #typographie","feminist, feminism, girl power, smash patriarchy, women rights, equal rights, feminist gift, croissance, infinie, c'est, fini, funny shirt, typography, minimalist, aesthetic, gift idea, trendy design, statement tee, for men, for women",produits/corrige/co_croissance_fr__dark.png,produits/corrige/co_croissance_fr__light.png
co_filles_amuser_fr,corrige,feminism,Feminist,,fr,Les Filles Veulent Juste S'Amuser → L'Égalité - Feminist (French) Design,"« Les Filles Veulent Juste S'Amuser → L'Égalité » en typographie or et noir, minimaliste et percutante. Un design pour les féministes et celles qui défendent l'égalité. Idée cadeau parfaite, à porter ou offrir. Disponible sur t-shirt, sweat, sticker, mug, tote bag, poster et plus. #feminism #typographie","feminist, feminism, girl power, smash patriarchy, women rights, equal rights, feminist gift, filles, veulent, juste, s'amuser, l'égalité, funny shirt, typography, minimalist, aesthetic, gift idea, trendy design, statement tee, for men, for women",produits/corrige/co_filles_amuser_fr__dark.png,produits/corrige/co_filles_amuser_fr__light.png
co_garcons_fr,corrige,feminism,Feminist,,fr,Les Garçons Resteront Des Garçons → Responsables - Feminist (French) Design,"« Les Garçons Resteront Des Garçons → Responsables » en typographie or et noir, minimaliste et percutante. Un design pour les féministes et celles qui défendent l'égalité. Idée cadeau parfaite, à porter ou offrir. Disponible sur t-shirt, sweat, sticker, mug, tote bag, poster et plus. #feminism #typographie","feminist, feminism, girl power, smash patriarchy, women rights, equal rights, feminist gift, garçons, resteront, responsables, funny shirt, typography, minimalist, aesthetic, gift idea, trendy design, statement tee, for men, for women",produits/corrige/co_garcons_fr__dark.png,produits/corrige/co_garcons_fr__light.png
co_girls_fun_en,corrige,feminism,Feminist,,en,Girls Just Want To Have Fun → Equal Rights - Feminist Typography Design,"""Girls Just Want To Have Fun → Equal Rights"" in clean gold-and-black minimalist typography. A statement design for feminists and women who fight for equality. Makes a perfect gift to wear or give. Available on tees, hoodies, stickers, mugs, tote bags, posters and more. #feminism #typography","feminist, feminism, girl power, smash patriarchy, women rights, equal rights, feminist gift, girls, want, equal, rights, funny shirt, typography, minimalist, aesthetic, gift idea, trendy design, statement tee, for men, for women",produits/corrige/co_girls_fun_en__dark.png,produits/corrige/co_girls_fun_en__light.png
co_good_vibes_en,corrige,feminism,Feminist,,en,Good Vibes Only → And Equal Rights - Feminist Typography Design,"""Good Vibes Only → And Equal Rights"" in clean gold-and-black minimalist typography. A statement design for feminists and women who fight for equality. Makes a perfect gift to wear or give. Available on tees, hoodies, stickers, mugs, tote bags, posters and more. #feminism #typography","feminist, feminism, girl power, smash patriarchy, women rights, equal rights, feminist gift, good, vibes, equal, rights, funny shirt, typography, minimalist, aesthetic, gift idea, trendy design, statement tee, for men, for women",produits/corrige/co_good_vibes_en__dark.png,produits/corrige/co_good_vibes_en__light.png
co_great_power_en,corrige,feminism,Feminist,,en,With Great Power Comes Great Responsibility → Tax Bills - Feminist Typography Design,"""With Great Power Comes Great Responsibility → Tax Bills"" in clean gold-and-black minimalist typography. A statement design for feminists and women who fight for equality. Makes a perfect gift to wear or give. Available on tees, hoodies, stickers, mugs, tote bags, posters and more. #feminism #typography","feminist, feminism, girl power, smash patriarchy, women rights, equal rights, feminist gift, great, power, comes, responsibility, bills, funny shirt, typography, minimalist, aesthetic, gift idea, trendy design, statement tee, for men, for women",produits/corrige/co_great_power_en__dark.png,produits/corrige/co_great_power_en__light.png
co_history_en,corrige,feminism,Feminist,,en,History Will Repeat → Judge You - Feminist Typography Design,"""History Will Repeat → Judge You"" in clean gold-and-black minimalist typography. A statement design for feminists and women who fight for equality. Makes a perfect gift to wear or give. Available on tees, hoodies, stickers, mugs, tote bags, posters and more. #feminism #typography","feminist, feminism, girl power, smash patriarchy, women rights, equal rights, feminist gift, history, repeat, judge, funny shirt, typography, minimalist, aesthetic, gift idea, trendy design, statement tee, for men, for women",produits/corrige/co_history_en__dark.png,produits/corrige/co_history_en__light.png
co_ill_back_en,corrige,feminism,Feminist,,en,I'll Be Back → Voting - Feminist Typography Design,"""I'll Be Back → Voting"" in clean gold-and-black minimalist typography. A statement design for feminists and women who fight for equality. Makes a perfect gift to wear or give. Available on tees, hoodies, stickers, mugs, tote bags, posters and more. #feminism #typography","feminist, feminism, girl power, smash patriarchy, women rights, equal rights, feminist gift, i'll, back, voting, funny shirt, typography, minimalist, aesthetic, gift idea, trendy design, statement tee, for men, for women",produits/corrige/co_ill_back_en__dark.png,produits/corrige/co_ill_back_en__light.png
co_infinity_en,corrige,feminism,Feminist,,en,To Infinity And Beyond → Equal Pay - Feminist Typography Design,"""To Infinity And Beyond → Equal Pay"" in clean gold-and-black minimalist typography. A statement design for feminists and women who fight for equality. Makes a perfect gift to wear or give. Available on tees, hoodies, stickers, mugs, tote bags, posters and more. #feminism #typography","feminist, feminism, girl power, smash patriarchy, women rights, equal rights, feminist gift, infinity, beyond, equal, funny shirt, typography, minimalist, aesthetic, gift idea, trendy design, statement tee, for men, for women",produits/corrige/co_infinity_en__dark.png,produits/corrige/co_infinity_en__light.png
co_je_pense_fr,corrige,feminism,Feminist,,fr,"Je Pense, Donc Je Suis → Vote - Feminist (French) Design","« Je Pense, Donc Je Suis → Vote » en typographie or et noir, minimaliste et percutante. Un design pour les féministes et celles qui défendent l'égalité. Idée cadeau parfaite, à porter ou offrir. Disponible sur t-shirt, sweat, sticker, mug, tote bag, poster et plus. #feminism #typographie","feminist, feminism, girl power, smash patriarchy, women rights, equal rights, feminist gift, pense, donc, suis, vote, funny shirt, typography, minimalist, aesthetic, gift idea, trendy design, statement tee, for men, for women",produits/corrige/co_je_pense_fr__dark.png,produits/corrige/co_je_pense_fr__light.png
co_keep_calm_en,corrige,feminism,Feminist,,en,Keep Calm And Carry On → Smash Patriarchy - Feminist Typography Design,"""Keep Calm And Carry On → Smash Patriarchy"" in clean gold-and-black minimalist typography. A statement design for feminists and women who fight for equality. Makes a perfect gift to wear or give. Available on tees, hoodies, stickers, mugs, tote bags, posters and more. #feminism #typography","feminist, feminism, girl power, smash patriarchy, women rights, equal rights, feminist gift, keep, calm, carry, smash, patriarchy, funny shirt, typography, minimalist, aesthetic, gift idea, trendy design, statement tee, for men, for women",produits/corrige/co_keep_calm_en__dark.png,produits/corrige/co_keep_calm_en__light.png
co_liberte_fr,corrige,feminism,Feminist,,fr,"Liberté, Égalité, Fraternité → Sororité - Feminist (French) Design","« Liberté, Égalité, Fraternité → Sororité » en typographie or et noir, minimaliste et percutante. Un design pour les féministes et celles qui défendent l'égalité. Idée cadeau parfaite, à porter ou offrir. Disponible sur t-shirt, sweat, sticker, mug, tote bag, poster et plus. #feminism #typographie","feminist, feminism, girl power, smash patriarchy, women rights, equal rights, feminist gift, liberté, égalité, fraternité, sororité, funny shirt, typography, minimalist, aesthetic, gift idea, trendy design, statement tee, for men, for women",produits/corrige/co_liberte_fr__dark.png,produits/corrige/co_liberte_fr__light.png
co_mange_prie_fr,corrige,feminism,Feminist,,fr,"Mange, Prie, Aime → Milite - Feminist (French) Design","« Mange, Prie, Aime → Milite » en typographie or et noir, minimaliste et percutante. Un design pour les féministes et celles qui défendent l'égalité. Idée cadeau parfaite, à porter ou offrir. Disponible sur t-shirt, sweat, sticker, mug, tote bag, poster et plus. #feminism #typographie","feminist, feminism, girl power, smash patriarchy, women rights, equal rights, feminist gift, mange, prie, aime, milite, funny shirt, typography, minimalist, aesthetic, gift idea, trendy design, statement tee, for men, for women",produits/corrige/co_mange_prie_fr__dark.png,produits/corrige/co_mange_prie_fr__light.png
co_not_angry_en,corrige,feminism,Feminist,,en,"I'm Not Angry, I'm Just Disappointed → Organizing - Feminist Typography Design","""I'm Not Angry, I'm Just Disappointed → Organizing"" in clean gold-and-black minimalist typography. A statement design for feminists and women who fight for equality. Makes a perfect gift to wear or give. Available on tees, hoodies, stickers, mugs, tote bags, posters and more. #feminism #typography","feminist, feminism, girl power, smash patriarchy, women rights, equal rights, feminist gift, angry, disappointed, organizing, funny shirt, typography, minimalist, aesthetic, gift idea, trendy design, statement tee, for men, for women",produits/corrige/co_not_angry_en__dark.png,produits/corrige/co_not_angry_en__light.png
co_not_backyard_en,corrige,feminism,Feminist,,en,Not In My Backyard → Lifetime - Feminist Typography Design,"""Not In My Backyard → Lifetime"" in clean gold-and-black minimalist typography. A statement design for feminists and women who fight for equality. Makes a perfect gift to wear or give. Available on tees, hoodies, stickers, mugs, tote bags, posters and more. #feminism #typography","feminist, feminism, girl power, smash patriarchy, women rights, equal rights, feminist gift, backyard, lifetime, funny shirt, typography, minimalist, aesthetic, gift idea, trendy design, statement tee, for men, for women",produits/corrige/co_not_backyard_en__dark.png,produits/corrige/co_not_backyard_en__light.png
co_not_bossy_en,corrige,feminism,Feminist,,en,I'm Not Bossy → The Boss - Feminist Typography Design,"""I'm Not Bossy → The Boss"" in clean gold-and-black minimalist typography. A statement design for feminists and women who fight for equality. Makes a perfect gift to wear or give. Available on tees, hoodies, stickers, mugs, tote bags, posters and more. #feminism #typography","feminist, feminism, girl power, smash patriarchy, women rights, equal rights, feminist gift, bossy, boss, funny shirt, typography, minimalist, aesthetic, gift idea, trendy design, statement tee, for men, for women",produits/corrige/co_not_bossy_en__dark.png,produits/corrige/co_not_bossy_en__light.png
co_odeur_avenir_fr,corrige,feminism,Feminist,,fr,L'Argent N'A Pas D'Odeur → D'Avenir - Feminist (French) Design,"« L'Argent N'A Pas D'Odeur → D'Avenir » en typographie or et noir, minimaliste et percutante. Un design pour les féministes et celles qui défendent l'égalité. Idée cadeau parfaite, à porter ou offrir. Disponible sur t-shirt, sweat, sticker, mug, tote bag, poster et plus. #feminism #typographie","feminist, feminism, girl power, smash patriarchy, women rights, equal rights, feminist gift, l'argent, d'odeur, d'avenir, funny shirt, typography, minimalist, aesthetic, gift idea, trendy design, statement tee, for men, for women",produits/corrige/co_odeur_avenir_fr__dark.png,produits/corrige/co_odeur_avenir_fr__light.png
co_platiste_fr,corrige,feminism,Feminist,,fr,La Terre Est Plate ? Platiste → Platement Stupide - Feminist (French) Design,"« La Terre Est Plate ? Platiste → Platement Stupide » en typographie or et noir, minimaliste et percutante. Un design pour les féministes et celles qui défendent l'égalité. Idée cadeau parfaite, à porter ou offrir. Disponible sur t-shirt, sweat, sticker, mug, tote bag, poster et plus. #feminism #typographie","feminist, feminism, girl power, smash patriarchy, women rights, equal rights, feminist gift, terre, plate, platiste, platement, stupide, funny shirt, typography, minimalist, aesthetic, gift idea, trendy design, statement tee, for men, for women",produits/corrige/co_platiste_fr__dark.png,produits/corrige/co_platiste_fr__light.png
co_qui_peut_fr,corrige,feminism,Feminist,,fr,Qui Peut Le Plus Peut Le Moins → Paie Plus D'Impôts - Feminist (French) Design,"« Qui Peut Le Plus Peut Le Moins → Paie Plus D'Impôts » en typographie or et noir, minimaliste et percutante. Un design pour les féministes et celles qui défendent l'égalité. Idée cadeau parfaite, à porter ou offrir. Disponible sur t-shirt, sweat, sticker, mug, tote bag, poster et plus. #feminism #typographie","feminist, feminism, girl power, smash patriarchy, women rights, equal rights, feminist gift, peut, moins, paie, d'impôts, funny shirt, typography, minimalist, aesthetic, gift idea, trendy design, statement tee, for men, for women",produits/corrige/co_qui_peut_fr__dark.png,produits/corrige/co_qui_peut_fr__light.png
co_recherche_fr,corrige,feminism,Feminist,,fr,J'Ai Fait Mes Recherches → Trois Vidéos - Feminist (French) Design,"« J'Ai Fait Mes Recherches → Trois Vidéos » en typographie or et noir, minimaliste et percutante. Un design pour les féministes et celles qui défendent l'égalité. Idée cadeau parfaite, à porter ou offrir. Disponible sur t-shirt, sweat, sticker, mug, tote bag, poster et plus. #feminism #typographie","feminist, feminism, girl power, smash patriarchy, women rights, equal rights, feminist gift, j'ai, recherches, trois, vidéos, funny shirt, typography, minimalist, aesthetic, gift idea, trendy design, statement tee, for men, for women",produits/corrige/co_recherche_fr__dark.png,produits/corrige/co_recherche_fr__light.png
co_seize_en,corrige,feminism,Feminist,,en,Seize The Day → Means Of Production - Feminist Typography Design,"""Seize The Day → Means Of Production"" in clean gold-and-black minimalist typography. A statement design for feminists and women who fight for equality. Makes a perfect gift to wear or give. Available on tees, hoodies, stickers, mugs, tote bags, posters and more. #feminism #typography","feminist, feminism, girl power, smash patriarchy, women rights, equal rights, feminist gift, seize, means, production, funny shirt, typography, minimalist, aesthetic, gift idea, trendy design, statement tee, for men, for women",produits/corrige/co_seize_en__dark.png,produits/corrige/co_seize_en__light.png
co_she_said_en,corrige,feminism,Feminist,,en,That's What She Said → Wasn't Believed - Feminist Typography Design,"""That's What She Said → Wasn't Believed"" in clean gold-and-black minimalist typography. A statement design for feminists and women who fight for equality. Makes a perfect gift to wear or give. Available on tees, hoodies, stickers, mugs, tote bags, posters and more. #feminism #typography","feminist, feminism, girl power, smash patriarchy, women rights, equal rights, feminist gift, that's, said, wasn't, believed, funny shirt, typography, minimalist, aesthetic, gift idea, trendy design, statement tee, for men, for women",produits/corrige/co_she_said_en__dark.png,produits/corrige/co_she_said_en__light.png
co_sois_sage_fr,corrige,feminism,Feminist,,fr,Sois Sage → Rebelle - Feminist (French) Design,"« Sois Sage → Rebelle » en typographie or et noir, minimaliste et percutante. Un design pour les féministes et celles qui défendent l'égalité. Idée cadeau parfaite, à porter ou offrir. Disponible sur t-shirt, sweat, sticker, mug, tote bag, poster et plus. #feminism #typographie","feminist, feminism, girl power, smash patriarchy, women rights, equal rights, feminist gift, sois, sage, rebelle, funny shirt, typography, minimalist, aesthetic, gift idea, trendy design, statement tee, for men, for women",produits/corrige/co_sois_sage_fr__dark.png,produits/corrige/co_sois_sage_fr__light.png
co_stay_lane_en,corrige,feminism,Feminist,,en,Stay In Your Lane → Power - Feminist Typography Design,"""Stay In Your Lane → Power"" in clean gold-and-black minimalist typography. A statement design for feminists and women who fight for equality. Makes a perfect gift to wear or give. Available on tees, hoodies, stickers, mugs, tote bags, posters and more. #feminism #typography","feminist, feminism, girl power, smash patriarchy, women rights, equal rights, feminist gift, stay, lane, power, funny shirt, typography, minimalist, aesthetic, gift idea, trendy design, statement tee, for men, for women",produits/corrige/co_stay_lane_en__dark.png,produits/corrige/co_stay_lane_en__light.png
co_think_box_en,corrige,feminism,Feminist,,en,Think Outside The Box → Binary - Feminist Typography Design,"""Think Outside The Box → Binary"" in clean gold-and-black minimalist typography. A statement design for feminists and women who fight for equality. Makes a perfect gift to wear or give. Available on tees, hoodies, stickers, mugs, tote bags, posters and more. #feminism #typography","feminist, feminism, girl power, smash patriarchy, women rights, equal rights, feminist gift, think, outside, binary, funny shirt, typography, minimalist, aesthetic, gift idea, trendy design, statement tee, for men, for women",produits/corrige/co_think_box_en__dark.png,produits/corrige/co_think_box_en__light.png
co_veni_fr,corrige,feminism,Feminist,,fr,"Veni, Vidi, Vici → Voté - Feminist (French) Design","« Veni, Vidi, Vici → Voté » en typographie or et noir, minimaliste et percutante. Un design pour les féministes et celles qui défendent l'égalité. Idée cadeau parfaite, à porter ou offrir. Disponible sur t-shirt, sweat, sticker, mug, tote bag, poster et plus. #feminism #typographie","feminist, feminism, girl power, smash patriarchy, women rights, equal rights, feminist gift, veni, vidi, vici, voté, funny shirt, typography, minimalist, aesthetic, gift idea, trendy design, statement tee, for men, for women",produits/corrige/co_veni_fr__dark.png,produits/corrige/co_veni_fr__light.png
co_vouloir_militer_fr,corrige,feminism,Feminist,,fr,Vouloir C'Est Pouvoir → Militer - Feminist (French) Design,"« Vouloir C'Est Pouvoir → Militer » en typographie or et noir, minimaliste et percutante. Un design pour les féministes et celles qui défendent l'égalité. Idée cadeau parfaite, à porter ou offrir. Disponible sur t-shirt, sweat, sticker, mug, tote bag, poster et plus. #feminism #typographie","feminist, feminism, girl power, smash patriarchy, women rights, equal rights, feminist gift, vouloir, c'est, pouvoir, militer, funny shirt, typography, minimalist, aesthetic, gift idea, trendy design, statement tee, for men, for women",produits/corrige/co_vouloir_militer_fr__dark.png,produits/corrige/co_vouloir_militer_fr__light.png
co_why_serious_en,corrige,feminism,Feminist,,en,Why So Serious? → Complicit? - Feminist Typography Design,"""Why So Serious? → Complicit?"" in clean gold-and-black minimalist typography. A statement design for feminists and women who fight for equality. Makes a perfect gift to wear or give. Available on tees, hoodies, stickers, mugs, tote bags, posters and more. #feminism #typography","feminist, feminism, girl power, smash patriarchy, women rights, equal rights, feminist gift, serious, complicit, funny shirt, typography, minimalist, aesthetic, gift idea, trendy design, statement tee, for men, for women",produits/corrige/co_why_serious_en__dark.png,produits/corrige/co_why_serious_en__light.png
co_winter_coming_en,corrige,feminism,Feminist,,en,Winter Is Coming → Already Here - Feminist Typography Design,"""Winter Is Coming → Already Here"" in clean gold-and-black minimalist typography. A statement design for feminists and women who fight for equality. Makes a perfect gift to wear or give. Available on tees, hoodies, stickers, mugs, tote bags, posters and more. #feminism #typography","feminist, feminism, girl power, smash patriarchy, women rights, equal rights, feminist gift, winter, coming, already, here, funny shirt, typography, minimalist, aesthetic, gift idea, trendy design, statement tee, for men, for women",produits/corrige/co_winter_coming_en__dark.png,produits/corrige/co_winter_coming_en__light.png
co_woke_up_en,corrige,feminism,Feminist,,en,I Woke Up Like This → An Activist - Feminist Typography Design,"""I Woke Up Like This → An Activist"" in clean gold-and-black minimalist typography. A statement design for feminists and women who fight for equality. Makes a perfect gift to wear or give. Available on tees, hoodies, stickers, mugs, tote bags, posters and more. #feminism #typography","feminist, feminism, girl power, smash patriarchy, women rights, equal rights, feminist gift, woke, activist, funny shirt, typography, minimalist, aesthetic, gift idea, trendy design, statement tee, for men, for women",produits/corrige/co_woke_up_en__dark.png,produits/corrige/co_woke_up_en__light.png
co_you_are_en,corrige,feminism,Feminist,,en,You Are What You Eat → You Fight For - Feminist Typography Design,"""You Are What You Eat → You Fight For"" in clean gold-and-black minimalist typography. A statement design for feminists and women who fight for equality. Makes a perfect gift to wear or give. Available on tees, hoodies, stickers, mugs, tote bags, posters and more. #feminism #typography","feminist, feminism, girl power, smash patriarchy, women rights, equal rights, feminist gift, fight, funny shirt, typography, minimalist, aesthetic, gift idea, trendy design, statement tee, for men, for women",produits/corrige/co_you_are_en__dark.png,produits/corrige/co_you_are_en__light.png
co_you_had_en,corrige,feminism,Feminist,,en,You Had Me At Hello → Feminism - Feminist Typography Design,"""You Had Me At Hello → Feminism"" in clean gold-and-black minimalist typography. A statement design for feminists and women who fight for equality. Makes a perfect gift to wear or give. Available on tees, hoodies, stickers, mugs, tote bags, posters and more. #feminism #typography","feminist, feminism, girl power, smash patriarchy, women rights, equal rights, feminist gift, hello, funny shirt, typography, minimalist, aesthetic, gift idea, trendy design, statement tee, for men, for women",produits/corrige/co_you_had_en__dark.png,produits/corrige/co_you_had_en__light.png
fm_card_patriarchy_en,formats,feminism,Feminist,card,en,Red Card To The Patriarchy - Feminist Typography Design,"""Red Card To The Patriarchy"" in clean gold-and-black minimalist typography. A statement design for feminists and women who fight for equality. Makes a perfect gift to wear or give. Available on tees, hoodies, stickers, mugs, tote bags, posters and more. #feminism #typography","feminist, feminism, girl power, smash patriarchy, women rights, equal rights, feminist gift, card, patriarchy, funny shirt, typography, minimalist, aesthetic, gift idea, trendy design, statement tee, for men, for women",produits/formats/fm_card_patriarchy_en__dark.png,produits/formats/fm_card_patriarchy_en__light.png
fm_caution_colere_fr,formats,feminism,Feminist,caution,fr,Danger Féministe En Colère - Feminist (French) Design,"« Danger Féministe En Colère » en typographie or et noir, minimaliste et percutante. Un design pour les féministes et celles qui défendent l'égalité. Idée cadeau parfaite, à porter ou offrir. Disponible sur t-shirt, sweat, sticker, mug, tote bag, poster et plus. #feminism #typographie","feminist, feminism, girl power, smash patriarchy, women rights, equal rights, feminist gift, danger, féministe, colère, caution, funny shirt, typography, minimalist, aesthetic, gift idea, trendy design, statement tee, for men, for women",produits/formats/fm_caution_colere_fr__dark.png,produits/formats/fm_caution_colere_fr__light.png
fm_caution_feminist_en,formats,feminism,Feminist,caution,en,Caution Feminist Area - Feminist Typography Design,"""Caution Feminist Area"" in clean gold-and-black minimalist typography. A statement design for feminists and women who fight for equality. Makes a perfect gift to wear or give. Available on tees, hoodies, stickers, mugs, tote bags, posters and more. #feminism #typography","feminist, feminism, girl power, smash patriarchy, women rights, equal rights, feminist gift, caution, area, funny shirt, typography, minimalist, aesthetic, gift idea, trendy design, statement tee, for men, for women",produits/formats/fm_caution_feminist_en__dark.png,produits/formats/fm_caution_feminist_en__light.png
he_men_women_en,heart,feminism,Feminist,,en,I love Women not Men - Feminist Typography Design,"""I love Women not Men"" in clean gold-and-black minimalist typography. A statement design for feminists and women who fight for equality. Makes a perfect gift to wear or give. Available on tees, hoodies, stickers, mugs, tote bags, posters and more. #feminism #typography","feminist, feminism, girl power, smash patriarchy, women rights, equal rights, feminist gift, love, women, funny shirt, typography, minimalist, aesthetic, gift idea, trendy design, statement tee, for men, for women",produits/heart/he_men_women_en__dark.png,produits/heart/he_men_women_en__light.png
id_feminist_en,identite,feminism,Feminist,,en,Feminist - Feminist Typography Design,"""Feminist"" in clean gold-and-black minimalist typography. A statement design for feminists and women who fight for equality. Makes a perfect gift to wear or give. Available on tees, hoodies, stickers, mugs, tote bags, posters and more. #feminism #typography","feminist, feminism, girl power, smash patriarchy, women rights, equal rights, feminist gift, funny shirt, typography, minimalist, aesthetic, gift idea, trendy design, statement tee, for men, for women",produits/identite/id_feminist_en__dark.png,produits/identite/id_feminist_en__light.png
id_feminista_es,identite,feminism,Feminist,,es,Feminista - Feminist (Spanish) Design,"""Feminista"" in clean gold-and-black minimalist typography. A statement design for feminists and women who fight for equality. Makes a perfect gift to wear or give. Available on tees, hoodies, stickers, mugs, tote bags, posters and more. #feminism #typography","feminist, feminism, girl power, smash patriarchy, women rights, equal rights, feminist gift, feminista, funny shirt, typography, minimalist, aesthetic, gift idea, trendy design, statement tee, for men, for women",produits/identite/id_feminista_es__dark.png,produits/identite/id_feminista_es__light.png
id_feminista_pt,identite,feminism,Feminist,,pt,Feminista - Feminist (Portuguese) Design,"""Feminista"" in clean gold-and-black minimalist typography. A statement design for feminists and women who fight for equality. Makes a perfect gift to wear or give. Available on tees, hoodies, stickers, mugs, tote bags, posters and more. #feminism #typography","feminist, feminism, girl power, smash patriarchy, women rights, equal rights, feminist gift, feminista, funny shirt, typography, minimalist, aesthetic, gift idea, trendy design, statement tee, for men, for women",produits/identite/id_feminista_pt__dark.png,produits/identite/id_feminista_pt__light.png
id_feministe_fr,identite,feminism,Feminist,,fr,Féministe - Feminist (French) Design,"« Féministe » en typographie or et noir, minimaliste et percutante. Un design pour les féministes et celles qui défendent l'égalité. Idée cadeau parfaite, à porter ou offrir. Disponible sur t-shirt, sweat, sticker, mug, tote bag, poster et plus. #feminism #typographie","feminist, feminism, girl power, smash patriarchy, women rights, equal rights, feminist gift, féministe, funny shirt, typography, minimalist, aesthetic, gift idea, trendy design, statement tee, for men, for women",produits/identite/id_feministe_fr__dark.png,produits/identite/id_feministe_fr__light.png
id_feministin_de,identite,feminism,Feminist,,de,Feministin - Feminist (German) Design,"""Feministin"" in clean gold-and-black minimalist typography. A statement design for feminists and women who fight for equality. Makes a perfect gift to wear or give. Available on tees, hoodies, stickers, mugs, tote bags, posters and more. #feminism #typography","feminist, feminism, girl power, smash patriarchy, women rights, equal rights, feminist gift, feministin, funny shirt, typography, minimalist, aesthetic, gift idea, trendy design, statement tee, for men, for women",produits/identite/id_feministin_de__dark.png,produits/identite/id_feministin_de__light.png
pv_habit_moine_fr,proverbes,feminism,Feminist,,fr,"L'Habit Ne Fait Pas Le Moine, Mais Le Patriarcat Fait Le Sexisme - Feminist (French) Design","« L'Habit Ne Fait Pas Le Moine, Mais Le Patriarcat Fait Le Sexisme » en typographie or et noir, minimaliste et percutante. Un design pour les féministes et celles qui défendent l'égalité. Idée cadeau parfaite, à porter ou offrir. Disponible sur t-shirt, sweat, sticker, mug, tote bag, poster et plus. #feminism #typographie","feminist, feminism, girl power, smash patriarchy, women rights, equal rights, feminist gift, l'habit, moine, patriarcat, sexisme, funny shirt, typography, minimalist, aesthetic, gift idea, trendy design, statement tee, for men, for women",produits/proverbes/pv_habit_moine_fr__dark.png,produits/proverbes/pv_habit_moine_fr__light.png
pv_homme_averti_fr,proverbes,feminism,Feminist,,fr,"Un Homme Averti En Vaut Deux. Une Femme, En Vaut Dix. - Feminist (French) Design","« Un Homme Averti En Vaut Deux. Une Femme, En Vaut Dix. » en typographie or et noir, minimaliste et percutante. Un design pour les féministes et celles qui défendent l'égalité. Idée cadeau parfaite, à porter ou offrir. Disponible sur t-shirt, sweat, sticker, mug, tote bag, poster et plus. #feminism #typographie","feminist, feminism, girl power, smash patriarchy, women rights, equal rights, feminist gift, homme, averti, vaut, deux, femme, funny shirt, typography, minimalist, aesthetic, gift idea, trendy design, statement tee, for men, for women",produits/proverbes/pv_homme_averti_fr__dark.png,produits/proverbes/pv_homme_averti_fr__light.png
pl_mon_corps_fr,punchlines,feminism,Feminist,,fr,"Mon Corps, Mon Choix - Feminist (French) Design","« Mon Corps, Mon Choix » en typographie or et noir, minimaliste et percutante. Un design pour les féministes et celles qui défendent l'égalité. Idée cadeau parfaite, à porter ou offrir. Disponible sur t-shirt, sweat, sticker, mug, tote bag, poster et plus. #feminism #typographie","feminist, feminism, girl power, smash patriarchy, women rights, equal rights, feminist gift, corps, choix, funny shirt, typography, minimalist, aesthetic, gift idea, trendy design, statement tee, for men, for women",produits/punchlines/pl_mon_corps_fr__dark.png,produits/punchlines/pl_mon_corps_fr__light.png
pl_my_body_en,punchlines,feminism,Feminist,,en,"My Body, My Choice - Feminist Typography Design","""My Body, My Choice"" in clean gold-and-black minimalist typography. A statement design for feminists and women who fight for equality. Makes a perfect gift to wear or give. Available on tees, hoodies, stickers, mugs, tote bags, posters and more. #feminism #typography","feminist, feminism, girl power, smash patriarchy, women rights, equal rights, feminist gift, body, choice, funny shirt, typography, minimalist, aesthetic, gift idea, trendy design, statement tee, for men, for women",produits/punchlines/pl_my_body_en__dark.png,produits/punchlines/pl_my_body_en__light.png
pl_well_behaved_en,punchlines,feminism,Feminist,,en,Well-Behaved Women Rarely Make History - Feminist Typography Design,"""Well-Behaved Women Rarely Make History"" in clean gold-and-black minimalist typography. A statement design for feminists and women who fight for equality. Makes a perfect gift to wear or give. Available on tees, hoodies, stickers, mugs, tote bags, posters and more. #feminism #typography","feminist, feminism, girl power, smash patriarchy, women rights, equal rights, feminist gift, well, behaved, women, rarely, make, funny shirt, typography, minimalist, aesthetic, gift idea, trendy design, statement tee, for men, for women",produits/punchlines/pl_well_behaved_en__dark.png,produits/punchlines/pl_well_behaved_en__light.png
rev_cat_patriarchy_en,revendications,feminism,Feminist,,en,My Cat Smashed The Patriarchy - Feminist Typography Design,"""My Cat Smashed The Patriarchy"" in clean gold-and-black minimalist typography. A statement design for feminists and women who fight for equality. Makes a perfect gift to wear or give. Available on tees, hoodies, stickers, mugs, tote bags, posters and more. #feminism #typography","feminist, feminism, girl power, smash patriarchy, women rights, equal rights, feminist gift, smashed, patriarchy, funny shirt, typography, minimalist, aesthetic, gift idea, trendy design, statement tee, for men, for women",produits/revendications/rev_cat_patriarchy_en__dark.png,produits/revendications/rev_cat_patriarchy_en__light.png
rev_chien_feministe_fr,revendications,feminism,Feminist,,fr,Mon Chien Est Féministe - Feminist (French) Design,"« Mon Chien Est Féministe » en typographie or et noir, minimaliste et percutante. Un design pour les féministes et celles qui défendent l'égalité. Idée cadeau parfaite, à porter ou offrir. Disponible sur t-shirt, sweat, sticker, mug, tote bag, poster et plus. #feminism #typographie","feminist, feminism, girl power, smash patriarchy, women rights, equal rights, feminist gift, chien, féministe, funny shirt, typography, minimalist, aesthetic, gift idea, trendy design, statement tee, for men, for women",produits/revendications/rev_chien_feministe_fr__dark.png,produits/revendications/rev_chien_feministe_fr__light.png
rev_crochet_smash_en,revendications,feminism,Feminist,,en,"Crochet Now, Smash Patriarchy Later - Feminist Typography Design","""Crochet Now, Smash Patriarchy Later"" in clean gold-and-black minimalist typography. A statement design for feminists and women who fight for equality. Makes a perfect gift to wear or give. Available on tees, hoodies, stickers, mugs, tote bags, posters and more. #feminism #typography","feminist, feminism, girl power, smash patriarchy, women rights, equal rights, feminist gift, crochet, smash, patriarchy, later, funny shirt, typography, minimalist, aesthetic, gift idea, trendy design, statement tee, for men, for women",produits/revendications/rev_crochet_smash_en__dark.png,produits/revendications/rev_crochet_smash_en__light.png
rev_equal_rights_en,revendications,feminism,Feminist,,en,Girls Just Want Equal Rights - Feminist Typography Design,"""Girls Just Want Equal Rights"" in clean gold-and-black minimalist typography. A statement design for feminists and women who fight for equality. Makes a perfect gift to wear or give. Available on tees, hoodies, stickers, mugs, tote bags, posters and more. #feminism #typography","feminist, feminism, girl power, smash patriarchy, women rights, equal rights, feminist gift, girls, want, equal, rights, funny shirt, typography, minimalist, aesthetic, gift idea, trendy design, statement tee, for men, for women",produits/revendications/rev_equal_rights_en__dark.png,produits/revendications/rev_equal_rights_en__light.png
rev_feministe_quoi_fr,revendications,feminism,Feminist,,fr,Féministe. Et Alors Quoi ? - Feminist (French) Design,"« Féministe. Et Alors Quoi ? » en typographie or et noir, minimaliste et percutante. Un design pour les féministes et celles qui défendent l'égalité. Idée cadeau parfaite, à porter ou offrir. Disponible sur t-shirt, sweat, sticker, mug, tote bag, poster et plus. #feminism #typographie","feminist, feminism, girl power, smash patriarchy, women rights, equal rights, feminist gift, féministe, alors, quoi, funny shirt, typography, minimalist, aesthetic, gift idea, trendy design, statement tee, for men, for women",produits/revendications/rev_feministe_quoi_fr__dark.png,produits/revendications/rev_feministe_quoi_fr__light.png
wa_patriarcat_fr,warning,feminism,Feminist,,fr,Le Patriarcat Tue - Feminist (French) Design,"« Le Patriarcat Tue » en typographie or et noir, minimaliste et percutante. Un design pour les féministes et celles qui défendent l'égalité. Idée cadeau parfaite, à porter ou offrir. Disponible sur t-shirt, sweat, sticker, mug, tote bag, poster et plus. #feminism #typographie","feminist, feminism, girl power, smash patriarchy, women rights, equal rights, feminist gift, patriarcat, funny shirt, typography, minimalist, aesthetic, gift idea, trendy design, statement tee, for men, for women",produits/warning/wa_patriarcat_fr__dark.png,produits/warning/wa_patriarcat_fr__light.png
wa_patriarchy_en,warning,feminism,Feminist,,en,The Patriarchy Kills - Feminist Typography Design,"""The Patriarchy Kills"" in clean gold-and-black minimalist typography. A statement design for feminists and women who fight for equality. Makes a perfect gift to wear or give. Available on tees, hoodies, stickers, mugs, tote bags, posters and more. #feminism #typography","feminist, feminism, girl power, smash patriarchy, women rights, equal rights, feminist gift, patriarchy, kills, funny shirt, typography, minimalist, aesthetic, gift idea, trendy design, statement tee, for men, for women",produits/warning/wa_patriarchy_en__dark.png,produits/warning/wa_patriarchy_en__light.png
id_climber_en,identite,fitness_sport,Fitness & Sport,,en,Climber - Fitness & Sport Typography Design,"""Climber"" in clean gold-and-black minimalist typography. A statement design for gym-goers and sports lovers. Makes a perfect gift to wear or give. Available on tees, hoodies, stickers, mugs, tote bags, posters and more. #fitness_sport #typography","gym gift, fitness, running, yoga, workout, sport, climber, fitness & sport, funny shirt, typography, minimalist, aesthetic, gift idea, trendy design, statement tee, for men, for women",produits/identite/id_climber_en__dark.png,produits/identite/id_climber_en__light.png
id_gymrat_en,identite,fitness_sport,Fitness & Sport,,en,Gym Rat - Fitness & Sport Typography Design,"""Gym Rat"" in clean gold-and-black minimalist typography. A statement design for gym-goers and sports lovers. Makes a perfect gift to wear or give. Available on tees, hoodies, stickers, mugs, tote bags, posters and more. #fitness_sport #typography","gym gift, fitness, running, yoga, workout, sport, fitness & sport, funny shirt, typography, minimalist, aesthetic, gift idea, trendy design, statement tee, for men, for women",produits/identite/id_gymrat_en__dark.png,produits/identite/id_gymrat_en__light.png
id_runner_en,identite,fitness_sport,Fitness & Sport,,en,Trail Runner - Fitness & Sport Typography Design,"""Trail Runner"" in clean gold-and-black minimalist typography. A statement design for gym-goers and sports lovers. Makes a perfect gift to wear or give. Available on tees, hoodies, stickers, mugs, tote bags, posters and more. #fitness_sport #typography","gym gift, fitness, running, yoga, workout, sport, trail, runner, fitness & sport, funny shirt, typography, minimalist, aesthetic, gift idea, trendy design, statement tee, for men, for women",produits/identite/id_runner_en__dark.png,produits/identite/id_runner_en__light.png
id_skater_en,identite,fitness_sport,Fitness & Sport,,en,Skater - Fitness & Sport Typography Design,"""Skater"" in clean gold-and-black minimalist typography. A statement design for gym-goers and sports lovers. Makes a perfect gift to wear or give. Available on tees, hoodies, stickers, mugs, tote bags, posters and more. #fitness_sport #typography","gym gift, fitness, running, yoga, workout, sport, skater, fitness & sport, funny shirt, typography, minimalist, aesthetic, gift idea, trendy design, statement tee, for men, for women",produits/identite/id_skater_en__dark.png,produits/identite/id_skater_en__light.png
id_surfer_en,identite,fitness_sport,Fitness & Sport,,en,Surfer - Fitness & Sport Typography Design,"""Surfer"" in clean gold-and-black minimalist typography. A statement design for gym-goers and sports lovers. Makes a perfect gift to wear or give. Available on tees, hoodies, stickers, mugs, tote bags, posters and more. #fitness_sport #typography","gym gift, fitness, running, yoga, workout, sport, surfer, fitness & sport, funny shirt, typography, minimalist, aesthetic, gift idea, trendy design, statement tee, for men, for women",produits/identite/id_surfer_en__dark.png,produits/identite/id_surfer_en__light.png
cf_amrap_en,niches,fitness_sport,Fitness & Sport,crossfit,en,My AMRAP Is Longer Than Your Workout - Fitness & Sport Typography Design,"""My AMRAP Is Longer Than Your Workout"" in clean gold-and-black minimalist typography. A statement design for gym-goers and sports lovers. Makes a perfect gift to wear or give. Available on tees, hoodies, stickers, mugs, tote bags, posters and more. #fitness_sport #typography","gym gift, fitness, running, yoga, workout, sport, amrap, longer, than, crossfit, fitness & sport, funny shirt, typography, minimalist, aesthetic, gift idea, trendy design, statement tee, for men, for women",produits/niches/cf_amrap_en__dark.png,produits/niches/cf_amrap_en__light.png
cf_chalk_en,niches,fitness_sport,Fitness & Sport,crossfit,en,Chalk Hands Open Heart - Fitness & Sport Typography Design,"""Chalk Hands Open Heart"" in clean gold-and-black minimalist typography. A statement design for gym-goers and sports lovers. Makes a perfect gift to wear or give. Available on tees, hoodies, stickers, mugs, tote bags, posters and more. #fitness_sport #typography","gym gift, fitness, running, yoga, workout, sport, chalk, hands, open, heart, crossfit, fitness & sport, funny shirt, typography, minimalist, aesthetic, gift idea, trendy design, statement tee, for men, for women",produits/niches/cf_chalk_en__dark.png,produits/niches/cf_chalk_en__light.png
cf_double_unders_en,niches,fitness_sport,Fitness & Sport,crossfit,en,Double Unders Ended My Last Friendship - Fitness & Sport Typography Design,"""Double Unders Ended My Last Friendship"" in clean gold-and-black minimalist typography. A statement design for gym-goers and sports lovers. Makes a perfect gift to wear or give. Available on tees, hoodies, stickers, mugs, tote bags, posters and more. #fitness_sport #typography","gym gift, fitness, running, yoga, workout, sport, double, unders, ended, last, friendship, crossfit, fitness & sport, funny shirt, typography, minimalist, aesthetic, gift idea, trendy design, statement tee, for men, for women",produits/niches/cf_double_unders_en__dark.png,produits/niches/cf_double_unders_en__light.png
cf_kip_en,niches,fitness_sport,Fitness & Sport,crossfit,en,I Kip and I'm Not Sorry - Fitness & Sport Typography Design,"""I Kip and I'm Not Sorry"" in clean gold-and-black minimalist typography. A statement design for gym-goers and sports lovers. Makes a perfect gift to wear or give. Available on tees, hoodies, stickers, mugs, tote bags, posters and more. #fitness_sport #typography","gym gift, fitness, running, yoga, workout, sport, sorry, crossfit, fitness & sport, funny shirt, typography, minimalist, aesthetic, gift idea, trendy design, statement tee, for men, for women",produits/niches/cf_kip_en__dark.png,produits/niches/cf_kip_en__light.png
cf_pr_cried_en,niches,fitness_sport,Fitness & Sport,crossfit,en,PR'd My Clean and Cried. Loudly. - Fitness & Sport Typography Design,"""PR'd My Clean and Cried. Loudly."" in clean gold-and-black minimalist typography. A statement design for gym-goers and sports lovers. Makes a perfect gift to wear or give. Available on tees, hoodies, stickers, mugs, tote bags, posters and more. #fitness_sport #typography","gym gift, fitness, running, yoga, workout, sport, pr'd, clean, cried, loudly, crossfit, fitness & sport, funny shirt, typography, minimalist, aesthetic, gift idea, trendy design, statement tee, for men, for women",produits/niches/cf_pr_cried_en__dark.png,produits/niches/cf_pr_cried_en__light.png
cf_scaled_ok_en,niches,fitness_sport,Fitness & Sport,crossfit,en,Scaled Isn't Weak Ask Me How I Know - Fitness & Sport Typography Design,"""Scaled Isn't Weak Ask Me How I Know"" in clean gold-and-black minimalist typography. A statement design for gym-goers and sports lovers. Makes a perfect gift to wear or give. Available on tees, hoodies, stickers, mugs, tote bags, posters and more. #fitness_sport #typography","gym gift, fitness, running, yoga, workout, sport, scaled, isn't, weak, know, crossfit, fitness & sport, funny shirt, typography, minimalist, aesthetic, gift idea, trendy design, statement tee, for men, for women",produits/niches/cf_scaled_ok_en__dark.png,produits/niches/cf_scaled_ok_en__light.png
cf_thrusters_hate_en,niches,fitness_sport,Fitness & Sport,crossfit,en,Thrusters Are Just Hate Made Functional - Fitness & Sport Typography Design,"""Thrusters Are Just Hate Made Functional"" in clean gold-and-black minimalist typography. A statement design for gym-goers and sports lovers. Makes a perfect gift to wear or give. Available on tees, hoodies, stickers, mugs, tote bags, posters and more. #fitness_sport #typography","gym gift, fitness, running, yoga, workout, sport, thrusters, hate, made, functional, crossfit, fitness & sport, funny shirt, typography, minimalist, aesthetic, gift idea, trendy design, statement tee, for men, for women",produits/niches/cf_thrusters_hate_en__dark.png,produits/niches/cf_thrusters_hate_en__light.png
cf_whiteboard_en,niches,fitness_sport,Fitness & Sport,crossfit,en,The Whiteboard Never Lies - Fitness & Sport Typography Design,"""The Whiteboard Never Lies"" in clean gold-and-black minimalist typography. A statement design for gym-goers and sports lovers. Makes a perfect gift to wear or give. Available on tees, hoodies, stickers, mugs, tote bags, posters and more. #fitness_sport #typography","gym gift, fitness, running, yoga, workout, sport, whiteboard, never, lies, crossfit, fitness & sport, funny shirt, typography, minimalist, aesthetic, gift idea, trendy design, statement tee, for men, for women",produits/niches/cf_whiteboard_en__dark.png,produits/niches/cf_whiteboard_en__light.png
climb_adult_later_en,niches,fitness_sport,Fitness & Sport,climbing,en,Climb Now Adult Later - Fitness & Sport Typography Design,"""Climb Now Adult Later"" in clean gold-and-black minimalist typography. A statement design for gym-goers and sports lovers. Makes a perfect gift to wear or give. Available on tees, hoodies, stickers, mugs, tote bags, posters and more. #fitness_sport #typography","gym gift, fitness, running, yoga, workout, sport, climb, adult, later, climbing, fitness & sport, funny shirt, typography, minimalist, aesthetic, gift idea, trendy design, statement tee, for men, for women",produits/niches/climb_adult_later_en__dark.png,produits/niches/climb_adult_later_en__light.png
climb_chalk_cologne_en,niches,fitness_sport,Fitness & Sport,climbing,en,Chalk Is My Cologne - Fitness & Sport Typography Design,"""Chalk Is My Cologne"" in clean gold-and-black minimalist typography. A statement design for gym-goers and sports lovers. Makes a perfect gift to wear or give. Available on tees, hoodies, stickers, mugs, tote bags, posters and more. #fitness_sport #typography","gym gift, fitness, running, yoga, workout, sport, chalk, cologne, climbing, fitness & sport, funny shirt, typography, minimalist, aesthetic, gift idea, trendy design, statement tee, for men, for women",produits/niches/climb_chalk_cologne_en__dark.png,produits/niches/climb_chalk_cologne_en__light.png
climb_into_rocks_en,niches,fitness_sport,Fitness & Sport,climbing,en,I'm Into Rocks - Fitness & Sport Typography Design,"""I'm Into Rocks"" in clean gold-and-black minimalist typography. A statement design for gym-goers and sports lovers. Makes a perfect gift to wear or give. Available on tees, hoodies, stickers, mugs, tote bags, posters and more. #fitness_sport #typography","gym gift, fitness, running, yoga, workout, sport, into, rocks, climbing, fitness & sport, funny shirt, typography, minimalist, aesthetic, gift idea, trendy design, statement tee, for men, for women",produits/niches/climb_into_rocks_en__dark.png,produits/niches/climb_into_rocks_en__light.png
climb_send_it_en,niches,fitness_sport,Fitness & Sport,climbing,en,Send It or Bend It - Fitness & Sport Typography Design,"""Send It or Bend It"" in clean gold-and-black minimalist typography. A statement design for gym-goers and sports lovers. Makes a perfect gift to wear or give. Available on tees, hoodies, stickers, mugs, tote bags, posters and more. #fitness_sport #typography","gym gift, fitness, running, yoga, workout, sport, send, bend, climbing, fitness & sport, funny shirt, typography, minimalist, aesthetic, gift idea, trendy design, statement tee, for men, for women",produits/niches/climb_send_it_en__dark.png,produits/niches/climb_send_it_en__light.png
gravel_drop_bars_en,niches,fitness_sport,Fitness & Sport,gravel_cycling,en,Drop Bars Not Standards - Fitness & Sport Typography Design,"""Drop Bars Not Standards"" in clean gold-and-black minimalist typography. A statement design for gym-goers and sports lovers. Makes a perfect gift to wear or give. Available on tees, hoodies, stickers, mugs, tote bags, posters and more. #fitness_sport #typography","gym gift, fitness, running, yoga, workout, sport, drop, bars, standards, gravel cycling, fitness & sport, funny shirt, typography, minimalist, aesthetic, gift idea, trendy design, statement tee, for men, for women",produits/niches/gravel_drop_bars_en__dark.png,produits/niches/gravel_drop_bars_en__light.png
gravel_grinder_en,niches,fitness_sport,Fitness & Sport,gravel_cycling,en,Gravel Grinder - Fitness & Sport Typography Design,"""Gravel Grinder"" in clean gold-and-black minimalist typography. A statement design for gym-goers and sports lovers. Makes a perfect gift to wear or give. Available on tees, hoodies, stickers, mugs, tote bags, posters and more. #fitness_sport #typography","gym gift, fitness, running, yoga, workout, sport, gravel, grinder, gravel cycling, fitness & sport, funny shirt, typography, minimalist, aesthetic, gift idea, trendy design, statement tee, for men, for women",produits/niches/gravel_grinder_en__dark.png,produits/niches/gravel_grinder_en__light.png
gravel_life_better_en,niches,fitness_sport,Fitness & Sport,gravel_cycling,en,Life Is Better on Gravel - Fitness & Sport Typography Design,"""Life Is Better on Gravel"" in clean gold-and-black minimalist typography. A statement design for gym-goers and sports lovers. Makes a perfect gift to wear or give. Available on tees, hoodies, stickers, mugs, tote bags, posters and more. #fitness_sport #typography","gym gift, fitness, running, yoga, workout, sport, life, better, gravel, gravel cycling, fitness & sport, funny shirt, typography, minimalist, aesthetic, gift idea, trendy design, statement tee, for men, for women",produits/niches/gravel_life_better_en__dark.png,produits/niches/gravel_life_better_en__light.png
gravel_one_more_mile_en,niches,fitness_sport,Fitness & Sport,gravel_cycling,en,One More Mile I Promise - Fitness & Sport Typography Design,"""One More Mile I Promise"" in clean gold-and-black minimalist typography. A statement design for gym-goers and sports lovers. Makes a perfect gift to wear or give. Available on tees, hoodies, stickers, mugs, tote bags, posters and more. #fitness_sport #typography","gym gift, fitness, running, yoga, workout, sport, more, mile, promise, gravel cycling, fitness & sport, funny shirt, typography, minimalist, aesthetic, gift idea, trendy design, statement tee, for men, for women",produits/niches/gravel_one_more_mile_en__dark.png,produits/niches/gravel_one_more_mile_en__light.png
hike_trail_boss_en,niches,fitness_sport,Fitness & Sport,hiking,en,Trail Boss - Fitness & Sport Typography Design,"""Trail Boss"" in clean gold-and-black minimalist typography. A statement design for gym-goers and sports lovers. Makes a perfect gift to wear or give. Available on tees, hoodies, stickers, mugs, tote bags, posters and more. #fitness_sport #typography","gym gift, fitness, running, yoga, workout, sport, trail, boss, hiking, fitness & sport, funny shirt, typography, minimalist, aesthetic, gift idea, trendy design, statement tee, for men, for women",produits/niches/hike_trail_boss_en__dark.png,produits/niches/hike_trail_boss_en__light.png
lift_gains_goblin_en,niches,fitness_sport,Fitness & Sport,lifting,en,Gains Goblin - Fitness & Sport Typography Design,"""Gains Goblin"" in clean gold-and-black minimalist typography. A statement design for gym-goers and sports lovers. Makes a perfect gift to wear or give. Available on tees, hoodies, stickers, mugs, tote bags, posters and more. #fitness_sport #typography","gym gift, fitness, running, yoga, workout, sport, gains, goblin, lifting, fitness & sport, funny shirt, typography, minimalist, aesthetic, gift idea, trendy design, statement tee, for men, for women",produits/niches/lift_gains_goblin_en__dark.png,produits/niches/lift_gains_goblin_en__light.png
lift_sore_strong_en,niches,fitness_sport,Fitness & Sport,lifting,en,Sore Today Strong Tomorrow - Fitness & Sport Typography Design,"""Sore Today Strong Tomorrow"" in clean gold-and-black minimalist typography. A statement design for gym-goers and sports lovers. Makes a perfect gift to wear or give. Available on tees, hoodies, stickers, mugs, tote bags, posters and more. #fitness_sport #typography","gym gift, fitness, running, yoga, workout, sport, sore, today, strong, tomorrow, lifting, fitness & sport, funny shirt, typography, minimalist, aesthetic, gift idea, trendy design, statement tee, for men, for women",produits/niches/lift_sore_strong_en__dark.png,produits/niches/lift_sore_strong_en__light.png
lift_up_down_en,niches,fitness_sport,Fitness & Sport,lifting,en,I Lift Things Up & Put Them Down - Fitness & Sport Typography Design,"""I Lift Things Up & Put Them Down"" in clean gold-and-black minimalist typography. A statement design for gym-goers and sports lovers. Makes a perfect gift to wear or give. Available on tees, hoodies, stickers, mugs, tote bags, posters and more. #fitness_sport #typography","gym gift, fitness, running, yoga, workout, sport, lift, things, them, down, lifting, fitness & sport, funny shirt, typography, minimalist, aesthetic, gift idea, trendy design, statement tee, for men, for women",produits/niches/lift_up_down_en__dark.png,produits/niches/lift_up_down_en__light.png
run_26_2_en,niches,fitness_sport,Fitness & Sport,running,en,13.1 Halfway There - Fitness & Sport Typography Design,"""13.1 Halfway There"" in clean gold-and-black minimalist typography. A statement design for gym-goers and sports lovers. Makes a perfect gift to wear or give. Available on tees, hoodies, stickers, mugs, tote bags, posters and more. #fitness_sport #typography","gym gift, fitness, running, yoga, workout, sport, halfway, there, fitness & sport, funny shirt, typography, minimalist, aesthetic, gift idea, trendy design, statement tee, for men, for women",produits/niches/run_26_2_en__dark.png,produits/niches/run_26_2_en__light.png
run_5k_before_en,niches,fitness_sport,Fitness & Sport,running,en,5K Before Your 5K - Fitness & Sport Typography Design,"""5K Before Your 5K"" in clean gold-and-black minimalist typography. A statement design for gym-goers and sports lovers. Makes a perfect gift to wear or give. Available on tees, hoodies, stickers, mugs, tote bags, posters and more. #fitness_sport #typography","gym gift, fitness, running, yoga, workout, sport, before, fitness & sport, funny shirt, typography, minimalist, aesthetic, gift idea, trendy design, statement tee, for men, for women",produits/niches/run_5k_before_en__dark.png,produits/niches/run_5k_before_en__light.png
run_cardio_en,niches,fitness_sport,Fitness & Sport,running,en,Running Late Is My Cardio - Fitness & Sport Typography Design,"""Running Late Is My Cardio"" in clean gold-and-black minimalist typography. A statement design for gym-goers and sports lovers. Makes a perfect gift to wear or give. Available on tees, hoodies, stickers, mugs, tote bags, posters and more. #fitness_sport #typography","gym gift, fitness, running, yoga, workout, sport, late, cardio, fitness & sport, funny shirt, typography, minimalist, aesthetic, gift idea, trendy design, statement tee, for men, for women",produits/niches/run_cardio_en__dark.png,produits/niches/run_cardio_en__light.png
run_faster_en,niches,fitness_sport,Fitness & Sport,running,en,I Run Faster Than My Problems - Fitness & Sport Typography Design,"""I Run Faster Than My Problems"" in clean gold-and-black minimalist typography. A statement design for gym-goers and sports lovers. Makes a perfect gift to wear or give. Available on tees, hoodies, stickers, mugs, tote bags, posters and more. #fitness_sport #typography","gym gift, fitness, running, yoga, workout, sport, faster, than, problems, fitness & sport, funny shirt, typography, minimalist, aesthetic, gift idea, trendy design, statement tee, for men, for women",produits/niches/run_faster_en__dark.png,produits/niches/run_faster_en__light.png
surf_hair_dont_care_en,niches,fitness_sport,Fitness & Sport,surfing,en,Surf Hair Don't Care - Fitness & Sport Typography Design,"""Surf Hair Don't Care"" in clean gold-and-black minimalist typography. A statement design for gym-goers and sports lovers. Makes a perfect gift to wear or give. Available on tees, hoodies, stickers, mugs, tote bags, posters and more. #fitness_sport #typography","gym gift, fitness, running, yoga, workout, sport, surf, hair, don't, care, surfing, fitness & sport, funny shirt, typography, minimalist, aesthetic, gift idea, trendy design, statement tee, for men, for women",produits/niches/surf_hair_dont_care_en__dark.png,produits/niches/surf_hair_dont_care_en__light.png
surf_sea_you_en,niches,fitness_sport,Fitness & Sport,surfing,en,Sea You Out There - Fitness & Sport Typography Design,"""Sea You Out There"" in clean gold-and-black minimalist typography. A statement design for gym-goers and sports lovers. Makes a perfect gift to wear or give. Available on tees, hoodies, stickers, mugs, tote bags, posters and more. #fitness_sport #typography","gym gift, fitness, running, yoga, workout, sport, there, surfing, fitness & sport, funny shirt, typography, minimalist, aesthetic, gift idea, trendy design, statement tee, for men, for women",produits/niches/surf_sea_you_en__dark.png,produits/niches/surf_sea_you_en__light.png
trail_over_treadmill_en,niches,fitness_sport,Fitness & Sport,trail_running,en,Trails Over Treadmills - Fitness & Sport Typography Design,"""Trails Over Treadmills"" in clean gold-and-black minimalist typography. A statement design for gym-goers and sports lovers. Makes a perfect gift to wear or give. Available on tees, hoodies, stickers, mugs, tote bags, posters and more. #fitness_sport #typography","gym gift, fitness, running, yoga, workout, sport, trails, over, treadmills, trail running, fitness & sport, funny shirt, typography, minimalist, aesthetic, gift idea, trendy design, statement tee, for men, for women",produits/niches/trail_over_treadmill_en__dark.png,produits/niches/trail_over_treadmill_en__light.png
trail_repeat_en,niches,fitness_sport,Fitness & Sport,trail_running,en,Eat. Sleep. Run Trails. - Fitness & Sport Typography Design,"""Eat. Sleep. Run Trails."" in clean gold-and-black minimalist typography. A statement design for gym-goers and sports lovers. Makes a perfect gift to wear or give. Available on tees, hoodies, stickers, mugs, tote bags, posters and more. #fitness_sport #typography","gym gift, fitness, running, yoga, workout, sport, sleep, trails, trail running, fitness & sport, funny shirt, typography, minimalist, aesthetic, gift idea, trendy design, statement tee, for men, for women",produits/niches/trail_repeat_en__dark.png,produits/niches/trail_repeat_en__light.png
trail_stupid_far_en,niches,fitness_sport,Fitness & Sport,trail_running,en,I Run Stupid Far - Fitness & Sport Typography Design,"""I Run Stupid Far"" in clean gold-and-black minimalist typography. A statement design for gym-goers and sports lovers. Makes a perfect gift to wear or give. Available on tees, hoodies, stickers, mugs, tote bags, posters and more. #fitness_sport #typography","gym gift, fitness, running, yoga, workout, sport, stupid, trail running, fitness & sport, funny shirt, typography, minimalist, aesthetic, gift idea, trendy design, statement tee, for men, for women",produits/niches/trail_stupid_far_en__dark.png,produits/niches/trail_stupid_far_en__light.png
trail_will_run_en,niches,fitness_sport,Fitness & Sport,trail_running,en,Will Run for Snacks - Fitness & Sport Typography Design,"""Will Run for Snacks"" in clean gold-and-black minimalist typography. A statement design for gym-goers and sports lovers. Makes a perfect gift to wear or give. Available on tees, hoodies, stickers, mugs, tote bags, posters and more. #fitness_sport #typography","gym gift, fitness, running, yoga, workout, sport, snacks, trail running, fitness & sport, funny shirt, typography, minimalist, aesthetic, gift idea, trendy design, statement tee, for men, for women",produits/niches/trail_will_run_en__dark.png,produits/niches/trail_will_run_en__light.png
yoga_bendy_zen_en,niches,fitness_sport,Fitness & Sport,yoga,en,Bendy & Zen - Fitness & Sport Typography Design,"""Bendy & Zen"" in clean gold-and-black minimalist typography. A statement design for gym-goers and sports lovers. Makes a perfect gift to wear or give. Available on tees, hoodies, stickers, mugs, tote bags, posters and more. #fitness_sport #typography","gym gift, fitness, running, yoga, workout, sport, bendy, fitness & sport, funny shirt, typography, minimalist, aesthetic, gift idea, trendy design, statement tee, for men, for women",produits/niches/yoga_bendy_zen_en__dark.png,produits/niches/yoga_bendy_zen_en__light.png
yoga_find_balance_en,niches,fitness_sport,Fitness & Sport,yoga,en,Find Your Balance - Fitness & Sport Typography Design,"""Find Your Balance"" in clean gold-and-black minimalist typography. A statement design for gym-goers and sports lovers. Makes a perfect gift to wear or give. Available on tees, hoodies, stickers, mugs, tote bags, posters and more. #fitness_sport #typography","gym gift, fitness, running, yoga, workout, sport, find, balance, fitness & sport, funny shirt, typography, minimalist, aesthetic, gift idea, trendy design, statement tee, for men, for women",produits/niches/yoga_find_balance_en__dark.png,produits/niches/yoga_find_balance_en__light.png
yoga_namastay_bed_en,niches,fitness_sport,Fitness & Sport,yoga,en,Namast'ay in Bed - Fitness & Sport Typography Design,"""Namast'ay in Bed"" in clean gold-and-black minimalist typography. A statement design for gym-goers and sports lovers. Makes a perfect gift to wear or give. Available on tees, hoodies, stickers, mugs, tote bags, posters and more. #fitness_sport #typography","gym gift, fitness, running, yoga, workout, sport, namast'ay, fitness & sport, funny shirt, typography, minimalist, aesthetic, gift idea, trendy design, statement tee, for men, for women",produits/niches/yoga_namastay_bed_en__dark.png,produits/niches/yoga_namastay_bed_en__light.png
tr_gym_gin_en,trending,fitness_sport,Fitness & Sport,,en,Gym? I Thought You Said Gin - Fitness & Sport Typography Design,"""Gym? I Thought You Said Gin"" in clean gold-and-black minimalist typography. A statement design for gym-goers and sports lovers. Makes a perfect gift to wear or give. Available on tees, hoodies, stickers, mugs, tote bags, posters and more. #fitness_sport #typography","gym gift, fitness, running, yoga, workout, sport, thought, said, fitness & sport, funny shirt, typography, minimalist, aesthetic, gift idea, trendy design, statement tee, for men, for women",produits/trending/tr_gym_gin_en__dark.png,produits/trending/tr_gym_gin_en__light.png
tr_late_cardio_en,trending,fitness_sport,Fitness & Sport,,en,Running Late Is My Cardio - Fitness & Sport Typography Design,"""Running Late Is My Cardio"" in clean gold-and-black minimalist typography. A statement design for gym-goers and sports lovers. Makes a perfect gift to wear or give. Available on tees, hoodies, stickers, mugs, tote bags, posters and more. #fitness_sport #typography","gym gift, fitness, running, yoga, workout, sport, late, cardio, fitness & sport, funny shirt, typography, minimalist, aesthetic, gift idea, trendy design, statement tee, for men, for women",produits/trending/tr_late_cardio_en__dark.png,produits/trending/tr_late_cardio_en__light.png
co_coffee_en,corrige,food_drink,Food & Drink,,en,Coffee Is For Closers → Everyone - Food & Drink Typography Design,"""Coffee Is For Closers → Everyone"" in clean gold-and-black minimalist typography. A statement design for foodies and caffeine addicts. Makes a perfect gift to wear or give. Available on tees, hoodies, stickers, mugs, tote bags, posters and more. #food_drink #typography","foodie gift, coffee lover, food humor, caffeine, brunch, snack lover, coffee, closers, everyone, food & drink, funny shirt, typography, minimalist, aesthetic, gift idea, trendy design, statement tee, for men, for women",produits/corrige/co_coffee_en__dark.png,produits/corrige/co_coffee_en__light.png
co_life_box_en,corrige,food_drink,Food & Drink,,en,Life Is Like A Box Of Chocolates → Privilege - Food & Drink Typography Design,"""Life Is Like A Box Of Chocolates → Privilege"" in clean gold-and-black minimalist typography. A statement design for foodies and caffeine addicts. Makes a perfect gift to wear or give. Available on tees, hoodies, stickers, mugs, tote bags, posters and more. #food_drink #typography","foodie gift, coffee lover, food humor, caffeine, brunch, snack lover, life, chocolates, privilege, food & drink, funny shirt, typography, minimalist, aesthetic, gift idea, trendy design, statement tee, for men, for women",produits/corrige/co_life_box_en__dark.png,produits/corrige/co_life_box_en__light.png
fm_nut_chaos_en,formats,food_drink,Food & Drink,nutrition,en,Daily Intake Chaos Naps Drama Snacks Vibes - Food & Drink Typography Design,"""Daily Intake Chaos Naps Drama Snacks Vibes"" in clean gold-and-black minimalist typography. A statement design for foodies and caffeine addicts. Makes a perfect gift to wear or give. Available on tees, hoodies, stickers, mugs, tote bags, posters and more. #food_drink #typography","foodie gift, coffee lover, food humor, caffeine, brunch, snack lover, daily, intake, chaos, naps, drama, nutrition, food & drink, funny shirt, typography, minimalist, aesthetic, gift idea, trendy design, statement tee, for men, for women",produits/formats/fm_nut_chaos_en__dark.png,produits/formats/fm_nut_chaos_en__light.png
fm_nut_valeurs_fr,formats,food_drink,Food & Drink,nutrition,fr,Valeurs Personnelles Rage Patience Sarcasme Caféine Empathie Filtre - Food & Drink (French) Design,"« Valeurs Personnelles Rage Patience Sarcasme Caféine Empathie Filtre » en typographie or et noir, minimaliste et percutante. Un design pour les gourmand·es et accros au café. Idée cadeau parfaite, à porter ou offrir. Disponible sur t-shirt, sweat, sticker, mug, tote bag, poster et plus. #food_drink #typographie","foodie gift, coffee lover, food humor, caffeine, brunch, snack lover, valeurs, personnelles, rage, patience, sarcasme, nutrition, food & drink, funny shirt, typography, minimalist, aesthetic, gift idea, trendy design, statement tee, for men, for women",produits/formats/fm_nut_valeurs_fr__dark.png,produits/formats/fm_nut_valeurs_fr__light.png
he_monday_coffee_en,heart,food_drink,Food & Drink,,en,I love Coffee not Mondays - Food & Drink Typography Design,"""I love Coffee not Mondays"" in clean gold-and-black minimalist typography. A statement design for foodies and caffeine addicts. Makes a perfect gift to wear or give. Available on tees, hoodies, stickers, mugs, tote bags, posters and more. #food_drink #typography","foodie gift, coffee lover, food humor, caffeine, brunch, snack lover, love, coffee, mondays, food & drink, funny shirt, typography, minimalist, aesthetic, gift idea, trendy design, statement tee, for men, for women",produits/heart/he_monday_coffee_en__dark.png,produits/heart/he_monday_coffee_en__light.png
id_coffee_en,identite,food_drink,Food & Drink,,en,Coffee Addict - Food & Drink Typography Design,"""Coffee Addict"" in clean gold-and-black minimalist typography. A statement design for foodies and caffeine addicts. Makes a perfect gift to wear or give. Available on tees, hoodies, stickers, mugs, tote bags, posters and more. #food_drink #typography","foodie gift, coffee lover, food humor, caffeine, brunch, snack lover, coffee, addict, food & drink, funny shirt, typography, minimalist, aesthetic, gift idea, trendy design, statement tee, for men, for women",produits/identite/id_coffee_en__dark.png,produits/identite/id_coffee_en__light.png
id_matcha_en,identite,food_drink,Food & Drink,,en,Matcha Addict - Food & Drink Typography Design,"""Matcha Addict"" in clean gold-and-black minimalist typography. A statement design for foodies and caffeine addicts. Makes a perfect gift to wear or give. Available on tees, hoodies, stickers, mugs, tote bags, posters and more. #food_drink #typography","foodie gift, coffee lover, food humor, caffeine, brunch, snack lover, matcha, addict, food & drink, funny shirt, typography, minimalist, aesthetic, gift idea, trendy design, statement tee, for men, for women",produits/identite/id_matcha_en__dark.png,produits/identite/id_matcha_en__light.png
ir_meme_bateau_fr,ironique,food_drink,Food & Drink,,fr,On Est Tous Dans Le Même Bateau (Sauf Ceux Qui Ont Troué La Coque) - Food & Drink (French) Design,"« On Est Tous Dans Le Même Bateau (Sauf Ceux Qui Ont Troué La Coque) » en typographie or et noir, minimaliste et percutante. Un design pour les gourmand·es et accros au café. Idée cadeau parfaite, à porter ou offrir. Disponible sur t-shirt, sweat, sticker, mug, tote bag, poster et plus. #food_drink #typographie","foodie gift, coffee lover, food humor, caffeine, brunch, snack lover, tous, même, bateau, sauf, ceux, food & drink, funny shirt, typography, minimalist, aesthetic, gift idea, trendy design, statement tee, for men, for women",produits/ironique/ir_meme_bateau_fr__dark.png,produits/ironique/ir_meme_bateau_fr__light.png
bc_agility_en,niches,food_drink,Food & Drink,border_collie,en,My Dog Has Agility Titles I Have Snacks - Food & Drink Typography Design,"""My Dog Has Agility Titles I Have Snacks"" in clean gold-and-black minimalist typography. A statement design for foodies and caffeine addicts. Makes a perfect gift to wear or give. Available on tees, hoodies, stickers, mugs, tote bags, posters and more. #food_drink #typography","foodie gift, coffee lover, food humor, caffeine, brunch, snack lover, agility, titles, snacks, border collie, food & drink, funny shirt, typography, minimalist, aesthetic, gift idea, trendy design, statement tee, for men, for women",produits/niches/bc_agility_en__dark.png,produits/niches/bc_agility_en__light.png
coffee_blood_type_en,niches,food_drink,Food & Drink,coffee,en,My Blood Type Is Espresso - Food & Drink Typography Design,"""My Blood Type Is Espresso"" in clean gold-and-black minimalist typography. A statement design for foodies and caffeine addicts. Makes a perfect gift to wear or give. Available on tees, hoodies, stickers, mugs, tote bags, posters and more. #food_drink #typography","foodie gift, coffee lover, food humor, caffeine, brunch, snack lover, blood, type, espresso, coffee, food & drink, funny shirt, typography, minimalist, aesthetic, gift idea, trendy design, statement tee, for men, for women",produits/niches/coffee_blood_type_en__dark.png,produits/niches/coffee_blood_type_en__light.png
coffee_but_first_en,niches,food_drink,Food & Drink,coffee,en,But First Coffee - Food & Drink Typography Design,"""But First Coffee"" in clean gold-and-black minimalist typography. A statement design for foodies and caffeine addicts. Makes a perfect gift to wear or give. Available on tees, hoodies, stickers, mugs, tote bags, posters and more. #food_drink #typography","foodie gift, coffee lover, food humor, caffeine, brunch, snack lover, first, coffee, food & drink, funny shirt, typography, minimalist, aesthetic, gift idea, trendy design, statement tee, for men, for women",produits/niches/coffee_but_first_en__dark.png,produits/niches/coffee_but_first_en__light.png
coffee_espresso_yourself_en,niches,food_drink,Food & Drink,coffee,en,Espresso Yourself - Food & Drink Typography Design,"""Espresso Yourself"" in clean gold-and-black minimalist typography. A statement design for foodies and caffeine addicts. Makes a perfect gift to wear or give. Available on tees, hoodies, stickers, mugs, tote bags, posters and more. #food_drink #typography","foodie gift, coffee lover, food humor, caffeine, brunch, snack lover, espresso, yourself, coffee, food & drink, funny shirt, typography, minimalist, aesthetic, gift idea, trendy design, statement tee, for men, for women",produits/niches/coffee_espresso_yourself_en__dark.png,produits/niches/coffee_espresso_yourself_en__light.png
coffee_powered_beans_en,niches,food_drink,Food & Drink,coffee,en,Powered by Beans - Food & Drink Typography Design,"""Powered by Beans"" in clean gold-and-black minimalist typography. A statement design for foodies and caffeine addicts. Makes a perfect gift to wear or give. Available on tees, hoodies, stickers, mugs, tote bags, posters and more. #food_drink #typography","foodie gift, coffee lover, food humor, caffeine, brunch, snack lover, powered, beans, coffee, food & drink, funny shirt, typography, minimalist, aesthetic, gift idea, trendy design, statement tee, for men, for women",produits/niches/coffee_powered_beans_en__dark.png,produits/niches/coffee_powered_beans_en__light.png
cp_ice_bath_en,niches,food_drink,Food & Drink,cold_plunge,en,Ice Bath Every Morning Then Coffee. Then Humans. - Food & Drink Typography Design,"""Ice Bath Every Morning Then Coffee. Then Humans."" in clean gold-and-black minimalist typography. A statement design for foodies and caffeine addicts. Makes a perfect gift to wear or give. Available on tees, hoodies, stickers, mugs, tote bags, posters and more. #food_drink #typography","foodie gift, coffee lover, food humor, caffeine, brunch, snack lover, bath, every, morning, then, coffee, cold plunge, food & drink, funny shirt, typography, minimalist, aesthetic, gift idea, trendy design, statement tee, for men, for women",produits/niches/cp_ice_bath_en__dark.png,produits/niches/cp_ice_bath_en__light.png
gma_gateaux_fr,niches,food_drink,Food & Drink,cool_grandma,fr,Je fais des gâteaux et des complots - Food & Drink (French) Design,"« Je fais des gâteaux et des complots » en typographie or et noir, minimaliste et percutante. Un design pour les gourmand·es et accros au café. Idée cadeau parfaite, à porter ou offrir. Disponible sur t-shirt, sweat, sticker, mug, tote bag, poster et plus. #food_drink #typographie","foodie gift, coffee lover, food humor, caffeine, brunch, snack lover, fais, gâteaux, complots, cool grandma, food & drink, funny shirt, typography, minimalist, aesthetic, gift idea, trendy design, statement tee, for men, for women",produits/niches/gma_gateaux_fr__dark.png,produits/niches/gma_gateaux_fr__light.png
gma_wine_en,niches,food_drink,Food & Drink,cool_grandma,en,Grandma Needs Wine Not Advice - Food & Drink Typography Design,"""Grandma Needs Wine Not Advice"" in clean gold-and-black minimalist typography. A statement design for foodies and caffeine addicts. Makes a perfect gift to wear or give. Available on tees, hoodies, stickers, mugs, tote bags, posters and more. #food_drink #typography","foodie gift, coffee lover, food humor, caffeine, brunch, snack lover, grandma, needs, wine, advice, cool grandma, food & drink, funny shirt, typography, minimalist, aesthetic, gift idea, trendy design, statement tee, for men, for women",produits/niches/gma_wine_en__dark.png,produits/niches/gma_wine_en__light.png
horse_hay_wine_en,niches,food_drink,Food & Drink,horse_riding,en,Hay Is for Horses I Want Wine - Food & Drink Typography Design,"""Hay Is for Horses I Want Wine"" in clean gold-and-black minimalist typography. A statement design for foodies and caffeine addicts. Makes a perfect gift to wear or give. Available on tees, hoodies, stickers, mugs, tote bags, posters and more. #food_drink #typography","foodie gift, coffee lover, food humor, caffeine, brunch, snack lover, horses, want, wine, horse riding, food & drink, funny shirt, typography, minimalist, aesthetic, gift idea, trendy design, statement tee, for men, for women",produits/niches/horse_hay_wine_en__dark.png,produits/niches/horse_hay_wine_en__light.png
lift_squat_snacks_en,niches,food_drink,Food & Drink,lifting,en,Will Squat for Snacks - Food & Drink Typography Design,"""Will Squat for Snacks"" in clean gold-and-black minimalist typography. A statement design for foodies and caffeine addicts. Makes a perfect gift to wear or give. Available on tees, hoodies, stickers, mugs, tote bags, posters and more. #food_drink #typography","foodie gift, coffee lover, food humor, caffeine, brunch, snack lover, squat, snacks, lifting, food & drink, funny shirt, typography, minimalist, aesthetic, gift idea, trendy design, statement tee, for men, for women",produits/niches/lift_squat_snacks_en__dark.png,produits/niches/lift_squat_snacks_en__light.png
mal_igp_en,niches,food_drink,Food & Drink,malinois,en,IGP Trial This Weekend Send Coffee - Food & Drink Typography Design,"""IGP Trial This Weekend Send Coffee"" in clean gold-and-black minimalist typography. A statement design for foodies and caffeine addicts. Makes a perfect gift to wear or give. Available on tees, hoodies, stickers, mugs, tote bags, posters and more. #food_drink #typography","foodie gift, coffee lover, food humor, caffeine, brunch, snack lover, trial, weekend, send, coffee, malinois, food & drink, funny shirt, typography, minimalist, aesthetic, gift idea, trendy design, statement tee, for men, for women",produits/niches/mal_igp_en__dark.png,produits/niches/mal_igp_en__light.png
matcha_but_first_en,niches,food_drink,Food & Drink,matcha,en,But First Matcha - Food & Drink Typography Design,"""But First Matcha"" in clean gold-and-black minimalist typography. A statement design for foodies and caffeine addicts. Makes a perfect gift to wear or give. Available on tees, hoodies, stickers, mugs, tote bags, posters and more. #food_drink #typography","foodie gift, coffee lover, food humor, caffeine, brunch, snack lover, first, matcha, food & drink, funny shirt, typography, minimalist, aesthetic, gift idea, trendy design, statement tee, for men, for women",produits/niches/matcha_but_first_en__dark.png,produits/niches/matcha_but_first_en__light.png
matcha_made_heaven_en,niches,food_drink,Food & Drink,matcha,en,Matcha Made in Heaven - Food & Drink Typography Design,"""Matcha Made in Heaven"" in clean gold-and-black minimalist typography. A statement design for foodies and caffeine addicts. Makes a perfect gift to wear or give. Available on tees, hoodies, stickers, mugs, tote bags, posters and more. #food_drink #typography","foodie gift, coffee lover, food humor, caffeine, brunch, snack lover, matcha, made, heaven, food & drink, funny shirt, typography, minimalist, aesthetic, gift idea, trendy design, statement tee, for men, for women",produits/niches/matcha_made_heaven_en__dark.png,produits/niches/matcha_made_heaven_en__light.png
matcha_spill_tea_en,niches,food_drink,Food & Drink,matcha,en,Spill the Tea Not the Matcha - Food & Drink Typography Design,"""Spill the Tea Not the Matcha"" in clean gold-and-black minimalist typography. A statement design for foodies and caffeine addicts. Makes a perfect gift to wear or give. Available on tees, hoodies, stickers, mugs, tote bags, posters and more. #food_drink #typography","foodie gift, coffee lover, food humor, caffeine, brunch, snack lover, spill, matcha, food & drink, funny shirt, typography, minimalist, aesthetic, gift idea, trendy design, statement tee, for men, for women",produits/niches/matcha_spill_tea_en__dark.png,produits/niches/matcha_spill_tea_en__light.png
matcha_terrific_en,niches,food_drink,Food & Drink,matcha,en,Tea-rrific & Caffeinated - Food & Drink Typography Design,"""Tea-rrific & Caffeinated"" in clean gold-and-black minimalist typography. A statement design for foodies and caffeine addicts. Makes a perfect gift to wear or give. Available on tees, hoodies, stickers, mugs, tote bags, posters and more. #food_drink #typography","foodie gift, coffee lover, food humor, caffeine, brunch, snack lover, rrific, caffeinated, matcha, food & drink, funny shirt, typography, minimalist, aesthetic, gift idea, trendy design, statement tee, for men, for women",produits/niches/matcha_terrific_en__dark.png,produits/niches/matcha_terrific_en__light.png
pun_cafe_confiance_fr,niches,food_drink,Food & Drink,wordplay_fr,fr,Caféine le seul C que je valide - Food & Drink (French) Design,"« Caféine le seul C que je valide » en typographie or et noir, minimaliste et percutante. Un design pour les gourmand·es et accros au café. Idée cadeau parfaite, à porter ou offrir. Disponible sur t-shirt, sweat, sticker, mug, tote bag, poster et plus. #food_drink #typographie","foodie gift, coffee lover, food humor, caffeine, brunch, snack lover, caféine, seul, valide, wordplay fr, food & drink, funny shirt, typography, minimalist, aesthetic, gift idea, trendy design, statement tee, for men, for women",produits/niches/pun_cafe_confiance_fr__dark.png,produits/niches/pun_cafe_confiance_fr__light.png
pun_espresso_en,niches,food_drink,Food & Drink,wordplay_en,en,I've Bean Thinking About Coffee - Food & Drink Typography Design,"""I've Bean Thinking About Coffee"" in clean gold-and-black minimalist typography. A statement design for foodies and caffeine addicts. Makes a perfect gift to wear or give. Available on tees, hoodies, stickers, mugs, tote bags, posters and more. #food_drink #typography","foodie gift, coffee lover, food humor, caffeine, brunch, snack lover, i've, bean, thinking, about, coffee, wordplay en, food & drink, funny shirt, typography, minimalist, aesthetic, gift idea, trendy design, statement tee, for men, for women",produits/niches/pun_espresso_en__dark.png,produits/niches/pun_espresso_en__light.png
pun_wine_time_en,niches,food_drink,Food & Drink,wordplay_en,en,Wine Time Is Fine Time - Food & Drink Typography Design,"""Wine Time Is Fine Time"" in clean gold-and-black minimalist typography. A statement design for foodies and caffeine addicts. Makes a perfect gift to wear or give. Available on tees, hoodies, stickers, mugs, tote bags, posters and more. #food_drink #typography","foodie gift, coffee lover, food humor, caffeine, brunch, snack lover, wine, time, fine, wordplay en, food & drink, funny shirt, typography, minimalist, aesthetic, gift idea, trendy design, statement tee, for men, for women",produits/niches/pun_wine_time_en__dark.png,produits/niches/pun_wine_time_en__light.png
retro_insert_coffee_en,niches,food_drink,Food & Drink,retro_gaming,en,Game Over? Insert Coffee - Food & Drink Typography Design,"""Game Over? Insert Coffee"" in clean gold-and-black minimalist typography. A statement design for foodies and caffeine addicts. Makes a perfect gift to wear or give. Available on tees, hoodies, stickers, mugs, tote bags, posters and more. #food_drink #typography","foodie gift, coffee lover, food humor, caffeine, brunch, snack lover, game, over, insert, coffee, retro gaming, food & drink, funny shirt, typography, minimalist, aesthetic, gift idea, trendy design, statement tee, for men, for women",produits/niches/retro_insert_coffee_en__dark.png,produits/niches/retro_insert_coffee_en__light.png
sd_75_hydration_en,niches,food_drink,Food & Drink,sourdough,en,75% Hydration Was Hubris - Food & Drink Typography Design,"""75% Hydration Was Hubris"" in clean gold-and-black minimalist typography. A statement design for foodies and caffeine addicts. Makes a perfect gift to wear or give. Available on tees, hoodies, stickers, mugs, tote bags, posters and more. #food_drink #typography","foodie gift, coffee lover, food humor, caffeine, brunch, snack lover, hydration, hubris, sourdough, food & drink, funny shirt, typography, minimalist, aesthetic, gift idea, trendy design, statement tee, for men, for women",produits/niches/sd_75_hydration_en__dark.png,produits/niches/sd_75_hydration_en__light.png
sd_alveolage_fr,niches,food_drink,Food & Drink,sourdough,fr,L'Alvéolage N'est Jamais Assez Ouvert - Food & Drink (French) Design,"« L'Alvéolage N'est Jamais Assez Ouvert » en typographie or et noir, minimaliste et percutante. Un design pour les gourmand·es et accros au café. Idée cadeau parfaite, à porter ou offrir. Disponible sur t-shirt, sweat, sticker, mug, tote bag, poster et plus. #food_drink #typographie","foodie gift, coffee lover, food humor, caffeine, brunch, snack lover, l'alvéolage, n'est, jamais, assez, ouvert, sourdough, food & drink, funny shirt, typography, minimalist, aesthetic, gift idea, trendy design, statement tee, for men, for women",produits/niches/sd_alveolage_fr__dark.png,produits/niches/sd_alveolage_fr__light.png
sd_bulk_one_more_hour_en,niches,food_drink,Food & Drink,sourdough,en,Bulk Ferment: Just One More Hour - Food & Drink Typography Design,"""Bulk Ferment: Just One More Hour"" in clean gold-and-black minimalist typography. A statement design for foodies and caffeine addicts. Makes a perfect gift to wear or give. Available on tees, hoodies, stickers, mugs, tote bags, posters and more. #food_drink #typography","foodie gift, coffee lover, food humor, caffeine, brunch, snack lover, bulk, ferment, more, hour, sourdough, food & drink, funny shirt, typography, minimalist, aesthetic, gift idea, trendy design, statement tee, for men, for women",produits/niches/sd_bulk_one_more_hour_en__dark.png,produits/niches/sd_bulk_one_more_hour_en__light.png
sd_discard_better_life_en,niches,food_drink,Food & Drink,sourdough,en,My Discard Has a Better Life Than Me - Food & Drink Typography Design,"""My Discard Has a Better Life Than Me"" in clean gold-and-black minimalist typography. A statement design for foodies and caffeine addicts. Makes a perfect gift to wear or give. Available on tees, hoodies, stickers, mugs, tote bags, posters and more. #food_drink #typography","foodie gift, coffee lover, food humor, caffeine, brunch, snack lover, discard, better, life, than, sourdough, food & drink, funny shirt, typography, minimalist, aesthetic, gift idea, trendy design, statement tee, for men, for women",produits/niches/sd_discard_better_life_en__dark.png,produits/niches/sd_discard_better_life_en__light.png
sd_fed_starter_first_en,niches,food_drink,Food & Drink,sourdough,en,Fed My Starter Before Myself. Again. - Food & Drink Typography Design,"""Fed My Starter Before Myself. Again."" in clean gold-and-black minimalist typography. A statement design for foodies and caffeine addicts. Makes a perfect gift to wear or give. Available on tees, hoodies, stickers, mugs, tote bags, posters and more. #food_drink #typography","foodie gift, coffee lover, food humor, caffeine, brunch, snack lover, starter, before, myself, again, sourdough, food & drink, funny shirt, typography, minimalist, aesthetic, gift idea, trendy design, statement tee, for men, for women",produits/niches/sd_fed_starter_first_en__dark.png,produits/niches/sd_fed_starter_first_en__light.png
sd_float_test_en,niches,food_drink,Food & Drink,sourdough,en,My Float Test Lied Baked Anyway - Food & Drink Typography Design,"""My Float Test Lied Baked Anyway"" in clean gold-and-black minimalist typography. A statement design for foodies and caffeine addicts. Makes a perfect gift to wear or give. Available on tees, hoodies, stickers, mugs, tote bags, posters and more. #food_drink #typography","foodie gift, coffee lover, food humor, caffeine, brunch, snack lover, float, test, lied, baked, anyway, sourdough, food & drink, funny shirt, typography, minimalist, aesthetic, gift idea, trendy design, statement tee, for men, for women",produits/niches/sd_float_test_en__dark.png,produits/niches/sd_float_test_en__light.png
sd_levain_prenom_fr,niches,food_drink,Food & Drink,sourdough,fr,Mon Levain Se Prénomme Jean-Pierre - Food & Drink (French) Design,"« Mon Levain Se Prénomme Jean-Pierre » en typographie or et noir, minimaliste et percutante. Un design pour les gourmand·es et accros au café. Idée cadeau parfaite, à porter ou offrir. Disponible sur t-shirt, sweat, sticker, mug, tote bag, poster et plus. #food_drink #typographie","foodie gift, coffee lover, food humor, caffeine, brunch, snack lover, levain, prénomme, jean, pierre, sourdough, food & drink, funny shirt, typography, minimalist, aesthetic, gift idea, trendy design, statement tee, for men, for women",produits/niches/sd_levain_prenom_fr__dark.png,produits/niches/sd_levain_prenom_fr__light.png
sd_open_crumb_en,niches,food_drink,Food & Drink,sourdough,en,Open Crumb or Start Over - Food & Drink Typography Design,"""Open Crumb or Start Over"" in clean gold-and-black minimalist typography. A statement design for foodies and caffeine addicts. Makes a perfect gift to wear or give. Available on tees, hoodies, stickers, mugs, tote bags, posters and more. #food_drink #typography","foodie gift, coffee lover, food humor, caffeine, brunch, snack lover, open, crumb, start, over, sourdough, food & drink, funny shirt, typography, minimalist, aesthetic, gift idea, trendy design, statement tee, for men, for women",produits/niches/sd_open_crumb_en__dark.png,produits/niches/sd_open_crumb_en__light.png
teacher_coffee_chaos_en,niches,food_drink,Food & Drink,teachers,en,Teacher: Fueled by Coffee & Chaos - Food & Drink Typography Design,"""Teacher: Fueled by Coffee & Chaos"" in clean gold-and-black minimalist typography. A statement design for foodies and caffeine addicts. Makes a perfect gift to wear or give. Available on tees, hoodies, stickers, mugs, tote bags, posters and more. #food_drink #typography","foodie gift, coffee lover, food humor, caffeine, brunch, snack lover, teacher, fueled, coffee, chaos, teachers, food & drink, funny shirt, typography, minimalist, aesthetic, gift idea, trendy design, statement tee, for men, for women",produits/niches/teacher_coffee_chaos_en__dark.png,produits/niches/teacher_coffee_chaos_en__light.png
vl_stealth_en,niches,food_drink,Food & Drink,van_life,en,Stealth Camped Outside Your HOA - Food & Drink Typography Design,"""Stealth Camped Outside Your HOA"" in clean gold-and-black minimalist typography. A statement design for foodies and caffeine addicts. Makes a perfect gift to wear or give. Available on tees, hoodies, stickers, mugs, tote bags, posters and more. #food_drink #typography","foodie gift, coffee lover, food humor, caffeine, brunch, snack lover, stealth, camped, outside, van life, food & drink, funny shirt, typography, minimalist, aesthetic, gift idea, trendy design, statement tee, for men, for women",produits/niches/vl_stealth_en__dark.png,produits/niches/vl_stealth_en__light.png
wine_cheaper_therapy_en,niches,food_drink,Food & Drink,wine,en,Wine Is Cheaper Than Therapy - Food & Drink Typography Design,"""Wine Is Cheaper Than Therapy"" in clean gold-and-black minimalist typography. A statement design for foodies and caffeine addicts. Makes a perfect gift to wear or give. Available on tees, hoodies, stickers, mugs, tote bags, posters and more. #food_drink #typography","foodie gift, coffee lover, food humor, caffeine, brunch, snack lover, wine, cheaper, than, therapy, food & drink, funny shirt, typography, minimalist, aesthetic, gift idea, trendy design, statement tee, for men, for women",produits/niches/wine_cheaper_therapy_en__dark.png,produits/niches/wine_cheaper_therapy_en__light.png
wine_not_en,niches,food_drink,Food & Drink,wine,en,Wine Not? - Food & Drink Typography Design,"""Wine Not?"" in clean gold-and-black minimalist typography. A statement design for foodies and caffeine addicts. Makes a perfect gift to wear or give. Available on tees, hoodies, stickers, mugs, tote bags, posters and more. #food_drink #typography","foodie gift, coffee lover, food humor, caffeine, brunch, snack lover, wine, food & drink, funny shirt, typography, minimalist, aesthetic, gift idea, trendy design, statement tee, for men, for women",produits/niches/wine_not_en__dark.png,produits/niches/wine_not_en__light.png
wine_rosé_all_day_en,niches,food_drink,Food & Drink,wine,en,Rosé All Day - Food & Drink Typography Design,"""Rosé All Day"" in clean gold-and-black minimalist typography. A statement design for foodies and caffeine addicts. Makes a perfect gift to wear or give. Available on tees, hoodies, stickers, mugs, tote bags, posters and more. #food_drink #typography","foodie gift, coffee lover, food humor, caffeine, brunch, snack lover, rosé, wine, food & drink, funny shirt, typography, minimalist, aesthetic, gift idea, trendy design, statement tee, for men, for women",produits/niches/wine_rosé_all_day_en__dark.png,produits/niches/wine_rosé_all_day_en__light.png
wine_wisdom_en,niches,food_drink,Food & Drink,wine,en,In Wine There Is Wisdom - Food & Drink Typography Design,"""In Wine There Is Wisdom"" in clean gold-and-black minimalist typography. A statement design for foodies and caffeine addicts. Makes a perfect gift to wear or give. Available on tees, hoodies, stickers, mugs, tote bags, posters and more. #food_drink #typography","foodie gift, coffee lover, food humor, caffeine, brunch, snack lover, wine, there, wisdom, food & drink, funny shirt, typography, minimalist, aesthetic, gift idea, trendy design, statement tee, for men, for women",produits/niches/wine_wisdom_en__dark.png,produits/niches/wine_wisdom_en__light.png
yoga_wine_later_en,niches,food_drink,Food & Drink,yoga,en,Yoga Now Wine Later - Food & Drink Typography Design,"""Yoga Now Wine Later"" in clean gold-and-black minimalist typography. A statement design for foodies and caffeine addicts. Makes a perfect gift to wear or give. Available on tees, hoodies, stickers, mugs, tote bags, posters and more. #food_drink #typography","foodie gift, coffee lover, food humor, caffeine, brunch, snack lover, yoga, wine, later, food & drink, funny shirt, typography, minimalist, aesthetic, gift idea, trendy design, statement tee, for men, for women",produits/niches/yoga_wine_later_en__dark.png,produits/niches/yoga_wine_later_en__light.png
pl_born_coffee_en,punchlines,food_drink,Food & Drink,,en,"Born For Nothing, Staying For The Coffee - Food & Drink Typography Design","""Born For Nothing, Staying For The Coffee"" in clean gold-and-black minimalist typography. A statement design for foodies and caffeine addicts. Makes a perfect gift to wear or give. Available on tees, hoodies, stickers, mugs, tote bags, posters and more. #food_drink #typography","foodie gift, coffee lover, food humor, caffeine, brunch, snack lover, born, nothing, staying, coffee, food & drink, funny shirt, typography, minimalist, aesthetic, gift idea, trendy design, statement tee, for men, for women",produits/punchlines/pl_born_coffee_en__dark.png,produits/punchlines/pl_born_coffee_en__light.png
pl_caffeine_personality_en,punchlines,food_drink,Food & Drink,,en,Caffeine Is A Personality - Food & Drink Typography Design,"""Caffeine Is A Personality"" in clean gold-and-black minimalist typography. A statement design for foodies and caffeine addicts. Makes a perfect gift to wear or give. Available on tees, hoodies, stickers, mugs, tote bags, posters and more. #food_drink #typography","foodie gift, coffee lover, food humor, caffeine, brunch, snack lover, personality, food & drink, funny shirt, typography, minimalist, aesthetic, gift idea, trendy design, statement tee, for men, for women",produits/punchlines/pl_caffeine_personality_en__dark.png,produits/punchlines/pl_caffeine_personality_en__light.png
pl_caffeine_spite_en,punchlines,food_drink,Food & Drink,,en,Running On Caffeine And Spite - Food & Drink Typography Design,"""Running On Caffeine And Spite"" in clean gold-and-black minimalist typography. A statement design for foodies and caffeine addicts. Makes a perfect gift to wear or give. Available on tees, hoodies, stickers, mugs, tote bags, posters and more. #food_drink #typography","foodie gift, coffee lover, food humor, caffeine, brunch, snack lover, running, spite, food & drink, funny shirt, typography, minimalist, aesthetic, gift idea, trendy design, statement tee, for men, for women",produits/punchlines/pl_caffeine_spite_en__dark.png,produits/punchlines/pl_caffeine_spite_en__light.png
pl_kebab_en,punchlines,food_drink,Food & Drink,,en,You Are What You Eat. I'm A Kebab. - Food & Drink Typography Design,"""You Are What You Eat. I'm A Kebab."" in clean gold-and-black minimalist typography. A statement design for foodies and caffeine addicts. Makes a perfect gift to wear or give. Available on tees, hoodies, stickers, mugs, tote bags, posters and more. #food_drink #typography","foodie gift, coffee lover, food humor, caffeine, brunch, snack lover, kebab, food & drink, funny shirt, typography, minimalist, aesthetic, gift idea, trendy design, statement tee, for men, for women",produits/punchlines/pl_kebab_en__dark.png,produits/punchlines/pl_kebab_en__light.png
pl_kebab_fr,punchlines,food_drink,Food & Drink,,fr,On Est Ce Qu'On Mange. Je Suis Un Kebab. - Food & Drink (French) Design,"« On Est Ce Qu'On Mange. Je Suis Un Kebab. » en typographie or et noir, minimaliste et percutante. Un design pour les gourmand·es et accros au café. Idée cadeau parfaite, à porter ou offrir. Disponible sur t-shirt, sweat, sticker, mug, tote bag, poster et plus. #food_drink #typographie","foodie gift, coffee lover, food humor, caffeine, brunch, snack lover, mange, suis, kebab, food & drink, funny shirt, typography, minimalist, aesthetic, gift idea, trendy design, statement tee, for men, for women",produits/punchlines/pl_kebab_fr__dark.png,produits/punchlines/pl_kebab_fr__light.png
pl_metro_marteau_fr,punchlines,food_drink,Food & Drink,,fr,"Métro, Boulot, Marteau - Food & Drink (French) Design","« Métro, Boulot, Marteau » en typographie or et noir, minimaliste et percutante. Un design pour les gourmand·es et accros au café. Idée cadeau parfaite, à porter ou offrir. Disponible sur t-shirt, sweat, sticker, mug, tote bag, poster et plus. #food_drink #typographie","foodie gift, coffee lover, food humor, caffeine, brunch, snack lover, métro, boulot, marteau, food & drink, funny shirt, typography, minimalist, aesthetic, gift idea, trendy design, statement tee, for men, for women",produits/punchlines/pl_metro_marteau_fr__dark.png,produits/punchlines/pl_metro_marteau_fr__light.png
pl_ne_pour_cafe_fr,punchlines,food_drink,Food & Drink,,fr,"Né Pour Rien, Reste Pour Le Café - Food & Drink (French) Design","« Né Pour Rien, Reste Pour Le Café » en typographie or et noir, minimaliste et percutante. Un design pour les gourmand·es et accros au café. Idée cadeau parfaite, à porter ou offrir. Disponible sur t-shirt, sweat, sticker, mug, tote bag, poster et plus. #food_drink #typographie","foodie gift, coffee lover, food humor, caffeine, brunch, snack lover, rien, reste, café, food & drink, funny shirt, typography, minimalist, aesthetic, gift idea, trendy design, statement tee, for men, for women",produits/punchlines/pl_ne_pour_cafe_fr__dark.png,produits/punchlines/pl_ne_pour_cafe_fr__light.png
pl_nothing_snacks_en,punchlines,food_drink,Food & Drink,,en,Nothing Matters (Snacks Help) - Food & Drink Typography Design,"""Nothing Matters (Snacks Help)"" in clean gold-and-black minimalist typography. A statement design for foodies and caffeine addicts. Makes a perfect gift to wear or give. Available on tees, hoodies, stickers, mugs, tote bags, posters and more. #food_drink #typography","foodie gift, coffee lover, food humor, caffeine, brunch, snack lover, nothing, matters, snacks, help, food & drink, funny shirt, typography, minimalist, aesthetic, gift idea, trendy design, statement tee, for men, for women",produits/punchlines/pl_nothing_snacks_en__dark.png,produits/punchlines/pl_nothing_snacks_en__light.png
pl_snacks_downfall_en,punchlines,food_drink,Food & Drink,,en,Here For The Snacks And The Downfall - Food & Drink Typography Design,"""Here For The Snacks And The Downfall"" in clean gold-and-black minimalist typography. A statement design for foodies and caffeine addicts. Makes a perfect gift to wear or give. Available on tees, hoodies, stickers, mugs, tote bags, posters and more. #food_drink #typography","foodie gift, coffee lover, food humor, caffeine, brunch, snack lover, here, snacks, downfall, food & drink, funny shirt, typography, minimalist, aesthetic, gift idea, trendy design, statement tee, for men, for women",produits/punchlines/pl_snacks_downfall_en__dark.png,produits/punchlines/pl_snacks_downfall_en__light.png
pl_spite_snacks_en,punchlines,food_drink,Food & Drink,,en,Powered By Spite & Snacks - Food & Drink Typography Design,"""Powered By Spite & Snacks"" in clean gold-and-black minimalist typography. A statement design for foodies and caffeine addicts. Makes a perfect gift to wear or give. Available on tees, hoodies, stickers, mugs, tote bags, posters and more. #food_drink #typography","foodie gift, coffee lover, food humor, caffeine, brunch, snack lover, powered, spite, snacks, food & drink, funny shirt, typography, minimalist, aesthetic, gift idea, trendy design, statement tee, for men, for women",produits/punchlines/pl_spite_snacks_en__dark.png,produits/punchlines/pl_spite_snacks_en__light.png
tr_but_first_coffee_en,trending,food_drink,Food & Drink,,en,But First Coffee - Food & Drink Typography Design,"""But First Coffee"" in clean gold-and-black minimalist typography. A statement design for foodies and caffeine addicts. Makes a perfect gift to wear or give. Available on tees, hoodies, stickers, mugs, tote bags, posters and more. #food_drink #typography","foodie gift, coffee lover, food humor, caffeine, brunch, snack lover, first, coffee, food & drink, funny shirt, typography, minimalist, aesthetic, gift idea, trendy design, statement tee, for men, for women",produits/trending/tr_but_first_coffee_en__dark.png,produits/trending/tr_but_first_coffee_en__light.png
tr_cafe_avant_parler_fr,trending,food_drink,Food & Drink,,fr,Café Avant De Parler - Food & Drink (French) Design,"« Café Avant De Parler » en typographie or et noir, minimaliste et percutante. Un design pour les gourmand·es et accros au café. Idée cadeau parfaite, à porter ou offrir. Disponible sur t-shirt, sweat, sticker, mug, tote bag, poster et plus. #food_drink #typographie","foodie gift, coffee lover, food humor, caffeine, brunch, snack lover, café, avant, parler, food & drink, funny shirt, typography, minimalist, aesthetic, gift idea, trendy design, statement tee, for men, for women",produits/trending/tr_cafe_avant_parler_fr__dark.png,produits/trending/tr_cafe_avant_parler_fr__light.png
tr_cafe_dabord_fr,trending,food_drink,Food & Drink,,fr,Café D'Abord - Food & Drink (French) Design,"« Café D'Abord » en typographie or et noir, minimaliste et percutante. Un design pour les gourmand·es et accros au café. Idée cadeau parfaite, à porter ou offrir. Disponible sur t-shirt, sweat, sticker, mug, tote bag, poster et plus. #food_drink #typographie","foodie gift, coffee lover, food humor, caffeine, brunch, snack lover, café, d'abord, food & drink, funny shirt, typography, minimalist, aesthetic, gift idea, trendy design, statement tee, for men, for women",produits/trending/tr_cafe_dabord_fr__dark.png,produits/trending/tr_cafe_dabord_fr__light.png
tr_cafe_recommence_fr,trending,food_drink,Food & Drink,,fr,"Café, Et On Recommence - Food & Drink (French) Design","« Café, Et On Recommence » en typographie or et noir, minimaliste et percutante. Un design pour les gourmand·es et accros au café. Idée cadeau parfaite, à porter ou offrir. Disponible sur t-shirt, sweat, sticker, mug, tote bag, poster et plus. #food_drink #typographie","foodie gift, coffee lover, food humor, caffeine, brunch, snack lover, café, recommence, food & drink, funny shirt, typography, minimalist, aesthetic, gift idea, trendy design, statement tee, for men, for women",produits/trending/tr_cafe_recommence_fr__dark.png,produits/trending/tr_cafe_recommence_fr__light.png
tr_caffeine_chaos_en,trending,food_drink,Food & Drink,,en,Running On Caffeine & Chaos - Food & Drink Typography Design,"""Running On Caffeine & Chaos"" in clean gold-and-black minimalist typography. A statement design for foodies and caffeine addicts. Makes a perfect gift to wear or give. Available on tees, hoodies, stickers, mugs, tote bags, posters and more. #food_drink #typography","foodie gift, coffee lover, food humor, caffeine, brunch, snack lover, running, chaos, food & drink, funny shirt, typography, minimalist, aesthetic, gift idea, trendy design, statement tee, for men, for women",produits/trending/tr_caffeine_chaos_en__dark.png,produits/trending/tr_caffeine_chaos_en__light.png
tr_just_a_girl_en,trending,food_drink,Food & Drink,,en,Just A Girl Who Loves Coffee - Food & Drink Typography Design,"""Just A Girl Who Loves Coffee"" in clean gold-and-black minimalist typography. A statement design for foodies and caffeine addicts. Makes a perfect gift to wear or give. Available on tees, hoodies, stickers, mugs, tote bags, posters and more. #food_drink #typography","foodie gift, coffee lover, food humor, caffeine, brunch, snack lover, girl, loves, coffee, food & drink, funny shirt, typography, minimalist, aesthetic, gift idea, trendy design, statement tee, for men, for women",produits/trending/tr_just_a_girl_en__dark.png,produits/trending/tr_just_a_girl_en__light.png
tr_pizza_cardio_en,trending,food_drink,Food & Drink,,en,Pizza Is My Cardio - Food & Drink Typography Design,"""Pizza Is My Cardio"" in clean gold-and-black minimalist typography. A statement design for foodies and caffeine addicts. Makes a perfect gift to wear or give. Available on tees, hoodies, stickers, mugs, tote bags, posters and more. #food_drink #typography","foodie gift, coffee lover, food humor, caffeine, brunch, snack lover, pizza, cardio, food & drink, funny shirt, typography, minimalist, aesthetic, gift idea, trendy design, statement tee, for men, for women",produits/trending/tr_pizza_cardio_en__dark.png,produits/trending/tr_pizza_cardio_en__light.png
tr_pizza_fr,trending,food_drink,Food & Drink,,fr,Pizza Mon Amour - Food & Drink (French) Design,"« Pizza Mon Amour » en typographie or et noir, minimaliste et percutante. Un design pour les gourmand·es et accros au café. Idée cadeau parfaite, à porter ou offrir. Disponible sur t-shirt, sweat, sticker, mug, tote bag, poster et plus. #food_drink #typographie","foodie gift, coffee lover, food humor, caffeine, brunch, snack lover, pizza, amour, food & drink, funny shirt, typography, minimalist, aesthetic, gift idea, trendy design, statement tee, for men, for women",produits/trending/tr_pizza_fr__dark.png,produits/trending/tr_pizza_fr__light.png
tr_propulsee_cafe_fr,trending,food_drink,Food & Drink,,fr,Propulsée Au Café - Food & Drink (French) Design,"« Propulsée Au Café » en typographie or et noir, minimaliste et percutante. Un design pour les gourmand·es et accros au café. Idée cadeau parfaite, à porter ou offrir. Disponible sur t-shirt, sweat, sticker, mug, tote bag, poster et plus. #food_drink #typographie","foodie gift, coffee lover, food humor, caffeine, brunch, snack lover, propulsée, café, food & drink, funny shirt, typography, minimalist, aesthetic, gift idea, trendy design, statement tee, for men, for women",produits/trending/tr_propulsee_cafe_fr__dark.png,produits/trending/tr_propulsee_cafe_fr__light.png
tr_snack_dealer_en,trending,food_drink,Food & Drink,,en,Professional Snack Dealer - Food & Drink Typography Design,"""Professional Snack Dealer"" in clean gold-and-black minimalist typography. A statement design for foodies and caffeine addicts. Makes a perfect gift to wear or give. Available on tees, hoodies, stickers, mugs, tote bags, posters and more. #food_drink #typography","foodie gift, coffee lover, food humor, caffeine, brunch, snack lover, professional, snack, dealer, food & drink, funny shirt, typography, minimalist, aesthetic, gift idea, trendy design, statement tee, for men, for women",produits/trending/tr_snack_dealer_en__dark.png,produits/trending/tr_snack_dealer_en__light.png
tr_squat_wine_en,trending,food_drink,Food & Drink,,en,Squat Now Wine Later - Food & Drink Typography Design,"""Squat Now Wine Later"" in clean gold-and-black minimalist typography. A statement design for foodies and caffeine addicts. Makes a perfect gift to wear or give. Available on tees, hoodies, stickers, mugs, tote bags, posters and more. #food_drink #typography","foodie gift, coffee lover, food humor, caffeine, brunch, snack lover, squat, wine, later, food & drink, funny shirt, typography, minimalist, aesthetic, gift idea, trendy design, statement tee, for men, for women",produits/trending/tr_squat_wine_en__dark.png,produits/trending/tr_squat_wine_en__light.png
tr_stressed_blessed_en,trending,food_drink,Food & Drink,,en,"Stressed, Blessed Coffee Obsessed - Food & Drink Typography Design","""Stressed, Blessed Coffee Obsessed"" in clean gold-and-black minimalist typography. A statement design for foodies and caffeine addicts. Makes a perfect gift to wear or give. Available on tees, hoodies, stickers, mugs, tote bags, posters and more. #food_drink #typography","foodie gift, coffee lover, food humor, caffeine, brunch, snack lover, stressed, blessed, coffee, obsessed, food & drink, funny shirt, typography, minimalist, aesthetic, gift idea, trendy design, statement tee, for men, for women",produits/trending/tr_stressed_blessed_en__dark.png,produits/trending/tr_stressed_blessed_en__light.png
tr_tacos_fix_en,trending,food_drink,Food & Drink,,en,Tacos Fix Everything - Food & Drink Typography Design,"""Tacos Fix Everything"" in clean gold-and-black minimalist typography. A statement design for foodies and caffeine addicts. Makes a perfect gift to wear or give. Available on tees, hoodies, stickers, mugs, tote bags, posters and more. #food_drink #typography","foodie gift, coffee lover, food humor, caffeine, brunch, snack lover, tacos, everything, food & drink, funny shirt, typography, minimalist, aesthetic, gift idea, trendy design, statement tee, for men, for women",produits/trending/tr_tacos_fix_en__dark.png,produits/trending/tr_tacos_fix_en__light.png
tr_team_canape_fr,trending,food_drink,Food & Drink,,fr,Team Canapé - Food & Drink (French) Design,"« Team Canapé » en typographie or et noir, minimaliste et percutante. Un design pour les gourmand·es et accros au café. Idée cadeau parfaite, à porter ou offrir. Disponible sur t-shirt, sweat, sticker, mug, tote bag, poster et plus. #food_drink #typographie","foodie gift, coffee lover, food humor, caffeine, brunch, snack lover, team, canapé, food & drink, funny shirt, typography, minimalist, aesthetic, gift idea, trendy design, statement tee, for men, for women",produits/trending/tr_team_canape_fr__dark.png,produits/trending/tr_team_canape_fr__light.png
tr_thinking_snacks_en,trending,food_drink,Food & Drink,,en,Probably Thinking About Snacks - Food & Drink Typography Design,"""Probably Thinking About Snacks"" in clean gold-and-black minimalist typography. A statement design for foodies and caffeine addicts. Makes a perfect gift to wear or give. Available on tees, hoodies, stickers, mugs, tote bags, posters and more. #food_drink #typography","foodie gift, coffee lover, food humor, caffeine, brunch, snack lover, probably, thinking, about, snacks, food & drink, funny shirt, typography, minimalist, aesthetic, gift idea, trendy design, statement tee, for men, for women",produits/trending/tr_thinking_snacks_en__dark.png,produits/trending/tr_thinking_snacks_en__light.png
tr_weekend_wine_en,trending,food_drink,Food & Drink,,en,Weekend Forecast: Wine - Food & Drink Typography Design,"""Weekend Forecast: Wine"" in clean gold-and-black minimalist typography. A statement design for foodies and caffeine addicts. Makes a perfect gift to wear or give. Available on tees, hoodies, stickers, mugs, tote bags, posters and more. #food_drink #typography","foodie gift, coffee lover, food humor, caffeine, brunch, snack lover, weekend, forecast, wine, food & drink, funny shirt, typography, minimalist, aesthetic, gift idea, trendy design, statement tee, for men, for women",produits/trending/tr_weekend_wine_en__dark.png,produits/trending/tr_weekend_wine_en__light.png
tr_wine_oclock_en,trending,food_drink,Food & Drink,,en,Wine O'Clock - Food & Drink Typography Design,"""Wine O'Clock"" in clean gold-and-black minimalist typography. A statement design for foodies and caffeine addicts. Makes a perfect gift to wear or give. Available on tees, hoodies, stickers, mugs, tote bags, posters and more. #food_drink #typography","foodie gift, coffee lover, food humor, caffeine, brunch, snack lover, wine, o'clock, food & drink, funny shirt, typography, minimalist, aesthetic, gift idea, trendy design, statement tee, for men, for women",produits/trending/tr_wine_oclock_en__dark.png,produits/trending/tr_wine_oclock_en__light.png
id_anime_en,identite,gaming_geek,Gaming & Geek,,en,Anime Nerd - Gaming & Geek Typography Design,"""Anime Nerd"" in clean gold-and-black minimalist typography. A statement design for gamers, nerds and geeks. Makes a perfect gift to wear or give. Available on tees, hoodies, stickers, mugs, tote bags, posters and more. #gaming_geek #typography","gamer gift, gaming, nerd, geek, anime, dnd, gaming & geek, funny shirt, typography, minimalist, aesthetic, gift idea, trendy design, statement tee, for men, for women",produits/identite/id_anime_en__dark.png,produits/identite/id_anime_en__light.png
id_dnd_en,identite,gaming_geek,Gaming & Geek,,en,D&D Nerd - Gaming & Geek Typography Design,"""D&D Nerd"" in clean gold-and-black minimalist typography. A statement design for gamers, nerds and geeks. Makes a perfect gift to wear or give. Available on tees, hoodies, stickers, mugs, tote bags, posters and more. #gaming_geek #typography","gamer gift, gaming, nerd, geek, anime, dnd, gaming & geek, funny shirt, typography, minimalist, aesthetic, gift idea, trendy design, statement tee, for men, for women",produits/identite/id_dnd_en__dark.png,produits/identite/id_dnd_en__light.png
dnd_critical_hit_en,niches,gaming_geek,Gaming & Geek,tabletop,en,Critical Hit to My Free Time - Gaming & Geek Typography Design,"""Critical Hit to My Free Time"" in clean gold-and-black minimalist typography. A statement design for gamers, nerds and geeks. Makes a perfect gift to wear or give. Available on tees, hoodies, stickers, mugs, tote bags, posters and more. #gaming_geek #typography","gamer gift, gaming, nerd, geek, anime, dnd, critical, free, time, tabletop, gaming & geek, funny shirt, typography, minimalist, aesthetic, gift idea, trendy design, statement tee, for men, for women",produits/niches/dnd_critical_hit_en__dark.png,produits/niches/dnd_critical_hit_en__light.png
dnd_initiative_en,niches,gaming_geek,Gaming & Geek,tabletop,en,Roll for Initiative - Gaming & Geek Typography Design,"""Roll for Initiative"" in clean gold-and-black minimalist typography. A statement design for gamers, nerds and geeks. Makes a perfect gift to wear or give. Available on tees, hoodies, stickers, mugs, tote bags, posters and more. #gaming_geek #typography","gamer gift, gaming, nerd, geek, anime, dnd, roll, initiative, tabletop, gaming & geek, funny shirt, typography, minimalist, aesthetic, gift idea, trendy design, statement tee, for men, for women",produits/niches/dnd_initiative_en__dark.png,produits/niches/dnd_initiative_en__light.png
dnd_master_disaster_en,niches,gaming_geek,Gaming & Geek,tabletop,en,Dungeon Master of Disaster - Gaming & Geek Typography Design,"""Dungeon Master of Disaster"" in clean gold-and-black minimalist typography. A statement design for gamers, nerds and geeks. Makes a perfect gift to wear or give. Available on tees, hoodies, stickers, mugs, tote bags, posters and more. #gaming_geek #typography","gamer gift, gaming, nerd, geek, anime, dnd, dungeon, master, disaster, tabletop, gaming & geek, funny shirt, typography, minimalist, aesthetic, gift idea, trendy design, statement tee, for men, for women",produits/niches/dnd_master_disaster_en__dark.png,produits/niches/dnd_master_disaster_en__light.png
dnd_rather_roll_en,niches,gaming_geek,Gaming & Geek,tabletop,en,I'd Rather Be Rolling Dice - Gaming & Geek Typography Design,"""I'd Rather Be Rolling Dice"" in clean gold-and-black minimalist typography. A statement design for gamers, nerds and geeks. Makes a perfect gift to wear or give. Available on tees, hoodies, stickers, mugs, tote bags, posters and more. #gaming_geek #typography","gamer gift, gaming, nerd, geek, anime, dnd, rather, rolling, dice, tabletop, gaming & geek, funny shirt, typography, minimalist, aesthetic, gift idea, trendy design, statement tee, for men, for women",produits/niches/dnd_rather_roll_en__dark.png,produits/niches/dnd_rather_roll_en__light.png
lib_do_it_en,niches,gaming_geek,Gaming & Geek,librarians,en,Book Nerd & Loving It - Gaming & Geek Typography Design,"""Book Nerd & Loving It"" in clean gold-and-black minimalist typography. A statement design for gamers, nerds and geeks. Makes a perfect gift to wear or give. Available on tees, hoodies, stickers, mugs, tote bags, posters and more. #gaming_geek #typography","gamer gift, gaming, nerd, geek, anime, dnd, book, loving, librarians, gaming & geek, funny shirt, typography, minimalist, aesthetic, gift idea, trendy design, statement tee, for men, for women",produits/niches/lib_do_it_en__dark.png,produits/niches/lib_do_it_en__light.png
retro_modern_problems_en,niches,gaming_geek,Gaming & Geek,retro_gaming,en,Retro Gamer Modern Problems - Gaming & Geek Typography Design,"""Retro Gamer Modern Problems"" in clean gold-and-black minimalist typography. A statement design for gamers, nerds and geeks. Makes a perfect gift to wear or give. Available on tees, hoodies, stickers, mugs, tote bags, posters and more. #gaming_geek #typography","gamer gift, gaming, nerd, geek, anime, dnd, retro, gamer, modern, problems, retro gaming, gaming & geek, funny shirt, typography, minimalist, aesthetic, gift idea, trendy design, statement tee, for men, for women",produits/niches/retro_modern_problems_en__dark.png,produits/niches/retro_modern_problems_en__light.png
retro_press_start_en,niches,gaming_geek,Gaming & Geek,retro_gaming,en,Press Start to Adult - Gaming & Geek Typography Design,"""Press Start to Adult"" in clean gold-and-black minimalist typography. A statement design for gamers, nerds and geeks. Makes a perfect gift to wear or give. Available on tees, hoodies, stickers, mugs, tote bags, posters and more. #gaming_geek #typography","gamer gift, gaming, nerd, geek, anime, dnd, press, start, adult, retro gaming, gaming & geek, funny shirt, typography, minimalist, aesthetic, gift idea, trendy design, statement tee, for men, for women",produits/niches/retro_press_start_en__dark.png,produits/niches/retro_press_start_en__light.png
retro_save_point_en,niches,gaming_geek,Gaming & Geek,retro_gaming,en,Saved by the Save Point - Gaming & Geek Typography Design,"""Saved by the Save Point"" in clean gold-and-black minimalist typography. A statement design for gamers, nerds and geeks. Makes a perfect gift to wear or give. Available on tees, hoodies, stickers, mugs, tote bags, posters and more. #gaming_geek #typography","gamer gift, gaming, nerd, geek, anime, dnd, saved, save, point, retro gaming, gaming & geek, funny shirt, typography, minimalist, aesthetic, gift idea, trendy design, statement tee, for men, for women",produits/niches/retro_save_point_en__dark.png,produits/niches/retro_save_point_en__light.png
slp_word_nerd_en,niches,gaming_geek,Gaming & Geek,speech_therapist,en,Speech Therapist Word Nerd - Gaming & Geek Typography Design,"""Speech Therapist Word Nerd"" in clean gold-and-black minimalist typography. A statement design for gamers, nerds and geeks. Makes a perfect gift to wear or give. Available on tees, hoodies, stickers, mugs, tote bags, posters and more. #gaming_geek #typography","gamer gift, gaming, nerd, geek, anime, dnd, speech, therapist, word, speech therapist, gaming & geek, funny shirt, typography, minimalist, aesthetic, gift idea, trendy design, statement tee, for men, for women",produits/niches/slp_word_nerd_en__dark.png,produits/niches/slp_word_nerd_en__light.png
id_angler_de,identite,hobbies_craft,Hobbies & Crafts,,de,Angler - Hobbies & Crafts (German) Design,"""Angler"" in clean gold-and-black minimalist typography. A statement design for hobbyists and makers. Makes a perfect gift to wear or give. Available on tees, hoodies, stickers, mugs, tote bags, posters and more. #hobbies_craft #typography","hobby gift, craft lover, reading, crochet, fishing, hobby, angler, hobbies & crafts, funny shirt, typography, minimalist, aesthetic, gift idea, trendy design, statement tee, for men, for women",produits/identite/id_angler_de__dark.png,produits/identite/id_angler_de__light.png
id_birder_en,identite,hobbies_craft,Hobbies & Crafts,,en,Birder - Hobbies & Crafts Typography Design,"""Birder"" in clean gold-and-black minimalist typography. A statement design for hobbyists and makers. Makes a perfect gift to wear or give. Available on tees, hoodies, stickers, mugs, tote bags, posters and more. #hobbies_craft #typography","hobby gift, craft lover, reading, crochet, fishing, hobby, birder, hobbies & crafts, funny shirt, typography, minimalist, aesthetic, gift idea, trendy design, statement tee, for men, for women",produits/identite/id_birder_en__dark.png,produits/identite/id_birder_en__light.png
id_booktok_en,identite,hobbies_craft,Hobbies & Crafts,,en,BookTok Victim - Hobbies & Crafts Typography Design,"""BookTok Victim"" in clean gold-and-black minimalist typography. A statement design for hobbyists and makers. Makes a perfect gift to wear or give. Available on tees, hoodies, stickers, mugs, tote bags, posters and more. #hobbies_craft #typography","hobby gift, craft lover, reading, crochet, fishing, hobby, booktok, victim, hobbies & crafts, funny shirt, typography, minimalist, aesthetic, gift idea, trendy design, statement tee, for men, for women",produits/identite/id_booktok_en__dark.png,produits/identite/id_booktok_en__light.png
id_bookworm_en,identite,hobbies_craft,Hobbies & Crafts,,en,Bookworm - Hobbies & Crafts Typography Design,"""Bookworm"" in clean gold-and-black minimalist typography. A statement design for hobbyists and makers. Makes a perfect gift to wear or give. Available on tees, hoodies, stickers, mugs, tote bags, posters and more. #hobbies_craft #typography","hobby gift, craft lover, reading, crochet, fishing, hobby, bookworm, hobbies & crafts, funny shirt, typography, minimalist, aesthetic, gift idea, trendy design, statement tee, for men, for women",produits/identite/id_bookworm_en__dark.png,produits/identite/id_bookworm_en__light.png
id_crochet_en,identite,hobbies_craft,Hobbies & Crafts,,en,Crochet Addict - Hobbies & Crafts Typography Design,"""Crochet Addict"" in clean gold-and-black minimalist typography. A statement design for hobbyists and makers. Makes a perfect gift to wear or give. Available on tees, hoodies, stickers, mugs, tote bags, posters and more. #hobbies_craft #typography","hobby gift, craft lover, reading, crochet, fishing, hobby, addict, hobbies & crafts, funny shirt, typography, minimalist, aesthetic, gift idea, trendy design, statement tee, for men, for women",produits/identite/id_crochet_en__dark.png,produits/identite/id_crochet_en__light.png
id_crystal_en,identite,hobbies_craft,Hobbies & Crafts,,en,Crystal Girlie - Hobbies & Crafts Typography Design,"""Crystal Girlie"" in clean gold-and-black minimalist typography. A statement design for hobbyists and makers. Makes a perfect gift to wear or give. Available on tees, hoodies, stickers, mugs, tote bags, posters and more. #hobbies_craft #typography","hobby gift, craft lover, reading, crochet, fishing, hobby, crystal, girlie, hobbies & crafts, funny shirt, typography, minimalist, aesthetic, gift idea, trendy design, statement tee, for men, for women",produits/identite/id_crystal_en__dark.png,produits/identite/id_crystal_en__light.png
id_discgolf_en,identite,hobbies_craft,Hobbies & Crafts,,en,Disc Golfer - Hobbies & Crafts Typography Design,"""Disc Golfer"" in clean gold-and-black minimalist typography. A statement design for hobbyists and makers. Makes a perfect gift to wear or give. Available on tees, hoodies, stickers, mugs, tote bags, posters and more. #hobbies_craft #typography","hobby gift, craft lover, reading, crochet, fishing, hobby, disc, golfer, hobbies & crafts, funny shirt, typography, minimalist, aesthetic, gift idea, trendy design, statement tee, for men, for women",produits/identite/id_discgolf_en__dark.png,produits/identite/id_discgolf_en__light.png
id_knitter_en,identite,hobbies_craft,Hobbies & Crafts,,en,Proud Knitter - Hobbies & Crafts Typography Design,"""Proud Knitter"" in clean gold-and-black minimalist typography. A statement design for hobbyists and makers. Makes a perfect gift to wear or give. Available on tees, hoodies, stickers, mugs, tote bags, posters and more. #hobbies_craft #typography","hobby gift, craft lover, reading, crochet, fishing, hobby, proud, knitter, hobbies & crafts, funny shirt, typography, minimalist, aesthetic, gift idea, trendy design, statement tee, for men, for women",produits/identite/id_knitter_en__dark.png,produits/identite/id_knitter_en__light.png
id_romantasy_en,identite,hobbies_craft,Hobbies & Crafts,,en,Romantasy Addict - Hobbies & Crafts Typography Design,"""Romantasy Addict"" in clean gold-and-black minimalist typography. A statement design for hobbyists and makers. Makes a perfect gift to wear or give. Available on tees, hoodies, stickers, mugs, tote bags, posters and more. #hobbies_craft #typography","hobby gift, craft lover, reading, crochet, fishing, hobby, romantasy, addict, hobbies & crafts, funny shirt, typography, minimalist, aesthetic, gift idea, trendy design, statement tee, for men, for women",produits/identite/id_romantasy_en__dark.png,produits/identite/id_romantasy_en__light.png
id_romantasy_es,identite,hobbies_craft,Hobbies & Crafts,,es,Adicta A La Romantasy - Hobbies & Crafts (Spanish) Design,"""Adicta A La Romantasy"" in clean gold-and-black minimalist typography. A statement design for hobbyists and makers. Makes a perfect gift to wear or give. Available on tees, hoodies, stickers, mugs, tote bags, posters and more. #hobbies_craft #typography","hobby gift, craft lover, reading, crochet, fishing, hobby, adicta, romantasy, hobbies & crafts, funny shirt, typography, minimalist, aesthetic, gift idea, trendy design, statement tee, for men, for women",produits/identite/id_romantasy_es__dark.png,produits/identite/id_romantasy_es__light.png
id_tarot_en,identite,hobbies_craft,Hobbies & Crafts,,en,Tarot Reader - Hobbies & Crafts Typography Design,"""Tarot Reader"" in clean gold-and-black minimalist typography. A statement design for hobbyists and makers. Makes a perfect gift to wear or give. Available on tees, hoodies, stickers, mugs, tote bags, posters and more. #hobbies_craft #typography","hobby gift, craft lover, reading, crochet, fishing, hobby, tarot, reader, hobbies & crafts, funny shirt, typography, minimalist, aesthetic, gift idea, trendy design, statement tee, for men, for women",produits/identite/id_tarot_en__dark.png,produits/identite/id_tarot_en__light.png
id_vinyl_en,identite,hobbies_craft,Hobbies & Crafts,,en,Vinyl Collector - Hobbies & Crafts Typography Design,"""Vinyl Collector"" in clean gold-and-black minimalist typography. A statement design for hobbyists and makers. Makes a perfect gift to wear or give. Available on tees, hoodies, stickers, mugs, tote bags, posters and more. #hobbies_craft #typography","hobby gift, craft lover, reading, crochet, fishing, hobby, vinyl, collector, hobbies & crafts, funny shirt, typography, minimalist, aesthetic, gift idea, trendy design, statement tee, for men, for women",produits/identite/id_vinyl_en__dark.png,produits/identite/id_vinyl_en__light.png
book_dragon_en,niches,hobbies_craft,Hobbies & Crafts,book_lovers,en,Book Dragon Not Worm - Hobbies & Crafts Typography Design,"""Book Dragon Not Worm"" in clean gold-and-black minimalist typography. A statement design for hobbyists and makers. Makes a perfect gift to wear or give. Available on tees, hoodies, stickers, mugs, tote bags, posters and more. #hobbies_craft #typography","hobby gift, craft lover, reading, crochet, fishing, hobby, book, dragon, worm, book lovers, hobbies & crafts, funny shirt, typography, minimalist, aesthetic, gift idea, trendy design, statement tee, for men, for women",produits/niches/book_dragon_en__dark.png,produits/niches/book_dragon_en__light.png
book_one_more_chapter_en,niches,hobbies_craft,Hobbies & Crafts,book_lovers,en,One More Chapter - Hobbies & Crafts Typography Design,"""One More Chapter"" in clean gold-and-black minimalist typography. A statement design for hobbyists and makers. Makes a perfect gift to wear or give. Available on tees, hoodies, stickers, mugs, tote bags, posters and more. #hobbies_craft #typography","hobby gift, craft lover, reading, crochet, fishing, hobby, more, chapter, book lovers, hobbies & crafts, funny shirt, typography, minimalist, aesthetic, gift idea, trendy design, statement tee, for men, for women",produits/niches/book_one_more_chapter_en__dark.png,produits/niches/book_one_more_chapter_en__light.png
book_pause_en,niches,hobbies_craft,Hobbies & Crafts,book_lovers,en,I Paused My Reading to Be Here - Hobbies & Crafts Typography Design,"""I Paused My Reading to Be Here"" in clean gold-and-black minimalist typography. A statement design for hobbyists and makers. Makes a perfect gift to wear or give. Available on tees, hoodies, stickers, mugs, tote bags, posters and more. #hobbies_craft #typography","hobby gift, craft lover, reading, crochet, fishing, hobby, paused, here, book lovers, hobbies & crafts, funny shirt, typography, minimalist, aesthetic, gift idea, trendy design, statement tee, for men, for women",produits/niches/book_pause_en__dark.png,produits/niches/book_pause_en__light.png
book_tbr_en,niches,hobbies_craft,Hobbies & Crafts,book_lovers,en,My TBR Is Taller Than Me - Hobbies & Crafts Typography Design,"""My TBR Is Taller Than Me"" in clean gold-and-black minimalist typography. A statement design for hobbyists and makers. Makes a perfect gift to wear or give. Available on tees, hoodies, stickers, mugs, tote bags, posters and more. #hobbies_craft #typography","hobby gift, craft lover, reading, crochet, fishing, hobby, taller, than, book lovers, hobbies & crafts, funny shirt, typography, minimalist, aesthetic, gift idea, trendy design, statement tee, for men, for women",produits/niches/book_tbr_en__dark.png,produits/niches/book_tbr_en__light.png
bw_patch_en,niches,hobbies_craft,Hobbies & Crafts,birdwatching,en,Patch Birder Hardcore Since Dawn - Hobbies & Crafts Typography Design,"""Patch Birder Hardcore Since Dawn"" in clean gold-and-black minimalist typography. A statement design for hobbyists and makers. Makes a perfect gift to wear or give. Available on tees, hoodies, stickers, mugs, tote bags, posters and more. #hobbies_craft #typography","hobby gift, craft lover, reading, crochet, fishing, hobby, patch, birder, hardcore, since, dawn, birdwatching, hobbies & crafts, funny shirt, typography, minimalist, aesthetic, gift idea, trendy design, statement tee, for men, for women",produits/niches/bw_patch_en__dark.png,produits/niches/bw_patch_en__light.png
camp_happy_en,niches,hobbies_craft,Hobbies & Crafts,camping,en,Happy Camper - Hobbies & Crafts Typography Design,"""Happy Camper"" in clean gold-and-black minimalist typography. A statement design for hobbyists and makers. Makes a perfect gift to wear or give. Available on tees, hoodies, stickers, mugs, tote bags, posters and more. #hobbies_craft #typography","hobby gift, craft lover, reading, crochet, fishing, hobby, happy, camper, camping, hobbies & crafts, funny shirt, typography, minimalist, aesthetic, gift idea, trendy design, statement tee, for men, for women",produits/niches/camp_happy_en__dark.png,produits/niches/camp_happy_en__light.png
camp_nature_calls_en,niches,hobbies_craft,Hobbies & Crafts,camping,en,Nature Calls I Answer - Hobbies & Crafts Typography Design,"""Nature Calls I Answer"" in clean gold-and-black minimalist typography. A statement design for hobbyists and makers. Makes a perfect gift to wear or give. Available on tees, hoodies, stickers, mugs, tote bags, posters and more. #hobbies_craft #typography","hobby gift, craft lover, reading, crochet, fishing, hobby, nature, calls, answer, camping, hobbies & crafts, funny shirt, typography, minimalist, aesthetic, gift idea, trendy design, statement tee, for men, for women",produits/niches/camp_nature_calls_en__dark.png,produits/niches/camp_nature_calls_en__light.png
camp_repeat_en,niches,hobbies_craft,Hobbies & Crafts,camping,en,Eat. Sleep. Camp. Repeat. - Hobbies & Crafts Typography Design,"""Eat. Sleep. Camp. Repeat."" in clean gold-and-black minimalist typography. A statement design for hobbyists and makers. Makes a perfect gift to wear or give. Available on tees, hoodies, stickers, mugs, tote bags, posters and more. #hobbies_craft #typography","hobby gift, craft lover, reading, crochet, fishing, hobby, sleep, camp, repeat, camping, hobbies & crafts, funny shirt, typography, minimalist, aesthetic, gift idea, trendy design, statement tee, for men, for women",produits/niches/camp_repeat_en__dark.png,produits/niches/camp_repeat_en__light.png
camp_unplugged_en,niches,hobbies_craft,Hobbies & Crafts,camping,en,Unplugged & Loving It - Hobbies & Crafts Typography Design,"""Unplugged & Loving It"" in clean gold-and-black minimalist typography. A statement design for hobbyists and makers. Makes a perfect gift to wear or give. Available on tees, hoodies, stickers, mugs, tote bags, posters and more. #hobbies_craft #typography","hobby gift, craft lover, reading, crochet, fishing, hobby, unplugged, loving, camping, hobbies & crafts, funny shirt, typography, minimalist, aesthetic, gift idea, trendy design, statement tee, for men, for women",produits/niches/camp_unplugged_en__dark.png,produits/niches/camp_unplugged_en__light.png
crochet_choke_en,niches,hobbies_craft,Hobbies & Crafts,crochet,en,I Crochet So I Don't Choke People - Hobbies & Crafts Typography Design,"""I Crochet So I Don't Choke People"" in clean gold-and-black minimalist typography. A statement design for hobbyists and makers. Makes a perfect gift to wear or give. Available on tees, hoodies, stickers, mugs, tote bags, posters and more. #hobbies_craft #typography","hobby gift, craft lover, reading, crochet, fishing, hobby, don't, choke, people, hobbies & crafts, funny shirt, typography, minimalist, aesthetic, gift idea, trendy design, statement tee, for men, for women",produits/niches/crochet_choke_en__dark.png,produits/niches/crochet_choke_en__light.png
crochet_hooked_en,niches,hobbies_craft,Hobbies & Crafts,crochet,en,Hooked on Crochet - Hobbies & Crafts Typography Design,"""Hooked on Crochet"" in clean gold-and-black minimalist typography. A statement design for hobbyists and makers. Makes a perfect gift to wear or give. Available on tees, hoodies, stickers, mugs, tote bags, posters and more. #hobbies_craft #typography","hobby gift, craft lover, reading, crochet, fishing, hobby, hooked, hobbies & crafts, funny shirt, typography, minimalist, aesthetic, gift idea, trendy design, statement tee, for men, for women",produits/niches/crochet_hooked_en__dark.png,produits/niches/crochet_hooked_en__light.png
crochet_will_stop_en,niches,hobbies_craft,Hobbies & Crafts,crochet,en,Will Stop for Yarn - Hobbies & Crafts Typography Design,"""Will Stop for Yarn"" in clean gold-and-black minimalist typography. A statement design for hobbyists and makers. Makes a perfect gift to wear or give. Available on tees, hoodies, stickers, mugs, tote bags, posters and more. #hobbies_craft #typography","hobby gift, craft lover, reading, crochet, fishing, hobby, stop, yarn, hobbies & crafts, funny shirt, typography, minimalist, aesthetic, gift idea, trendy design, statement tee, for men, for women",produits/niches/crochet_will_stop_en__dark.png,produits/niches/crochet_will_stop_en__light.png
crochet_yarn_cardio_en,niches,hobbies_craft,Hobbies & Crafts,crochet,en,Yarn Is My Cardio - Hobbies & Crafts Typography Design,"""Yarn Is My Cardio"" in clean gold-and-black minimalist typography. A statement design for hobbyists and makers. Makes a perfect gift to wear or give. Available on tees, hoodies, stickers, mugs, tote bags, posters and more. #hobbies_craft #typography","hobby gift, craft lover, reading, crochet, fishing, hobby, yarn, cardio, hobbies & crafts, funny shirt, typography, minimalist, aesthetic, gift idea, trendy design, statement tee, for men, for women",produits/niches/crochet_yarn_cardio_en__dark.png,produits/niches/crochet_yarn_cardio_en__light.png
ff_dry_fly_en,niches,hobbies_craft,Hobbies & Crafts,fly_fishing,en,Dry Fly Only I Have Standards - Hobbies & Crafts Typography Design,"""Dry Fly Only I Have Standards"" in clean gold-and-black minimalist typography. A statement design for hobbyists and makers. Makes a perfect gift to wear or give. Available on tees, hoodies, stickers, mugs, tote bags, posters and more. #hobbies_craft #typography","hobby gift, craft lover, reading, crochet, fishing, hobby, standards, fly fishing, hobbies & crafts, funny shirt, typography, minimalist, aesthetic, gift idea, trendy design, statement tee, for men, for women",produits/niches/ff_dry_fly_en__dark.png,produits/niches/ff_dry_fly_en__light.png
ff_euro_en,niches,hobbies_craft,Hobbies & Crafts,fly_fishing,en,Euro Nymphing Changed Everything - Hobbies & Crafts Typography Design,"""Euro Nymphing Changed Everything"" in clean gold-and-black minimalist typography. A statement design for hobbyists and makers. Makes a perfect gift to wear or give. Available on tees, hoodies, stickers, mugs, tote bags, posters and more. #hobbies_craft #typography","hobby gift, craft lover, reading, crochet, fishing, hobby, euro, nymphing, changed, everything, fly fishing, hobbies & crafts, funny shirt, typography, minimalist, aesthetic, gift idea, trendy design, statement tee, for men, for women",produits/niches/ff_euro_en__dark.png,produits/niches/ff_euro_en__light.png
ff_hatch_started_en,niches,hobbies_craft,Hobbies & Crafts,fly_fishing,en,The Hatch Started I Was in the Car - Hobbies & Crafts Typography Design,"""The Hatch Started I Was in the Car"" in clean gold-and-black minimalist typography. A statement design for hobbyists and makers. Makes a perfect gift to wear or give. Available on tees, hoodies, stickers, mugs, tote bags, posters and more. #hobbies_craft #typography","hobby gift, craft lover, reading, crochet, fishing, hobby, hatch, started, fly fishing, hobbies & crafts, funny shirt, typography, minimalist, aesthetic, gift idea, trendy design, statement tee, for men, for women",produits/niches/ff_hatch_started_en__dark.png,produits/niches/ff_hatch_started_en__light.png
ff_match_hatch_en,niches,hobbies_craft,Hobbies & Crafts,fly_fishing,en,Match the Hatch or Go Home - Hobbies & Crafts Typography Design,"""Match the Hatch or Go Home"" in clean gold-and-black minimalist typography. A statement design for hobbyists and makers. Makes a perfect gift to wear or give. Available on tees, hoodies, stickers, mugs, tote bags, posters and more. #hobbies_craft #typography","hobby gift, craft lover, reading, crochet, fishing, hobby, match, hatch, home, fly fishing, hobbies & crafts, funny shirt, typography, minimalist, aesthetic, gift idea, trendy design, statement tee, for men, for women",produits/niches/ff_match_hatch_en__dark.png,produits/niches/ff_match_hatch_en__light.png
ff_tippet_en,niches,hobbies_craft,Hobbies & Crafts,fly_fishing,en,My Tippet Is 5x My Patience Is Thinner - Hobbies & Crafts Typography Design,"""My Tippet Is 5x My Patience Is Thinner"" in clean gold-and-black minimalist typography. A statement design for hobbyists and makers. Makes a perfect gift to wear or give. Available on tees, hoodies, stickers, mugs, tote bags, posters and more. #hobbies_craft #typography","hobby gift, craft lover, reading, crochet, fishing, hobby, tippet, patience, thinner, fly fishing, hobbies & crafts, funny shirt, typography, minimalist, aesthetic, gift idea, trendy design, statement tee, for men, for women",produits/niches/ff_tippet_en__dark.png,produits/niches/ff_tippet_en__light.png
ff_waded_en,niches,hobbies_craft,Hobbies & Crafts,fly_fishing,en,I Waded In Soaked. Still Fished. - Hobbies & Crafts Typography Design,"""I Waded In Soaked. Still Fished."" in clean gold-and-black minimalist typography. A statement design for hobbyists and makers. Makes a perfect gift to wear or give. Available on tees, hoodies, stickers, mugs, tote bags, posters and more. #hobbies_craft #typography","hobby gift, craft lover, reading, crochet, fishing, hobby, waded, soaked, still, fished, fly fishing, hobbies & crafts, funny shirt, typography, minimalist, aesthetic, gift idea, trendy design, statement tee, for men, for women",produits/niches/ff_waded_en__dark.png,produits/niches/ff_waded_en__light.png
hike_born_en,niches,hobbies_craft,Hobbies & Crafts,hiking,en,Born to Hike - Hobbies & Crafts Typography Design,"""Born to Hike"" in clean gold-and-black minimalist typography. A statement design for hobbyists and makers. Makes a perfect gift to wear or give. Available on tees, hoodies, stickers, mugs, tote bags, posters and more. #hobbies_craft #typography","hobby gift, craft lover, reading, crochet, fishing, hobby, born, hike, hiking, hobbies & crafts, funny shirt, typography, minimalist, aesthetic, gift idea, trendy design, statement tee, for men, for women",produits/niches/hike_born_en__dark.png,produits/niches/hike_born_en__light.png
hike_eat_en,niches,hobbies_craft,Hobbies & Crafts,hiking,en,I Hike Therefore I Eat - Hobbies & Crafts Typography Design,"""I Hike Therefore I Eat"" in clean gold-and-black minimalist typography. A statement design for hobbyists and makers. Makes a perfect gift to wear or give. Available on tees, hoodies, stickers, mugs, tote bags, posters and more. #hobbies_craft #typography","hobby gift, craft lover, reading, crochet, fishing, hobby, hike, therefore, hiking, hobbies & crafts, funny shirt, typography, minimalist, aesthetic, gift idea, trendy design, statement tee, for men, for women",produits/niches/hike_eat_en__dark.png,produits/niches/hike_eat_en__light.png
hike_less_worry_en,niches,hobbies_craft,Hobbies & Crafts,hiking,en,Hike More Worry Less - Hobbies & Crafts Typography Design,"""Hike More Worry Less"" in clean gold-and-black minimalist typography. A statement design for hobbyists and makers. Makes a perfect gift to wear or give. Available on tees, hoodies, stickers, mugs, tote bags, posters and more. #hobbies_craft #typography","hobby gift, craft lover, reading, crochet, fishing, hobby, hike, more, worry, less, hiking, hobbies & crafts, funny shirt, typography, minimalist, aesthetic, gift idea, trendy design, statement tee, for men, for women",produits/niches/hike_less_worry_en__dark.png,produits/niches/hike_less_worry_en__light.png
kn_12_wips_en,niches,hobbies_craft,Hobbies & Crafts,knitting,en,12 WIPs Zero Regrets - Hobbies & Crafts Typography Design,"""12 WIPs Zero Regrets"" in clean gold-and-black minimalist typography. A statement design for hobbyists and makers. Makes a perfect gift to wear or give. Available on tees, hoodies, stickers, mugs, tote bags, posters and more. #hobbies_craft #typography","hobby gift, craft lover, reading, crochet, fishing, hobby, wips, zero, regrets, knitting, hobbies & crafts, funny shirt, typography, minimalist, aesthetic, gift idea, trendy design, statement tee, for men, for women",produits/niches/kn_12_wips_en__dark.png,produits/niches/kn_12_wips_en__light.png
kn_cast_on_en,niches,hobbies_craft,Hobbies & Crafts,knitting,en,I Cast On When I'm Stressed - Hobbies & Crafts Typography Design,"""I Cast On When I'm Stressed"" in clean gold-and-black minimalist typography. A statement design for hobbyists and makers. Makes a perfect gift to wear or give. Available on tees, hoodies, stickers, mugs, tote bags, posters and more. #hobbies_craft #typography","hobby gift, craft lover, reading, crochet, fishing, hobby, cast, stressed, knitting, hobbies & crafts, funny shirt, typography, minimalist, aesthetic, gift idea, trendy design, statement tee, for men, for women",produits/niches/kn_cast_on_en__dark.png,produits/niches/kn_cast_on_en__light.png
kn_frog_again_en,niches,hobbies_craft,Hobbies & Crafts,knitting,en,Frogged It Again. Third Time. - Hobbies & Crafts Typography Design,"""Frogged It Again. Third Time."" in clean gold-and-black minimalist typography. A statement design for hobbyists and makers. Makes a perfect gift to wear or give. Available on tees, hoodies, stickers, mugs, tote bags, posters and more. #hobbies_craft #typography","hobby gift, craft lover, reading, crochet, fishing, hobby, frogged, again, third, time, knitting, hobbies & crafts, funny shirt, typography, minimalist, aesthetic, gift idea, trendy design, statement tee, for men, for women",produits/niches/kn_frog_again_en__dark.png,produits/niches/kn_frog_again_en__light.png
kn_gauge_lied_en,niches,hobbies_craft,Hobbies & Crafts,knitting,en,My Gauge Swatch Lied I Trusted It - Hobbies & Crafts Typography Design,"""My Gauge Swatch Lied I Trusted It"" in clean gold-and-black minimalist typography. A statement design for hobbyists and makers. Makes a perfect gift to wear or give. Available on tees, hoodies, stickers, mugs, tote bags, posters and more. #hobbies_craft #typography","hobby gift, craft lover, reading, crochet, fishing, hobby, gauge, swatch, lied, trusted, knitting, hobbies & crafts, funny shirt, typography, minimalist, aesthetic, gift idea, trendy design, statement tee, for men, for women",produits/niches/kn_gauge_lied_en__dark.png,produits/niches/kn_gauge_lied_en__light.png
kn_ravelry_en,niches,hobbies_craft,Hobbies & Crafts,knitting,en,Ravelry Queue: 847 Projects 0 Completed - Hobbies & Crafts Typography Design,"""Ravelry Queue: 847 Projects 0 Completed"" in clean gold-and-black minimalist typography. A statement design for hobbyists and makers. Makes a perfect gift to wear or give. Available on tees, hoodies, stickers, mugs, tote bags, posters and more. #hobbies_craft #typography","hobby gift, craft lover, reading, crochet, fishing, hobby, ravelry, queue, projects, completed, knitting, hobbies & crafts, funny shirt, typography, minimalist, aesthetic, gift idea, trendy design, statement tee, for men, for women",produits/niches/kn_ravelry_en__dark.png,produits/niches/kn_ravelry_en__light.png
kn_second_sock_en,niches,hobbies_craft,Hobbies & Crafts,knitting,en,Second Sock Syndrome Is My Diagnosis - Hobbies & Crafts Typography Design,"""Second Sock Syndrome Is My Diagnosis"" in clean gold-and-black minimalist typography. A statement design for hobbyists and makers. Makes a perfect gift to wear or give. Available on tees, hoodies, stickers, mugs, tote bags, posters and more. #hobbies_craft #typography","hobby gift, craft lover, reading, crochet, fishing, hobby, second, sock, syndrome, diagnosis, knitting, hobbies & crafts, funny shirt, typography, minimalist, aesthetic, gift idea, trendy design, statement tee, for men, for women",produits/niches/kn_second_sock_en__dark.png,produits/niches/kn_second_sock_en__light.png
kn_yarn_swift_en,niches,hobbies_craft,Hobbies & Crafts,knitting,en,Yarn Swift & No Regrets - Hobbies & Crafts Typography Design,"""Yarn Swift & No Regrets"" in clean gold-and-black minimalist typography. A statement design for hobbyists and makers. Makes a perfect gift to wear or give. Available on tees, hoodies, stickers, mugs, tote bags, posters and more. #hobbies_craft #typography","hobby gift, craft lover, reading, crochet, fishing, hobby, yarn, swift, regrets, knitting, hobbies & crafts, funny shirt, typography, minimalist, aesthetic, gift idea, trendy design, statement tee, for men, for women",produits/niches/kn_yarn_swift_en__dark.png,produits/niches/kn_yarn_swift_en__light.png
lib_reading_cardio_en,niches,hobbies_craft,Hobbies & Crafts,librarians,en,Reading Is My Cardio - Hobbies & Crafts Typography Design,"""Reading Is My Cardio"" in clean gold-and-black minimalist typography. A statement design for hobbyists and makers. Makes a perfect gift to wear or give. Available on tees, hoodies, stickers, mugs, tote bags, posters and more. #hobbies_craft #typography","hobby gift, craft lover, reading, crochet, fishing, hobby, cardio, librarians, hobbies & crafts, funny shirt, typography, minimalist, aesthetic, gift idea, trendy design, statement tee, for men, for women",produits/niches/lib_reading_cardio_en__dark.png,produits/niches/lib_reading_cardio_en__light.png
photo_golden_hour_en,niches,hobbies_craft,Hobbies & Crafts,photography,en,Chasing Golden Hour - Hobbies & Crafts Typography Design,"""Chasing Golden Hour"" in clean gold-and-black minimalist typography. A statement design for hobbyists and makers. Makes a perfect gift to wear or give. Available on tees, hoodies, stickers, mugs, tote bags, posters and more. #hobbies_craft #typography","hobby gift, craft lover, reading, crochet, fishing, hobby, chasing, golden, hour, photography, hobbies & crafts, funny shirt, typography, minimalist, aesthetic, gift idea, trendy design, statement tee, for men, for women",produits/niches/photo_golden_hour_en__dark.png,produits/niches/photo_golden_hour_en__light.png
photo_lens_en,niches,hobbies_craft,Hobbies & Crafts,photography,en,Life Through a Lens - Hobbies & Crafts Typography Design,"""Life Through a Lens"" in clean gold-and-black minimalist typography. A statement design for hobbyists and makers. Makes a perfect gift to wear or give. Available on tees, hoodies, stickers, mugs, tote bags, posters and more. #hobbies_craft #typography","hobby gift, craft lover, reading, crochet, fishing, hobby, life, through, lens, photography, hobbies & crafts, funny shirt, typography, minimalist, aesthetic, gift idea, trendy design, statement tee, for men, for women",produits/niches/photo_lens_en__dark.png,produits/niches/photo_lens_en__light.png
photo_shoot_first_en,niches,hobbies_craft,Hobbies & Crafts,photography,en,Shoot First Ask Later - Hobbies & Crafts Typography Design,"""Shoot First Ask Later"" in clean gold-and-black minimalist typography. A statement design for hobbyists and makers. Makes a perfect gift to wear or give. Available on tees, hoodies, stickers, mugs, tote bags, posters and more. #hobbies_craft #typography","hobby gift, craft lover, reading, crochet, fishing, hobby, shoot, first, later, photography, hobbies & crafts, funny shirt, typography, minimalist, aesthetic, gift idea, trendy design, statement tee, for men, for women",produits/niches/photo_shoot_first_en__dark.png,produits/niches/photo_shoot_first_en__light.png
pott_center_en,niches,hobbies_craft,Hobbies & Crafts,pottery,en,Center or Die Trying - Hobbies & Crafts Typography Design,"""Center or Die Trying"" in clean gold-and-black minimalist typography. A statement design for hobbyists and makers. Makes a perfect gift to wear or give. Available on tees, hoodies, stickers, mugs, tote bags, posters and more. #hobbies_craft #typography","hobby gift, craft lover, reading, crochet, fishing, hobby, center, trying, pottery, hobbies & crafts, funny shirt, typography, minimalist, aesthetic, gift idea, trendy design, statement tee, for men, for women",produits/niches/pott_center_en__dark.png,produits/niches/pott_center_en__light.png
pott_cone6_en,niches,hobbies_craft,Hobbies & Crafts,pottery,en,Cone 6 Not Negotiable - Hobbies & Crafts Typography Design,"""Cone 6 Not Negotiable"" in clean gold-and-black minimalist typography. A statement design for hobbyists and makers. Makes a perfect gift to wear or give. Available on tees, hoodies, stickers, mugs, tote bags, posters and more. #hobbies_craft #typography","hobby gift, craft lover, reading, crochet, fishing, hobby, cone, negotiable, pottery, hobbies & crafts, funny shirt, typography, minimalist, aesthetic, gift idea, trendy design, statement tee, for men, for women",produits/niches/pott_cone6_en__dark.png,produits/niches/pott_cone6_en__light.png
pott_exploded_kiln_en,niches,hobbies_craft,Hobbies & Crafts,pottery,en,Exploded in the Kiln Character Building - Hobbies & Crafts Typography Design,"""Exploded in the Kiln Character Building"" in clean gold-and-black minimalist typography. A statement design for hobbyists and makers. Makes a perfect gift to wear or give. Available on tees, hoodies, stickers, mugs, tote bags, posters and more. #hobbies_craft #typography","hobby gift, craft lover, reading, crochet, fishing, hobby, exploded, kiln, character, building, pottery, hobbies & crafts, funny shirt, typography, minimalist, aesthetic, gift idea, trendy design, statement tee, for men, for women",produits/niches/pott_exploded_kiln_en__dark.png,produits/niches/pott_exploded_kiln_en__light.png
pott_pull_en,niches,hobbies_craft,Hobbies & Crafts,pottery,en,Pulling Walls Finding Zen - Hobbies & Crafts Typography Design,"""Pulling Walls Finding Zen"" in clean gold-and-black minimalist typography. A statement design for hobbyists and makers. Makes a perfect gift to wear or give. Available on tees, hoodies, stickers, mugs, tote bags, posters and more. #hobbies_craft #typography","hobby gift, craft lover, reading, crochet, fishing, hobby, pulling, walls, finding, pottery, hobbies & crafts, funny shirt, typography, minimalist, aesthetic, gift idea, trendy design, statement tee, for men, for women",produits/niches/pott_pull_en__dark.png,produits/niches/pott_pull_en__light.png
pott_reclaim_en,niches,hobbies_craft,Hobbies & Crafts,pottery,en,Reclaim the Clay Reclaim Your Soul - Hobbies & Crafts Typography Design,"""Reclaim the Clay Reclaim Your Soul"" in clean gold-and-black minimalist typography. A statement design for hobbyists and makers. Makes a perfect gift to wear or give. Available on tees, hoodies, stickers, mugs, tote bags, posters and more. #hobbies_craft #typography","hobby gift, craft lover, reading, crochet, fishing, hobby, reclaim, clay, soul, pottery, hobbies & crafts, funny shirt, typography, minimalist, aesthetic, gift idea, trendy design, statement tee, for men, for women",produits/niches/pott_reclaim_en__dark.png,produits/niches/pott_reclaim_en__light.png
pott_scrack_en,niches,hobbies_craft,Hobbies & Crafts,pottery,en,S-Crack Again. Of Course. - Hobbies & Crafts Typography Design,"""S-Crack Again. Of Course."" in clean gold-and-black minimalist typography. A statement design for hobbyists and makers. Makes a perfect gift to wear or give. Available on tees, hoodies, stickers, mugs, tote bags, posters and more. #hobbies_craft #typography","hobby gift, craft lover, reading, crochet, fishing, hobby, crack, again, course, pottery, hobbies & crafts, funny shirt, typography, minimalist, aesthetic, gift idea, trendy design, statement tee, for men, for women",produits/niches/pott_scrack_en__dark.png,produits/niches/pott_scrack_en__light.png
pott_wedge_en,niches,hobbies_craft,Hobbies & Crafts,pottery,en,I Wedge So I Don't Have to Think - Hobbies & Crafts Typography Design,"""I Wedge So I Don't Have to Think"" in clean gold-and-black minimalist typography. A statement design for hobbyists and makers. Makes a perfect gift to wear or give. Available on tees, hoodies, stickers, mugs, tote bags, posters and more. #hobbies_craft #typography","hobby gift, craft lover, reading, crochet, fishing, hobby, wedge, don't, think, pottery, hobbies & crafts, funny shirt, typography, minimalist, aesthetic, gift idea, trendy design, statement tee, for men, for women",produits/niches/pott_wedge_en__dark.png,produits/niches/pott_wedge_en__light.png
pun_knot_en,niches,hobbies_craft,Hobbies & Crafts,wordplay_en,en,Knot My Problem I'm Crocheting - Hobbies & Crafts Typography Design,"""Knot My Problem I'm Crocheting"" in clean gold-and-black minimalist typography. A statement design for hobbyists and makers. Makes a perfect gift to wear or give. Available on tees, hoodies, stickers, mugs, tote bags, posters and more. #hobbies_craft #typography","hobby gift, craft lover, reading, crochet, fishing, hobby, knot, problem, crocheting, wordplay en, hobbies & crafts, funny shirt, typography, minimalist, aesthetic, gift idea, trendy design, statement tee, for men, for women",produits/niches/pun_knot_en__dark.png,produits/niches/pun_knot_en__light.png
pun_reel_en,niches,hobbies_craft,Hobbies & Crafts,wordplay_en,en,I'm Hooked (It's the Fishing) - Hobbies & Crafts Typography Design,"""I'm Hooked (It's the Fishing)"" in clean gold-and-black minimalist typography. A statement design for hobbyists and makers. Makes a perfect gift to wear or give. Available on tees, hoodies, stickers, mugs, tote bags, posters and more. #hobbies_craft #typography","hobby gift, craft lover, reading, crochet, fishing, hobby, hooked, it's, wordplay en, hobbies & crafts, funny shirt, typography, minimalist, aesthetic, gift idea, trendy design, statement tee, for men, for women",produits/niches/pun_reel_en__dark.png,produits/niches/pun_reel_en__light.png
sew_life_short_en,niches,hobbies_craft,Hobbies & Crafts,sewing,en,Life Is Too Short for Bad Fabric - Hobbies & Crafts Typography Design,"""Life Is Too Short for Bad Fabric"" in clean gold-and-black minimalist typography. A statement design for hobbyists and makers. Makes a perfect gift to wear or give. Available on tees, hoodies, stickers, mugs, tote bags, posters and more. #hobbies_craft #typography","hobby gift, craft lover, reading, crochet, fishing, hobby, life, short, fabric, sewing, hobbies & crafts, funny shirt, typography, minimalist, aesthetic, gift idea, trendy design, statement tee, for men, for women",produits/niches/sew_life_short_en__dark.png,produits/niches/sew_life_short_en__light.png
sew_quilt_en,niches,hobbies_craft,Hobbies & Crafts,sewing,en,Quilts Are Just Fabric Hugs - Hobbies & Crafts Typography Design,"""Quilts Are Just Fabric Hugs"" in clean gold-and-black minimalist typography. A statement design for hobbyists and makers. Makes a perfect gift to wear or give. Available on tees, hoodies, stickers, mugs, tote bags, posters and more. #hobbies_craft #typography","hobby gift, craft lover, reading, crochet, fishing, hobby, quilts, fabric, hugs, sewing, hobbies & crafts, funny shirt, typography, minimalist, aesthetic, gift idea, trendy design, statement tee, for men, for women",produits/niches/sew_quilt_en__dark.png,produits/niches/sew_quilt_en__light.png
sew_seam_stress_en,niches,hobbies_craft,Hobbies & Crafts,sewing,en,Seam Stress - Hobbies & Crafts Typography Design,"""Seam Stress"" in clean gold-and-black minimalist typography. A statement design for hobbyists and makers. Makes a perfect gift to wear or give. Available on tees, hoodies, stickers, mugs, tote bags, posters and more. #hobbies_craft #typography","hobby gift, craft lover, reading, crochet, fishing, hobby, seam, stress, sewing, hobbies & crafts, funny shirt, typography, minimalist, aesthetic, gift idea, trendy design, statement tee, for men, for women",produits/niches/sew_seam_stress_en__dark.png,produits/niches/sew_seam_stress_en__light.png
sew_stitch_witch_en,niches,hobbies_craft,Hobbies & Crafts,sewing,en,Stitch Witch - Hobbies & Crafts Typography Design,"""Stitch Witch"" in clean gold-and-black minimalist typography. A statement design for hobbyists and makers. Makes a perfect gift to wear or give. Available on tees, hoodies, stickers, mugs, tote bags, posters and more. #hobbies_craft #typography","hobby gift, craft lover, reading, crochet, fishing, hobby, stitch, witch, sewing, hobbies & crafts, funny shirt, typography, minimalist, aesthetic, gift idea, trendy design, statement tee, for men, for women",produits/niches/sew_stitch_witch_en__dark.png,produits/niches/sew_stitch_witch_en__light.png
vl_free_camping_en,niches,hobbies_craft,Hobbies & Crafts,van_life,en,Free Camping Only My App Is Freecampsites - Hobbies & Crafts Typography Design,"""Free Camping Only My App Is Freecampsites"" in clean gold-and-black minimalist typography. A statement design for hobbyists and makers. Makes a perfect gift to wear or give. Available on tees, hoodies, stickers, mugs, tote bags, posters and more. #hobbies_craft #typography","hobby gift, craft lover, reading, crochet, fishing, hobby, free, camping, freecampsites, van life, hobbies & crafts, funny shirt, typography, minimalist, aesthetic, gift idea, trendy design, statement tee, for men, for women",produits/niches/vl_free_camping_en__dark.png,produits/niches/vl_free_camping_en__light.png
vn_180g_en,niches,hobbies_craft,Hobbies & Crafts,vinyl,en,180g Pressing or I Wait for a Better Press - Hobbies & Crafts Typography Design,"""180g Pressing or I Wait for a Better Press"" in clean gold-and-black minimalist typography. A statement design for hobbyists and makers. Makes a perfect gift to wear or give. Available on tees, hoodies, stickers, mugs, tote bags, posters and more. #hobbies_craft #typography","hobby gift, craft lover, reading, crochet, fishing, hobby, pressing, wait, better, press, vinyl, hobbies & crafts, funny shirt, typography, minimalist, aesthetic, gift idea, trendy design, statement tee, for men, for women",produits/niches/vn_180g_en__dark.png,produits/niches/vn_180g_en__light.png
vn_clean_needle_en,niches,hobbies_craft,Hobbies & Crafts,vinyl,en,Clean Your Stylus It's Not That Hard - Hobbies & Crafts Typography Design,"""Clean Your Stylus It's Not That Hard"" in clean gold-and-black minimalist typography. A statement design for hobbyists and makers. Makes a perfect gift to wear or give. Available on tees, hoodies, stickers, mugs, tote bags, posters and more. #hobbies_craft #typography","hobby gift, craft lover, reading, crochet, fishing, hobby, clean, stylus, it's, hard, vinyl, hobbies & crafts, funny shirt, typography, minimalist, aesthetic, gift idea, trendy design, statement tee, for men, for women",produits/niches/vn_clean_needle_en__dark.png,produits/niches/vn_clean_needle_en__light.png
vn_phono_stage_en,niches,hobbies_craft,Hobbies & Crafts,vinyl,en,My Phono Stage Costs More Than Your Streaming Year - Hobbies & Crafts Typography Design,"""My Phono Stage Costs More Than Your Streaming Year"" in clean gold-and-black minimalist typography. A statement design for hobbyists and makers. Makes a perfect gift to wear or give. Available on tees, hoodies, stickers, mugs, tote bags, posters and more. #hobbies_craft #typography","hobby gift, craft lover, reading, crochet, fishing, hobby, phono, stage, costs, more, than, vinyl, hobbies & crafts, funny shirt, typography, minimalist, aesthetic, gift idea, trendy design, statement tee, for men, for women",produits/niches/vn_phono_stage_en__dark.png,produits/niches/vn_phono_stage_en__light.png
vn_pre_listening_en,niches,hobbies_craft,Hobbies & Crafts,vinyl,en,I Clean Records Before I Listen to Records - Hobbies & Crafts Typography Design,"""I Clean Records Before I Listen to Records"" in clean gold-and-black minimalist typography. A statement design for hobbyists and makers. Makes a perfect gift to wear or give. Available on tees, hoodies, stickers, mugs, tote bags, posters and more. #hobbies_craft #typography","hobby gift, craft lover, reading, crochet, fishing, hobby, clean, records, before, listen, vinyl, hobbies & crafts, funny shirt, typography, minimalist, aesthetic, gift idea, trendy design, statement tee, for men, for women",produits/niches/vn_pre_listening_en__dark.png,produits/niches/vn_pre_listening_en__light.png
vn_vta_en,niches,hobbies_craft,Hobbies & Crafts,vinyl,en,VTA Set. Azimuth Dialed. Just Press Play Already. - Hobbies & Crafts Typography Design,"""VTA Set. Azimuth Dialed. Just Press Play Already."" in clean gold-and-black minimalist typography. A statement design for hobbyists and makers. Makes a perfect gift to wear or give. Available on tees, hoodies, stickers, mugs, tote bags, posters and more. #hobbies_craft #typography","hobby gift, craft lover, reading, crochet, fishing, hobby, azimuth, dialed, press, play, already, vinyl, hobbies & crafts, funny shirt, typography, minimalist, aesthetic, gift idea, trendy design, statement tee, for men, for women",produits/niches/vn_vta_en__dark.png,produits/niches/vn_vta_en__light.png
rev_books_banned_en,revendications,hobbies_craft,Hobbies & Crafts,,en,I Read Banned Books - Hobbies & Crafts Typography Design,"""I Read Banned Books"" in clean gold-and-black minimalist typography. A statement design for hobbyists and makers. Makes a perfect gift to wear or give. Available on tees, hoodies, stickers, mugs, tote bags, posters and more. #hobbies_craft #typography","hobby gift, craft lover, reading, crochet, fishing, hobby, read, banned, books, hobbies & crafts, funny shirt, typography, minimalist, aesthetic, gift idea, trendy design, statement tee, for men, for women",produits/revendications/rev_books_banned_en__dark.png,produits/revendications/rev_books_banned_en__light.png
rev_lire_dangereux_fr,revendications,hobbies_craft,Hobbies & Crafts,,fr,Je Lis Des Livres Interdits - Hobbies & Crafts (French) Design,"« Je Lis Des Livres Interdits » en typographie or et noir, minimaliste et percutante. Un design pour les passionné·es et créatif·ves. Idée cadeau parfaite, à porter ou offrir. Disponible sur t-shirt, sweat, sticker, mug, tote bag, poster et plus. #hobbies_craft #typographie","hobby gift, craft lover, reading, crochet, fishing, hobby, livres, interdits, hobbies & crafts, funny shirt, typography, minimalist, aesthetic, gift idea, trendy design, statement tee, for men, for women",produits/revendications/rev_lire_dangereux_fr__dark.png,produits/revendications/rev_lire_dangereux_fr__light.png
rev_vaccins_fr,revendications,hobbies_craft,Hobbies & Crafts,,fr,La Science > Ton Oncle Sur Facebook - Hobbies & Crafts (French) Design,"« La Science > Ton Oncle Sur Facebook » en typographie or et noir, minimaliste et percutante. Un design pour les passionné·es et créatif·ves. Idée cadeau parfaite, à porter ou offrir. Disponible sur t-shirt, sweat, sticker, mug, tote bag, poster et plus. #hobbies_craft #typographie","hobby gift, craft lover, reading, crochet, fishing, hobby, science, oncle, facebook, hobbies & crafts, funny shirt, typography, minimalist, aesthetic, gift idea, trendy design, statement tee, for men, for women",produits/revendications/rev_vaccins_fr__dark.png,produits/revendications/rev_vaccins_fr__light.png
st_camping_fr,stoner,hobbies_craft,Hobbies & Crafts,,fr,En Camping Spirituel - Hobbies & Crafts (French) Design,"« En Camping Spirituel » en typographie or et noir, minimaliste et percutante. Un design pour les passionné·es et créatif·ves. Idée cadeau parfaite, à porter ou offrir. Disponible sur t-shirt, sweat, sticker, mug, tote bag, poster et plus. #hobbies_craft #typographie","hobby gift, craft lover, reading, crochet, fishing, hobby, camping, spirituel, hobbies & crafts, funny shirt, typography, minimalist, aesthetic, gift idea, trendy design, statement tee, for men, for women",produits/stoner/st_camping_fr__dark.png,produits/stoner/st_camping_fr__light.png
tr_book_lover_en,trending,hobbies_craft,Hobbies & Crafts,,en,Book Lover Forever - Hobbies & Crafts Typography Design,"""Book Lover Forever"" in clean gold-and-black minimalist typography. A statement design for hobbyists and makers. Makes a perfect gift to wear or give. Available on tees, hoodies, stickers, mugs, tote bags, posters and more. #hobbies_craft #typography","hobby gift, craft lover, reading, crochet, fishing, hobby, book, lover, forever, hobbies & crafts, funny shirt, typography, minimalist, aesthetic, gift idea, trendy design, statement tee, for men, for women",produits/trending/tr_book_lover_en__dark.png,produits/trending/tr_book_lover_en__light.png
tr_booked_napping_en,trending,hobbies_craft,Hobbies & Crafts,,en,Booked & Busy (Napping) - Hobbies & Crafts Typography Design,"""Booked & Busy (Napping)"" in clean gold-and-black minimalist typography. A statement design for hobbyists and makers. Makes a perfect gift to wear or give. Available on tees, hoodies, stickers, mugs, tote bags, posters and more. #hobbies_craft #typography","hobby gift, craft lover, reading, crochet, fishing, hobby, booked, busy, napping, hobbies & crafts, funny shirt, typography, minimalist, aesthetic, gift idea, trendy design, statement tee, for men, for women",produits/trending/tr_booked_napping_en__dark.png,produits/trending/tr_booked_napping_en__light.png
tr_energy_booked_en,trending,hobbies_craft,Hobbies & Crafts,,en,My Social Battery Is Dead - Hobbies & Crafts Typography Design,"""My Social Battery Is Dead"" in clean gold-and-black minimalist typography. A statement design for hobbyists and makers. Makes a perfect gift to wear or give. Available on tees, hoodies, stickers, mugs, tote bags, posters and more. #hobbies_craft #typography","hobby gift, craft lover, reading, crochet, fishing, hobby, social, battery, dead, hobbies & crafts, funny shirt, typography, minimalist, aesthetic, gift idea, trendy design, statement tee, for men, for women",produits/trending/tr_energy_booked_en__dark.png,produits/trending/tr_energy_booked_en__light.png
ar_allie_fr,arrow,humor,Funny & Sarcastic,,fr,Allié Le Vrai - Funny & Sarcastic (French) Design,"« Allié Le Vrai » en typographie or et noir, minimaliste et percutante. Un design pour tous ceux qui ont de l'humour. Idée cadeau parfaite, à porter ou offrir. Disponible sur t-shirt, sweat, sticker, mug, tote bag, poster et plus. #humor #typographie","funny saying, sarcastic, sarcasm, humor, meme shirt, funny quote, allié, vrai, funny & sarcastic, funny shirt, typography, minimalist, aesthetic, gift idea, trendy design, statement tee, for men, for women",produits/arrow/ar_allie_fr__dark.png,produits/arrow/ar_allie_fr__light.png
ar_apero_fr,arrow,humor,Funny & Sarcastic,,fr,C'Est Lui Qui Paie L'Apéro - Funny & Sarcastic (French) Design,"« C'Est Lui Qui Paie L'Apéro » en typographie or et noir, minimaliste et percutante. Un design pour tous ceux qui ont de l'humour. Idée cadeau parfaite, à porter ou offrir. Disponible sur t-shirt, sweat, sticker, mug, tote bag, poster et plus. #humor #typographie","funny saying, sarcastic, sarcasm, humor, meme shirt, funny quote, c'est, paie, l'apéro, funny & sarcastic, funny shirt, typography, minimalist, aesthetic, gift idea, trendy design, statement tee, for men, for women",produits/arrow/ar_apero_fr__dark.png,produits/arrow/ar_apero_fr__light.png
ar_good_human_en,arrow,humor,Funny & Sarcastic,,en,Certified Good Human - Funny & Sarcastic Typography Design,"""Certified Good Human"" in clean gold-and-black minimalist typography. A statement design for anyone with a sense of humor. Makes a perfect gift to wear or give. Available on tees, hoodies, stickers, mugs, tote bags, posters and more. #humor #typography","funny saying, sarcastic, sarcasm, humor, meme shirt, funny quote, certified, good, human, funny & sarcastic, funny shirt, typography, minimalist, aesthetic, gift idea, trendy design, statement tee, for men, for women",produits/arrow/ar_good_human_en__dark.png,produits/arrow/ar_good_human_en__light.png
ar_suv_fr,arrow,humor,Funny & Sarcastic,,fr,Il Roule En SUV En Centre-Ville - Funny & Sarcastic (French) Design,"« Il Roule En SUV En Centre-Ville » en typographie or et noir, minimaliste et percutante. Un design pour tous ceux qui ont de l'humour. Idée cadeau parfaite, à porter ou offrir. Disponible sur t-shirt, sweat, sticker, mug, tote bag, poster et plus. #humor #typographie","funny saying, sarcastic, sarcasm, humor, meme shirt, funny quote, roule, centre, ville, funny & sarcastic, funny shirt, typography, minimalist, aesthetic, gift idea, trendy design, statement tee, for men, for women",produits/arrow/ar_suv_fr__dark.png,produits/arrow/ar_suv_fr__light.png
ar_therapist_en,arrow,humor,Funny & Sarcastic,,en,Keeps My Therapist In Business - Funny & Sarcastic Typography Design,"""Keeps My Therapist In Business"" in clean gold-and-black minimalist typography. A statement design for anyone with a sense of humor. Makes a perfect gift to wear or give. Available on tees, hoodies, stickers, mugs, tote bags, posters and more. #humor #typography","funny saying, sarcastic, sarcasm, humor, meme shirt, funny quote, keeps, therapist, business, funny & sarcastic, funny shirt, typography, minimalist, aesthetic, gift idea, trendy design, statement tee, for men, for women",produits/arrow/ar_therapist_en__dark.png,produits/arrow/ar_therapist_en__light.png
ar_thon_fr,arrow,humor,Funny & Sarcastic,,fr,Demande-Lui Pourquoi Il Mange Du Thon - Funny & Sarcastic (French) Design,"« Demande-Lui Pourquoi Il Mange Du Thon » en typographie or et noir, minimaliste et percutante. Un design pour tous ceux qui ont de l'humour. Idée cadeau parfaite, à porter ou offrir. Disponible sur t-shirt, sweat, sticker, mug, tote bag, poster et plus. #humor #typographie","funny saying, sarcastic, sarcasm, humor, meme shirt, funny quote, demande, pourquoi, mange, thon, funny & sarcastic, funny shirt, typography, minimalist, aesthetic, gift idea, trendy design, statement tee, for men, for women",produits/arrow/ar_thon_fr__dark.png,produits/arrow/ar_thon_fr__light.png
ar_trie_pas_fr,arrow,humor,Funny & Sarcastic,,fr,Demande-Lui Pourquoi Il Trie Pas - Funny & Sarcastic (French) Design,"« Demande-Lui Pourquoi Il Trie Pas » en typographie or et noir, minimaliste et percutante. Un design pour tous ceux qui ont de l'humour. Idée cadeau parfaite, à porter ou offrir. Disponible sur t-shirt, sweat, sticker, mug, tote bag, poster et plus. #humor #typographie","funny saying, sarcastic, sarcasm, humor, meme shirt, funny quote, demande, pourquoi, trie, funny & sarcastic, funny shirt, typography, minimalist, aesthetic, gift idea, trendy design, statement tee, for men, for women",produits/arrow/ar_trie_pas_fr__dark.png,produits/arrow/ar_trie_pas_fr__light.png
ar_voté_fr,arrow,humor,Funny & Sarcastic,,fr,Il A Voté Pour Ça - Funny & Sarcastic (French) Design,"« Il A Voté Pour Ça » en typographie or et noir, minimaliste et percutante. Un design pour tous ceux qui ont de l'humour. Idée cadeau parfaite, à porter ou offrir. Disponible sur t-shirt, sweat, sticker, mug, tote bag, poster et plus. #humor #typographie","funny saying, sarcastic, sarcasm, humor, meme shirt, funny quote, voté, funny & sarcastic, funny shirt, typography, minimalist, aesthetic, gift idea, trendy design, statement tee, for men, for women",produits/arrow/ar_voté_fr__dark.png,produits/arrow/ar_voté_fr__light.png
fm_card_excuses_en,formats,humor,Funny & Sarcastic,card,en,Yellow Card To Your Excuses - Funny & Sarcastic Typography Design,"""Yellow Card To Your Excuses"" in clean gold-and-black minimalist typography. A statement design for anyone with a sense of humor. Makes a perfect gift to wear or give. Available on tees, hoodies, stickers, mugs, tote bags, posters and more. #humor #typography","funny saying, sarcastic, sarcasm, humor, meme shirt, funny quote, yellow, card, excuses, funny & sarcastic, funny shirt, typography, minimalist, aesthetic, gift idea, trendy design, statement tee, for men, for women",produits/formats/fm_card_excuses_en__dark.png,produits/formats/fm_card_excuses_en__light.png
fm_card_fashion_en,formats,humor,Funny & Sarcastic,card,en,Red Card To Fast Fashion - Funny & Sarcastic Typography Design,"""Red Card To Fast Fashion"" in clean gold-and-black minimalist typography. A statement design for anyone with a sense of humor. Makes a perfect gift to wear or give. Available on tees, hoodies, stickers, mugs, tote bags, posters and more. #humor #typography","funny saying, sarcastic, sarcasm, humor, meme shirt, funny quote, card, fast, fashion, funny & sarcastic, funny shirt, typography, minimalist, aesthetic, gift idea, trendy design, statement tee, for men, for women",produits/formats/fm_card_fashion_en__dark.png,produits/formats/fm_card_fashion_en__light.png
fm_care_brain_en,formats,humor,Funny & Sarcastic,care,en,Do Not Wash My Brain - Funny & Sarcastic Typography Design,"""Do Not Wash My Brain"" in clean gold-and-black minimalist typography. A statement design for anyone with a sense of humor. Makes a perfect gift to wear or give. Available on tees, hoodies, stickers, mugs, tote bags, posters and more. #humor #typography","funny saying, sarcastic, sarcasm, humor, meme shirt, funny quote, wash, brain, care, funny & sarcastic, funny shirt, typography, minimalist, aesthetic, gift idea, trendy design, statement tee, for men, for women",produits/formats/fm_care_brain_en__dark.png,produits/formats/fm_care_brain_en__light.png
fm_care_cerveau_fr,formats,humor,Funny & Sarcastic,care,fr,Ne Pas Laver Mon Cerveau - Funny & Sarcastic (French) Design,"« Ne Pas Laver Mon Cerveau » en typographie or et noir, minimaliste et percutante. Un design pour tous ceux qui ont de l'humour. Idée cadeau parfaite, à porter ou offrir. Disponible sur t-shirt, sweat, sticker, mug, tote bag, poster et plus. #humor #typographie","funny saying, sarcastic, sarcasm, humor, meme shirt, funny quote, laver, cerveau, care, funny & sarcastic, funny shirt, typography, minimalist, aesthetic, gift idea, trendy design, statement tee, for men, for women",produits/formats/fm_care_cerveau_fr__dark.png,produits/formats/fm_care_cerveau_fr__light.png
fm_care_handle_en,formats,humor,Funny & Sarcastic,care,en,Handle With Care - Funny & Sarcastic Typography Design,"""Handle With Care"" in clean gold-and-black minimalist typography. A statement design for anyone with a sense of humor. Makes a perfect gift to wear or give. Available on tees, hoodies, stickers, mugs, tote bags, posters and more. #humor #typography","funny saying, sarcastic, sarcasm, humor, meme shirt, funny quote, handle, care, funny & sarcastic, funny shirt, typography, minimalist, aesthetic, gift idea, trendy design, statement tee, for men, for women",produits/formats/fm_care_handle_en__dark.png,produits/formats/fm_care_handle_en__light.png
fm_care_patience_en,formats,humor,Funny & Sarcastic,care,en,Do Not Tumble Dry My Patience - Funny & Sarcastic Typography Design,"""Do Not Tumble Dry My Patience"" in clean gold-and-black minimalist typography. A statement design for anyone with a sense of humor. Makes a perfect gift to wear or give. Available on tees, hoodies, stickers, mugs, tote bags, posters and more. #humor #typography","funny saying, sarcastic, sarcasm, humor, meme shirt, funny quote, tumble, patience, care, funny & sarcastic, funny shirt, typography, minimalist, aesthetic, gift idea, trendy design, statement tee, for men, for women",produits/formats/fm_care_patience_en__dark.png,produits/formats/fm_care_patience_en__light.png
fm_care_principes_fr,formats,humor,Funny & Sarcastic,care,fr,Ne Pas Repasser Mes Principes - Funny & Sarcastic (French) Design,"« Ne Pas Repasser Mes Principes » en typographie or et noir, minimaliste et percutante. Un design pour tous ceux qui ont de l'humour. Idée cadeau parfaite, à porter ou offrir. Disponible sur t-shirt, sweat, sticker, mug, tote bag, poster et plus. #humor #typographie","funny saying, sarcastic, sarcasm, humor, meme shirt, funny quote, repasser, principes, care, funny & sarcastic, funny shirt, typography, minimalist, aesthetic, gift idea, trendy design, statement tee, for men, for women",produits/formats/fm_care_principes_fr__dark.png,produits/formats/fm_care_principes_fr__light.png
fm_care_vibe_en,formats,humor,Funny & Sarcastic,care,en,Do Not Bleach My Vibe - Funny & Sarcastic Typography Design,"""Do Not Bleach My Vibe"" in clean gold-and-black minimalist typography. A statement design for anyone with a sense of humor. Makes a perfect gift to wear or give. Available on tees, hoodies, stickers, mugs, tote bags, posters and more. #humor #typography","funny saying, sarcastic, sarcasm, humor, meme shirt, funny quote, bleach, vibe, care, funny & sarcastic, funny shirt, typography, minimalist, aesthetic, gift idea, trendy design, statement tee, for men, for women",produits/formats/fm_care_vibe_en__dark.png,produits/formats/fm_care_vibe_en__light.png
fm_caution_damage_en,formats,humor,Funny & Sarcastic,caution,en,Caution Emotional Damage Ahead - Funny & Sarcastic Typography Design,"""Caution Emotional Damage Ahead"" in clean gold-and-black minimalist typography. A statement design for anyone with a sense of humor. Makes a perfect gift to wear or give. Available on tees, hoodies, stickers, mugs, tote bags, posters and more. #humor #typography","funny saying, sarcastic, sarcasm, humor, meme shirt, funny quote, caution, emotional, damage, ahead, funny & sarcastic, funny shirt, typography, minimalist, aesthetic, gift idea, trendy design, statement tee, for men, for women",produits/formats/fm_caution_damage_en__dark.png,produits/formats/fm_caution_damage_en__light.png
fm_caution_opinions_en,formats,humor,Funny & Sarcastic,caution,en,Danger Unfiltered Opinions - Funny & Sarcastic Typography Design,"""Danger Unfiltered Opinions"" in clean gold-and-black minimalist typography. A statement design for anyone with a sense of humor. Makes a perfect gift to wear or give. Available on tees, hoodies, stickers, mugs, tote bags, posters and more. #humor #typography","funny saying, sarcastic, sarcasm, humor, meme shirt, funny quote, danger, unfiltered, opinions, caution, funny & sarcastic, funny shirt, typography, minimalist, aesthetic, gift idea, trendy design, statement tee, for men, for women",produits/formats/fm_caution_opinions_en__dark.png,produits/formats/fm_caution_opinions_en__light.png
fm_err_equality_en,formats,humor,Funny & Sarcastic,error,en,Equality Not Found - Funny & Sarcastic Typography Design,"""Equality Not Found"" in clean gold-and-black minimalist typography. A statement design for anyone with a sense of humor. Makes a perfect gift to wear or give. Available on tees, hoodies, stickers, mugs, tote bags, posters and more. #humor #typography","funny saying, sarcastic, sarcasm, humor, meme shirt, funny quote, equality, found, error, funny & sarcastic, funny shirt, typography, minimalist, aesthetic, gift idea, trendy design, statement tee, for men, for women",produits/formats/fm_err_equality_en__dark.png,produits/formats/fm_err_equality_en__light.png
fm_err_justice_en,formats,humor,Funny & Sarcastic,error,en,Justice Not Found - Funny & Sarcastic Typography Design,"""Justice Not Found"" in clean gold-and-black minimalist typography. A statement design for anyone with a sense of humor. Makes a perfect gift to wear or give. Available on tees, hoodies, stickers, mugs, tote bags, posters and more. #humor #typography","funny saying, sarcastic, sarcasm, humor, meme shirt, funny quote, justice, found, error, funny & sarcastic, funny shirt, typography, minimalist, aesthetic, gift idea, trendy design, statement tee, for men, for women",produits/formats/fm_err_justice_en__dark.png,produits/formats/fm_err_justice_en__light.png
fm_err_justice_fr,formats,humor,Funny & Sarcastic,error,fr,Justice Introuvable - Funny & Sarcastic (French) Design,"« Justice Introuvable » en typographie or et noir, minimaliste et percutante. Un design pour tous ceux qui ont de l'humour. Idée cadeau parfaite, à porter ou offrir. Disponible sur t-shirt, sweat, sticker, mug, tote bag, poster et plus. #humor #typographie","funny saying, sarcastic, sarcasm, humor, meme shirt, funny quote, justice, introuvable, error, funny & sarcastic, funny shirt, typography, minimalist, aesthetic, gift idea, trendy design, statement tee, for men, for women",produits/formats/fm_err_justice_fr__dark.png,produits/formats/fm_err_justice_fr__light.png
fm_err_patience_en,formats,humor,Funny & Sarcastic,error,en,Patience Not Found - Funny & Sarcastic Typography Design,"""Patience Not Found"" in clean gold-and-black minimalist typography. A statement design for anyone with a sense of humor. Makes a perfect gift to wear or give. Available on tees, hoodies, stickers, mugs, tote bags, posters and more. #humor #typography","funny saying, sarcastic, sarcasm, humor, meme shirt, funny quote, patience, found, error, funny & sarcastic, funny shirt, typography, minimalist, aesthetic, gift idea, trendy design, statement tee, for men, for women",produits/formats/fm_err_patience_en__dark.png,produits/formats/fm_err_patience_en__light.png
fm_err_silence_en,formats,humor,Funny & Sarcastic,error,en,Silence Forbidden - Funny & Sarcastic Typography Design,"""Silence Forbidden"" in clean gold-and-black minimalist typography. A statement design for anyone with a sense of humor. Makes a perfect gift to wear or give. Available on tees, hoodies, stickers, mugs, tote bags, posters and more. #humor #typography","funny saying, sarcastic, sarcasm, humor, meme shirt, funny quote, silence, forbidden, error, funny & sarcastic, funny shirt, typography, minimalist, aesthetic, gift idea, trendy design, statement tee, for men, for women",produits/formats/fm_err_silence_en__dark.png,produits/formats/fm_err_silence_en__light.png
fm_load_changement_fr,formats,humor,Funny & Sarcastic,loading,fr,Changement En Cours… - Funny & Sarcastic (French) Design,"« Changement En Cours… » en typographie or et noir, minimaliste et percutante. Un design pour tous ceux qui ont de l'humour. Idée cadeau parfaite, à porter ou offrir. Disponible sur t-shirt, sweat, sticker, mug, tote bag, poster et plus. #humor #typographie","funny saying, sarcastic, sarcasm, humor, meme shirt, funny quote, changement, cours, loading, funny & sarcastic, funny shirt, typography, minimalist, aesthetic, gift idea, trendy design, statement tee, for men, for women",produits/formats/fm_load_changement_fr__dark.png,produits/formats/fm_load_changement_fr__light.png
fm_load_equality_en,formats,humor,Funny & Sarcastic,loading,en,Equality Loading… - Funny & Sarcastic Typography Design,"""Equality Loading…"" in clean gold-and-black minimalist typography. A statement design for anyone with a sense of humor. Makes a perfect gift to wear or give. Available on tees, hoodies, stickers, mugs, tote bags, posters and more. #humor #typography","funny saying, sarcastic, sarcasm, humor, meme shirt, funny quote, equality, loading, funny & sarcastic, funny shirt, typography, minimalist, aesthetic, gift idea, trendy design, statement tee, for men, for women",produits/formats/fm_load_equality_en__dark.png,produits/formats/fm_load_equality_en__light.png
fm_load_motivation_en,formats,humor,Funny & Sarcastic,loading,en,Motivation Loading… - Funny & Sarcastic Typography Design,"""Motivation Loading…"" in clean gold-and-black minimalist typography. A statement design for anyone with a sense of humor. Makes a perfect gift to wear or give. Available on tees, hoodies, stickers, mugs, tote bags, posters and more. #humor #typography","funny saying, sarcastic, sarcasm, humor, meme shirt, funny quote, motivation, loading, funny & sarcastic, funny shirt, typography, minimalist, aesthetic, gift idea, trendy design, statement tee, for men, for women",produits/formats/fm_load_motivation_en__dark.png,produits/formats/fm_load_motivation_en__light.png
fm_load_patience_en,formats,humor,Funny & Sarcastic,loading,en,Patience Loading… - Funny & Sarcastic Typography Design,"""Patience Loading…"" in clean gold-and-black minimalist typography. A statement design for anyone with a sense of humor. Makes a perfect gift to wear or give. Available on tees, hoodies, stickers, mugs, tote bags, posters and more. #humor #typography","funny saying, sarcastic, sarcasm, humor, meme shirt, funny quote, patience, loading, funny & sarcastic, funny shirt, typography, minimalist, aesthetic, gift idea, trendy design, statement tee, for men, for women",produits/formats/fm_load_patience_en__dark.png,produits/formats/fm_load_patience_en__light.png
he_chaos_fr,heart,humor,Funny & Sarcastic,,fr,J' love Le Chaos - Funny & Sarcastic (French) Design,"« J' love Le Chaos » en typographie or et noir, minimaliste et percutante. Un design pour tous ceux qui ont de l'humour. Idée cadeau parfaite, à porter ou offrir. Disponible sur t-shirt, sweat, sticker, mug, tote bag, poster et plus. #humor #typographie","funny saying, sarcastic, sarcasm, humor, meme shirt, funny quote, love, chaos, funny & sarcastic, funny shirt, typography, minimalist, aesthetic, gift idea, trendy design, statement tee, for men, for women",produits/heart/he_chaos_fr__dark.png,produits/heart/he_chaos_fr__light.png
he_drama_en,heart,humor,Funny & Sarcastic,,en,I love Drama - Funny & Sarcastic Typography Design,"""I love Drama"" in clean gold-and-black minimalist typography. A statement design for anyone with a sense of humor. Makes a perfect gift to wear or give. Available on tees, hoodies, stickers, mugs, tote bags, posters and more. #humor #typography","funny saying, sarcastic, sarcasm, humor, meme shirt, funny quote, love, drama, funny & sarcastic, funny shirt, typography, minimalist, aesthetic, gift idea, trendy design, statement tee, for men, for women",produits/heart/he_drama_en__dark.png,produits/heart/he_drama_en__light.png
he_fast_fashion_thrift_en,heart,humor,Funny & Sarcastic,,en,I love Thrifting not Fast Fashion - Funny & Sarcastic Typography Design,"""I love Thrifting not Fast Fashion"" in clean gold-and-black minimalist typography. A statement design for anyone with a sense of humor. Makes a perfect gift to wear or give. Available on tees, hoodies, stickers, mugs, tote bags, posters and more. #humor #typography","funny saying, sarcastic, sarcasm, humor, meme shirt, funny quote, love, thrifting, fast, fashion, funny & sarcastic, funny shirt, typography, minimalist, aesthetic, gift idea, trendy design, statement tee, for men, for women",produits/heart/he_fast_fashion_thrift_en__dark.png,produits/heart/he_fast_fashion_thrift_en__light.png
he_foule_canape_fr,heart,humor,Funny & Sarcastic,,fr,J' love Mon Canapé not La Foule - Funny & Sarcastic (French) Design,"« J' love Mon Canapé not La Foule » en typographie or et noir, minimaliste et percutante. Un design pour tous ceux qui ont de l'humour. Idée cadeau parfaite, à porter ou offrir. Disponible sur t-shirt, sweat, sticker, mug, tote bag, poster et plus. #humor #typographie","funny saying, sarcastic, sarcasm, humor, meme shirt, funny quote, love, canapé, foule, funny & sarcastic, funny shirt, typography, minimalist, aesthetic, gift idea, trendy design, statement tee, for men, for women",produits/heart/he_foule_canape_fr__dark.png,produits/heart/he_foule_canape_fr__light.png
he_humans_en,heart,humor,Funny & Sarcastic,,en,I love All-Humans - Funny & Sarcastic Typography Design,"""I love All-Humans"" in clean gold-and-black minimalist typography. A statement design for anyone with a sense of humor. Makes a perfect gift to wear or give. Available on tees, hoodies, stickers, mugs, tote bags, posters and more. #humor #typography","funny saying, sarcastic, sarcasm, humor, meme shirt, funny quote, love, humans, funny & sarcastic, funny shirt, typography, minimalist, aesthetic, gift idea, trendy design, statement tee, for men, for women",produits/heart/he_humans_en__dark.png,produits/heart/he_humans_en__light.png
he_men_cats_en,heart,humor,Funny & Sarcastic,,en,I love Cats not Men - Funny & Sarcastic Typography Design,"""I love Cats not Men"" in clean gold-and-black minimalist typography. A statement design for anyone with a sense of humor. Makes a perfect gift to wear or give. Available on tees, hoodies, stickers, mugs, tote bags, posters and more. #humor #typography","funny saying, sarcastic, sarcasm, humor, meme shirt, funny quote, love, cats, funny & sarcastic, funny shirt, typography, minimalist, aesthetic, gift idea, trendy design, statement tee, for men, for women",produits/heart/he_men_cats_en__dark.png,produits/heart/he_men_cats_en__light.png
he_my_rights_en,heart,humor,Funny & Sarcastic,,en,I love My Rights - Funny & Sarcastic Typography Design,"""I love My Rights"" in clean gold-and-black minimalist typography. A statement design for anyone with a sense of humor. Makes a perfect gift to wear or give. Available on tees, hoodies, stickers, mugs, tote bags, posters and more. #humor #typography","funny saying, sarcastic, sarcasm, humor, meme shirt, funny quote, love, rights, funny & sarcastic, funny shirt, typography, minimalist, aesthetic, gift idea, trendy design, statement tee, for men, for women",produits/heart/he_my_rights_en__dark.png,produits/heart/he_my_rights_en__light.png
he_naps_en,heart,humor,Funny & Sarcastic,,en,I love Naps & Justice - Funny & Sarcastic Typography Design,"""I love Naps & Justice"" in clean gold-and-black minimalist typography. A statement design for anyone with a sense of humor. Makes a perfect gift to wear or give. Available on tees, hoodies, stickers, mugs, tote bags, posters and more. #humor #typography","funny saying, sarcastic, sarcasm, humor, meme shirt, funny quote, love, naps, justice, funny & sarcastic, funny shirt, typography, minimalist, aesthetic, gift idea, trendy design, statement tee, for men, for women",produits/heart/he_naps_en__dark.png,produits/heart/he_naps_en__light.png
he_people_naps_en,heart,humor,Funny & Sarcastic,,en,I love Naps not People - Funny & Sarcastic Typography Design,"""I love Naps not People"" in clean gold-and-black minimalist typography. A statement design for anyone with a sense of humor. Makes a perfect gift to wear or give. Available on tees, hoodies, stickers, mugs, tote bags, posters and more. #humor #typography","funny saying, sarcastic, sarcasm, humor, meme shirt, funny quote, love, naps, people, funny & sarcastic, funny shirt, typography, minimalist, aesthetic, gift idea, trendy design, statement tee, for men, for women",produits/heart/he_people_naps_en__dark.png,produits/heart/he_people_naps_en__light.png
he_small_talk_silence_en,heart,humor,Funny & Sarcastic,,en,I love Silence not Small Talk - Funny & Sarcastic Typography Design,"""I love Silence not Small Talk"" in clean gold-and-black minimalist typography. A statement design for anyone with a sense of humor. Makes a perfect gift to wear or give. Available on tees, hoodies, stickers, mugs, tote bags, posters and more. #humor #typography","funny saying, sarcastic, sarcasm, humor, meme shirt, funny quote, love, silence, small, talk, funny & sarcastic, funny shirt, typography, minimalist, aesthetic, gift idea, trendy design, statement tee, for men, for women",produits/heart/he_small_talk_silence_en__dark.png,produits/heart/he_small_talk_silence_en__light.png
id_ally_en,identite,humor,Funny & Sarcastic,,en,Proud Ally - Funny & Sarcastic Typography Design,"""Proud Ally"" in clean gold-and-black minimalist typography. A statement design for anyone with a sense of humor. Makes a perfect gift to wear or give. Available on tees, hoodies, stickers, mugs, tote bags, posters and more. #humor #typography","funny saying, sarcastic, sarcasm, humor, meme shirt, funny quote, proud, ally, funny & sarcastic, funny shirt, typography, minimalist, aesthetic, gift idea, trendy design, statement tee, for men, for women",produits/identite/id_ally_en__dark.png,produits/identite/id_ally_en__light.png
id_chicken_mom_en,identite,humor,Funny & Sarcastic,,en,Chicken Mom - Funny & Sarcastic Typography Design,"""Chicken Mom"" in clean gold-and-black minimalist typography. A statement design for anyone with a sense of humor. Makes a perfect gift to wear or give. Available on tees, hoodies, stickers, mugs, tote bags, posters and more. #humor #typography","funny saying, sarcastic, sarcasm, humor, meme shirt, funny quote, chicken, funny & sarcastic, funny shirt, typography, minimalist, aesthetic, gift idea, trendy design, statement tee, for men, for women",produits/identite/id_chicken_mom_en__dark.png,produits/identite/id_chicken_mom_en__light.png
id_cinephile_en,identite,humor,Funny & Sarcastic,,en,Cinephile - Funny & Sarcastic Typography Design,"""Cinephile"" in clean gold-and-black minimalist typography. A statement design for anyone with a sense of humor. Makes a perfect gift to wear or give. Available on tees, hoodies, stickers, mugs, tote bags, posters and more. #humor #typography","funny saying, sarcastic, sarcasm, humor, meme shirt, funny quote, cinephile, funny & sarcastic, funny shirt, typography, minimalist, aesthetic, gift idea, trendy design, statement tee, for men, for women",produits/identite/id_cinephile_en__dark.png,produits/identite/id_cinephile_en__light.png
id_femminista_it,identite,humor,Funny & Sarcastic,,it,Femminista - Funny & Sarcastic (Italian) Design,"""Femminista"" in clean gold-and-black minimalist typography. A statement design for anyone with a sense of humor. Makes a perfect gift to wear or give. Available on tees, hoodies, stickers, mugs, tote bags, posters and more. #humor #typography","funny saying, sarcastic, sarcasm, humor, meme shirt, funny quote, femminista, funny & sarcastic, funny shirt, typography, minimalist, aesthetic, gift idea, trendy design, statement tee, for men, for women",produits/identite/id_femminista_it__dark.png,produits/identite/id_femminista_it__light.png
id_humanist_en,identite,humor,Funny & Sarcastic,,en,Humanist - Funny & Sarcastic Typography Design,"""Humanist"" in clean gold-and-black minimalist typography. A statement design for anyone with a sense of humor. Makes a perfect gift to wear or give. Available on tees, hoodies, stickers, mugs, tote bags, posters and more. #humor #typography","funny saying, sarcastic, sarcasm, humor, meme shirt, funny quote, humanist, funny & sarcastic, funny shirt, typography, minimalist, aesthetic, gift idea, trendy design, statement tee, for men, for women",produits/identite/id_humanist_en__dark.png,produits/identite/id_humanist_en__light.png
id_kdrama_en,identite,humor,Funny & Sarcastic,,en,K-Drama Addict - Funny & Sarcastic Typography Design,"""K-Drama Addict"" in clean gold-and-black minimalist typography. A statement design for anyone with a sense of humor. Makes a perfect gift to wear or give. Available on tees, hoodies, stickers, mugs, tote bags, posters and more. #humor #typography","funny saying, sarcastic, sarcasm, humor, meme shirt, funny quote, drama, addict, funny & sarcastic, funny shirt, typography, minimalist, aesthetic, gift idea, trendy design, statement tee, for men, for women",produits/identite/id_kdrama_en__dark.png,produits/identite/id_kdrama_en__light.png
id_lectrice_fr,identite,humor,Funny & Sarcastic,,fr,Accro Aux Romans - Funny & Sarcastic (French) Design,"« Accro Aux Romans » en typographie or et noir, minimaliste et percutante. Un design pour tous ceux qui ont de l'humour. Idée cadeau parfaite, à porter ou offrir. Disponible sur t-shirt, sweat, sticker, mug, tote bag, poster et plus. #humor #typographie","funny saying, sarcastic, sarcasm, humor, meme shirt, funny quote, accro, romans, funny & sarcastic, funny shirt, typography, minimalist, aesthetic, gift idea, trendy design, statement tee, for men, for women",produits/identite/id_lectrice_fr__dark.png,produits/identite/id_lectrice_fr__light.png
id_mama_gatuna_es,identite,humor,Funny & Sarcastic,,es,Mamá Gatuna - Funny & Sarcastic (Spanish) Design,"""Mamá Gatuna"" in clean gold-and-black minimalist typography. A statement design for anyone with a sense of humor. Makes a perfect gift to wear or give. Available on tees, hoodies, stickers, mugs, tote bags, posters and more. #humor #typography","funny saying, sarcastic, sarcasm, humor, meme shirt, funny quote, mamá, gatuna, funny & sarcastic, funny shirt, typography, minimalist, aesthetic, gift idea, trendy design, statement tee, for men, for women",produits/identite/id_mama_gatuna_es__dark.png,produits/identite/id_mama_gatuna_es__light.png
id_militant_fr,identite,humor,Funny & Sarcastic,,fr,Militant - Funny & Sarcastic (French) Design,"« Militant » en typographie or et noir, minimaliste et percutante. Un design pour tous ceux qui ont de l'humour. Idée cadeau parfaite, à porter ou offrir. Disponible sur t-shirt, sweat, sticker, mug, tote bag, poster et plus. #humor #typographie","funny saying, sarcastic, sarcasm, humor, meme shirt, funny quote, militant, funny & sarcastic, funny shirt, typography, minimalist, aesthetic, gift idea, trendy design, statement tee, for men, for women",produits/identite/id_militant_fr__dark.png,produits/identite/id_militant_fr__light.png
id_pescador_es,identite,humor,Funny & Sarcastic,,es,Pescador - Funny & Sarcastic (Spanish) Design,"""Pescador"" in clean gold-and-black minimalist typography. A statement design for anyone with a sense of humor. Makes a perfect gift to wear or give. Available on tees, hoodies, stickers, mugs, tote bags, posters and more. #humor #typography","funny saying, sarcastic, sarcasm, humor, meme shirt, funny quote, pescador, funny & sarcastic, funny shirt, typography, minimalist, aesthetic, gift idea, trendy design, statement tee, for men, for women",produits/identite/id_pescador_es__dark.png,produits/identite/id_pescador_es__light.png
id_smut_en,identite,humor,Funny & Sarcastic,,en,Smut Reader - Funny & Sarcastic Typography Design,"""Smut Reader"" in clean gold-and-black minimalist typography. A statement design for anyone with a sense of humor. Makes a perfect gift to wear or give. Available on tees, hoodies, stickers, mugs, tote bags, posters and more. #humor #typography","funny saying, sarcastic, sarcasm, humor, meme shirt, funny quote, smut, reader, funny & sarcastic, funny shirt, typography, minimalist, aesthetic, gift idea, trendy design, statement tee, for men, for women",produits/identite/id_smut_en__dark.png,produits/identite/id_smut_en__light.png
ir_allergique_betise_fr,ironique,humor,Funny & Sarcastic,,fr,Allergique À La Bêtise. On Va Pas S'Entendre - Funny & Sarcastic (French) Design,"« Allergique À La Bêtise. On Va Pas S'Entendre » en typographie or et noir, minimaliste et percutante. Un design pour tous ceux qui ont de l'humour. Idée cadeau parfaite, à porter ou offrir. Disponible sur t-shirt, sweat, sticker, mug, tote bag, poster et plus. #humor #typographie","funny saying, sarcastic, sarcasm, humor, meme shirt, funny quote, allergique, bêtise, s'entendre, funny & sarcastic, funny shirt, typography, minimalist, aesthetic, gift idea, trendy design, statement tee, for men, for women",produits/ironique/ir_allergique_betise_fr__dark.png,produits/ironique/ir_allergique_betise_fr__light.png
ir_avis_demande_fr,ironique,humor,Funny & Sarcastic,,fr,Ton Avis Compte. Pour Toi. Garde-Le. - Funny & Sarcastic (French) Design,"« Ton Avis Compte. Pour Toi. Garde-Le. » en typographie or et noir, minimaliste et percutante. Un design pour tous ceux qui ont de l'humour. Idée cadeau parfaite, à porter ou offrir. Disponible sur t-shirt, sweat, sticker, mug, tote bag, poster et plus. #humor #typographie","funny saying, sarcastic, sarcasm, humor, meme shirt, funny quote, avis, compte, garde, funny & sarcastic, funny shirt, typography, minimalist, aesthetic, gift idea, trendy design, statement tee, for men, for women",produits/ironique/ir_avis_demande_fr__dark.png,produits/ironique/ir_avis_demande_fr__light.png
ir_block_button_en,ironique,humor,Funny & Sarcastic,,en,You're The Reason The Block Button Exists - Funny & Sarcastic Typography Design,"""You're The Reason The Block Button Exists"" in clean gold-and-black minimalist typography. A statement design for anyone with a sense of humor. Makes a perfect gift to wear or give. Available on tees, hoodies, stickers, mugs, tote bags, posters and more. #humor #typography","funny saying, sarcastic, sarcasm, humor, meme shirt, funny quote, you're, reason, block, button, exists, funny & sarcastic, funny shirt, typography, minimalist, aesthetic, gift idea, trendy design, statement tee, for men, for women",produits/ironique/ir_block_button_en__dark.png,produits/ironique/ir_block_button_en__light.png
ir_bootstraps_en,ironique,humor,Funny & Sarcastic,,en,« Self-Made » With Daddy's Startup Money - Funny & Sarcastic Typography Design,"""« Self-Made » With Daddy's Startup Money"" in clean gold-and-black minimalist typography. A statement design for anyone with a sense of humor. Makes a perfect gift to wear or give. Available on tees, hoodies, stickers, mugs, tote bags, posters and more. #humor #typography","funny saying, sarcastic, sarcasm, humor, meme shirt, funny quote, self, made, daddy's, startup, money, funny & sarcastic, funny shirt, typography, minimalist, aesthetic, gift idea, trendy design, statement tee, for men, for women",produits/ironique/ir_bootstraps_en__dark.png,produits/ironique/ir_bootstraps_en__light.png
ir_content_moi_fr,ironique,humor,Funny & Sarcastic,,fr,Je Suis Content D'Être Moi Quand Je Te Vois - Funny & Sarcastic (French) Design,"« Je Suis Content D'Être Moi Quand Je Te Vois » en typographie or et noir, minimaliste et percutante. Un design pour tous ceux qui ont de l'humour. Idée cadeau parfaite, à porter ou offrir. Disponible sur t-shirt, sweat, sticker, mug, tote bag, poster et plus. #humor #typographie","funny saying, sarcastic, sarcasm, humor, meme shirt, funny quote, suis, content, d'être, quand, vois, funny & sarcastic, funny shirt, typography, minimalist, aesthetic, gift idea, trendy design, statement tee, for men, for women",produits/ironique/ir_content_moi_fr__dark.png,produits/ironique/ir_content_moi_fr__light.png
ir_couldnt_care_en,ironique,humor,Funny & Sarcastic,,en,I Couldn't Care Less. And I've Tried. - Funny & Sarcastic Typography Design,"""I Couldn't Care Less. And I've Tried."" in clean gold-and-black minimalist typography. A statement design for anyone with a sense of humor. Makes a perfect gift to wear or give. Available on tees, hoodies, stickers, mugs, tote bags, posters and more. #humor #typography","funny saying, sarcastic, sarcasm, humor, meme shirt, funny quote, couldn't, care, less, i've, tried, funny & sarcastic, funny shirt, typography, minimalist, aesthetic, gift idea, trendy design, statement tee, for men, for women",produits/ironique/ir_couldnt_care_en__dark.png,produits/ironique/ir_couldnt_care_en__light.png
ir_decu_pas_surpris_fr,ironique,humor,Funny & Sarcastic,,fr,Déçu ? Non. Pas Surpris Venant De Toi - Funny & Sarcastic (French) Design,"« Déçu ? Non. Pas Surpris Venant De Toi » en typographie or et noir, minimaliste et percutante. Un design pour tous ceux qui ont de l'humour. Idée cadeau parfaite, à porter ou offrir. Disponible sur t-shirt, sweat, sticker, mug, tote bag, poster et plus. #humor #typographie","funny saying, sarcastic, sarcasm, humor, meme shirt, funny quote, déçu, surpris, venant, funny & sarcastic, funny shirt, typography, minimalist, aesthetic, gift idea, trendy design, statement tee, for men, for women",produits/ironique/ir_decu_pas_surpris_fr__dark.png,produits/ironique/ir_decu_pas_surpris_fr__light.png
ir_emotional_support_en,ironique,humor,Funny & Sarcastic,,en,I'm Someone's Emotional Support Menace - Funny & Sarcastic Typography Design,"""I'm Someone's Emotional Support Menace"" in clean gold-and-black minimalist typography. A statement design for anyone with a sense of humor. Makes a perfect gift to wear or give. Available on tees, hoodies, stickers, mugs, tote bags, posters and more. #humor #typography","funny saying, sarcastic, sarcasm, humor, meme shirt, funny quote, someone's, emotional, support, menace, funny & sarcastic, funny shirt, typography, minimalist, aesthetic, gift idea, trendy design, statement tee, for men, for women",produits/ironique/ir_emotional_support_en__dark.png,produits/ironique/ir_emotional_support_en__light.png
ir_gout_des_autres_fr,ironique,humor,Funny & Sarcastic,,fr,J'Ai Bon Goût. C'Est Pour Ça Que Tu Me Fuis - Funny & Sarcastic (French) Design,"« J'Ai Bon Goût. C'Est Pour Ça Que Tu Me Fuis » en typographie or et noir, minimaliste et percutante. Un design pour tous ceux qui ont de l'humour. Idée cadeau parfaite, à porter ou offrir. Disponible sur t-shirt, sweat, sticker, mug, tote bag, poster et plus. #humor #typographie","funny saying, sarcastic, sarcasm, humor, meme shirt, funny quote, j'ai, goût, c'est, fuis, funny & sarcastic, funny shirt, typography, minimalist, aesthetic, gift idea, trendy design, statement tee, for men, for women",produits/ironique/ir_gout_des_autres_fr__dark.png,produits/ironique/ir_gout_des_autres_fr__light.png
ir_iq_room_temp_en,ironique,humor,Funny & Sarcastic,,en,Your Hot Takes Are Cold. Like Your IQ. - Funny & Sarcastic Typography Design,"""Your Hot Takes Are Cold. Like Your IQ."" in clean gold-and-black minimalist typography. A statement design for anyone with a sense of humor. Makes a perfect gift to wear or give. Available on tees, hoodies, stickers, mugs, tote bags, posters and more. #humor #typography","funny saying, sarcastic, sarcasm, humor, meme shirt, funny quote, takes, cold, funny & sarcastic, funny shirt, typography, minimalist, aesthetic, gift idea, trendy design, statement tee, for men, for women",produits/ironique/ir_iq_room_temp_en__dark.png,produits/ironique/ir_iq_room_temp_en__light.png
ir_main_character_en,ironique,humor,Funny & Sarcastic,,en,You're Not The Main Character. You're The Warning. - Funny & Sarcastic Typography Design,"""You're Not The Main Character. You're The Warning."" in clean gold-and-black minimalist typography. A statement design for anyone with a sense of humor. Makes a perfect gift to wear or give. Available on tees, hoodies, stickers, mugs, tote bags, posters and more. #humor #typography","funny saying, sarcastic, sarcasm, humor, meme shirt, funny quote, you're, main, character, warning, funny & sarcastic, funny shirt, typography, minimalist, aesthetic, gift idea, trendy design, statement tee, for men, for women",produits/ironique/ir_main_character_en__dark.png,produits/ironique/ir_main_character_en__light.png
ir_mechant_gratuit_fr,ironique,humor,Funny & Sarcastic,,fr,"Je Suis Pas Méchant, Je Suis Honnête. Ça Surprend, Hein ? - Funny & Sarcastic (French) Design","« Je Suis Pas Méchant, Je Suis Honnête. Ça Surprend, Hein ? » en typographie or et noir, minimaliste et percutante. Un design pour tous ceux qui ont de l'humour. Idée cadeau parfaite, à porter ou offrir. Disponible sur t-shirt, sweat, sticker, mug, tote bag, poster et plus. #humor #typographie","funny saying, sarcastic, sarcasm, humor, meme shirt, funny quote, suis, méchant, honnête, surprend, hein, funny & sarcastic, funny shirt, typography, minimalist, aesthetic, gift idea, trendy design, statement tee, for men, for women",produits/ironique/ir_mechant_gratuit_fr__dark.png,produits/ironique/ir_mechant_gratuit_fr__light.png
ir_not_for_you_en,ironique,humor,Funny & Sarcastic,,en,I Have A Smile For Everyone. Except You. - Funny & Sarcastic Typography Design,"""I Have A Smile For Everyone. Except You."" in clean gold-and-black minimalist typography. A statement design for anyone with a sense of humor. Makes a perfect gift to wear or give. Available on tees, hoodies, stickers, mugs, tote bags, posters and more. #humor #typography","funny saying, sarcastic, sarcasm, humor, meme shirt, funny quote, smile, everyone, except, funny & sarcastic, funny shirt, typography, minimalist, aesthetic, gift idea, trendy design, statement tee, for men, for women",produits/ironique/ir_not_for_you_en__dark.png,produits/ironique/ir_not_for_you_en__light.png
ir_pas_pour_toi_fr,ironique,humor,Funny & Sarcastic,,fr,J'Ai Un Sourire Pour Tout Le Monde. Sauf Toi. - Funny & Sarcastic (French) Design,"« J'Ai Un Sourire Pour Tout Le Monde. Sauf Toi. » en typographie or et noir, minimaliste et percutante. Un design pour tous ceux qui ont de l'humour. Idée cadeau parfaite, à porter ou offrir. Disponible sur t-shirt, sweat, sticker, mug, tote bag, poster et plus. #humor #typographie","funny saying, sarcastic, sarcasm, humor, meme shirt, funny quote, j'ai, sourire, monde, sauf, funny & sarcastic, funny shirt, typography, minimalist, aesthetic, gift idea, trendy design, statement tee, for men, for women",produits/ironique/ir_pas_pour_toi_fr__dark.png,produits/ironique/ir_pas_pour_toi_fr__light.png
ir_patience_fr,ironique,humor,Funny & Sarcastic,,fr,J'Ai De La Patience. Elle T'Attend Dehors. - Funny & Sarcastic (French) Design,"« J'Ai De La Patience. Elle T'Attend Dehors. » en typographie or et noir, minimaliste et percutante. Un design pour tous ceux qui ont de l'humour. Idée cadeau parfaite, à porter ou offrir. Disponible sur t-shirt, sweat, sticker, mug, tote bag, poster et plus. #humor #typographie","funny saying, sarcastic, sarcasm, humor, meme shirt, funny quote, j'ai, patience, elle, t'attend, dehors, funny & sarcastic, funny shirt, typography, minimalist, aesthetic, gift idea, trendy design, statement tee, for men, for women",produits/ironique/ir_patience_fr__dark.png,produits/ironique/ir_patience_fr__light.png
ir_ruissellement_fr,ironique,humor,Funny & Sarcastic,,fr,J'Attends Toujours Le Ruissellement. Il Pleut Pas. - Funny & Sarcastic (French) Design,"« J'Attends Toujours Le Ruissellement. Il Pleut Pas. » en typographie or et noir, minimaliste et percutante. Un design pour tous ceux qui ont de l'humour. Idée cadeau parfaite, à porter ou offrir. Disponible sur t-shirt, sweat, sticker, mug, tote bag, poster et plus. #humor #typographie","funny saying, sarcastic, sarcasm, humor, meme shirt, funny quote, j'attends, toujours, ruissellement, pleut, funny & sarcastic, funny shirt, typography, minimalist, aesthetic, gift idea, trendy design, statement tee, for men, for women",produits/ironique/ir_ruissellement_fr__dark.png,produits/ironique/ir_ruissellement_fr__light.png
ir_same_boat_en,ironique,humor,Funny & Sarcastic,,en,We're All In The Same Boat (Some Just Drilled The Holes) - Funny & Sarcastic Typography Design,"""We're All In The Same Boat (Some Just Drilled The Holes)"" in clean gold-and-black minimalist typography. A statement design for anyone with a sense of humor. Makes a perfect gift to wear or give. Available on tees, hoodies, stickers, mugs, tote bags, posters and more. #humor #typography","funny saying, sarcastic, sarcasm, humor, meme shirt, funny quote, we're, same, boat, some, drilled, funny & sarcastic, funny shirt, typography, minimalist, aesthetic, gift idea, trendy design, statement tee, for men, for women",produits/ironique/ir_same_boat_en__dark.png,produits/ironique/ir_same_boat_en__light.png
ir_self_made_fr,ironique,humor,Funny & Sarcastic,,fr,« Parti De Rien » Avec L'Entreprise De Papa - Funny & Sarcastic (French) Design,"« « Parti De Rien » Avec L'Entreprise De Papa » en typographie or et noir, minimaliste et percutante. Un design pour tous ceux qui ont de l'humour. Idée cadeau parfaite, à porter ou offrir. Disponible sur t-shirt, sweat, sticker, mug, tote bag, poster et plus. #humor #typographie","funny saying, sarcastic, sarcasm, humor, meme shirt, funny quote, parti, rien, l'entreprise, papa, funny & sarcastic, funny shirt, typography, minimalist, aesthetic, gift idea, trendy design, statement tee, for men, for women",produits/ironique/ir_self_made_fr__dark.png,produits/ironique/ir_self_made_fr__light.png
ir_sois_toi_meme_fr,ironique,humor,Funny & Sarcastic,,fr,« Sois Toi-Même » Mauvais Conseil Dans Ton Cas - Funny & Sarcastic (French) Design,"« « Sois Toi-Même » Mauvais Conseil Dans Ton Cas » en typographie or et noir, minimaliste et percutante. Un design pour tous ceux qui ont de l'humour. Idée cadeau parfaite, à porter ou offrir. Disponible sur t-shirt, sweat, sticker, mug, tote bag, poster et plus. #humor #typographie","funny saying, sarcastic, sarcasm, humor, meme shirt, funny quote, sois, même, mauvais, conseil, funny & sarcastic, funny shirt, typography, minimalist, aesthetic, gift idea, trendy design, statement tee, for men, for women",produits/ironique/ir_sois_toi_meme_fr__dark.png,produits/ironique/ir_sois_toi_meme_fr__light.png
ir_thoughts_quiet_en,ironique,humor,Funny & Sarcastic,,en,Your Opinion Means A Lot. To Nobody. - Funny & Sarcastic Typography Design,"""Your Opinion Means A Lot. To Nobody."" in clean gold-and-black minimalist typography. A statement design for anyone with a sense of humor. Makes a perfect gift to wear or give. Available on tees, hoodies, stickers, mugs, tote bags, posters and more. #humor #typography","funny saying, sarcastic, sarcasm, humor, meme shirt, funny quote, opinion, means, nobody, funny & sarcastic, funny shirt, typography, minimalist, aesthetic, gift idea, trendy design, statement tee, for men, for women",produits/ironique/ir_thoughts_quiet_en__dark.png,produits/ironique/ir_thoughts_quiet_en__light.png
ir_trickle_down_en,ironique,humor,Funny & Sarcastic,,en,Still Waiting For That Wealth To Trickle Down - Funny & Sarcastic Typography Design,"""Still Waiting For That Wealth To Trickle Down"" in clean gold-and-black minimalist typography. A statement design for anyone with a sense of humor. Makes a perfect gift to wear or give. Available on tees, hoodies, stickers, mugs, tote bags, posters and more. #humor #typography","funny saying, sarcastic, sarcasm, humor, meme shirt, funny quote, still, waiting, wealth, trickle, down, funny & sarcastic, funny shirt, typography, minimalist, aesthetic, gift idea, trendy design, statement tee, for men, for women",produits/ironique/ir_trickle_down_en__dark.png,produits/ironique/ir_trickle_down_en__light.png
ir_two_sides_en,ironique,humor,Funny & Sarcastic,,en,There Aren't Two Sides To Basic Respect - Funny & Sarcastic Typography Design,"""There Aren't Two Sides To Basic Respect"" in clean gold-and-black minimalist typography. A statement design for anyone with a sense of humor. Makes a perfect gift to wear or give. Available on tees, hoodies, stickers, mugs, tote bags, posters and more. #humor #typography","funny saying, sarcastic, sarcasm, humor, meme shirt, funny quote, there, aren't, sides, basic, respect, funny & sarcastic, funny shirt, typography, minimalist, aesthetic, gift idea, trendy design, statement tee, for men, for women",produits/ironique/ir_two_sides_en__dark.png,produits/ironique/ir_two_sides_en__light.png
ir_villain_origin_en,ironique,humor,Funny & Sarcastic,,en,Talking To You Is My Villain Origin Story - Funny & Sarcastic Typography Design,"""Talking To You Is My Villain Origin Story"" in clean gold-and-black minimalist typography. A statement design for anyone with a sense of humor. Makes a perfect gift to wear or give. Available on tees, hoodies, stickers, mugs, tote bags, posters and more. #humor #typography","funny saying, sarcastic, sarcasm, humor, meme shirt, funny quote, talking, villain, origin, story, funny & sarcastic, funny shirt, typography, minimalist, aesthetic, gift idea, trendy design, statement tee, for men, for women",produits/ironique/ir_villain_origin_en__dark.png,produits/ironique/ir_villain_origin_en__light.png
3dp_98_fail_en,niches,humor,Funny & Sarcastic,3d_printing,en,Failed at 98% We Don't Talk About It - Funny & Sarcastic Typography Design,"""Failed at 98% We Don't Talk About It"" in clean gold-and-black minimalist typography. A statement design for anyone with a sense of humor. Makes a perfect gift to wear or give. Available on tees, hoodies, stickers, mugs, tote bags, posters and more. #humor #typography","funny saying, sarcastic, sarcasm, humor, meme shirt, funny quote, failed, don't, talk, about, 3d printing, funny & sarcastic, funny shirt, typography, minimalist, aesthetic, gift idea, trendy design, statement tee, for men, for women",produits/niches/3dp_98_fail_en__dark.png,produits/niches/3dp_98_fail_en__light.png
3dp_bed_level_en,niches,humor,Funny & Sarcastic,3d_printing,en,Bed Was Level The Print Said Otherwise - Funny & Sarcastic Typography Design,"""Bed Was Level The Print Said Otherwise"" in clean gold-and-black minimalist typography. A statement design for anyone with a sense of humor. Makes a perfect gift to wear or give. Available on tees, hoodies, stickers, mugs, tote bags, posters and more. #humor #typography","funny saying, sarcastic, sarcasm, humor, meme shirt, funny quote, level, print, said, otherwise, 3d printing, funny & sarcastic, funny shirt, typography, minimalist, aesthetic, gift idea, trendy design, statement tee, for men, for women",produits/niches/3dp_bed_level_en__dark.png,produits/niches/3dp_bed_level_en__light.png
3dp_benchy_en,niches,humor,Funny & Sarcastic,3d_printing,en,My Benchy Strung Like a Harp - Funny & Sarcastic Typography Design,"""My Benchy Strung Like a Harp"" in clean gold-and-black minimalist typography. A statement design for anyone with a sense of humor. Makes a perfect gift to wear or give. Available on tees, hoodies, stickers, mugs, tote bags, posters and more. #humor #typography","funny saying, sarcastic, sarcasm, humor, meme shirt, funny quote, benchy, strung, harp, 3d printing, funny & sarcastic, funny shirt, typography, minimalist, aesthetic, gift idea, trendy design, statement tee, for men, for women",produits/niches/3dp_benchy_en__dark.png,produits/niches/3dp_benchy_en__light.png
3dp_filament_en,niches,humor,Funny & Sarcastic,3d_printing,en,I Changed Filament 4 Times for One Print - Funny & Sarcastic Typography Design,"""I Changed Filament 4 Times for One Print"" in clean gold-and-black minimalist typography. A statement design for anyone with a sense of humor. Makes a perfect gift to wear or give. Available on tees, hoodies, stickers, mugs, tote bags, posters and more. #humor #typography","funny saying, sarcastic, sarcasm, humor, meme shirt, funny quote, changed, filament, times, print, 3d printing, funny & sarcastic, funny shirt, typography, minimalist, aesthetic, gift idea, trendy design, statement tee, for men, for women",produits/niches/3dp_filament_en__dark.png,produits/niches/3dp_filament_en__light.png
3dp_nozzle_clog_en,niches,humor,Funny & Sarcastic,3d_printing,en,Nozzle Clogged Right in the Middle. Classic. - Funny & Sarcastic Typography Design,"""Nozzle Clogged Right in the Middle. Classic."" in clean gold-and-black minimalist typography. A statement design for anyone with a sense of humor. Makes a perfect gift to wear or give. Available on tees, hoodies, stickers, mugs, tote bags, posters and more. #humor #typography","funny saying, sarcastic, sarcasm, humor, meme shirt, funny quote, nozzle, clogged, right, middle, classic, 3d printing, funny & sarcastic, funny shirt, typography, minimalist, aesthetic, gift idea, trendy design, statement tee, for men, for women",produits/niches/3dp_nozzle_clog_en__dark.png,produits/niches/3dp_nozzle_clog_en__light.png
3dp_pla_petg_en,niches,humor,Funny & Sarcastic,3d_printing,en,PLA or PETG The Only Question That Matters - Funny & Sarcastic Typography Design,"""PLA or PETG The Only Question That Matters"" in clean gold-and-black minimalist typography. A statement design for anyone with a sense of humor. Makes a perfect gift to wear or give. Available on tees, hoodies, stickers, mugs, tote bags, posters and more. #humor #typography","funny saying, sarcastic, sarcasm, humor, meme shirt, funny quote, petg, question, matters, 3d printing, funny & sarcastic, funny shirt, typography, minimalist, aesthetic, gift idea, trendy design, statement tee, for men, for women",produits/niches/3dp_pla_petg_en__dark.png,produits/niches/3dp_pla_petg_en__light.png
acct_debit_en,niches,humor,Funny & Sarcastic,accountants,en,In Debit We Trust - Funny & Sarcastic Typography Design,"""In Debit We Trust"" in clean gold-and-black minimalist typography. A statement design for anyone with a sense of humor. Makes a perfect gift to wear or give. Available on tees, hoodies, stickers, mugs, tote bags, posters and more. #humor #typography","funny saying, sarcastic, sarcasm, humor, meme shirt, funny quote, debit, trust, accountants, funny & sarcastic, funny shirt, typography, minimalist, aesthetic, gift idea, trendy design, statement tee, for men, for women",produits/niches/acct_debit_en__dark.png,produits/niches/acct_debit_en__light.png
acct_numbers_en,niches,humor,Funny & Sarcastic,accountants,en,I Know Numbers You Fear - Funny & Sarcastic Typography Design,"""I Know Numbers You Fear"" in clean gold-and-black minimalist typography. A statement design for anyone with a sense of humor. Makes a perfect gift to wear or give. Available on tees, hoodies, stickers, mugs, tote bags, posters and more. #humor #typography","funny saying, sarcastic, sarcasm, humor, meme shirt, funny quote, know, numbers, fear, accountants, funny & sarcastic, funny shirt, typography, minimalist, aesthetic, gift idea, trendy design, statement tee, for men, for women",produits/niches/acct_numbers_en__dark.png,produits/niches/acct_numbers_en__light.png
aq_anubias_en,niches,humor,Funny & Sarcastic,aquascaping,en,Anubias on Driftwood Classic for a Reason - Funny & Sarcastic Typography Design,"""Anubias on Driftwood Classic for a Reason"" in clean gold-and-black minimalist typography. A statement design for anyone with a sense of humor. Makes a perfect gift to wear or give. Available on tees, hoodies, stickers, mugs, tote bags, posters and more. #humor #typography","funny saying, sarcastic, sarcasm, humor, meme shirt, funny quote, anubias, driftwood, classic, reason, aquascaping, funny & sarcastic, funny shirt, typography, minimalist, aesthetic, gift idea, trendy design, statement tee, for men, for women",produits/niches/aq_anubias_en__dark.png,produits/niches/aq_anubias_en__light.png
aq_bba_en,niches,humor,Funny & Sarcastic,aquascaping,en,BBA Is My Personal Nemesis - Funny & Sarcastic Typography Design,"""BBA Is My Personal Nemesis"" in clean gold-and-black minimalist typography. A statement design for anyone with a sense of humor. Makes a perfect gift to wear or give. Available on tees, hoodies, stickers, mugs, tote bags, posters and more. #humor #typography","funny saying, sarcastic, sarcasm, humor, meme shirt, funny quote, personal, nemesis, aquascaping, funny & sarcastic, funny shirt, typography, minimalist, aesthetic, gift idea, trendy design, statement tee, for men, for women",produits/niches/aq_bba_en__dark.png,produits/niches/aq_bba_en__light.png
aq_dutch_en,niches,humor,Funny & Sarcastic,aquascaping,en,Dutch Style No Half Measures - Funny & Sarcastic Typography Design,"""Dutch Style No Half Measures"" in clean gold-and-black minimalist typography. A statement design for anyone with a sense of humor. Makes a perfect gift to wear or give. Available on tees, hoodies, stickers, mugs, tote bags, posters and more. #humor #typography","funny saying, sarcastic, sarcasm, humor, meme shirt, funny quote, dutch, style, half, measures, aquascaping, funny & sarcastic, funny shirt, typography, minimalist, aesthetic, gift idea, trendy design, statement tee, for men, for women",produits/niches/aq_dutch_en__dark.png,produits/niches/aq_dutch_en__light.png
aq_ei_dosing_en,niches,humor,Funny & Sarcastic,aquascaping,en,EI Dosing & Trusting the Process - Funny & Sarcastic Typography Design,"""EI Dosing & Trusting the Process"" in clean gold-and-black minimalist typography. A statement design for anyone with a sense of humor. Makes a perfect gift to wear or give. Available on tees, hoodies, stickers, mugs, tote bags, posters and more. #humor #typography","funny saying, sarcastic, sarcasm, humor, meme shirt, funny quote, dosing, trusting, process, aquascaping, funny & sarcastic, funny shirt, typography, minimalist, aesthetic, gift idea, trendy design, statement tee, for men, for women",produits/niches/aq_ei_dosing_en__dark.png,produits/niches/aq_ei_dosing_en__light.png
aq_hardscape_en,niches,humor,Funny & Sarcastic,aquascaping,en,My Hardscape Has Better Composition Than My Life - Funny & Sarcastic Typography Design,"""My Hardscape Has Better Composition Than My Life"" in clean gold-and-black minimalist typography. A statement design for anyone with a sense of humor. Makes a perfect gift to wear or give. Available on tees, hoodies, stickers, mugs, tote bags, posters and more. #humor #typography","funny saying, sarcastic, sarcasm, humor, meme shirt, funny quote, hardscape, better, composition, than, life, aquascaping, funny & sarcastic, funny shirt, typography, minimalist, aesthetic, gift idea, trendy design, statement tee, for men, for women",produits/niches/aq_hardscape_en__dark.png,produits/niches/aq_hardscape_en__light.png
aq_trim_saturday_en,niches,humor,Funny & Sarcastic,aquascaping,en,I Trim Every Saturday Non-Negotiable - Funny & Sarcastic Typography Design,"""I Trim Every Saturday Non-Negotiable"" in clean gold-and-black minimalist typography. A statement design for anyone with a sense of humor. Makes a perfect gift to wear or give. Available on tees, hoodies, stickers, mugs, tote bags, posters and more. #humor #typography","funny saying, sarcastic, sarcasm, humor, meme shirt, funny quote, trim, every, saturday, negotiable, aquascaping, funny & sarcastic, funny shirt, typography, minimalist, aesthetic, gift idea, trendy design, statement tee, for men, for women",produits/niches/aq_trim_saturday_en__dark.png,produits/niches/aq_trim_saturday_en__light.png
astro_just_a_girl_en,niches,humor,Funny & Sarcastic,astronomy,en,Just a Girl Who Loves Stars - Funny & Sarcastic Typography Design,"""Just a Girl Who Loves Stars"" in clean gold-and-black minimalist typography. A statement design for anyone with a sense of humor. Makes a perfect gift to wear or give. Available on tees, hoodies, stickers, mugs, tote bags, posters and more. #humor #typography","funny saying, sarcastic, sarcasm, humor, meme shirt, funny quote, girl, loves, stars, astronomy, funny & sarcastic, funny shirt, typography, minimalist, aesthetic, gift idea, trendy design, statement tee, for men, for women",produits/niches/astro_just_a_girl_en__dark.png,produits/niches/astro_just_a_girl_en__light.png
astro_keep_looking_up_en,niches,humor,Funny & Sarcastic,astronomy,en,Keep Looking Up - Funny & Sarcastic Typography Design,"""Keep Looking Up"" in clean gold-and-black minimalist typography. A statement design for anyone with a sense of humor. Makes a perfect gift to wear or give. Available on tees, hoodies, stickers, mugs, tote bags, posters and more. #humor #typography","funny saying, sarcastic, sarcasm, humor, meme shirt, funny quote, keep, looking, astronomy, funny & sarcastic, funny shirt, typography, minimalist, aesthetic, gift idea, trendy design, statement tee, for men, for women",produits/niches/astro_keep_looking_up_en__dark.png,produits/niches/astro_keep_looking_up_en__light.png
astro_more_space_en,niches,humor,Funny & Sarcastic,astronomy,en,I Need More Space - Funny & Sarcastic Typography Design,"""I Need More Space"" in clean gold-and-black minimalist typography. A statement design for anyone with a sense of humor. Makes a perfect gift to wear or give. Available on tees, hoodies, stickers, mugs, tote bags, posters and more. #humor #typography","funny saying, sarcastic, sarcasm, humor, meme shirt, funny quote, need, more, space, astronomy, funny & sarcastic, funny shirt, typography, minimalist, aesthetic, gift idea, trendy design, statement tee, for men, for women",produits/niches/astro_more_space_en__dark.png,produits/niches/astro_more_space_en__light.png
astro_night_owl_en,niches,humor,Funny & Sarcastic,astronomy,en,Stargazer Night Owl - Funny & Sarcastic Typography Design,"""Stargazer Night Owl"" in clean gold-and-black minimalist typography. A statement design for anyone with a sense of humor. Makes a perfect gift to wear or give. Available on tees, hoodies, stickers, mugs, tote bags, posters and more. #humor #typography","funny saying, sarcastic, sarcasm, humor, meme shirt, funny quote, stargazer, night, astronomy, funny & sarcastic, funny shirt, typography, minimalist, aesthetic, gift idea, trendy design, statement tee, for men, for women",produits/niches/astro_night_owl_en__dark.png,produits/niches/astro_night_owl_en__light.png
axe_bullseye_en,niches,humor,Funny & Sarcastic,axe_throwing,en,Bullseye or Nothing - Funny & Sarcastic Typography Design,"""Bullseye or Nothing"" in clean gold-and-black minimalist typography. A statement design for anyone with a sense of humor. Makes a perfect gift to wear or give. Available on tees, hoodies, stickers, mugs, tote bags, posters and more. #humor #typography","funny saying, sarcastic, sarcasm, humor, meme shirt, funny quote, bullseye, nothing, axe throwing, funny & sarcastic, funny shirt, typography, minimalist, aesthetic, gift idea, trendy design, statement tee, for men, for women",produits/niches/axe_bullseye_en__dark.png,produits/niches/axe_bullseye_en__light.png
axe_stress_relief_en,niches,humor,Funny & Sarcastic,axe_throwing,en,Stress Relief Comes in Sharp - Funny & Sarcastic Typography Design,"""Stress Relief Comes in Sharp"" in clean gold-and-black minimalist typography. A statement design for anyone with a sense of humor. Makes a perfect gift to wear or give. Available on tees, hoodies, stickers, mugs, tote bags, posters and more. #humor #typography","funny saying, sarcastic, sarcasm, humor, meme shirt, funny quote, stress, relief, comes, sharp, axe throwing, funny & sarcastic, funny shirt, typography, minimalist, aesthetic, gift idea, trendy design, statement tee, for men, for women",produits/niches/axe_stress_relief_en__dark.png,produits/niches/axe_stress_relief_en__light.png
axe_therapy_en,niches,humor,Funny & Sarcastic,axe_throwing,en,Axe Throwing Therapy - Funny & Sarcastic Typography Design,"""Axe Throwing Therapy"" in clean gold-and-black minimalist typography. A statement design for anyone with a sense of humor. Makes a perfect gift to wear or give. Available on tees, hoodies, stickers, mugs, tote bags, posters and more. #humor #typography","funny saying, sarcastic, sarcasm, humor, meme shirt, funny quote, throwing, therapy, axe throwing, funny & sarcastic, funny shirt, typography, minimalist, aesthetic, gift idea, trendy design, statement tee, for men, for women",produits/niches/axe_therapy_en__dark.png,produits/niches/axe_therapy_en__light.png
axe_whats_your_hobby_en,niches,humor,Funny & Sarcastic,axe_throwing,en,I Throw Axes What's Your Hobby? - Funny & Sarcastic Typography Design,"""I Throw Axes What's Your Hobby?"" in clean gold-and-black minimalist typography. A statement design for anyone with a sense of humor. Makes a perfect gift to wear or give. Available on tees, hoodies, stickers, mugs, tote bags, posters and more. #humor #typography","funny saying, sarcastic, sarcasm, humor, meme shirt, funny quote, throw, axes, what's, hobby, axe throwing, funny & sarcastic, funny shirt, typography, minimalist, aesthetic, gift idea, trendy design, statement tee, for men, for women",produits/niches/axe_whats_your_hobby_en__dark.png,produits/niches/axe_whats_your_hobby_en__light.png
bake_better_place_en,niches,humor,Funny & Sarcastic,pastry,en,Bake the World a Better Place - Funny & Sarcastic Typography Design,"""Bake the World a Better Place"" in clean gold-and-black minimalist typography. A statement design for anyone with a sense of humor. Makes a perfect gift to wear or give. Available on tees, hoodies, stickers, mugs, tote bags, posters and more. #humor #typography","funny saying, sarcastic, sarcasm, humor, meme shirt, funny quote, bake, world, better, place, pastry, funny & sarcastic, funny shirt, typography, minimalist, aesthetic, gift idea, trendy design, statement tee, for men, for women",produits/niches/bake_better_place_en__dark.png,produits/niches/bake_better_place_en__light.png
bake_butter_trust_en,niches,humor,Funny & Sarcastic,pastry,en,In Butter We Trust - Funny & Sarcastic Typography Design,"""In Butter We Trust"" in clean gold-and-black minimalist typography. A statement design for anyone with a sense of humor. Makes a perfect gift to wear or give. Available on tees, hoodies, stickers, mugs, tote bags, posters and more. #humor #typography","funny saying, sarcastic, sarcasm, humor, meme shirt, funny quote, butter, trust, pastry, funny & sarcastic, funny shirt, typography, minimalist, aesthetic, gift idea, trendy design, statement tee, for men, for women",produits/niches/bake_butter_trust_en__dark.png,produits/niches/bake_butter_trust_en__light.png
bake_messy_kitchen_en,niches,humor,Funny & Sarcastic,pastry,en,Messy Kitchen Delicious Results - Funny & Sarcastic Typography Design,"""Messy Kitchen Delicious Results"" in clean gold-and-black minimalist typography. A statement design for anyone with a sense of humor. Makes a perfect gift to wear or give. Available on tees, hoodies, stickers, mugs, tote bags, posters and more. #humor #typography","funny saying, sarcastic, sarcasm, humor, meme shirt, funny quote, messy, kitchen, delicious, results, pastry, funny & sarcastic, funny shirt, typography, minimalist, aesthetic, gift idea, trendy design, statement tee, for men, for women",produits/niches/bake_messy_kitchen_en__dark.png,produits/niches/bake_messy_kitchen_en__light.png
bake_whisked_en,niches,humor,Funny & Sarcastic,pastry,en,Whisked & Ready - Funny & Sarcastic Typography Design,"""Whisked & Ready"" in clean gold-and-black minimalist typography. A statement design for anyone with a sense of humor. Makes a perfect gift to wear or give. Available on tees, hoodies, stickers, mugs, tote bags, posters and more. #humor #typography","funny saying, sarcastic, sarcasm, humor, meme shirt, funny quote, whisked, ready, pastry, funny & sarcastic, funny shirt, typography, minimalist, aesthetic, gift idea, trendy design, statement tee, for men, for women",produits/niches/bake_whisked_en__dark.png,produits/niches/bake_whisked_en__light.png
barb_fades_cheap_en,niches,humor,Funny & Sarcastic,barbers,en,Talk Is Cheap Good Fades Aren't - Funny & Sarcastic Typography Design,"""Talk Is Cheap Good Fades Aren't"" in clean gold-and-black minimalist typography. A statement design for anyone with a sense of humor. Makes a perfect gift to wear or give. Available on tees, hoodies, stickers, mugs, tote bags, posters and more. #humor #typography","funny saying, sarcastic, sarcasm, humor, meme shirt, funny quote, talk, cheap, good, fades, aren't, barbers, funny & sarcastic, funny shirt, typography, minimalist, aesthetic, gift idea, trendy design, statement tee, for men, for women",produits/niches/barb_fades_cheap_en__dark.png,produits/niches/barb_fades_cheap_en__light.png
barb_life_en,niches,humor,Funny & Sarcastic,barbers,en,Barber Life - Funny & Sarcastic Typography Design,"""Barber Life"" in clean gold-and-black minimalist typography. A statement design for anyone with a sense of humor. Makes a perfect gift to wear or give. Available on tees, hoodies, stickers, mugs, tote bags, posters and more. #humor #typography","funny saying, sarcastic, sarcasm, humor, meme shirt, funny quote, barber, life, barbers, funny & sarcastic, funny shirt, typography, minimalist, aesthetic, gift idea, trendy design, statement tee, for men, for women",produits/niches/barb_life_en__dark.png,produits/niches/barb_life_en__light.png
barb_sharp_fades_en,niches,humor,Funny & Sarcastic,barbers,en,Sharp Fades Sharp Minds - Funny & Sarcastic Typography Design,"""Sharp Fades Sharp Minds"" in clean gold-and-black minimalist typography. A statement design for anyone with a sense of humor. Makes a perfect gift to wear or give. Available on tees, hoodies, stickers, mugs, tote bags, posters and more. #humor #typography","funny saying, sarcastic, sarcasm, humor, meme shirt, funny quote, sharp, fades, minds, barbers, funny & sarcastic, funny shirt, typography, minimalist, aesthetic, gift idea, trendy design, statement tee, for men, for women",produits/niches/barb_sharp_fades_en__dark.png,produits/niches/barb_sharp_fades_en__light.png
bbq_grill_sergeant_en,niches,humor,Funny & Sarcastic,bbq,en,Grill Sergeant - Funny & Sarcastic Typography Design,"""Grill Sergeant"" in clean gold-and-black minimalist typography. A statement design for anyone with a sense of humor. Makes a perfect gift to wear or give. Available on tees, hoodies, stickers, mugs, tote bags, posters and more. #humor #typography","funny saying, sarcastic, sarcasm, humor, meme shirt, funny quote, grill, sergeant, bbq, funny & sarcastic, funny shirt, typography, minimalist, aesthetic, gift idea, trendy design, statement tee, for men, for women",produits/niches/bbq_grill_sergeant_en__dark.png,produits/niches/bbq_grill_sergeant_en__light.png
bbq_low_slow_en,niches,humor,Funny & Sarcastic,bbq,en,Low & Slow - Funny & Sarcastic Typography Design,"""Low & Slow"" in clean gold-and-black minimalist typography. A statement design for anyone with a sense of humor. Makes a perfect gift to wear or give. Available on tees, hoodies, stickers, mugs, tote bags, posters and more. #humor #typography","funny saying, sarcastic, sarcasm, humor, meme shirt, funny quote, slow, bbq, funny & sarcastic, funny shirt, typography, minimalist, aesthetic, gift idea, trendy design, statement tee, for men, for women",produits/niches/bbq_low_slow_en__dark.png,produits/niches/bbq_low_slow_en__light.png
bbq_rub_my_meat_en,niches,humor,Funny & Sarcastic,bbq,en,I Rub My Meat Then Smoke It - Funny & Sarcastic Typography Design,"""I Rub My Meat Then Smoke It"" in clean gold-and-black minimalist typography. A statement design for anyone with a sense of humor. Makes a perfect gift to wear or give. Available on tees, hoodies, stickers, mugs, tote bags, posters and more. #humor #typography","funny saying, sarcastic, sarcasm, humor, meme shirt, funny quote, meat, then, smoke, bbq, funny & sarcastic, funny shirt, typography, minimalist, aesthetic, gift idea, trendy design, statement tee, for men, for women",produits/niches/bbq_rub_my_meat_en__dark.png,produits/niches/bbq_rub_my_meat_en__light.png
bbq_smoke_everything_en,niches,humor,Funny & Sarcastic,bbq,en,Smoke Everything - Funny & Sarcastic Typography Design,"""Smoke Everything"" in clean gold-and-black minimalist typography. A statement design for anyone with a sense of humor. Makes a perfect gift to wear or give. Available on tees, hoodies, stickers, mugs, tote bags, posters and more. #humor #typography","funny saying, sarcastic, sarcasm, humor, meme shirt, funny quote, smoke, everything, bbq, funny & sarcastic, funny shirt, typography, minimalist, aesthetic, gift idea, trendy design, statement tee, for men, for women",produits/niches/bbq_smoke_everything_en__dark.png,produits/niches/bbq_smoke_everything_en__light.png
bc_adopt_en,niches,humor,Funny & Sarcastic,black_cats,en,Black Cats Adopt Last Mine Adopted Me First - Funny & Sarcastic Typography Design,"""Black Cats Adopt Last Mine Adopted Me First"" in clean gold-and-black minimalist typography. A statement design for anyone with a sense of humor. Makes a perfect gift to wear or give. Available on tees, hoodies, stickers, mugs, tote bags, posters and more. #humor #typography","funny saying, sarcastic, sarcasm, humor, meme shirt, funny quote, black, cats, adopt, last, mine, black cats, funny & sarcastic, funny shirt, typography, minimalist, aesthetic, gift idea, trendy design, statement tee, for men, for women",produits/niches/bc_adopt_en__dark.png,produits/niches/bc_adopt_en__light.png
bc_brain_en,niches,humor,Funny & Sarcastic,border_collie,en,Border Collie Brain at 6am. Not Ready. - Funny & Sarcastic Typography Design,"""Border Collie Brain at 6am. Not Ready."" in clean gold-and-black minimalist typography. A statement design for anyone with a sense of humor. Makes a perfect gift to wear or give. Available on tees, hoodies, stickers, mugs, tote bags, posters and more. #humor #typography","funny saying, sarcastic, sarcasm, humor, meme shirt, funny quote, border, collie, brain, ready, border collie, funny & sarcastic, funny shirt, typography, minimalist, aesthetic, gift idea, trendy design, statement tee, for men, for women",produits/niches/bc_brain_en__dark.png,produits/niches/bc_brain_en__light.png
bc_eye_en,niches,humor,Funny & Sarcastic,border_collie,en,The Eye Is Not Aggression Educate Yourselves - Funny & Sarcastic Typography Design,"""The Eye Is Not Aggression Educate Yourselves"" in clean gold-and-black minimalist typography. A statement design for anyone with a sense of humor. Makes a perfect gift to wear or give. Available on tees, hoodies, stickers, mugs, tote bags, posters and more. #humor #typography","funny saying, sarcastic, sarcasm, humor, meme shirt, funny quote, aggression, educate, yourselves, border collie, funny & sarcastic, funny shirt, typography, minimalist, aesthetic, gift idea, trendy design, statement tee, for men, for women",produits/niches/bc_eye_en__dark.png,produits/niches/bc_eye_en__light.png
bc_herds_en,niches,humor,Funny & Sarcastic,border_collie,en,My Collie Herds Children at the Park. I Apologize. - Funny & Sarcastic Typography Design,"""My Collie Herds Children at the Park. I Apologize."" in clean gold-and-black minimalist typography. A statement design for anyone with a sense of humor. Makes a perfect gift to wear or give. Available on tees, hoodies, stickers, mugs, tote bags, posters and more. #humor #typography","funny saying, sarcastic, sarcasm, humor, meme shirt, funny quote, collie, herds, children, park, apologize, border collie, funny & sarcastic, funny shirt, typography, minimalist, aesthetic, gift idea, trendy design, statement tee, for men, for women",produits/niches/bc_herds_en__dark.png,produits/niches/bc_herds_en__light.png
bc_panther_en,niches,humor,Funny & Sarcastic,black_cats,en,House Panther Unapologetically - Funny & Sarcastic Typography Design,"""House Panther Unapologetically"" in clean gold-and-black minimalist typography. A statement design for anyone with a sense of humor. Makes a perfect gift to wear or give. Available on tees, hoodies, stickers, mugs, tote bags, posters and more. #humor #typography","funny saying, sarcastic, sarcasm, humor, meme shirt, funny quote, house, panther, unapologetically, black cats, funny & sarcastic, funny shirt, typography, minimalist, aesthetic, gift idea, trendy design, statement tee, for men, for women",produits/niches/bc_panther_en__dark.png,produits/niches/bc_panther_en__light.png
bc_shadow_en,niches,humor,Funny & Sarcastic,black_cats,en,I Find Her by Blinking in the Dark - Funny & Sarcastic Typography Design,"""I Find Her by Blinking in the Dark"" in clean gold-and-black minimalist typography. A statement design for anyone with a sense of humor. Makes a perfect gift to wear or give. Available on tees, hoodies, stickers, mugs, tote bags, posters and more. #humor #typography","funny saying, sarcastic, sarcasm, humor, meme shirt, funny quote, find, blinking, dark, black cats, funny & sarcastic, funny shirt, typography, minimalist, aesthetic, gift idea, trendy design, statement tee, for men, for women",produits/niches/bc_shadow_en__dark.png,produits/niches/bc_shadow_en__light.png
bc_smarter_en,niches,humor,Funny & Sarcastic,border_collie,en,My Border Collie Is Smarter Than Both of Us - Funny & Sarcastic Typography Design,"""My Border Collie Is Smarter Than Both of Us"" in clean gold-and-black minimalist typography. A statement design for anyone with a sense of humor. Makes a perfect gift to wear or give. Available on tees, hoodies, stickers, mugs, tote bags, posters and more. #humor #typography","funny saying, sarcastic, sarcasm, humor, meme shirt, funny quote, border, collie, smarter, than, both, border collie, funny & sarcastic, funny shirt, typography, minimalist, aesthetic, gift idea, trendy design, statement tee, for men, for women",produits/niches/bc_smarter_en__dark.png,produits/niches/bc_smarter_en__light.png
bc_zoomies_en,niches,humor,Funny & Sarcastic,border_collie,en,The Zoomies Hit There's Nothing I Can Do - Funny & Sarcastic Typography Design,"""The Zoomies Hit There's Nothing I Can Do"" in clean gold-and-black minimalist typography. A statement design for anyone with a sense of humor. Makes a perfect gift to wear or give. Available on tees, hoodies, stickers, mugs, tote bags, posters and more. #humor #typography","funny saying, sarcastic, sarcasm, humor, meme shirt, funny quote, zoomies, there's, nothing, border collie, funny & sarcastic, funny shirt, typography, minimalist, aesthetic, gift idea, trendy design, statement tee, for men, for women",produits/niches/bc_zoomies_en__dark.png,produits/niches/bc_zoomies_en__light.png
brew_dry_hop_en,niches,humor,Funny & Sarcastic,home_brewing,en,Dry-Hopped at Day 4 Science. - Funny & Sarcastic Typography Design,"""Dry-Hopped at Day 4 Science."" in clean gold-and-black minimalist typography. A statement design for anyone with a sense of humor. Makes a perfect gift to wear or give. Available on tees, hoodies, stickers, mugs, tote bags, posters and more. #humor #typography","funny saying, sarcastic, sarcasm, humor, meme shirt, funny quote, hopped, science, home brewing, funny & sarcastic, funny shirt, typography, minimalist, aesthetic, gift idea, trendy design, statement tee, for men, for women",produits/niches/brew_dry_hop_en__dark.png,produits/niches/brew_dry_hop_en__light.png
brew_ibus_en,niches,humor,Funny & Sarcastic,home_brewing,en,I Know My IBUs by Heart - Funny & Sarcastic Typography Design,"""I Know My IBUs by Heart"" in clean gold-and-black minimalist typography. A statement design for anyone with a sense of humor. Makes a perfect gift to wear or give. Available on tees, hoodies, stickers, mugs, tote bags, posters and more. #humor #typography","funny saying, sarcastic, sarcasm, humor, meme shirt, funny quote, know, ibus, heart, home brewing, funny & sarcastic, funny shirt, typography, minimalist, aesthetic, gift idea, trendy design, statement tee, for men, for women",produits/niches/brew_ibus_en__dark.png,produits/niches/brew_ibus_en__light.png
brew_lhbs_en,niches,humor,Funny & Sarcastic,home_brewing,en,LHBS Closed? Crisis Mode. - Funny & Sarcastic Typography Design,"""LHBS Closed? Crisis Mode."" in clean gold-and-black minimalist typography. A statement design for anyone with a sense of humor. Makes a perfect gift to wear or give. Available on tees, hoodies, stickers, mugs, tote bags, posters and more. #humor #typography","funny saying, sarcastic, sarcasm, humor, meme shirt, funny quote, lhbs, closed, crisis, mode, home brewing, funny & sarcastic, funny shirt, typography, minimalist, aesthetic, gift idea, trendy design, statement tee, for men, for women",produits/niches/brew_lhbs_en__dark.png,produits/niches/brew_lhbs_en__light.png
brew_mash_temp_en,niches,humor,Funny & Sarcastic,home_brewing,en,Mash Temp Held 67°C. Perfect. - Funny & Sarcastic Typography Design,"""Mash Temp Held 67°C. Perfect."" in clean gold-and-black minimalist typography. A statement design for anyone with a sense of humor. Makes a perfect gift to wear or give. Available on tees, hoodies, stickers, mugs, tote bags, posters and more. #humor #typography","funny saying, sarcastic, sarcasm, humor, meme shirt, funny quote, mash, temp, held, perfect, home brewing, funny & sarcastic, funny shirt, typography, minimalist, aesthetic, gift idea, trendy design, statement tee, for men, for women",produits/niches/brew_mash_temp_en__dark.png,produits/niches/brew_mash_temp_en__light.png
brew_og_en,niches,humor,Funny & Sarcastic,home_brewing,en,My OG Was 1.065 Proud of It - Funny & Sarcastic Typography Design,"""My OG Was 1.065 Proud of It"" in clean gold-and-black minimalist typography. A statement design for anyone with a sense of humor. Makes a perfect gift to wear or give. Available on tees, hoodies, stickers, mugs, tote bags, posters and more. #humor #typography","funny saying, sarcastic, sarcasm, humor, meme shirt, funny quote, proud, home brewing, funny & sarcastic, funny shirt, typography, minimalist, aesthetic, gift idea, trendy design, statement tee, for men, for women",produits/niches/brew_og_en__dark.png,produits/niches/brew_og_en__light.png
brew_trub_en,niches,humor,Funny & Sarcastic,home_brewing,en,Trub in the Fermenter Trust the Process - Funny & Sarcastic Typography Design,"""Trub in the Fermenter Trust the Process"" in clean gold-and-black minimalist typography. A statement design for anyone with a sense of humor. Makes a perfect gift to wear or give. Available on tees, hoodies, stickers, mugs, tote bags, posters and more. #humor #typography","funny saying, sarcastic, sarcasm, humor, meme shirt, funny quote, trub, fermenter, trust, process, home brewing, funny & sarcastic, funny shirt, typography, minimalist, aesthetic, gift idea, trendy design, statement tee, for men, for women",produits/niches/brew_trub_en__dark.png,produits/niches/brew_trub_en__light.png
bw_bins_en,niches,humor,Funny & Sarcastic,birdwatching,en,My Bins Cost More Than My Phone - Funny & Sarcastic Typography Design,"""My Bins Cost More Than My Phone"" in clean gold-and-black minimalist typography. A statement design for anyone with a sense of humor. Makes a perfect gift to wear or give. Available on tees, hoodies, stickers, mugs, tote bags, posters and more. #humor #typography","funny saying, sarcastic, sarcasm, humor, meme shirt, funny quote, bins, cost, more, than, phone, birdwatching, funny & sarcastic, funny shirt, typography, minimalist, aesthetic, gift idea, trendy design, statement tee, for men, for women",produits/niches/bw_bins_en__dark.png,produits/niches/bw_bins_en__light.png
bw_lifer_en,niches,humor,Funny & Sarcastic,birdwatching,en,Lifer at Last 299 Species & Counting - Funny & Sarcastic Typography Design,"""Lifer at Last 299 Species & Counting"" in clean gold-and-black minimalist typography. A statement design for anyone with a sense of humor. Makes a perfect gift to wear or give. Available on tees, hoodies, stickers, mugs, tote bags, posters and more. #humor #typography","funny saying, sarcastic, sarcasm, humor, meme shirt, funny quote, lifer, last, species, counting, birdwatching, funny & sarcastic, funny shirt, typography, minimalist, aesthetic, gift idea, trendy design, statement tee, for men, for women",produits/niches/bw_lifer_en__dark.png,produits/niches/bw_lifer_en__light.png
bw_pish_en,niches,humor,Funny & Sarcastic,birdwatching,en,I Pish in Public & I'm Not Ashamed - Funny & Sarcastic Typography Design,"""I Pish in Public & I'm Not Ashamed"" in clean gold-and-black minimalist typography. A statement design for anyone with a sense of humor. Makes a perfect gift to wear or give. Available on tees, hoodies, stickers, mugs, tote bags, posters and more. #humor #typography","funny saying, sarcastic, sarcasm, humor, meme shirt, funny quote, pish, public, ashamed, birdwatching, funny & sarcastic, funny shirt, typography, minimalist, aesthetic, gift idea, trendy design, statement tee, for men, for women",produits/niches/bw_pish_en__dark.png,produits/niches/bw_pish_en__light.png
candle_lit_en,niches,humor,Funny & Sarcastic,candle_making,en,Totally Lit - Funny & Sarcastic Typography Design,"""Totally Lit"" in clean gold-and-black minimalist typography. A statement design for anyone with a sense of humor. Makes a perfect gift to wear or give. Available on tees, hoodies, stickers, mugs, tote bags, posters and more. #humor #typography","funny saying, sarcastic, sarcasm, humor, meme shirt, funny quote, totally, candle making, funny & sarcastic, funny shirt, typography, minimalist, aesthetic, gift idea, trendy design, statement tee, for men, for women",produits/niches/candle_lit_en__dark.png,produits/niches/candle_lit_en__light.png
candle_wax_on_en,niches,humor,Funny & Sarcastic,candle_making,en,Wax On Worry Off - Funny & Sarcastic Typography Design,"""Wax On Worry Off"" in clean gold-and-black minimalist typography. A statement design for anyone with a sense of humor. Makes a perfect gift to wear or give. Available on tees, hoodies, stickers, mugs, tote bags, posters and more. #humor #typography","funny saying, sarcastic, sarcasm, humor, meme shirt, funny quote, worry, candle making, funny & sarcastic, funny shirt, typography, minimalist, aesthetic, gift idea, trendy design, statement tee, for men, for women",produits/niches/candle_wax_on_en__dark.png,produits/niches/candle_wax_on_en__light.png
candle_wickedly_crafty_en,niches,humor,Funny & Sarcastic,candle_making,en,Wickedly Crafty - Funny & Sarcastic Typography Design,"""Wickedly Crafty"" in clean gold-and-black minimalist typography. A statement design for anyone with a sense of humor. Makes a perfect gift to wear or give. Available on tees, hoodies, stickers, mugs, tote bags, posters and more. #humor #typography","funny saying, sarcastic, sarcasm, humor, meme shirt, funny quote, wickedly, crafty, candle making, funny & sarcastic, funny shirt, typography, minimalist, aesthetic, gift idea, trendy design, statement tee, for men, for women",produits/niches/candle_wickedly_crafty_en__dark.png,produits/niches/candle_wickedly_crafty_en__light.png
chi_fawn_or_merle_en,niches,humor,Funny & Sarcastic,chihuahua,en,"Fawn, Merle, Blue? She's Trouble. That's the Color. - Funny & Sarcastic Typography Design","""Fawn, Merle, Blue? She's Trouble. That's the Color."" in clean gold-and-black minimalist typography. A statement design for anyone with a sense of humor. Makes a perfect gift to wear or give. Available on tees, hoodies, stickers, mugs, tote bags, posters and more. #humor #typography","funny saying, sarcastic, sarcasm, humor, meme shirt, funny quote, fawn, merle, blue, she's, trouble, chihuahua, funny & sarcastic, funny shirt, typography, minimalist, aesthetic, gift idea, trendy design, statement tee, for men, for women",produits/niches/chi_fawn_or_merle_en__dark.png,produits/niches/chi_fawn_or_merle_en__light.png
chi_pda_en,niches,humor,Funny & Sarcastic,chihuahua,en,My Chihuahua Has PDA Permanent Diva Attitude - Funny & Sarcastic Typography Design,"""My Chihuahua Has PDA Permanent Diva Attitude"" in clean gold-and-black minimalist typography. A statement design for anyone with a sense of humor. Makes a perfect gift to wear or give. Available on tees, hoodies, stickers, mugs, tote bags, posters and more. #humor #typography","funny saying, sarcastic, sarcasm, humor, meme shirt, funny quote, chihuahua, permanent, diva, attitude, funny & sarcastic, funny shirt, typography, minimalist, aesthetic, gift idea, trendy design, statement tee, for men, for women",produits/niches/chi_pda_en__dark.png,produits/niches/chi_pda_en__light.png
chi_tiny_rage_en,niches,humor,Funny & Sarcastic,chihuahua,en,Pocket-Sized Rage & I Love Her - Funny & Sarcastic Typography Design,"""Pocket-Sized Rage & I Love Her"" in clean gold-and-black minimalist typography. A statement design for anyone with a sense of humor. Makes a perfect gift to wear or give. Available on tees, hoodies, stickers, mugs, tote bags, posters and more. #humor #typography","funny saying, sarcastic, sarcasm, humor, meme shirt, funny quote, pocket, sized, rage, love, chihuahua, funny & sarcastic, funny shirt, typography, minimalist, aesthetic, gift idea, trendy design, statement tee, for men, for women",produits/niches/chi_tiny_rage_en__dark.png,produits/niches/chi_tiny_rage_en__light.png
chi_trembling_en,niches,humor,Funny & Sarcastic,chihuahua,en,She's Not Cold That's Just Her Personality - Funny & Sarcastic Typography Design,"""She's Not Cold That's Just Her Personality"" in clean gold-and-black minimalist typography. A statement design for anyone with a sense of humor. Makes a perfect gift to wear or give. Available on tees, hoodies, stickers, mugs, tote bags, posters and more. #humor #typography","funny saying, sarcastic, sarcasm, humor, meme shirt, funny quote, she's, cold, that's, personality, chihuahua, funny & sarcastic, funny shirt, typography, minimalist, aesthetic, gift idea, trendy design, statement tee, for men, for women",produits/niches/chi_trembling_en__dark.png,produits/niches/chi_trembling_en__light.png
chk_3am_en,niches,humor,Funny & Sarcastic,chickens,en,My Rooster Goes Off at 3am. Every Day. - Funny & Sarcastic Typography Design,"""My Rooster Goes Off at 3am. Every Day."" in clean gold-and-black minimalist typography. A statement design for anyone with a sense of humor. Makes a perfect gift to wear or give. Available on tees, hoodies, stickers, mugs, tote bags, posters and more. #humor #typography","funny saying, sarcastic, sarcasm, humor, meme shirt, funny quote, rooster, goes, every, chickens, funny & sarcastic, funny shirt, typography, minimalist, aesthetic, gift idea, trendy design, statement tee, for men, for women",produits/niches/chk_3am_en__dark.png,produits/niches/chk_3am_en__light.png
chk_molt_en,niches,humor,Funny & Sarcastic,chickens,en,"Molting Season Zero Eggs, Maximum Panic - Funny & Sarcastic Typography Design","""Molting Season Zero Eggs, Maximum Panic"" in clean gold-and-black minimalist typography. A statement design for anyone with a sense of humor. Makes a perfect gift to wear or give. Available on tees, hoodies, stickers, mugs, tote bags, posters and more. #humor #typography","funny saying, sarcastic, sarcasm, humor, meme shirt, funny quote, molting, season, zero, eggs, maximum, chickens, funny & sarcastic, funny shirt, typography, minimalist, aesthetic, gift idea, trendy design, statement tee, for men, for women",produits/niches/chk_molt_en__dark.png,produits/niches/chk_molt_en__light.png
chk_pecking_en,niches,humor,Funny & Sarcastic,chickens,en,Pecking Order I'm at the Bottom - Funny & Sarcastic Typography Design,"""Pecking Order I'm at the Bottom"" in clean gold-and-black minimalist typography. A statement design for anyone with a sense of humor. Makes a perfect gift to wear or give. Available on tees, hoodies, stickers, mugs, tote bags, posters and more. #humor #typography","funny saying, sarcastic, sarcasm, humor, meme shirt, funny quote, pecking, order, bottom, chickens, funny & sarcastic, funny shirt, typography, minimalist, aesthetic, gift idea, trendy design, statement tee, for men, for women",produits/niches/chk_pecking_en__dark.png,produits/niches/chk_pecking_en__light.png
chk_roo_en,niches,humor,Funny & Sarcastic,chickens,en,"Straight Run: Expected Hens, Got Roosters - Funny & Sarcastic Typography Design","""Straight Run: Expected Hens, Got Roosters"" in clean gold-and-black minimalist typography. A statement design for anyone with a sense of humor. Makes a perfect gift to wear or give. Available on tees, hoodies, stickers, mugs, tote bags, posters and more. #humor #typography","funny saying, sarcastic, sarcasm, humor, meme shirt, funny quote, straight, expected, hens, roosters, chickens, funny & sarcastic, funny shirt, typography, minimalist, aesthetic, gift idea, trendy design, statement tee, for men, for women",produits/niches/chk_roo_en__dark.png,produits/niches/chk_roo_en__light.png
chk_silkie_en,niches,humor,Funny & Sarcastic,chickens,en,Silkie Keeper They're Basically Cats - Funny & Sarcastic Typography Design,"""Silkie Keeper They're Basically Cats"" in clean gold-and-black minimalist typography. A statement design for anyone with a sense of humor. Makes a perfect gift to wear or give. Available on tees, hoodies, stickers, mugs, tote bags, posters and more. #humor #typography","funny saying, sarcastic, sarcasm, humor, meme shirt, funny quote, silkie, keeper, they're, basically, cats, chickens, funny & sarcastic, funny shirt, typography, minimalist, aesthetic, gift idea, trendy design, statement tee, for men, for women",produits/niches/chk_silkie_en__dark.png,produits/niches/chk_silkie_en__light.png
chk_vent_glazing_en,niches,humor,Funny & Sarcastic,chickens,en,Vent Check Every Sunday Because I'm That Person - Funny & Sarcastic Typography Design,"""Vent Check Every Sunday Because I'm That Person"" in clean gold-and-black minimalist typography. A statement design for anyone with a sense of humor. Makes a perfect gift to wear or give. Available on tees, hoodies, stickers, mugs, tote bags, posters and more. #humor #typography","funny saying, sarcastic, sarcasm, humor, meme shirt, funny quote, vent, check, every, sunday, because, chickens, funny & sarcastic, funny shirt, typography, minimalist, aesthetic, gift idea, trendy design, statement tee, for men, for women",produits/niches/chk_vent_glazing_en__dark.png,produits/niches/chk_vent_glazing_en__light.png
coh_purr_en,niches,humor,Funny & Sarcastic,cat_over_humans,en,My Cat's Purr Is Better Than Small Talk - Funny & Sarcastic Typography Design,"""My Cat's Purr Is Better Than Small Talk"" in clean gold-and-black minimalist typography. A statement design for anyone with a sense of humor. Makes a perfect gift to wear or give. Available on tees, hoodies, stickers, mugs, tote bags, posters and more. #humor #typography","funny saying, sarcastic, sarcasm, humor, meme shirt, funny quote, cat's, purr, better, than, small, cat over humans, funny & sarcastic, funny shirt, typography, minimalist, aesthetic, gift idea, trendy design, statement tee, for men, for women",produits/niches/coh_purr_en__dark.png,produits/niches/coh_purr_en__light.png
coh_schnurrt_de,niches,humor,Funny & Sarcastic,cat_over_humans,de,Meine Katze schnurrt Die Menschen nerven - Funny & Sarcastic (German) Design,"""Meine Katze schnurrt Die Menschen nerven"" in clean gold-and-black minimalist typography. A statement design for anyone with a sense of humor. Makes a perfect gift to wear or give. Available on tees, hoodies, stickers, mugs, tote bags, posters and more. #humor #typography","funny saying, sarcastic, sarcasm, humor, meme shirt, funny quote, meine, katze, schnurrt, menschen, nerven, cat over humans, funny & sarcastic, funny shirt, typography, minimalist, aesthetic, gift idea, trendy design, statement tee, for men, for women",produits/niches/coh_schnurrt_de__dark.png,produits/niches/coh_schnurrt_de__light.png
cp_37_seconds_en,niches,humor,Funny & Sarcastic,cold_plunge,en,37 Seconds In Mind Went Quiet - Funny & Sarcastic Typography Design,"""37 Seconds In Mind Went Quiet"" in clean gold-and-black minimalist typography. A statement design for anyone with a sense of humor. Makes a perfect gift to wear or give. Available on tees, hoodies, stickers, mugs, tote bags, posters and more. #humor #typography","funny saying, sarcastic, sarcasm, humor, meme shirt, funny quote, seconds, mind, went, quiet, cold plunge, funny & sarcastic, funny shirt, typography, minimalist, aesthetic, gift idea, trendy design, statement tee, for men, for women",produits/niches/cp_37_seconds_en__dark.png,produits/niches/cp_37_seconds_en__light.png
cp_wim_en,niches,humor,Funny & Sarcastic,cold_plunge,en,Wim Hof Was Right I Can't Believe It Either - Funny & Sarcastic Typography Design,"""Wim Hof Was Right I Can't Believe It Either"" in clean gold-and-black minimalist typography. A statement design for anyone with a sense of humor. Makes a perfect gift to wear or give. Available on tees, hoodies, stickers, mugs, tote bags, posters and more. #humor #typography","funny saying, sarcastic, sarcasm, humor, meme shirt, funny quote, right, can't, believe, either, cold plunge, funny & sarcastic, funny shirt, typography, minimalist, aesthetic, gift idea, trendy design, statement tee, for men, for women",produits/niches/cp_wim_en__dark.png,produits/niches/cp_wim_en__light.png
dent_floss_en,niches,humor,Funny & Sarcastic,dental_hygienist,en,Floss More Complain Less - Funny & Sarcastic Typography Design,"""Floss More Complain Less"" in clean gold-and-black minimalist typography. A statement design for anyone with a sense of humor. Makes a perfect gift to wear or give. Available on tees, hoodies, stickers, mugs, tote bags, posters and more. #humor #typography","funny saying, sarcastic, sarcasm, humor, meme shirt, funny quote, floss, more, complain, less, dental hygienist, funny & sarcastic, funny shirt, typography, minimalist, aesthetic, gift idea, trendy design, statement tee, for men, for women",produits/niches/dent_floss_en__dark.png,produits/niches/dent_floss_en__light.png
dent_plaque_en,niches,humor,Funny & Sarcastic,dental_hygienist,en,Fighting Plaque One Mouth at a Time - Funny & Sarcastic Typography Design,"""Fighting Plaque One Mouth at a Time"" in clean gold-and-black minimalist typography. A statement design for anyone with a sense of humor. Makes a perfect gift to wear or give. Available on tees, hoodies, stickers, mugs, tote bags, posters and more. #humor #typography","funny saying, sarcastic, sarcasm, humor, meme shirt, funny quote, fighting, plaque, mouth, time, dental hygienist, funny & sarcastic, funny shirt, typography, minimalist, aesthetic, gift idea, trendy design, statement tee, for men, for women",produits/niches/dent_plaque_en__dark.png,produits/niches/dent_plaque_en__light.png
dent_spit_rinse_en,niches,humor,Funny & Sarcastic,dental_hygienist,en,Spit. Rinse. Repeat. - Funny & Sarcastic Typography Design,"""Spit. Rinse. Repeat."" in clean gold-and-black minimalist typography. A statement design for anyone with a sense of humor. Makes a perfect gift to wear or give. Available on tees, hoodies, stickers, mugs, tote bags, posters and more. #humor #typography","funny saying, sarcastic, sarcasm, humor, meme shirt, funny quote, spit, rinse, repeat, dental hygienist, funny & sarcastic, funny shirt, typography, minimalist, aesthetic, gift idea, trendy design, statement tee, for men, for women",produits/niches/dent_spit_rinse_en__dark.png,produits/niches/dent_spit_rinse_en__light.png
dent_veins_en,niches,humor,Funny & Sarcastic,dental_hygienist,en,I Clean Teeth for a Living - Funny & Sarcastic Typography Design,"""I Clean Teeth for a Living"" in clean gold-and-black minimalist typography. A statement design for anyone with a sense of humor. Makes a perfect gift to wear or give. Available on tees, hoodies, stickers, mugs, tote bags, posters and more. #humor #typography","funny saying, sarcastic, sarcasm, humor, meme shirt, funny quote, clean, teeth, living, dental hygienist, funny & sarcastic, funny shirt, typography, minimalist, aesthetic, gift idea, trendy design, statement tee, for men, for women",produits/niches/dent_veins_en__dark.png,produits/niches/dent_veins_en__light.png
dg_23_discs_en,niches,humor,Funny & Sarcastic,disc_golf,en,I Carry 23 Discs for 9 Holes. Normal. - Funny & Sarcastic Typography Design,"""I Carry 23 Discs for 9 Holes. Normal."" in clean gold-and-black minimalist typography. A statement design for anyone with a sense of humor. Makes a perfect gift to wear or give. Available on tees, hoodies, stickers, mugs, tote bags, posters and more. #humor #typography","funny saying, sarcastic, sarcasm, humor, meme shirt, funny quote, carry, discs, holes, normal, disc golf, funny & sarcastic, funny shirt, typography, minimalist, aesthetic, gift idea, trendy design, statement tee, for men, for women",produits/niches/dg_23_discs_en__dark.png,produits/niches/dg_23_discs_en__light.png
dg_ace_cry_en,niches,humor,Funny & Sarcastic,disc_golf,en,The Day I Ace a Hole I Will Cry - Funny & Sarcastic Typography Design,"""The Day I Ace a Hole I Will Cry"" in clean gold-and-black minimalist typography. A statement design for anyone with a sense of humor. Makes a perfect gift to wear or give. Available on tees, hoodies, stickers, mugs, tote bags, posters and more. #humor #typography","funny saying, sarcastic, sarcasm, humor, meme shirt, funny quote, hole, disc golf, funny & sarcastic, funny shirt, typography, minimalist, aesthetic, gift idea, trendy design, statement tee, for men, for women",produits/niches/dg_ace_cry_en__dark.png,produits/niches/dg_ace_cry_en__light.png
dg_anhyzer_ob_en,niches,humor,Funny & Sarcastic,disc_golf,en,Anhyzer Into OB Every. Time. - Funny & Sarcastic Typography Design,"""Anhyzer Into OB Every. Time."" in clean gold-and-black minimalist typography. A statement design for anyone with a sense of humor. Makes a perfect gift to wear or give. Available on tees, hoodies, stickers, mugs, tote bags, posters and more. #humor #typography","funny saying, sarcastic, sarcasm, humor, meme shirt, funny quote, anhyzer, into, every, time, disc golf, funny & sarcastic, funny shirt, typography, minimalist, aesthetic, gift idea, trendy design, statement tee, for men, for women",produits/niches/dg_anhyzer_ob_en__dark.png,produits/niches/dg_anhyzer_ob_en__light.png
dg_birdie_en,niches,humor,Funny & Sarcastic,disc_golf,en,Birdie Putt Made It. This Time. - Funny & Sarcastic Typography Design,"""Birdie Putt Made It. This Time."" in clean gold-and-black minimalist typography. A statement design for anyone with a sense of humor. Makes a perfect gift to wear or give. Available on tees, hoodies, stickers, mugs, tote bags, posters and more. #humor #typography","funny saying, sarcastic, sarcasm, humor, meme shirt, funny quote, birdie, putt, made, time, disc golf, funny & sarcastic, funny shirt, typography, minimalist, aesthetic, gift idea, trendy design, statement tee, for men, for women",produits/niches/dg_birdie_en__dark.png,produits/niches/dg_birdie_en__light.png
dg_chains_en,niches,humor,Funny & Sarcastic,disc_golf,en,Chains Are What I Live For - Funny & Sarcastic Typography Design,"""Chains Are What I Live For"" in clean gold-and-black minimalist typography. A statement design for anyone with a sense of humor. Makes a perfect gift to wear or give. Available on tees, hoodies, stickers, mugs, tote bags, posters and more. #humor #typography","funny saying, sarcastic, sarcasm, humor, meme shirt, funny quote, chains, live, disc golf, funny & sarcastic, funny shirt, typography, minimalist, aesthetic, gift idea, trendy design, statement tee, for men, for women",produits/niches/dg_chains_en__dark.png,produits/niches/dg_chains_en__light.png
dg_hyzer_memory_en,niches,humor,Funny & Sarcastic,disc_golf,en,My Hyzer Is Muscle Memory - Funny & Sarcastic Typography Design,"""My Hyzer Is Muscle Memory"" in clean gold-and-black minimalist typography. A statement design for anyone with a sense of humor. Makes a perfect gift to wear or give. Available on tees, hoodies, stickers, mugs, tote bags, posters and more. #humor #typography","funny saying, sarcastic, sarcasm, humor, meme shirt, funny quote, hyzer, muscle, memory, disc golf, funny & sarcastic, funny shirt, typography, minimalist, aesthetic, gift idea, trendy design, statement tee, for men, for women",produits/niches/dg_hyzer_memory_en__dark.png,produits/niches/dg_hyzer_memory_en__light.png
dg_water_hazard_en,niches,humor,Funny & Sarcastic,disc_golf,en,That Water Hazard Ate 12 of My Discs - Funny & Sarcastic Typography Design,"""That Water Hazard Ate 12 of My Discs"" in clean gold-and-black minimalist typography. A statement design for anyone with a sense of humor. Makes a perfect gift to wear or give. Available on tees, hoodies, stickers, mugs, tote bags, posters and more. #humor #typography","funny saying, sarcastic, sarcasm, humor, meme shirt, funny quote, water, hazard, discs, disc golf, funny & sarcastic, funny shirt, typography, minimalist, aesthetic, gift idea, trendy design, statement tee, for men, for women",produits/niches/dg_water_hazard_en__dark.png,produits/niches/dg_water_hazard_en__light.png
embr_care_en,niches,humor,Funny & Sarcastic,embroidery,en,I Stitch Because I Care - Funny & Sarcastic Typography Design,"""I Stitch Because I Care"" in clean gold-and-black minimalist typography. A statement design for anyone with a sense of humor. Makes a perfect gift to wear or give. Available on tees, hoodies, stickers, mugs, tote bags, posters and more. #humor #typography","funny saying, sarcastic, sarcasm, humor, meme shirt, funny quote, stitch, because, care, embroidery, funny & sarcastic, funny shirt, typography, minimalist, aesthetic, gift idea, trendy design, statement tee, for men, for women",produits/niches/embr_care_en__dark.png,produits/niches/embr_care_en__light.png
embr_hoop_en,niches,humor,Funny & Sarcastic,embroidery,en,"Hoop, There It Is - Funny & Sarcastic Typography Design","""Hoop, There It Is"" in clean gold-and-black minimalist typography. A statement design for anyone with a sense of humor. Makes a perfect gift to wear or give. Available on tees, hoodies, stickers, mugs, tote bags, posters and more. #humor #typography","funny saying, sarcastic, sarcasm, humor, meme shirt, funny quote, hoop, there, embroidery, funny & sarcastic, funny shirt, typography, minimalist, aesthetic, gift idea, trendy design, statement tee, for men, for women",produits/niches/embr_hoop_en__dark.png,produits/niches/embr_hoop_en__light.png
embr_stitch_en,niches,humor,Funny & Sarcastic,embroidery,en,Cross Stitch Queen - Funny & Sarcastic Typography Design,"""Cross Stitch Queen"" in clean gold-and-black minimalist typography. A statement design for anyone with a sense of humor. Makes a perfect gift to wear or give. Available on tees, hoodies, stickers, mugs, tote bags, posters and more. #humor #typography","funny saying, sarcastic, sarcasm, humor, meme shirt, funny quote, cross, stitch, queen, embroidery, funny & sarcastic, funny shirt, typography, minimalist, aesthetic, gift idea, trendy design, statement tee, for men, for women",produits/niches/embr_stitch_en__dark.png,produits/niches/embr_stitch_en__light.png
enc_ask_first_en,niches,humor,Funny & Sarcastic,pregnancy_notouch,en,Belly Belongs to Baby Not to You. Ask First. - Funny & Sarcastic Typography Design,"""Belly Belongs to Baby Not to You. Ask First."" in clean gold-and-black minimalist typography. A statement design for anyone with a sense of humor. Makes a perfect gift to wear or give. Available on tees, hoodies, stickers, mugs, tote bags, posters and more. #humor #typography","funny saying, sarcastic, sarcasm, humor, meme shirt, funny quote, belly, belongs, baby, first, pregnancy notouch, funny & sarcastic, funny shirt, typography, minimalist, aesthetic, gift idea, trendy design, statement tee, for men, for women",produits/niches/enc_ask_first_en__dark.png,produits/niches/enc_ask_first_en__light.png
enc_barriga_es,niches,humor,Funny & Sarcastic,pregnancy_notouch,es,Embarazada No toques la barriga - Funny & Sarcastic (Spanish) Design,"""Embarazada No toques la barriga"" in clean gold-and-black minimalist typography. A statement design for anyone with a sense of humor. Makes a perfect gift to wear or give. Available on tees, hoodies, stickers, mugs, tote bags, posters and more. #humor #typography","funny saying, sarcastic, sarcasm, humor, meme shirt, funny quote, embarazada, toques, barriga, pregnancy notouch, funny & sarcastic, funny shirt, typography, minimalist, aesthetic, gift idea, trendy design, statement tee, for men, for women",produits/niches/enc_barriga_es__dark.png,produits/niches/enc_barriga_es__light.png
enc_bauch_de,niches,humor,Funny & Sarcastic,pregnancy_notouch,de,Finger weg vom Bauch Das ist keine Einladung - Funny & Sarcastic (German) Design,"""Finger weg vom Bauch Das ist keine Einladung"" in clean gold-and-black minimalist typography. A statement design for anyone with a sense of humor. Makes a perfect gift to wear or give. Available on tees, hoodies, stickers, mugs, tote bags, posters and more. #humor #typography","funny saying, sarcastic, sarcasm, humor, meme shirt, funny quote, finger, bauch, keine, einladung, pregnancy notouch, funny & sarcastic, funny shirt, typography, minimalist, aesthetic, gift idea, trendy design, statement tee, for men, for women",produits/niches/enc_bauch_de__dark.png,produits/niches/enc_bauch_de__light.png
enc_bump_en,niches,humor,Funny & Sarcastic,pregnancy_notouch,en,Touch the Bump Lose the Hand - Funny & Sarcastic Typography Design,"""Touch the Bump Lose the Hand"" in clean gold-and-black minimalist typography. A statement design for anyone with a sense of humor. Makes a perfect gift to wear or give. Available on tees, hoodies, stickers, mugs, tote bags, posters and more. #humor #typography","funny saying, sarcastic, sarcasm, humor, meme shirt, funny quote, touch, bump, lose, hand, pregnancy notouch, funny & sarcastic, funny shirt, typography, minimalist, aesthetic, gift idea, trendy design, statement tee, for men, for women",produits/niches/enc_bump_en__dark.png,produits/niches/enc_bump_en__light.png
enc_dare_en,niches,humor,Funny & Sarcastic,pregnancy_notouch,en,Pregnant Touch My Belly. I Dare You. - Funny & Sarcastic Typography Design,"""Pregnant Touch My Belly. I Dare You."" in clean gold-and-black minimalist typography. A statement design for anyone with a sense of humor. Makes a perfect gift to wear or give. Available on tees, hoodies, stickers, mugs, tote bags, posters and more. #humor #typography","funny saying, sarcastic, sarcasm, humor, meme shirt, funny quote, pregnant, touch, belly, dare, pregnancy notouch, funny & sarcastic, funny shirt, typography, minimalist, aesthetic, gift idea, trendy design, statement tee, for men, for women",produits/niches/enc_dare_en__dark.png,produits/niches/enc_dare_en__light.png
enc_hands_en,niches,humor,Funny & Sarcastic,pregnancy_notouch,en,Baby Inside Hands Outside - Funny & Sarcastic Typography Design,"""Baby Inside Hands Outside"" in clean gold-and-black minimalist typography. A statement design for anyone with a sense of humor. Makes a perfect gift to wear or give. Available on tees, hoodies, stickers, mugs, tote bags, posters and more. #humor #typography","funny saying, sarcastic, sarcasm, humor, meme shirt, funny quote, baby, inside, hands, outside, pregnancy notouch, funny & sarcastic, funny shirt, typography, minimalist, aesthetic, gift idea, trendy design, statement tee, for men, for women",produits/niches/enc_hands_en__dark.png,produits/niches/enc_hands_en__light.png
enc_oblige_fr,niches,humor,Funny & Sarcastic,pregnancy_notouch,fr,"Enceinte, mais tu n'es vraiment pas obligé de toucher - Funny & Sarcastic (French) Design","« Enceinte, mais tu n'es vraiment pas obligé de toucher » en typographie or et noir, minimaliste et percutante. Un design pour tous ceux qui ont de l'humour. Idée cadeau parfaite, à porter ou offrir. Disponible sur t-shirt, sweat, sticker, mug, tote bag, poster et plus. #humor #typographie","funny saying, sarcastic, sarcasm, humor, meme shirt, funny quote, enceinte, n'es, vraiment, obligé, toucher, pregnancy notouch, funny & sarcastic, funny shirt, typography, minimalist, aesthetic, gift idea, trendy design, statement tee, for men, for women",produits/niches/enc_oblige_fr__dark.png,produits/niches/enc_oblige_fr__light.png
enc_pas_petting_zoo_fr,niches,humor,Funny & Sarcastic,pregnancy_notouch,fr,Je ne suis pas un zoo de contact - Funny & Sarcastic (French) Design,"« Je ne suis pas un zoo de contact » en typographie or et noir, minimaliste et percutante. Un design pour tous ceux qui ont de l'humour. Idée cadeau parfaite, à porter ou offrir. Disponible sur t-shirt, sweat, sticker, mug, tote bag, poster et plus. #humor #typographie","funny saying, sarcastic, sarcasm, humor, meme shirt, funny quote, suis, contact, pregnancy notouch, funny & sarcastic, funny shirt, typography, minimalist, aesthetic, gift idea, trendy design, statement tee, for men, for women",produits/niches/enc_pas_petting_zoo_fr__dark.png,produits/niches/enc_pas_petting_zoo_fr__light.png
enc_permission_fr,niches,humor,Funny & Sarcastic,pregnancy_notouch,fr,Aucune permission de toucher N'a été accordée - Funny & Sarcastic (French) Design,"« Aucune permission de toucher N'a été accordée » en typographie or et noir, minimaliste et percutante. Un design pour tous ceux qui ont de l'humour. Idée cadeau parfaite, à porter ou offrir. Disponible sur t-shirt, sweat, sticker, mug, tote bag, poster et plus. #humor #typographie","funny saying, sarcastic, sarcasm, humor, meme shirt, funny quote, aucune, permission, toucher, accordée, pregnancy notouch, funny & sarcastic, funny shirt, typography, minimalist, aesthetic, gift idea, trendy design, statement tee, for men, for women",produits/niches/enc_permission_fr__dark.png,produits/niches/enc_permission_fr__light.png
enc_petting_zoo_en,niches,humor,Funny & Sarcastic,pregnancy_notouch,en,Not a Petting Zoo I'm Just Pregnant - Funny & Sarcastic Typography Design,"""Not a Petting Zoo I'm Just Pregnant"" in clean gold-and-black minimalist typography. A statement design for anyone with a sense of humor. Makes a perfect gift to wear or give. Available on tees, hoodies, stickers, mugs, tote bags, posters and more. #humor #typography","funny saying, sarcastic, sarcasm, humor, meme shirt, funny quote, petting, pregnant, pregnancy notouch, funny & sarcastic, funny shirt, typography, minimalist, aesthetic, gift idea, trendy design, statement tee, for men, for women",produits/niches/enc_petting_zoo_en__dark.png,produits/niches/enc_petting_zoo_en__light.png
enc_pied_fr,niches,humor,Funny & Sarcastic,pregnancy_notouch,fr,Touche mon ventre et mon pied touche ton c - Funny & Sarcastic (French) Design,"« Touche mon ventre et mon pied touche ton c » en typographie or et noir, minimaliste et percutante. Un design pour tous ceux qui ont de l'humour. Idée cadeau parfaite, à porter ou offrir. Disponible sur t-shirt, sweat, sticker, mug, tote bag, poster et plus. #humor #typographie","funny saying, sarcastic, sarcasm, humor, meme shirt, funny quote, touche, ventre, pied, pregnancy notouch, funny & sarcastic, funny shirt, typography, minimalist, aesthetic, gift idea, trendy design, statement tee, for men, for women",produits/niches/enc_pied_fr__dark.png,produits/niches/enc_pied_fr__light.png
enc_touche_fr,niches,humor,Funny & Sarcastic,pregnancy_notouch,fr,Enceinte Touche et vois ce qui arrive - Funny & Sarcastic (French) Design,"« Enceinte Touche et vois ce qui arrive » en typographie or et noir, minimaliste et percutante. Un design pour tous ceux qui ont de l'humour. Idée cadeau parfaite, à porter ou offrir. Disponible sur t-shirt, sweat, sticker, mug, tote bag, poster et plus. #humor #typographie","funny saying, sarcastic, sarcasm, humor, meme shirt, funny quote, enceinte, touche, vois, arrive, pregnancy notouch, funny & sarcastic, funny shirt, typography, minimalist, aesthetic, gift idea, trendy design, statement tee, for men, for women",produits/niches/enc_touche_fr__dark.png,produits/niches/enc_touche_fr__light.png
ferm_brine_en,niches,humor,Funny & Sarcastic,fermentation,en,My Brine Is 2% My pH Is Fine - Funny & Sarcastic Typography Design,"""My Brine Is 2% My pH Is Fine"" in clean gold-and-black minimalist typography. A statement design for anyone with a sense of humor. Makes a perfect gift to wear or give. Available on tees, hoodies, stickers, mugs, tote bags, posters and more. #humor #typography","funny saying, sarcastic, sarcasm, humor, meme shirt, funny quote, brine, fine, fermentation, funny & sarcastic, funny shirt, typography, minimalist, aesthetic, gift idea, trendy design, statement tee, for men, for women",produits/niches/ferm_brine_en__dark.png,produits/niches/ferm_brine_en__light.png
ferm_kahm_en,niches,humor,Funny & Sarcastic,fermentation,en,Kahm Yeast Is Not Mold I Promise - Funny & Sarcastic Typography Design,"""Kahm Yeast Is Not Mold I Promise"" in clean gold-and-black minimalist typography. A statement design for anyone with a sense of humor. Makes a perfect gift to wear or give. Available on tees, hoodies, stickers, mugs, tote bags, posters and more. #humor #typography","funny saying, sarcastic, sarcasm, humor, meme shirt, funny quote, kahm, yeast, mold, promise, fermentation, funny & sarcastic, funny shirt, typography, minimalist, aesthetic, gift idea, trendy design, statement tee, for men, for women",produits/niches/ferm_kahm_en__dark.png,produits/niches/ferm_kahm_en__light.png
ferm_lacto_en,niches,humor,Funny & Sarcastic,fermentation,en,"Lacto-Fermented by Nature, Obsessed by Choice - Funny & Sarcastic Typography Design","""Lacto-Fermented by Nature, Obsessed by Choice"" in clean gold-and-black minimalist typography. A statement design for anyone with a sense of humor. Makes a perfect gift to wear or give. Available on tees, hoodies, stickers, mugs, tote bags, posters and more. #humor #typography","funny saying, sarcastic, sarcasm, humor, meme shirt, funny quote, lacto, fermented, nature, obsessed, choice, fermentation, funny & sarcastic, funny shirt, typography, minimalist, aesthetic, gift idea, trendy design, statement tee, for men, for women",produits/niches/ferm_lacto_en__dark.png,produits/niches/ferm_lacto_en__light.png
ferm_listen_en,niches,humor,Funny & Sarcastic,fermentation,en,Every Jar Makes a Sound I Listen - Funny & Sarcastic Typography Design,"""Every Jar Makes a Sound I Listen"" in clean gold-and-black minimalist typography. A statement design for anyone with a sense of humor. Makes a perfect gift to wear or give. Available on tees, hoodies, stickers, mugs, tote bags, posters and more. #humor #typography","funny saying, sarcastic, sarcasm, humor, meme shirt, funny quote, every, makes, sound, listen, fermentation, funny & sarcastic, funny shirt, typography, minimalist, aesthetic, gift idea, trendy design, statement tee, for men, for women",produits/niches/ferm_listen_en__dark.png,produits/niches/ferm_listen_en__light.png
ferm_scoby_hotel_en,niches,humor,Funny & Sarcastic,fermentation,en,SCOBY Hotel Population Growing - Funny & Sarcastic Typography Design,"""SCOBY Hotel Population Growing"" in clean gold-and-black minimalist typography. A statement design for anyone with a sense of humor. Makes a perfect gift to wear or give. Available on tees, hoodies, stickers, mugs, tote bags, posters and more. #humor #typography","funny saying, sarcastic, sarcasm, humor, meme shirt, funny quote, scoby, hotel, population, growing, fermentation, funny & sarcastic, funny shirt, typography, minimalist, aesthetic, gift idea, trendy design, statement tee, for men, for women",produits/niches/ferm_scoby_hotel_en__dark.png,produits/niches/ferm_scoby_hotel_en__light.png
ferm_wild_en,niches,humor,Funny & Sarcastic,fermentation,en,I Wild Ferment Because Control Is an Illusion - Funny & Sarcastic Typography Design,"""I Wild Ferment Because Control Is an Illusion"" in clean gold-and-black minimalist typography. A statement design for anyone with a sense of humor. Makes a perfect gift to wear or give. Available on tees, hoodies, stickers, mugs, tote bags, posters and more. #humor #typography","funny saying, sarcastic, sarcasm, humor, meme shirt, funny quote, wild, ferment, because, control, illusion, fermentation, funny & sarcastic, funny shirt, typography, minimalist, aesthetic, gift idea, trendy design, statement tee, for men, for women",produits/niches/ferm_wild_en__dark.png,produits/niches/ferm_wild_en__light.png
fpv_drone_car_en,niches,humor,Funny & Sarcastic,fpv_drones,en,My Other Car Is a Drone - Funny & Sarcastic Typography Design,"""My Other Car Is a Drone"" in clean gold-and-black minimalist typography. A statement design for anyone with a sense of humor. Makes a perfect gift to wear or give. Available on tees, hoodies, stickers, mugs, tote bags, posters and more. #humor #typography","funny saying, sarcastic, sarcasm, humor, meme shirt, funny quote, other, drone, fpv drones, funny & sarcastic, funny shirt, typography, minimalist, aesthetic, gift idea, trendy design, statement tee, for men, for women",produits/niches/fpv_drone_car_en__dark.png,produits/niches/fpv_drone_car_en__light.png
fpv_fly_fast_en,niches,humor,Funny & Sarcastic,fpv_drones,en,FPV Pilot I Fly Fast - Funny & Sarcastic Typography Design,"""FPV Pilot I Fly Fast"" in clean gold-and-black minimalist typography. A statement design for anyone with a sense of humor. Makes a perfect gift to wear or give. Available on tees, hoodies, stickers, mugs, tote bags, posters and more. #humor #typography","funny saying, sarcastic, sarcasm, humor, meme shirt, funny quote, pilot, fast, fpv drones, funny & sarcastic, funny shirt, typography, minimalist, aesthetic, gift idea, trendy design, statement tee, for men, for women",produits/niches/fpv_fly_fast_en__dark.png,produits/niches/fpv_fly_fast_en__light.png
fpv_up_away_en,niches,humor,Funny & Sarcastic,fpv_drones,en,"Up, Up & Away From My Problems - Funny & Sarcastic Typography Design","""Up, Up & Away From My Problems"" in clean gold-and-black minimalist typography. A statement design for anyone with a sense of humor. Makes a perfect gift to wear or give. Available on tees, hoodies, stickers, mugs, tote bags, posters and more. #humor #typography","funny saying, sarcastic, sarcasm, humor, meme shirt, funny quote, away, problems, fpv drones, funny & sarcastic, funny shirt, typography, minimalist, aesthetic, gift idea, trendy design, statement tee, for men, for women",produits/niches/fpv_up_away_en__dark.png,produits/niches/fpv_up_away_en__light.png
gma_abuela_es,niches,humor,Funny & Sarcastic,cool_grandma,es,Abuela Cool La que tú querías tener - Funny & Sarcastic (Spanish) Design,"""Abuela Cool La que tú querías tener"" in clean gold-and-black minimalist typography. A statement design for anyone with a sense of humor. Makes a perfect gift to wear or give. Available on tees, hoodies, stickers, mugs, tote bags, posters and more. #humor #typography","funny saying, sarcastic, sarcasm, humor, meme shirt, funny quote, abuela, cool, querías, tener, cool grandma, funny & sarcastic, funny shirt, typography, minimalist, aesthetic, gift idea, trendy design, statement tee, for men, for women",produits/niches/gma_abuela_es__dark.png,produits/niches/gma_abuela_es__light.png
gma_biscuits_plot_en,niches,humor,Funny & Sarcastic,cool_grandma,en,I Bake Cookies and Plan World Domination - Funny & Sarcastic Typography Design,"""I Bake Cookies and Plan World Domination"" in clean gold-and-black minimalist typography. A statement design for anyone with a sense of humor. Makes a perfect gift to wear or give. Available on tees, hoodies, stickers, mugs, tote bags, posters and more. #humor #typography","funny saying, sarcastic, sarcasm, humor, meme shirt, funny quote, bake, cookies, plan, world, domination, cool grandma, funny & sarcastic, funny shirt, typography, minimalist, aesthetic, gift idea, trendy design, statement tee, for men, for women",produits/niches/gma_biscuits_plot_en__dark.png,produits/niches/gma_biscuits_plot_en__light.png
gma_cool_en,niches,humor,Funny & Sarcastic,cool_grandma,en,The Cool Grandma You Were Warned - Funny & Sarcastic Typography Design,"""The Cool Grandma You Were Warned"" in clean gold-and-black minimalist typography. A statement design for anyone with a sense of humor. Makes a perfect gift to wear or give. Available on tees, hoodies, stickers, mugs, tote bags, posters and more. #humor #typography","funny saying, sarcastic, sarcasm, humor, meme shirt, funny quote, cool, grandma, were, warned, cool grandma, funny & sarcastic, funny shirt, typography, minimalist, aesthetic, gift idea, trendy design, statement tee, for men, for women",produits/niches/gma_cool_en__dark.png,produits/niches/gma_cool_en__light.png
gma_cool_fr,niches,humor,Funny & Sarcastic,cool_grandma,fr,La mamie cool que t'aurais voulu avoir - Funny & Sarcastic (French) Design,"« La mamie cool que t'aurais voulu avoir » en typographie or et noir, minimaliste et percutante. Un design pour tous ceux qui ont de l'humour. Idée cadeau parfaite, à porter ou offrir. Disponible sur t-shirt, sweat, sticker, mug, tote bag, poster et plus. #humor #typographie","funny saying, sarcastic, sarcasm, humor, meme shirt, funny quote, mamie, cool, t'aurais, voulu, avoir, cool grandma, funny & sarcastic, funny shirt, typography, minimalist, aesthetic, gift idea, trendy design, statement tee, for men, for women",produits/niches/gma_cool_fr__dark.png,produits/niches/gma_cool_fr__light.png
gma_glam_fr,niches,humor,Funny & Sarcastic,cool_grandma,fr,Mamie Glam pas la mamie sage - Funny & Sarcastic (French) Design,"« Mamie Glam pas la mamie sage » en typographie or et noir, minimaliste et percutante. Un design pour tous ceux qui ont de l'humour. Idée cadeau parfaite, à porter ou offrir. Disponible sur t-shirt, sweat, sticker, mug, tote bag, poster et plus. #humor #typographie","funny saying, sarcastic, sarcasm, humor, meme shirt, funny quote, mamie, glam, sage, cool grandma, funny & sarcastic, funny shirt, typography, minimalist, aesthetic, gift idea, trendy design, statement tee, for men, for women",produits/niches/gma_glam_fr__dark.png,produits/niches/gma_glam_fr__light.png
gma_grandmosa_en,niches,humor,Funny & Sarcastic,cool_grandma,en,Grandma-mosa The Fun One - Funny & Sarcastic Typography Design,"""Grandma-mosa The Fun One"" in clean gold-and-black minimalist typography. A statement design for anyone with a sense of humor. Makes a perfect gift to wear or give. Available on tees, hoodies, stickers, mugs, tote bags, posters and more. #humor #typography","funny saying, sarcastic, sarcasm, humor, meme shirt, funny quote, grandma, mosa, cool grandma, funny & sarcastic, funny shirt, typography, minimalist, aesthetic, gift idea, trendy design, statement tee, for men, for women",produits/niches/gma_grandmosa_en__dark.png,produits/niches/gma_grandmosa_en__light.png
gma_mamimosa_fr,niches,humor,Funny & Sarcastic,cool_grandma,fr,Mamie-mosa (le mimosa c'est pour moi) - Funny & Sarcastic (French) Design,"« Mamie-mosa (le mimosa c'est pour moi) » en typographie or et noir, minimaliste et percutante. Un design pour tous ceux qui ont de l'humour. Idée cadeau parfaite, à porter ou offrir. Disponible sur t-shirt, sweat, sticker, mug, tote bag, poster et plus. #humor #typographie","funny saying, sarcastic, sarcasm, humor, meme shirt, funny quote, mamie, mosa, mimosa, c'est, cool grandma, funny & sarcastic, funny shirt, typography, minimalist, aesthetic, gift idea, trendy design, statement tee, for men, for women",produits/niches/gma_mamimosa_fr__dark.png,produits/niches/gma_mamimosa_fr__light.png
gma_vieille_fr,niches,humor,Funny & Sarcastic,cool_grandma,fr,Vieille? Moi? Je suis millésimée. - Funny & Sarcastic (French) Design,"« Vieille? Moi? Je suis millésimée. » en typographie or et noir, minimaliste et percutante. Un design pour tous ceux qui ont de l'humour. Idée cadeau parfaite, à porter ou offrir. Disponible sur t-shirt, sweat, sticker, mug, tote bag, poster et plus. #humor #typographie","funny saying, sarcastic, sarcasm, humor, meme shirt, funny quote, vieille, suis, millésimée, cool grandma, funny & sarcastic, funny shirt, typography, minimalist, aesthetic, gift idea, trendy design, statement tee, for men, for women",produits/niches/gma_vieille_fr__dark.png,produits/niches/gma_vieille_fr__light.png
gma_vintage_en,niches,humor,Funny & Sarcastic,cool_grandma,en,I'm Not Old I'm Vintage - Funny & Sarcastic Typography Design,"""I'm Not Old I'm Vintage"" in clean gold-and-black minimalist typography. A statement design for anyone with a sense of humor. Makes a perfect gift to wear or give. Available on tees, hoodies, stickers, mugs, tote bags, posters and more. #humor #typography","funny saying, sarcastic, sarcasm, humor, meme shirt, funny quote, vintage, cool grandma, funny & sarcastic, funny shirt, typography, minimalist, aesthetic, gift idea, trendy design, statement tee, for men, for women",produits/niches/gma_vintage_en__dark.png,produits/niches/gma_vintage_en__light.png
goat_better_en,niches,humor,Funny & Sarcastic,goats,en,Life Is Better with Goats - Funny & Sarcastic Typography Design,"""Life Is Better with Goats"" in clean gold-and-black minimalist typography. A statement design for anyone with a sense of humor. Makes a perfect gift to wear or give. Available on tees, hoodies, stickers, mugs, tote bags, posters and more. #humor #typography","funny saying, sarcastic, sarcasm, humor, meme shirt, funny quote, life, better, goats, funny & sarcastic, funny shirt, typography, minimalist, aesthetic, gift idea, trendy design, statement tee, for men, for women",produits/niches/goat_better_en__dark.png,produits/niches/goat_better_en__light.png
goat_homework_en,niches,humor,Funny & Sarcastic,goats,en,My Goat Ate My To-Do List - Funny & Sarcastic Typography Design,"""My Goat Ate My To-Do List"" in clean gold-and-black minimalist typography. A statement design for anyone with a sense of humor. Makes a perfect gift to wear or give. Available on tees, hoodies, stickers, mugs, tote bags, posters and more. #humor #typography","funny saying, sarcastic, sarcasm, humor, meme shirt, funny quote, goat, list, goats, funny & sarcastic, funny shirt, typography, minimalist, aesthetic, gift idea, trendy design, statement tee, for men, for women",produits/niches/goat_homework_en__dark.png,produits/niches/goat_homework_en__light.png
goat_mom_en,niches,humor,Funny & Sarcastic,goats,en,Goat Mom & Proud - Funny & Sarcastic Typography Design,"""Goat Mom & Proud"" in clean gold-and-black minimalist typography. A statement design for anyone with a sense of humor. Makes a perfect gift to wear or give. Available on tees, hoodies, stickers, mugs, tote bags, posters and more. #humor #typography","funny saying, sarcastic, sarcasm, humor, meme shirt, funny quote, goat, proud, goats, funny & sarcastic, funny shirt, typography, minimalist, aesthetic, gift idea, trendy design, statement tee, for men, for women",produits/niches/goat_mom_en__dark.png,produits/niches/goat_mom_en__light.png
golf_bad_day_en,niches,humor,Funny & Sarcastic,golf,en,A Bad Day Golfing Beats a Good Day Working - Funny & Sarcastic Typography Design,"""A Bad Day Golfing Beats a Good Day Working"" in clean gold-and-black minimalist typography. A statement design for anyone with a sense of humor. Makes a perfect gift to wear or give. Available on tees, hoodies, stickers, mugs, tote bags, posters and more. #humor #typography","funny saying, sarcastic, sarcasm, humor, meme shirt, funny quote, golfing, beats, good, working, golf, funny & sarcastic, funny shirt, typography, minimalist, aesthetic, gift idea, trendy design, statement tee, for men, for women",produits/niches/golf_bad_day_en__dark.png,produits/niches/golf_bad_day_en__light.png
golf_born_forced_en,niches,humor,Funny & Sarcastic,golf,en,Born to Golf Forced to Work - Funny & Sarcastic Typography Design,"""Born to Golf Forced to Work"" in clean gold-and-black minimalist typography. A statement design for anyone with a sense of humor. Makes a perfect gift to wear or give. Available on tees, hoodies, stickers, mugs, tote bags, posters and more. #humor #typography","funny saying, sarcastic, sarcasm, humor, meme shirt, funny quote, born, golf, forced, work, funny & sarcastic, funny shirt, typography, minimalist, aesthetic, gift idea, trendy design, statement tee, for men, for women",produits/niches/golf_born_forced_en__dark.png,produits/niches/golf_born_forced_en__light.png
golf_happy_place_en,niches,humor,Funny & Sarcastic,golf,en,Golf Is My Happy Place - Funny & Sarcastic Typography Design,"""Golf Is My Happy Place"" in clean gold-and-black minimalist typography. A statement design for anyone with a sense of humor. Makes a perfect gift to wear or give. Available on tees, hoodies, stickers, mugs, tote bags, posters and more. #humor #typography","funny saying, sarcastic, sarcasm, humor, meme shirt, funny quote, golf, happy, place, funny & sarcastic, funny shirt, typography, minimalist, aesthetic, gift idea, trendy design, statement tee, for men, for women",produits/niches/golf_happy_place_en__dark.png,produits/niches/golf_happy_place_en__light.png
gpig_better_en,niches,humor,Funny & Sarcastic,guinea_pigs,en,Life Is Better with Guinea Pigs - Funny & Sarcastic Typography Design,"""Life Is Better with Guinea Pigs"" in clean gold-and-black minimalist typography. A statement design for anyone with a sense of humor. Makes a perfect gift to wear or give. Available on tees, hoodies, stickers, mugs, tote bags, posters and more. #humor #typography","funny saying, sarcastic, sarcasm, humor, meme shirt, funny quote, life, better, guinea, pigs, guinea pigs, funny & sarcastic, funny shirt, typography, minimalist, aesthetic, gift idea, trendy design, statement tee, for men, for women",produits/niches/gpig_better_en__dark.png,produits/niches/gpig_better_en__light.png
gpig_slave_en,niches,humor,Funny & Sarcastic,guinea_pigs,en,Guinea Pig Slave - Funny & Sarcastic Typography Design,"""Guinea Pig Slave"" in clean gold-and-black minimalist typography. A statement design for anyone with a sense of humor. Makes a perfect gift to wear or give. Available on tees, hoodies, stickers, mugs, tote bags, posters and more. #humor #typography","funny saying, sarcastic, sarcasm, humor, meme shirt, funny quote, guinea, slave, guinea pigs, funny & sarcastic, funny shirt, typography, minimalist, aesthetic, gift idea, trendy design, statement tee, for men, for women",produits/niches/gpig_slave_en__dark.png,produits/niches/gpig_slave_en__light.png
gpig_wheek_en,niches,humor,Funny & Sarcastic,guinea_pigs,en,Wheek Wheek Feed Me - Funny & Sarcastic Typography Design,"""Wheek Wheek Feed Me"" in clean gold-and-black minimalist typography. A statement design for anyone with a sense of humor. Makes a perfect gift to wear or give. Available on tees, hoodies, stickers, mugs, tote bags, posters and more. #humor #typography","funny saying, sarcastic, sarcasm, humor, meme shirt, funny quote, wheek, feed, guinea pigs, funny & sarcastic, funny shirt, typography, minimalist, aesthetic, gift idea, trendy design, statement tee, for men, for women",produits/niches/gpig_wheek_en__dark.png,produits/niches/gpig_wheek_en__light.png
gsd_coat_en,niches,humor,Funny & Sarcastic,german_shepherd,en,My GSD Blows Coat All Twelve Months - Funny & Sarcastic Typography Design,"""My GSD Blows Coat All Twelve Months"" in clean gold-and-black minimalist typography. A statement design for anyone with a sense of humor. Makes a perfect gift to wear or give. Available on tees, hoodies, stickers, mugs, tote bags, posters and more. #humor #typography","funny saying, sarcastic, sarcasm, humor, meme shirt, funny quote, blows, coat, twelve, months, german shepherd, funny & sarcastic, funny shirt, typography, minimalist, aesthetic, gift idea, trendy design, statement tee, for men, for women",produits/niches/gsd_coat_en__dark.png,produits/niches/gsd_coat_en__light.png
gsd_dm_en,niches,humor,Funny & Sarcastic,german_shepherd,en,DM Aware & Fighting It - Funny & Sarcastic Typography Design,"""DM Aware & Fighting It"" in clean gold-and-black minimalist typography. A statement design for anyone with a sense of humor. Makes a perfect gift to wear or give. Available on tees, hoodies, stickers, mugs, tote bags, posters and more. #humor #typography","funny saying, sarcastic, sarcasm, humor, meme shirt, funny quote, aware, fighting, german shepherd, funny & sarcastic, funny shirt, typography, minimalist, aesthetic, gift idea, trendy design, statement tee, for men, for women",produits/niches/gsd_dm_en__dark.png,produits/niches/gsd_dm_en__light.png
gsd_lines_en,niches,humor,Funny & Sarcastic,german_shepherd,en,West German or DDR Lines I Have Opinions - Funny & Sarcastic Typography Design,"""West German or DDR Lines I Have Opinions"" in clean gold-and-black minimalist typography. A statement design for anyone with a sense of humor. Makes a perfect gift to wear or give. Available on tees, hoodies, stickers, mugs, tote bags, posters and more. #humor #typography","funny saying, sarcastic, sarcasm, humor, meme shirt, funny quote, west, german, lines, opinions, german shepherd, funny & sarcastic, funny shirt, typography, minimalist, aesthetic, gift idea, trendy design, statement tee, for men, for women",produits/niches/gsd_lines_en__dark.png,produits/niches/gsd_lines_en__light.png
gsd_not_wolf_en,niches,humor,Funny & Sarcastic,german_shepherd,en,Not a Wolf Please Stop Asking - Funny & Sarcastic Typography Design,"""Not a Wolf Please Stop Asking"" in clean gold-and-black minimalist typography. A statement design for anyone with a sense of humor. Makes a perfect gift to wear or give. Available on tees, hoodies, stickers, mugs, tote bags, posters and more. #humor #typography","funny saying, sarcastic, sarcasm, humor, meme shirt, funny quote, wolf, please, stop, asking, german shepherd, funny & sarcastic, funny shirt, typography, minimalist, aesthetic, gift idea, trendy design, statement tee, for men, for women",produits/niches/gsd_not_wolf_en__dark.png,produits/niches/gsd_not_wolf_en__light.png
gsd_ofa_en,niches,humor,Funny & Sarcastic,german_shepherd,en,OFA Certified Hips Clear. We're Good. - Funny & Sarcastic Typography Design,"""OFA Certified Hips Clear. We're Good."" in clean gold-and-black minimalist typography. A statement design for anyone with a sense of humor. Makes a perfect gift to wear or give. Available on tees, hoodies, stickers, mugs, tote bags, posters and more. #humor #typography","funny saying, sarcastic, sarcasm, humor, meme shirt, funny quote, certified, hips, clear, we're, good, german shepherd, funny & sarcastic, funny shirt, typography, minimalist, aesthetic, gift idea, trendy design, statement tee, for men, for women",produits/niches/gsd_ofa_en__dark.png,produits/niches/gsd_ofa_en__light.png
gsd_velcro_en,niches,humor,Funny & Sarcastic,german_shepherd,en,Personal Space? I Have a GSD. - Funny & Sarcastic Typography Design,"""Personal Space? I Have a GSD."" in clean gold-and-black minimalist typography. A statement design for anyone with a sense of humor. Makes a perfect gift to wear or give. Available on tees, hoodies, stickers, mugs, tote bags, posters and more. #humor #typography","funny saying, sarcastic, sarcasm, humor, meme shirt, funny quote, personal, space, german shepherd, funny & sarcastic, funny shirt, typography, minimalist, aesthetic, gift idea, trendy design, statement tee, for men, for women",produits/niches/gsd_velcro_en__dark.png,produits/niches/gsd_velcro_en__light.png
hair_cheaper_therapy_en,niches,humor,Funny & Sarcastic,hairdressers,en,I Do Hair It's Cheaper Than Therapy - Funny & Sarcastic Typography Design,"""I Do Hair It's Cheaper Than Therapy"" in clean gold-and-black minimalist typography. A statement design for anyone with a sense of humor. Makes a perfect gift to wear or give. Available on tees, hoodies, stickers, mugs, tote bags, posters and more. #humor #typography","funny saying, sarcastic, sarcasm, humor, meme shirt, funny quote, hair, it's, cheaper, than, therapy, hairdressers, funny & sarcastic, funny shirt, typography, minimalist, aesthetic, gift idea, trendy design, statement tee, for men, for women",produits/niches/hair_cheaper_therapy_en__dark.png,produits/niches/hair_cheaper_therapy_en__light.png
hair_coiffeuse_fr,niches,humor,Funny & Sarcastic,hairdressers,fr,Coiffeuse: Pas Psy Mais Presque - Funny & Sarcastic (French) Design,"« Coiffeuse: Pas Psy Mais Presque » en typographie or et noir, minimaliste et percutante. Un design pour tous ceux qui ont de l'humour. Idée cadeau parfaite, à porter ou offrir. Disponible sur t-shirt, sweat, sticker, mug, tote bag, poster et plus. #humor #typographie","funny saying, sarcastic, sarcasm, humor, meme shirt, funny quote, coiffeuse, presque, hairdressers, funny & sarcastic, funny shirt, typography, minimalist, aesthetic, gift idea, trendy design, statement tee, for men, for women",produits/niches/hair_coiffeuse_fr__dark.png,produits/niches/hair_coiffeuse_fr__light.png
hair_color_me_en,niches,humor,Funny & Sarcastic,hairdressers,en,Color Me Happy - Funny & Sarcastic Typography Design,"""Color Me Happy"" in clean gold-and-black minimalist typography. A statement design for anyone with a sense of humor. Makes a perfect gift to wear or give. Available on tees, hoodies, stickers, mugs, tote bags, posters and more. #humor #typography","funny saying, sarcastic, sarcasm, humor, meme shirt, funny quote, color, happy, hairdressers, funny & sarcastic, funny shirt, typography, minimalist, aesthetic, gift idea, trendy design, statement tee, for men, for women",produits/niches/hair_color_me_en__dark.png,produits/niches/hair_color_me_en__light.png
hair_wizard_en,niches,humor,Funny & Sarcastic,hairdressers,en,Hair Wizard - Funny & Sarcastic Typography Design,"""Hair Wizard"" in clean gold-and-black minimalist typography. A statement design for anyone with a sense of humor. Makes a perfect gift to wear or give. Available on tees, hoodies, stickers, mugs, tote bags, posters and more. #humor #typography","funny saying, sarcastic, sarcasm, humor, meme shirt, funny quote, hair, wizard, hairdressers, funny & sarcastic, funny shirt, typography, minimalist, aesthetic, gift idea, trendy design, statement tee, for men, for women",produits/niches/hair_wizard_en__dark.png,produits/niches/hair_wizard_en__light.png
hotsauce_chili_head_en,niches,humor,Funny & Sarcastic,hot_sauce,en,Chili Head & Proud - Funny & Sarcastic Typography Design,"""Chili Head & Proud"" in clean gold-and-black minimalist typography. A statement design for anyone with a sense of humor. Makes a perfect gift to wear or give. Available on tees, hoodies, stickers, mugs, tote bags, posters and more. #humor #typography","funny saying, sarcastic, sarcasm, humor, meme shirt, funny quote, chili, head, proud, hot sauce, funny & sarcastic, funny shirt, typography, minimalist, aesthetic, gift idea, trendy design, statement tee, for men, for women",produits/niches/hotsauce_chili_head_en__dark.png,produits/niches/hotsauce_chili_head_en__light.png
hotsauce_everything_en,niches,humor,Funny & Sarcastic,hot_sauce,en,I Put Hot Sauce on Everything - Funny & Sarcastic Typography Design,"""I Put Hot Sauce on Everything"" in clean gold-and-black minimalist typography. A statement design for anyone with a sense of humor. Makes a perfect gift to wear or give. Available on tees, hoodies, stickers, mugs, tote bags, posters and more. #humor #typography","funny saying, sarcastic, sarcasm, humor, meme shirt, funny quote, sauce, everything, hot sauce, funny & sarcastic, funny shirt, typography, minimalist, aesthetic, gift idea, trendy design, statement tee, for men, for women",produits/niches/hotsauce_everything_en__dark.png,produits/niches/hotsauce_everything_en__light.png
hotsauce_painful_en,niches,humor,Funny & Sarcastic,hot_sauce,en,Some Like It Hot I Like It Painful - Funny & Sarcastic Typography Design,"""Some Like It Hot I Like It Painful"" in clean gold-and-black minimalist typography. A statement design for anyone with a sense of humor. Makes a perfect gift to wear or give. Available on tees, hoodies, stickers, mugs, tote bags, posters and more. #humor #typography","funny saying, sarcastic, sarcasm, humor, meme shirt, funny quote, some, painful, hot sauce, funny & sarcastic, funny shirt, typography, minimalist, aesthetic, gift idea, trendy design, statement tee, for men, for women",produits/niches/hotsauce_painful_en__dark.png,produits/niches/hotsauce_painful_en__light.png
hotsauce_sweating_en,niches,humor,Funny & Sarcastic,hot_sauce,en,Sweating Is Optional - Funny & Sarcastic Typography Design,"""Sweating Is Optional"" in clean gold-and-black minimalist typography. A statement design for anyone with a sense of humor. Makes a perfect gift to wear or give. Available on tees, hoodies, stickers, mugs, tote bags, posters and more. #humor #typography","funny saying, sarcastic, sarcasm, humor, meme shirt, funny quote, sweating, optional, hot sauce, funny & sarcastic, funny shirt, typography, minimalist, aesthetic, gift idea, trendy design, statement tee, for men, for women",produits/niches/hotsauce_sweating_en__dark.png,produits/niches/hotsauce_sweating_en__light.png
hunt_born_forced_en,niches,humor,Funny & Sarcastic,hunting,en,Born to Hunt Forced to Work - Funny & Sarcastic Typography Design,"""Born to Hunt Forced to Work"" in clean gold-and-black minimalist typography. A statement design for anyone with a sense of humor. Makes a perfect gift to wear or give. Available on tees, hoodies, stickers, mugs, tote bags, posters and more. #humor #typography","funny saying, sarcastic, sarcasm, humor, meme shirt, funny quote, born, hunt, forced, work, hunting, funny & sarcastic, funny shirt, typography, minimalist, aesthetic, gift idea, trendy design, statement tee, for men, for women",produits/niches/hunt_born_forced_en__dark.png,produits/niches/hunt_born_forced_en__light.png
hunt_buck_fever_en,niches,humor,Funny & Sarcastic,hunting,en,Buck Fever - Funny & Sarcastic Typography Design,"""Buck Fever"" in clean gold-and-black minimalist typography. A statement design for anyone with a sense of humor. Makes a perfect gift to wear or give. Available on tees, hoodies, stickers, mugs, tote bags, posters and more. #humor #typography","funny saying, sarcastic, sarcasm, humor, meme shirt, funny quote, buck, fever, hunting, funny & sarcastic, funny shirt, typography, minimalist, aesthetic, gift idea, trendy design, statement tee, for men, for women",produits/niches/hunt_buck_fever_en__dark.png,produits/niches/hunt_buck_fever_en__light.png
hunt_camo_color_en,niches,humor,Funny & Sarcastic,hunting,en,Camo Is My Color - Funny & Sarcastic Typography Design,"""Camo Is My Color"" in clean gold-and-black minimalist typography. A statement design for anyone with a sense of humor. Makes a perfect gift to wear or give. Available on tees, hoodies, stickers, mugs, tote bags, posters and more. #humor #typography","funny saying, sarcastic, sarcasm, humor, meme shirt, funny quote, camo, color, hunting, funny & sarcastic, funny shirt, typography, minimalist, aesthetic, gift idea, trendy design, statement tee, for men, for women",produits/niches/hunt_camo_color_en__dark.png,produits/niches/hunt_camo_color_en__light.png
hunt_rather_woods_en,niches,humor,Funny & Sarcastic,hunting,en,I'd Rather Be in the Woods - Funny & Sarcastic Typography Design,"""I'd Rather Be in the Woods"" in clean gold-and-black minimalist typography. A statement design for anyone with a sense of humor. Makes a perfect gift to wear or give. Available on tees, hoodies, stickers, mugs, tote bags, posters and more. #humor #typography","funny saying, sarcastic, sarcasm, humor, meme shirt, funny quote, rather, woods, hunting, funny & sarcastic, funny shirt, typography, minimalist, aesthetic, gift idea, trendy design, statement tee, for men, for women",produits/niches/hunt_rather_woods_en__dark.png,produits/niches/hunt_rather_woods_en__light.png
jewel_gem_en,niches,humor,Funny & Sarcastic,jewelry_making,en,She's a Gem Maker - Funny & Sarcastic Typography Design,"""She's a Gem Maker"" in clean gold-and-black minimalist typography. A statement design for anyone with a sense of humor. Makes a perfect gift to wear or give. Available on tees, hoodies, stickers, mugs, tote bags, posters and more. #humor #typography","funny saying, sarcastic, sarcasm, humor, meme shirt, funny quote, she's, maker, jewelry making, funny & sarcastic, funny shirt, typography, minimalist, aesthetic, gift idea, trendy design, statement tee, for men, for women",produits/niches/jewel_gem_en__dark.png,produits/niches/jewel_gem_en__light.png
jewel_sparkle_en,niches,humor,Funny & Sarcastic,jewelry_making,en,I Make Sparkle - Funny & Sarcastic Typography Design,"""I Make Sparkle"" in clean gold-and-black minimalist typography. A statement design for anyone with a sense of humor. Makes a perfect gift to wear or give. Available on tees, hoodies, stickers, mugs, tote bags, posters and more. #humor #typography","funny saying, sarcastic, sarcasm, humor, meme shirt, funny quote, make, sparkle, jewelry making, funny & sarcastic, funny shirt, typography, minimalist, aesthetic, gift idea, trendy design, statement tee, for men, for women",produits/niches/jewel_sparkle_en__dark.png,produits/niches/jewel_sparkle_en__light.png
jewel_wire_weaver_en,niches,humor,Funny & Sarcastic,jewelry_making,en,Wire Weaver Stone Lover - Funny & Sarcastic Typography Design,"""Wire Weaver Stone Lover"" in clean gold-and-black minimalist typography. A statement design for anyone with a sense of humor. Makes a perfect gift to wear or give. Available on tees, hoodies, stickers, mugs, tote bags, posters and more. #humor #typography","funny saying, sarcastic, sarcasm, humor, meme shirt, funny quote, wire, weaver, stone, lover, jewelry making, funny & sarcastic, funny shirt, typography, minimalist, aesthetic, gift idea, trendy design, statement tee, for men, for women",produits/niches/jewel_wire_weaver_en__dark.png,produits/niches/jewel_wire_weaver_en__light.png
kayak_less_stress_en,niches,humor,Funny & Sarcastic,kayaking,en,Kayak More Stress Less - Funny & Sarcastic Typography Design,"""Kayak More Stress Less"" in clean gold-and-black minimalist typography. A statement design for anyone with a sense of humor. Makes a perfect gift to wear or give. Available on tees, hoodies, stickers, mugs, tote bags, posters and more. #humor #typography","funny saying, sarcastic, sarcasm, humor, meme shirt, funny quote, kayak, more, stress, less, kayaking, funny & sarcastic, funny shirt, typography, minimalist, aesthetic, gift idea, trendy design, statement tee, for men, for women",produits/niches/kayak_less_stress_en__dark.png,produits/niches/kayak_less_stress_en__light.png
kayak_rather_paddle_en,niches,humor,Funny & Sarcastic,kayaking,en,I'd Rather Be Paddling - Funny & Sarcastic Typography Design,"""I'd Rather Be Paddling"" in clean gold-and-black minimalist typography. A statement design for anyone with a sense of humor. Makes a perfect gift to wear or give. Available on tees, hoodies, stickers, mugs, tote bags, posters and more. #humor #typography","funny saying, sarcastic, sarcasm, humor, meme shirt, funny quote, rather, paddling, kayaking, funny & sarcastic, funny shirt, typography, minimalist, aesthetic, gift idea, trendy design, statement tee, for men, for women",produits/niches/kayak_rather_paddle_en__dark.png,produits/niches/kayak_rather_paddle_en__light.png
kayak_water_en,niches,humor,Funny & Sarcastic,kayaking,en,Life Is Better on the Water - Funny & Sarcastic Typography Design,"""Life Is Better on the Water"" in clean gold-and-black minimalist typography. A statement design for anyone with a sense of humor. Makes a perfect gift to wear or give. Available on tees, hoodies, stickers, mugs, tote bags, posters and more. #humor #typography","funny saying, sarcastic, sarcasm, humor, meme shirt, funny quote, life, better, water, kayaking, funny & sarcastic, funny shirt, typography, minimalist, aesthetic, gift idea, trendy design, statement tee, for men, for women",produits/niches/kayak_water_en__dark.png,produits/niches/kayak_water_en__light.png
lib_quiet_rebel_en,niches,humor,Funny & Sarcastic,librarians,en,Quietly Rebellious - Funny & Sarcastic Typography Design,"""Quietly Rebellious"" in clean gold-and-black minimalist typography. A statement design for anyone with a sense of humor. Makes a perfect gift to wear or give. Available on tees, hoodies, stickers, mugs, tote bags, posters and more. #humor #typography","funny saying, sarcastic, sarcasm, humor, meme shirt, funny quote, quietly, rebellious, librarians, funny & sarcastic, funny shirt, typography, minimalist, aesthetic, gift idea, trendy design, statement tee, for men, for women",produits/niches/lib_quiet_rebel_en__dark.png,produits/niches/lib_quiet_rebel_en__light.png
lib_shh_en,niches,humor,Funny & Sarcastic,librarians,en,Shhh I'm a Librarian - Funny & Sarcastic Typography Design,"""Shhh I'm a Librarian"" in clean gold-and-black minimalist typography. A statement design for anyone with a sense of humor. Makes a perfect gift to wear or give. Available on tees, hoodies, stickers, mugs, tote bags, posters and more. #humor #typography","funny saying, sarcastic, sarcasm, humor, meme shirt, funny quote, shhh, librarian, librarians, funny & sarcastic, funny shirt, typography, minimalist, aesthetic, gift idea, trendy design, statement tee, for men, for women",produits/niches/lib_shh_en__dark.png,produits/niches/lib_shh_en__light.png
mal_bh_en,niches,humor,Funny & Sarcastic,malinois,en,He Passed His BH I Cried in the Ring - Funny & Sarcastic Typography Design,"""He Passed His BH I Cried in the Ring"" in clean gold-and-black minimalist typography. A statement design for anyone with a sense of humor. Makes a perfect gift to wear or give. Available on tees, hoodies, stickers, mugs, tote bags, posters and more. #humor #typography","funny saying, sarcastic, sarcasm, humor, meme shirt, funny quote, passed, cried, ring, malinois, funny & sarcastic, funny shirt, typography, minimalist, aesthetic, gift idea, trendy design, statement tee, for men, for women",produits/niches/mal_bh_en__dark.png,produits/niches/mal_bh_en__light.png
mal_bite_work_en,niches,humor,Funny & Sarcastic,malinois,en,Bite Work Is Our Cardio. Both of Us. - Funny & Sarcastic Typography Design,"""Bite Work Is Our Cardio. Both of Us."" in clean gold-and-black minimalist typography. A statement design for anyone with a sense of humor. Makes a perfect gift to wear or give. Available on tees, hoodies, stickers, mugs, tote bags, posters and more. #humor #typography","funny saying, sarcastic, sarcasm, humor, meme shirt, funny quote, bite, work, cardio, both, malinois, funny & sarcastic, funny shirt, typography, minimalist, aesthetic, gift idea, trendy design, statement tee, for men, for women",produits/niches/mal_bite_work_en__dark.png,produits/niches/mal_bite_work_en__light.png
mal_drive_en,niches,humor,Funny & Sarcastic,malinois,en,My Mal Has More Drive Than My Car - Funny & Sarcastic Typography Design,"""My Mal Has More Drive Than My Car"" in clean gold-and-black minimalist typography. A statement design for anyone with a sense of humor. Makes a perfect gift to wear or give. Available on tees, hoodies, stickers, mugs, tote bags, posters and more. #humor #typography","funny saying, sarcastic, sarcasm, humor, meme shirt, funny quote, more, drive, than, malinois, funny & sarcastic, funny shirt, typography, minimalist, aesthetic, gift idea, trendy design, statement tee, for men, for women",produits/niches/mal_drive_en__dark.png,produits/niches/mal_drive_en__light.png
mal_esclave_fr,niches,humor,Funny & Sarcastic,malinois,fr,Esclave de Mon Malinois - Funny & Sarcastic (French) Design,"« Esclave de Mon Malinois » en typographie or et noir, minimaliste et percutante. Un design pour tous ceux qui ont de l'humour. Idée cadeau parfaite, à porter ou offrir. Disponible sur t-shirt, sweat, sticker, mug, tote bag, poster et plus. #humor #typographie","funny saying, sarcastic, sarcasm, humor, meme shirt, funny quote, esclave, malinois, funny & sarcastic, funny shirt, typography, minimalist, aesthetic, gift idea, trendy design, statement tee, for men, for women",produits/niches/mal_esclave_fr__dark.png,produits/niches/mal_esclave_fr__light.png
mal_knpv_en,niches,humor,Funny & Sarcastic,malinois,en,KNPV Lines That's the Dream - Funny & Sarcastic Typography Design,"""KNPV Lines That's the Dream"" in clean gold-and-black minimalist typography. A statement design for anyone with a sense of humor. Makes a perfect gift to wear or give. Available on tees, hoodies, stickers, mugs, tote bags, posters and more. #humor #typography","funny saying, sarcastic, sarcasm, humor, meme shirt, funny quote, knpv, lines, that's, dream, malinois, funny & sarcastic, funny shirt, typography, minimalist, aesthetic, gift idea, trendy design, statement tee, for men, for women",produits/niches/mal_knpv_en__dark.png,produits/niches/mal_knpv_en__light.png
medi_breathe_en,niches,humor,Funny & Sarcastic,meditation,en,Breathe Just Breathe - Funny & Sarcastic Typography Design,"""Breathe Just Breathe"" in clean gold-and-black minimalist typography. A statement design for anyone with a sense of humor. Makes a perfect gift to wear or give. Available on tees, hoodies, stickers, mugs, tote bags, posters and more. #humor #typography","funny saying, sarcastic, sarcasm, humor, meme shirt, funny quote, breathe, meditation, funny & sarcastic, funny shirt, typography, minimalist, aesthetic, gift idea, trendy design, statement tee, for men, for women",produits/niches/medi_breathe_en__dark.png,produits/niches/medi_breathe_en__light.png
medi_chaos_en,niches,humor,Funny & Sarcastic,meditation,en,Meditating My Way Through Chaos - Funny & Sarcastic Typography Design,"""Meditating My Way Through Chaos"" in clean gold-and-black minimalist typography. A statement design for anyone with a sense of humor. Makes a perfect gift to wear or give. Available on tees, hoodies, stickers, mugs, tote bags, posters and more. #humor #typography","funny saying, sarcastic, sarcasm, humor, meme shirt, funny quote, meditating, through, chaos, meditation, funny & sarcastic, funny shirt, typography, minimalist, aesthetic, gift idea, trendy design, statement tee, for men, for women",produits/niches/medi_chaos_en__dark.png,produits/niches/medi_chaos_en__light.png
medi_namaste_en,niches,humor,Funny & Sarcastic,meditation,en,Namaste (Or I'll Meditate on It) - Funny & Sarcastic Typography Design,"""Namaste (Or I'll Meditate on It)"" in clean gold-and-black minimalist typography. A statement design for anyone with a sense of humor. Makes a perfect gift to wear or give. Available on tees, hoodies, stickers, mugs, tote bags, posters and more. #humor #typography","funny saying, sarcastic, sarcasm, humor, meme shirt, funny quote, namaste, i'll, meditate, meditation, funny & sarcastic, funny shirt, typography, minimalist, aesthetic, gift idea, trendy design, statement tee, for men, for women",produits/niches/medi_namaste_en__dark.png,produits/niches/medi_namaste_en__light.png
mf_chanterelle_en,niches,humor,Funny & Sarcastic,mushroom_foraging,en,Found a Chanterelle Told No One - Funny & Sarcastic Typography Design,"""Found a Chanterelle Told No One"" in clean gold-and-black minimalist typography. A statement design for anyone with a sense of humor. Makes a perfect gift to wear or give. Available on tees, hoodies, stickers, mugs, tote bags, posters and more. #humor #typography","funny saying, sarcastic, sarcasm, humor, meme shirt, funny quote, found, chanterelle, told, mushroom foraging, funny & sarcastic, funny shirt, typography, minimalist, aesthetic, gift idea, trendy design, statement tee, for men, for women",produits/niches/mf_chanterelle_en__dark.png,produits/niches/mf_chanterelle_en__light.png
mf_galerina_en,niches,humor,Funny & Sarcastic,mushroom_foraging,en,Galerina Looks Like Honey Fungus Learn the Difference - Funny & Sarcastic Typography Design,"""Galerina Looks Like Honey Fungus Learn the Difference"" in clean gold-and-black minimalist typography. A statement design for anyone with a sense of humor. Makes a perfect gift to wear or give. Available on tees, hoodies, stickers, mugs, tote bags, posters and more. #humor #typography","funny saying, sarcastic, sarcasm, humor, meme shirt, funny quote, galerina, looks, honey, fungus, learn, mushroom foraging, funny & sarcastic, funny shirt, typography, minimalist, aesthetic, gift idea, trendy design, statement tee, for men, for women",produits/niches/mf_galerina_en__dark.png,produits/niches/mf_galerina_en__light.png
mf_inoculation_en,niches,humor,Funny & Sarcastic,mushroom_foraging,en,I Inoculate Logs on the Weekend - Funny & Sarcastic Typography Design,"""I Inoculate Logs on the Weekend"" in clean gold-and-black minimalist typography. A statement design for anyone with a sense of humor. Makes a perfect gift to wear or give. Available on tees, hoodies, stickers, mugs, tote bags, posters and more. #humor #typography","funny saying, sarcastic, sarcasm, humor, meme shirt, funny quote, inoculate, logs, weekend, mushroom foraging, funny & sarcastic, funny shirt, typography, minimalist, aesthetic, gift idea, trendy design, statement tee, for men, for women",produits/niches/mf_inoculation_en__dark.png,produits/niches/mf_inoculation_en__light.png
mf_spore_print_en,niches,humor,Funny & Sarcastic,mushroom_foraging,en,When in Doubt Take a Spore Print - Funny & Sarcastic Typography Design,"""When in Doubt Take a Spore Print"" in clean gold-and-black minimalist typography. A statement design for anyone with a sense of humor. Makes a perfect gift to wear or give. Available on tees, hoodies, stickers, mugs, tote bags, posters and more. #humor #typography","funny saying, sarcastic, sarcasm, humor, meme shirt, funny quote, doubt, take, spore, print, mushroom foraging, funny & sarcastic, funny shirt, typography, minimalist, aesthetic, gift idea, trendy design, statement tee, for men, for women",produits/niches/mf_spore_print_en__dark.png,produits/niches/mf_spore_print_en__light.png
mf_spot_en,niches,humor,Funny & Sarcastic,mushroom_foraging,en,I Never Reveal My Spot - Funny & Sarcastic Typography Design,"""I Never Reveal My Spot"" in clean gold-and-black minimalist typography. A statement design for anyone with a sense of humor. Makes a perfect gift to wear or give. Available on tees, hoodies, stickers, mugs, tote bags, posters and more. #humor #typography","funny saying, sarcastic, sarcasm, humor, meme shirt, funny quote, never, reveal, spot, mushroom foraging, funny & sarcastic, funny shirt, typography, minimalist, aesthetic, gift idea, trendy design, statement tee, for men, for women",produits/niches/mf_spot_en__dark.png,produits/niches/mf_spot_en__light.png
mis_alone_en,niches,humor,Funny & Sarcastic,misanthropy,en,Not Antisocial Just Selectively Social - Funny & Sarcastic Typography Design,"""Not Antisocial Just Selectively Social"" in clean gold-and-black minimalist typography. A statement design for anyone with a sense of humor. Makes a perfect gift to wear or give. Available on tees, hoodies, stickers, mugs, tote bags, posters and more. #humor #typography","funny saying, sarcastic, sarcasm, humor, meme shirt, funny quote, antisocial, selectively, social, misanthropy, funny & sarcastic, funny shirt, typography, minimalist, aesthetic, gift idea, trendy design, statement tee, for men, for women",produits/niches/mis_alone_en__dark.png,produits/niches/mis_alone_en__light.png
mis_bonjour_fr,niches,humor,Funny & Sarcastic,misanthropy,fr,Bonjour (Je mens) - Funny & Sarcastic (French) Design,"« Bonjour (Je mens) » en typographie or et noir, minimaliste et percutante. Un design pour tous ceux qui ont de l'humour. Idée cadeau parfaite, à porter ou offrir. Disponible sur t-shirt, sweat, sticker, mug, tote bag, poster et plus. #humor #typographie","funny saying, sarcastic, sarcasm, humor, meme shirt, funny quote, bonjour, mens, misanthropy, funny & sarcastic, funny shirt, typography, minimalist, aesthetic, gift idea, trendy design, statement tee, for men, for women",produits/niches/mis_bonjour_fr__dark.png,produits/niches/mis_bonjour_fr__light.png
mis_bruit_fr,niches,humor,Funny & Sarcastic,misanthropy,fr,Le silence est d'or Les gens sont du bruit - Funny & Sarcastic (French) Design,"« Le silence est d'or Les gens sont du bruit » en typographie or et noir, minimaliste et percutante. Un design pour tous ceux qui ont de l'humour. Idée cadeau parfaite, à porter ou offrir. Disponible sur t-shirt, sweat, sticker, mug, tote bag, poster et plus. #humor #typographie","funny saying, sarcastic, sarcasm, humor, meme shirt, funny quote, silence, d'or, gens, bruit, misanthropy, funny & sarcastic, funny shirt, typography, minimalist, aesthetic, gift idea, trendy design, statement tee, for men, for women",produits/niches/mis_bruit_fr__dark.png,produits/niches/mis_bruit_fr__light.png
mis_cancel_en,niches,humor,Funny & Sarcastic,misanthropy,en,My Plans Got Cancelled I Cancelled Them Myself - Funny & Sarcastic Typography Design,"""My Plans Got Cancelled I Cancelled Them Myself"" in clean gold-and-black minimalist typography. A statement design for anyone with a sense of humor. Makes a perfect gift to wear or give. Available on tees, hoodies, stickers, mugs, tote bags, posters and more. #humor #typography","funny saying, sarcastic, sarcasm, humor, meme shirt, funny quote, plans, cancelled, them, myself, misanthropy, funny & sarcastic, funny shirt, typography, minimalist, aesthetic, gift idea, trendy design, statement tee, for men, for women",produits/niches/mis_cancel_en__dark.png,produits/niches/mis_cancel_en__light.png
mis_enfer_fr,niches,humor,Funny & Sarcastic,misanthropy,fr,L'enfer c'est les autres mais un peu moi quand même - Funny & Sarcastic (French) Design,"« L'enfer c'est les autres mais un peu moi quand même » en typographie or et noir, minimaliste et percutante. Un design pour tous ceux qui ont de l'humour. Idée cadeau parfaite, à porter ou offrir. Disponible sur t-shirt, sweat, sticker, mug, tote bag, poster et plus. #humor #typographie","funny saying, sarcastic, sarcasm, humor, meme shirt, funny quote, l'enfer, c'est, autres, quand, même, misanthropy, funny & sarcastic, funny shirt, typography, minimalist, aesthetic, gift idea, trendy design, statement tee, for men, for women",produits/niches/mis_enfer_fr__dark.png,produits/niches/mis_enfer_fr__light.png
mis_fine_en,niches,humor,Funny & Sarcastic,misanthropy,en,I'm Fine (I'm Not Talking About It) - Funny & Sarcastic Typography Design,"""I'm Fine (I'm Not Talking About It)"" in clean gold-and-black minimalist typography. A statement design for anyone with a sense of humor. Makes a perfect gift to wear or give. Available on tees, hoodies, stickers, mugs, tote bags, posters and more. #humor #typography","funny saying, sarcastic, sarcasm, humor, meme shirt, funny quote, fine, talking, about, misanthropy, funny & sarcastic, funny shirt, typography, minimalist, aesthetic, gift idea, trendy design, statement tee, for men, for women",produits/niches/mis_fine_en__dark.png,produits/niches/mis_fine_en__light.png
mis_hell_en,niches,humor,Funny & Sarcastic,misanthropy,en,Hell Is Other People (And a Bit Me Too) - Funny & Sarcastic Typography Design,"""Hell Is Other People (And a Bit Me Too)"" in clean gold-and-black minimalist typography. A statement design for anyone with a sense of humor. Makes a perfect gift to wear or give. Available on tees, hoodies, stickers, mugs, tote bags, posters and more. #humor #typography","funny saying, sarcastic, sarcasm, humor, meme shirt, funny quote, hell, other, people, misanthropy, funny & sarcastic, funny shirt, typography, minimalist, aesthetic, gift idea, trendy design, statement tee, for men, for women",produits/niches/mis_hell_en__dark.png,produits/niches/mis_hell_en__light.png
mis_hoelle_de,niches,humor,Funny & Sarcastic,misanthropy,de,Die Hölle das sind die anderen Ein bisschen ich auch - Funny & Sarcastic (German) Design,"""Die Hölle das sind die anderen Ein bisschen ich auch"" in clean gold-and-black minimalist typography. A statement design for anyone with a sense of humor. Makes a perfect gift to wear or give. Available on tees, hoodies, stickers, mugs, tote bags, posters and more. #humor #typography","funny saying, sarcastic, sarcasm, humor, meme shirt, funny quote, hölle, sind, anderen, bisschen, auch, misanthropy, funny & sarcastic, funny shirt, typography, minimalist, aesthetic, gift idea, trendy design, statement tee, for men, for women",produits/niches/mis_hoelle_de__dark.png,produits/niches/mis_hoelle_de__light.png
mis_infierno_es,niches,humor,Funny & Sarcastic,misanthropy,es,El infierno son los demás Y un poco yo también - Funny & Sarcastic (Spanish) Design,"""El infierno son los demás Y un poco yo también"" in clean gold-and-black minimalist typography. A statement design for anyone with a sense of humor. Makes a perfect gift to wear or give. Available on tees, hoodies, stickers, mugs, tote bags, posters and more. #humor #typography","funny saying, sarcastic, sarcasm, humor, meme shirt, funny quote, infierno, demás, poco, también, misanthropy, funny & sarcastic, funny shirt, typography, minimalist, aesthetic, gift idea, trendy design, statement tee, for men, for women",produits/niches/mis_infierno_es__dark.png,produits/niches/mis_infierno_es__light.png
mis_monde_fr,niches,humor,Funny & Sarcastic,misanthropy,fr,Je ne déteste pas les gens Je déteste les foules - Funny & Sarcastic (French) Design,"« Je ne déteste pas les gens Je déteste les foules » en typographie or et noir, minimaliste et percutante. Un design pour tous ceux qui ont de l'humour. Idée cadeau parfaite, à porter ou offrir. Disponible sur t-shirt, sweat, sticker, mug, tote bag, poster et plus. #humor #typographie","funny saying, sarcastic, sarcasm, humor, meme shirt, funny quote, déteste, gens, foules, misanthropy, funny & sarcastic, funny shirt, typography, minimalist, aesthetic, gift idea, trendy design, statement tee, for men, for women",produits/niches/mis_monde_fr__dark.png,produits/niches/mis_monde_fr__light.png
mis_morning_en,niches,humor,Funny & Sarcastic,misanthropy,en,Good Morning (I Don't Mean That) - Funny & Sarcastic Typography Design,"""Good Morning (I Don't Mean That)"" in clean gold-and-black minimalist typography. A statement design for anyone with a sense of humor. Makes a perfect gift to wear or give. Available on tees, hoodies, stickers, mugs, tote bags, posters and more. #humor #typography","funny saying, sarcastic, sarcasm, humor, meme shirt, funny quote, good, morning, don't, mean, misanthropy, funny & sarcastic, funny shirt, typography, minimalist, aesthetic, gift idea, trendy design, statement tee, for men, for women",produits/niches/mis_morning_en__dark.png,produits/niches/mis_morning_en__light.png
mis_plan_fr,niches,humor,Funny & Sarcastic,misanthropy,fr,J'ai annulé mes plans Ils n'étaient pas bons de toute façon - Funny & Sarcastic (French) Design,"« J'ai annulé mes plans Ils n'étaient pas bons de toute façon » en typographie or et noir, minimaliste et percutante. Un design pour tous ceux qui ont de l'humour. Idée cadeau parfaite, à porter ou offrir. Disponible sur t-shirt, sweat, sticker, mug, tote bag, poster et plus. #humor #typographie","funny saying, sarcastic, sarcasm, humor, meme shirt, funny quote, j'ai, annulé, plans, n'étaient, bons, misanthropy, funny & sarcastic, funny shirt, typography, minimalist, aesthetic, gift idea, trendy design, statement tee, for men, for women",produits/niches/mis_plan_fr__dark.png,produits/niches/mis_plan_fr__light.png
mis_ruhe_de,niches,humor,Funny & Sarcastic,misanthropy,de,Ich brauche Ruhe Keine Menschen - Funny & Sarcastic (German) Design,"""Ich brauche Ruhe Keine Menschen"" in clean gold-and-black minimalist typography. A statement design for anyone with a sense of humor. Makes a perfect gift to wear or give. Available on tees, hoodies, stickers, mugs, tote bags, posters and more. #humor #typography","funny saying, sarcastic, sarcasm, humor, meme shirt, funny quote, brauche, ruhe, keine, menschen, misanthropy, funny & sarcastic, funny shirt, typography, minimalist, aesthetic, gift idea, trendy design, statement tee, for men, for women",produits/niches/mis_ruhe_de__dark.png,produits/niches/mis_ruhe_de__light.png
mis_silenzio_it,niches,humor,Funny & Sarcastic,misanthropy,it,L'inferno sono gli altri E un po' anch'io - Funny & Sarcastic (Italian) Design,"""L'inferno sono gli altri E un po' anch'io"" in clean gold-and-black minimalist typography. A statement design for anyone with a sense of humor. Makes a perfect gift to wear or give. Available on tees, hoodies, stickers, mugs, tote bags, posters and more. #humor #typography","funny saying, sarcastic, sarcasm, humor, meme shirt, funny quote, l'inferno, sono, altri, anch'io, misanthropy, funny & sarcastic, funny shirt, typography, minimalist, aesthetic, gift idea, trendy design, statement tee, for men, for women",produits/niches/mis_silenzio_it__dark.png,produits/niches/mis_silenzio_it__light.png
mis_sociable_fr,niches,humor,Funny & Sarcastic,misanthropy,fr,Je suis sociable Avec les gens qui ne me parlent pas - Funny & Sarcastic (French) Design,"« Je suis sociable Avec les gens qui ne me parlent pas » en typographie or et noir, minimaliste et percutante. Un design pour tous ceux qui ont de l'humour. Idée cadeau parfaite, à porter ou offrir. Disponible sur t-shirt, sweat, sticker, mug, tote bag, poster et plus. #humor #typographie","funny saying, sarcastic, sarcasm, humor, meme shirt, funny quote, suis, sociable, gens, parlent, misanthropy, funny & sarcastic, funny shirt, typography, minimalist, aesthetic, gift idea, trendy design, statement tee, for men, for women",produits/niches/mis_sociable_fr__dark.png,produits/niches/mis_sociable_fr__light.png
mis_travail_fr,niches,humor,Funny & Sarcastic,misanthropy,fr,Le travail c'est la santé Vive les malades - Funny & Sarcastic (French) Design,"« Le travail c'est la santé Vive les malades » en typographie or et noir, minimaliste et percutante. Un design pour tous ceux qui ont de l'humour. Idée cadeau parfaite, à porter ou offrir. Disponible sur t-shirt, sweat, sticker, mug, tote bag, poster et plus. #humor #typographie","funny saying, sarcastic, sarcasm, humor, meme shirt, funny quote, travail, c'est, santé, vive, malades, misanthropy, funny & sarcastic, funny shirt, typography, minimalist, aesthetic, gift idea, trendy design, statement tee, for men, for women",produits/niches/mis_travail_fr__dark.png,produits/niches/mis_travail_fr__light.png
moto_born_to_ride_en,niches,humor,Funny & Sarcastic,motorcycle,en,Born to Ride - Funny & Sarcastic Typography Design,"""Born to Ride"" in clean gold-and-black minimalist typography. A statement design for anyone with a sense of humor. Makes a perfect gift to wear or give. Available on tees, hoodies, stickers, mugs, tote bags, posters and more. #humor #typography","funny saying, sarcastic, sarcasm, humor, meme shirt, funny quote, born, ride, motorcycle, funny & sarcastic, funny shirt, typography, minimalist, aesthetic, gift idea, trendy design, statement tee, for men, for women",produits/niches/moto_born_to_ride_en__dark.png,produits/niches/moto_born_to_ride_en__light.png
moto_loud_pipes_en,niches,humor,Funny & Sarcastic,motorcycle,en,Loud Pipes Save Lives - Funny & Sarcastic Typography Design,"""Loud Pipes Save Lives"" in clean gold-and-black minimalist typography. A statement design for anyone with a sense of humor. Makes a perfect gift to wear or give. Available on tees, hoodies, stickers, mugs, tote bags, posters and more. #humor #typography","funny saying, sarcastic, sarcasm, humor, meme shirt, funny quote, loud, pipes, save, lives, motorcycle, funny & sarcastic, funny shirt, typography, minimalist, aesthetic, gift idea, trendy design, statement tee, for men, for women",produits/niches/moto_loud_pipes_en__dark.png,produits/niches/moto_loud_pipes_en__light.png
moto_ride_more_en,niches,humor,Funny & Sarcastic,motorcycle,en,Ride More Worry Less - Funny & Sarcastic Typography Design,"""Ride More Worry Less"" in clean gold-and-black minimalist typography. A statement design for anyone with a sense of humor. Makes a perfect gift to wear or give. Available on tees, hoodies, stickers, mugs, tote bags, posters and more. #humor #typography","funny saying, sarcastic, sarcasm, humor, meme shirt, funny quote, ride, more, worry, less, motorcycle, funny & sarcastic, funny shirt, typography, minimalist, aesthetic, gift idea, trendy design, statement tee, for men, for women",produits/niches/moto_ride_more_en__dark.png,produits/niches/moto_ride_more_en__light.png
moto_two_wheels_en,niches,humor,Funny & Sarcastic,motorcycle,en,Two Wheels One Love - Funny & Sarcastic Typography Design,"""Two Wheels One Love"" in clean gold-and-black minimalist typography. A statement design for anyone with a sense of humor. Makes a perfect gift to wear or give. Available on tees, hoodies, stickers, mugs, tote bags, posters and more. #humor #typography","funny saying, sarcastic, sarcasm, humor, meme shirt, funny quote, wheels, love, motorcycle, funny & sarcastic, funny shirt, typography, minimalist, aesthetic, gift idea, trendy design, statement tee, for men, for women",produits/niches/moto_two_wheels_en__dark.png,produits/niches/moto_two_wheels_en__light.png
padel_cant_en,niches,humor,Funny & Sarcastic,padel,en,Sorry I Can't I Have Padel - Funny & Sarcastic Typography Design,"""Sorry I Can't I Have Padel"" in clean gold-and-black minimalist typography. A statement design for anyone with a sense of humor. Makes a perfect gift to wear or give. Available on tees, hoodies, stickers, mugs, tote bags, posters and more. #humor #typography","funny saying, sarcastic, sarcasm, humor, meme shirt, funny quote, sorry, can't, padel, funny & sarcastic, funny shirt, typography, minimalist, aesthetic, gift idea, trendy design, statement tee, for men, for women",produits/niches/padel_cant_en__dark.png,produits/niches/padel_cant_en__light.png
padel_cant_fr,niches,humor,Funny & Sarcastic,padel,fr,Désolé Je Peux Pas J'ai Padel - Funny & Sarcastic (French) Design,"« Désolé Je Peux Pas J'ai Padel » en typographie or et noir, minimaliste et percutante. Un design pour tous ceux qui ont de l'humour. Idée cadeau parfaite, à porter ou offrir. Disponible sur t-shirt, sweat, sticker, mug, tote bag, poster et plus. #humor #typographie","funny saying, sarcastic, sarcasm, humor, meme shirt, funny quote, désolé, peux, j'ai, padel, funny & sarcastic, funny shirt, typography, minimalist, aesthetic, gift idea, trendy design, statement tee, for men, for women",produits/niches/padel_cant_fr__dark.png,produits/niches/padel_cant_fr__light.png
padel_life_en,niches,humor,Funny & Sarcastic,padel,en,Padel Is Life - Funny & Sarcastic Typography Design,"""Padel Is Life"" in clean gold-and-black minimalist typography. A statement design for anyone with a sense of humor. Makes a perfect gift to wear or give. Available on tees, hoodies, stickers, mugs, tote bags, posters and more. #humor #typography","funny saying, sarcastic, sarcasm, humor, meme shirt, funny quote, padel, life, funny & sarcastic, funny shirt, typography, minimalist, aesthetic, gift idea, trendy design, statement tee, for men, for women",produits/niches/padel_life_en__dark.png,produits/niches/padel_life_en__light.png
paint_accidents_en,niches,humor,Funny & Sarcastic,painting,en,Happy Little Accidents - Funny & Sarcastic Typography Design,"""Happy Little Accidents"" in clean gold-and-black minimalist typography. A statement design for anyone with a sense of humor. Makes a perfect gift to wear or give. Available on tees, hoodies, stickers, mugs, tote bags, posters and more. #humor #typography","funny saying, sarcastic, sarcasm, humor, meme shirt, funny quote, happy, little, accidents, painting, funny & sarcastic, funny shirt, typography, minimalist, aesthetic, gift idea, trendy design, statement tee, for men, for women",produits/niches/paint_accidents_en__dark.png,produits/niches/paint_accidents_en__light.png
paint_mess_en,niches,humor,Funny & Sarcastic,painting,en,I Make Messes on Canvas - Funny & Sarcastic Typography Design,"""I Make Messes on Canvas"" in clean gold-and-black minimalist typography. A statement design for anyone with a sense of humor. Makes a perfect gift to wear or give. Available on tees, hoodies, stickers, mugs, tote bags, posters and more. #humor #typography","funny saying, sarcastic, sarcasm, humor, meme shirt, funny quote, make, messes, canvas, painting, funny & sarcastic, funny shirt, typography, minimalist, aesthetic, gift idea, trendy design, statement tee, for men, for women",produits/niches/paint_mess_en__dark.png,produits/niches/paint_mess_en__light.png
paint_therapy_en,niches,humor,Funny & Sarcastic,painting,en,Art Is My Therapy - Funny & Sarcastic Typography Design,"""Art Is My Therapy"" in clean gold-and-black minimalist typography. A statement design for anyone with a sense of humor. Makes a perfect gift to wear or give. Available on tees, hoodies, stickers, mugs, tote bags, posters and more. #humor #typography","funny saying, sarcastic, sarcasm, humor, meme shirt, funny quote, therapy, painting, funny & sarcastic, funny shirt, typography, minimalist, aesthetic, gift idea, trendy design, statement tee, for men, for women",produits/niches/paint_therapy_en__dark.png,produits/niches/paint_therapy_en__light.png
phleb_find_veins_en,niches,humor,Funny & Sarcastic,phlebotomist,en,I Find Veins for a Living - Funny & Sarcastic Typography Design,"""I Find Veins for a Living"" in clean gold-and-black minimalist typography. A statement design for anyone with a sense of humor. Makes a perfect gift to wear or give. Available on tees, hoodies, stickers, mugs, tote bags, posters and more. #humor #typography","funny saying, sarcastic, sarcasm, humor, meme shirt, funny quote, find, veins, living, phlebotomist, funny & sarcastic, funny shirt, typography, minimalist, aesthetic, gift idea, trendy design, statement tee, for men, for women",produits/niches/phleb_find_veins_en__dark.png,produits/niches/phleb_find_veins_en__light.png
phleb_hard_stick_en,niches,humor,Funny & Sarcastic,phlebotomist,en,Hard Stick? Challenge Accepted - Funny & Sarcastic Typography Design,"""Hard Stick? Challenge Accepted"" in clean gold-and-black minimalist typography. A statement design for anyone with a sense of humor. Makes a perfect gift to wear or give. Available on tees, hoodies, stickers, mugs, tote bags, posters and more. #humor #typography","funny saying, sarcastic, sarcasm, humor, meme shirt, funny quote, hard, stick, challenge, accepted, phlebotomist, funny & sarcastic, funny shirt, typography, minimalist, aesthetic, gift idea, trendy design, statement tee, for men, for women",produits/niches/phleb_hard_stick_en__dark.png,produits/niches/phleb_hard_stick_en__light.png
phleb_here_for_veins_en,niches,humor,Funny & Sarcastic,phlebotomist,en,I'm Just Here for the Veins - Funny & Sarcastic Typography Design,"""I'm Just Here for the Veins"" in clean gold-and-black minimalist typography. A statement design for anyone with a sense of humor. Makes a perfect gift to wear or give. Available on tees, hoodies, stickers, mugs, tote bags, posters and more. #humor #typography","funny saying, sarcastic, sarcasm, humor, meme shirt, funny quote, here, veins, phlebotomist, funny & sarcastic, funny shirt, typography, minimalist, aesthetic, gift idea, trendy design, statement tee, for men, for women",produits/niches/phleb_here_for_veins_en__dark.png,produits/niches/phleb_here_for_veins_en__light.png
phleb_your_type_en,niches,humor,Funny & Sarcastic,phlebotomist,en,Whatever Your Type I'll Find It - Funny & Sarcastic Typography Design,"""Whatever Your Type I'll Find It"" in clean gold-and-black minimalist typography. A statement design for anyone with a sense of humor. Makes a perfect gift to wear or give. Available on tees, hoodies, stickers, mugs, tote bags, posters and more. #humor #typography","funny saying, sarcastic, sarcasm, humor, meme shirt, funny quote, whatever, type, i'll, find, phlebotomist, funny & sarcastic, funny shirt, typography, minimalist, aesthetic, gift idea, trendy design, statement tee, for men, for women",produits/niches/phleb_your_type_en__dark.png,produits/niches/phleb_your_type_en__light.png
pickle_cardio_en,niches,humor,Funny & Sarcastic,pickleball,en,Pickleball Is My Cardio - Funny & Sarcastic Typography Design,"""Pickleball Is My Cardio"" in clean gold-and-black minimalist typography. A statement design for anyone with a sense of humor. Makes a perfect gift to wear or give. Available on tees, hoodies, stickers, mugs, tote bags, posters and more. #humor #typography","funny saying, sarcastic, sarcasm, humor, meme shirt, funny quote, pickleball, cardio, funny & sarcastic, funny shirt, typography, minimalist, aesthetic, gift idea, trendy design, statement tee, for men, for women",produits/niches/pickle_cardio_en__dark.png,produits/niches/pickle_cardio_en__light.png
pickle_dink_responsibly_en,niches,humor,Funny & Sarcastic,pickleball,en,Dink Responsibly - Funny & Sarcastic Typography Design,"""Dink Responsibly"" in clean gold-and-black minimalist typography. A statement design for anyone with a sense of humor. Makes a perfect gift to wear or give. Available on tees, hoodies, stickers, mugs, tote bags, posters and more. #humor #typography","funny saying, sarcastic, sarcasm, humor, meme shirt, funny quote, dink, responsibly, pickleball, funny & sarcastic, funny shirt, typography, minimalist, aesthetic, gift idea, trendy design, statement tee, for men, for women",produits/niches/pickle_dink_responsibly_en__dark.png,produits/niches/pickle_dink_responsibly_en__light.png
pickle_repeat_en,niches,humor,Funny & Sarcastic,pickleball,en,Eat. Sleep. Dink. Repeat. - Funny & Sarcastic Typography Design,"""Eat. Sleep. Dink. Repeat."" in clean gold-and-black minimalist typography. A statement design for anyone with a sense of humor. Makes a perfect gift to wear or give. Available on tees, hoodies, stickers, mugs, tote bags, posters and more. #humor #typography","funny saying, sarcastic, sarcasm, humor, meme shirt, funny quote, sleep, dink, repeat, pickleball, funny & sarcastic, funny shirt, typography, minimalist, aesthetic, gift idea, trendy design, statement tee, for men, for women",produits/niches/pickle_repeat_en__dark.png,produits/niches/pickle_repeat_en__light.png
pickle_sorry_cant_en,niches,humor,Funny & Sarcastic,pickleball,en,Sorry I Can't I Have Pickleball - Funny & Sarcastic Typography Design,"""Sorry I Can't I Have Pickleball"" in clean gold-and-black minimalist typography. A statement design for anyone with a sense of humor. Makes a perfect gift to wear or give. Available on tees, hoodies, stickers, mugs, tote bags, posters and more. #humor #typography","funny saying, sarcastic, sarcasm, humor, meme shirt, funny quote, sorry, can't, pickleball, funny & sarcastic, funny shirt, typography, minimalist, aesthetic, gift idea, trendy design, statement tee, for men, for women",produits/niches/pickle_sorry_cant_en__dark.png,produits/niches/pickle_sorry_cant_en__light.png
pilates_core_en,niches,humor,Funny & Sarcastic,pilates,en,Core Values: Pilates - Funny & Sarcastic Typography Design,"""Core Values: Pilates"" in clean gold-and-black minimalist typography. A statement design for anyone with a sense of humor. Makes a perfect gift to wear or give. Available on tees, hoodies, stickers, mugs, tote bags, posters and more. #humor #typography","funny saying, sarcastic, sarcasm, humor, meme shirt, funny quote, core, values, pilates, funny & sarcastic, funny shirt, typography, minimalist, aesthetic, gift idea, trendy design, statement tee, for men, for women",produits/niches/pilates_core_en__dark.png,produits/niches/pilates_core_en__light.png
pilates_made_me_en,niches,humor,Funny & Sarcastic,pilates,en,Pilates Made Me Do It - Funny & Sarcastic Typography Design,"""Pilates Made Me Do It"" in clean gold-and-black minimalist typography. A statement design for anyone with a sense of humor. Makes a perfect gift to wear or give. Available on tees, hoodies, stickers, mugs, tote bags, posters and more. #humor #typography","funny saying, sarcastic, sarcasm, humor, meme shirt, funny quote, pilates, made, funny & sarcastic, funny shirt, typography, minimalist, aesthetic, gift idea, trendy design, statement tee, for men, for women",produits/niches/pilates_made_me_en__dark.png,produits/niches/pilates_made_me_en__light.png
pilates_reformer_en,niches,humor,Funny & Sarcastic,pilates,en,Reformer Girl - Funny & Sarcastic Typography Design,"""Reformer Girl"" in clean gold-and-black minimalist typography. A statement design for anyone with a sense of humor. Makes a perfect gift to wear or give. Available on tees, hoodies, stickers, mugs, tote bags, posters and more. #humor #typography","funny saying, sarcastic, sarcasm, humor, meme shirt, funny quote, reformer, girl, pilates, funny & sarcastic, funny shirt, typography, minimalist, aesthetic, gift idea, trendy design, statement tee, for men, for women",produits/niches/pilates_reformer_en__dark.png,produits/niches/pilates_reformer_en__light.png
pt_fix_people_en,niches,humor,Funny & Sarcastic,physical_therapist,en,I Fix People - Funny & Sarcastic Typography Design,"""I Fix People"" in clean gold-and-black minimalist typography. A statement design for anyone with a sense of humor. Makes a perfect gift to wear or give. Available on tees, hoodies, stickers, mugs, tote bags, posters and more. #humor #typography","funny saying, sarcastic, sarcasm, humor, meme shirt, funny quote, people, physical therapist, funny & sarcastic, funny shirt, typography, minimalist, aesthetic, gift idea, trendy design, statement tee, for men, for women",produits/niches/pt_fix_people_en__dark.png,produits/niches/pt_fix_people_en__light.png
pt_move_it_en,niches,humor,Funny & Sarcastic,physical_therapist,en,Move It or Lose It - Funny & Sarcastic Typography Design,"""Move It or Lose It"" in clean gold-and-black minimalist typography. A statement design for anyone with a sense of humor. Makes a perfect gift to wear or give. Available on tees, hoodies, stickers, mugs, tote bags, posters and more. #humor #typography","funny saying, sarcastic, sarcasm, humor, meme shirt, funny quote, move, lose, physical therapist, funny & sarcastic, funny shirt, typography, minimalist, aesthetic, gift idea, trendy design, statement tee, for men, for women",produits/niches/pt_move_it_en__dark.png,produits/niches/pt_move_it_en__light.png
pt_pain_tolerance_en,niches,humor,Funny & Sarcastic,physical_therapist,en,PT: Pain Tolerance Trainer - Funny & Sarcastic Typography Design,"""PT: Pain Tolerance Trainer"" in clean gold-and-black minimalist typography. A statement design for anyone with a sense of humor. Makes a perfect gift to wear or give. Available on tees, hoodies, stickers, mugs, tote bags, posters and more. #humor #typography","funny saying, sarcastic, sarcasm, humor, meme shirt, funny quote, pain, tolerance, trainer, physical therapist, funny & sarcastic, funny shirt, typography, minimalist, aesthetic, gift idea, trendy design, statement tee, for men, for women",produits/niches/pt_pain_tolerance_en__dark.png,produits/niches/pt_pain_tolerance_en__light.png
pun_bier_wort_de,niches,humor,Funny & Sarcastic,wordplay_de,de,Bier ist das wichtigste Wort - Funny & Sarcastic (German) Design,"""Bier ist das wichtigste Wort"" in clean gold-and-black minimalist typography. A statement design for anyone with a sense of humor. Makes a perfect gift to wear or give. Available on tees, hoodies, stickers, mugs, tote bags, posters and more. #humor #typography","funny saying, sarcastic, sarcasm, humor, meme shirt, funny quote, bier, wichtigste, wort, wordplay de, funny & sarcastic, funny shirt, typography, minimalist, aesthetic, gift idea, trendy design, statement tee, for men, for women",produits/niches/pun_bier_wort_de__dark.png,produits/niches/pun_bier_wort_de__light.png
pun_biere_peur_fr,niches,humor,Funny & Sarcastic,wordplay_fr,fr,Sans bière c'est sans pitié - Funny & Sarcastic (French) Design,"« Sans bière c'est sans pitié » en typographie or et noir, minimaliste et percutante. Un design pour tous ceux qui ont de l'humour. Idée cadeau parfaite, à porter ou offrir. Disponible sur t-shirt, sweat, sticker, mug, tote bag, poster et plus. #humor #typographie","funny saying, sarcastic, sarcasm, humor, meme shirt, funny quote, sans, bière, c'est, pitié, wordplay fr, funny & sarcastic, funny shirt, typography, minimalist, aesthetic, gift idea, trendy design, statement tee, for men, for women",produits/niches/pun_biere_peur_fr__dark.png,produits/niches/pun_biere_peur_fr__light.png
pun_butter_en,niches,humor,Funny & Sarcastic,wordplay_en,en,I'm on a Roll (Butter Side Up) - Funny & Sarcastic Typography Design,"""I'm on a Roll (Butter Side Up)"" in clean gold-and-black minimalist typography. A statement design for anyone with a sense of humor. Makes a perfect gift to wear or give. Available on tees, hoodies, stickers, mugs, tote bags, posters and more. #humor #typography","funny saying, sarcastic, sarcasm, humor, meme shirt, funny quote, roll, butter, side, wordplay en, funny & sarcastic, funny shirt, typography, minimalist, aesthetic, gift idea, trendy design, statement tee, for men, for women",produits/niches/pun_butter_en__dark.png,produits/niches/pun_butter_en__light.png
pun_kale_en,niches,humor,Funny & Sarcastic,wordplay_en,en,Kale Yeah I'm Healthy - Funny & Sarcastic Typography Design,"""Kale Yeah I'm Healthy"" in clean gold-and-black minimalist typography. A statement design for anyone with a sense of humor. Makes a perfect gift to wear or give. Available on tees, hoodies, stickers, mugs, tote bags, posters and more. #humor #typography","funny saying, sarcastic, sarcasm, humor, meme shirt, funny quote, kale, yeah, healthy, wordplay en, funny & sarcastic, funny shirt, typography, minimalist, aesthetic, gift idea, trendy design, statement tee, for men, for women",produits/niches/pun_kale_en__dark.png,produits/niches/pun_kale_en__light.png
pun_pain_fr,niches,humor,Funny & Sarcastic,wordplay_fr,fr,Sans pain sans gain - Funny & Sarcastic (French) Design,"« Sans pain sans gain » en typographie or et noir, minimaliste et percutante. Un design pour tous ceux qui ont de l'humour. Idée cadeau parfaite, à porter ou offrir. Disponible sur t-shirt, sweat, sticker, mug, tote bag, poster et plus. #humor #typographie","funny saying, sarcastic, sarcasm, humor, meme shirt, funny quote, sans, pain, gain, wordplay fr, funny & sarcastic, funny shirt, typography, minimalist, aesthetic, gift idea, trendy design, statement tee, for men, for women",produits/niches/pun_pain_fr__dark.png,produits/niches/pun_pain_fr__light.png
pun_retraite_fr,niches,humor,Funny & Sarcastic,wordplay_fr,fr,La retraite c'est travailler pour soi enfin - Funny & Sarcastic (French) Design,"« La retraite c'est travailler pour soi enfin » en typographie or et noir, minimaliste et percutante. Un design pour tous ceux qui ont de l'humour. Idée cadeau parfaite, à porter ou offrir. Disponible sur t-shirt, sweat, sticker, mug, tote bag, poster et plus. #humor #typographie","funny saying, sarcastic, sarcasm, humor, meme shirt, funny quote, retraite, c'est, travailler, enfin, wordplay fr, funny & sarcastic, funny shirt, typography, minimalist, aesthetic, gift idea, trendy design, statement tee, for men, for women",produits/niches/pun_retraite_fr__dark.png,produits/niches/pun_retraite_fr__light.png
pun_soleil_fr,niches,humor,Funny & Sarcastic,wordplay_fr,fr,Après la pluie le bon vin - Funny & Sarcastic (French) Design,"« Après la pluie le bon vin » en typographie or et noir, minimaliste et percutante. Un design pour tous ceux qui ont de l'humour. Idée cadeau parfaite, à porter ou offrir. Disponible sur t-shirt, sweat, sticker, mug, tote bag, poster et plus. #humor #typographie","funny saying, sarcastic, sarcasm, humor, meme shirt, funny quote, après, pluie, wordplay fr, funny & sarcastic, funny shirt, typography, minimalist, aesthetic, gift idea, trendy design, statement tee, for men, for women",produits/niches/pun_soleil_fr__dark.png,produits/niches/pun_soleil_fr__light.png
pun_vin_vingt_fr,niches,humor,Funny & Sarcastic,wordplay_fr,fr,J'ai vingt problèmes et le vin en règle vingt - Funny & Sarcastic (French) Design,"« J'ai vingt problèmes et le vin en règle vingt » en typographie or et noir, minimaliste et percutante. Un design pour tous ceux qui ont de l'humour. Idée cadeau parfaite, à porter ou offrir. Disponible sur t-shirt, sweat, sticker, mug, tote bag, poster et plus. #humor #typographie","funny saying, sarcastic, sarcasm, humor, meme shirt, funny quote, j'ai, vingt, problèmes, règle, wordplay fr, funny & sarcastic, funny shirt, typography, minimalist, aesthetic, gift idea, trendy design, statement tee, for men, for women",produits/niches/pun_vin_vingt_fr__dark.png,produits/niches/pun_vin_vingt_fr__light.png
pun_vino_es,niches,humor,Funny & Sarcastic,wordplay_es,es,El vino tiene la respuesta Cual era la pregunta? - Funny & Sarcastic (Spanish) Design,"""El vino tiene la respuesta Cual era la pregunta?"" in clean gold-and-black minimalist typography. A statement design for anyone with a sense of humor. Makes a perfect gift to wear or give. Available on tees, hoodies, stickers, mugs, tote bags, posters and more. #humor #typography","funny saying, sarcastic, sarcasm, humor, meme shirt, funny quote, vino, tiene, respuesta, cual, pregunta, wordplay es, funny & sarcastic, funny shirt, typography, minimalist, aesthetic, gift idea, trendy design, statement tee, for men, for women",produits/niches/pun_vino_es__dark.png,produits/niches/pun_vino_es__light.png
pun_vino_it,niches,humor,Funny & Sarcastic,wordplay_it,it,In vino veritas In acqua basta - Funny & Sarcastic (Italian) Design,"""In vino veritas In acqua basta"" in clean gold-and-black minimalist typography. A statement design for anyone with a sense of humor. Makes a perfect gift to wear or give. Available on tees, hoodies, stickers, mugs, tote bags, posters and more. #humor #typography","funny saying, sarcastic, sarcasm, humor, meme shirt, funny quote, vino, veritas, acqua, basta, wordplay it, funny & sarcastic, funny shirt, typography, minimalist, aesthetic, gift idea, trendy design, statement tee, for men, for women",produits/niches/pun_vino_it__dark.png,produits/niches/pun_vino_it__light.png
re_always_open_en,niches,humor,Funny & Sarcastic,real_estate,en,Real Estate Agent Always Open - Funny & Sarcastic Typography Design,"""Real Estate Agent Always Open"" in clean gold-and-black minimalist typography. A statement design for anyone with a sense of humor. Makes a perfect gift to wear or give. Available on tees, hoodies, stickers, mugs, tote bags, posters and more. #humor #typography","funny saying, sarcastic, sarcasm, humor, meme shirt, funny quote, real, estate, agent, always, open, real estate, funny & sarcastic, funny shirt, typography, minimalist, aesthetic, gift idea, trendy design, statement tee, for men, for women",produits/niches/re_always_open_en__dark.png,produits/niches/re_always_open_en__light.png
re_dreams_en,niches,humor,Funny & Sarcastic,real_estate,en,I Don't Sell Homes I Sell Dreams - Funny & Sarcastic Typography Design,"""I Don't Sell Homes I Sell Dreams"" in clean gold-and-black minimalist typography. A statement design for anyone with a sense of humor. Makes a perfect gift to wear or give. Available on tees, hoodies, stickers, mugs, tote bags, posters and more. #humor #typography","funny saying, sarcastic, sarcasm, humor, meme shirt, funny quote, don't, sell, homes, dreams, real estate, funny & sarcastic, funny shirt, typography, minimalist, aesthetic, gift idea, trendy design, statement tee, for men, for women",produits/niches/re_dreams_en__dark.png,produits/niches/re_dreams_en__light.png
re_sanity_en,niches,humor,Funny & Sarcastic,real_estate,en,For Sale: My Sanity - Funny & Sarcastic Typography Design,"""For Sale: My Sanity"" in clean gold-and-black minimalist typography. A statement design for anyone with a sense of humor. Makes a perfect gift to wear or give. Available on tees, hoodies, stickers, mugs, tote bags, posters and more. #humor #typography","funny saying, sarcastic, sarcasm, humor, meme shirt, funny quote, sale, sanity, real estate, funny & sarcastic, funny shirt, typography, minimalist, aesthetic, gift idea, trendy design, statement tee, for men, for women",produits/niches/re_sanity_en__dark.png,produits/niches/re_sanity_en__light.png
reef_alk_crash_en,niches,humor,Funny & Sarcastic,reef_tank,en,Alk Crashed at 3am Classic Tuesday - Funny & Sarcastic Typography Design,"""Alk Crashed at 3am Classic Tuesday"" in clean gold-and-black minimalist typography. A statement design for anyone with a sense of humor. Makes a perfect gift to wear or give. Available on tees, hoodies, stickers, mugs, tote bags, posters and more. #humor #typography","funny saying, sarcastic, sarcasm, humor, meme shirt, funny quote, crashed, classic, tuesday, reef tank, funny & sarcastic, funny shirt, typography, minimalist, aesthetic, gift idea, trendy design, statement tee, for men, for women",produits/niches/reef_alk_crash_en__dark.png,produits/niches/reef_alk_crash_en__light.png
reef_big3_en,niches,humor,Funny & Sarcastic,reef_tank,en,Alk. Calc. Mag. The Holy Trinity - Funny & Sarcastic Typography Design,"""Alk. Calc. Mag. The Holy Trinity"" in clean gold-and-black minimalist typography. A statement design for anyone with a sense of humor. Makes a perfect gift to wear or give. Available on tees, hoodies, stickers, mugs, tote bags, posters and more. #humor #typography","funny saying, sarcastic, sarcasm, humor, meme shirt, funny quote, calc, holy, trinity, reef tank, funny & sarcastic, funny shirt, typography, minimalist, aesthetic, gift idea, trendy design, statement tee, for men, for women",produits/niches/reef_big3_en__dark.png,produits/niches/reef_big3_en__light.png
reef_frag_en,niches,humor,Funny & Sarcastic,reef_tank,en,I Frag My Corals They're Fine with It - Funny & Sarcastic Typography Design,"""I Frag My Corals They're Fine with It"" in clean gold-and-black minimalist typography. A statement design for anyone with a sense of humor. Makes a perfect gift to wear or give. Available on tees, hoodies, stickers, mugs, tote bags, posters and more. #humor #typography","funny saying, sarcastic, sarcasm, humor, meme shirt, funny quote, frag, corals, they're, fine, reef tank, funny & sarcastic, funny shirt, typography, minimalist, aesthetic, gift idea, trendy design, statement tee, for men, for women",produits/niches/reef_frag_en__dark.png,produits/niches/reef_frag_en__light.png
reef_rodi_en,niches,humor,Funny & Sarcastic,reef_tank,en,RODI or the Tank Dies. Simple. - Funny & Sarcastic Typography Design,"""RODI or the Tank Dies. Simple."" in clean gold-and-black minimalist typography. A statement design for anyone with a sense of humor. Makes a perfect gift to wear or give. Available on tees, hoodies, stickers, mugs, tote bags, posters and more. #humor #typography","funny saying, sarcastic, sarcasm, humor, meme shirt, funny quote, rodi, tank, dies, simple, reef tank, funny & sarcastic, funny shirt, typography, minimalist, aesthetic, gift idea, trendy design, statement tee, for men, for women",produits/niches/reef_rodi_en__dark.png,produits/niches/reef_rodi_en__light.png
reef_skimmer_en,niches,humor,Funny & Sarcastic,reef_tank,en,Skimmer Overflowed Life Is Pain - Funny & Sarcastic Typography Design,"""Skimmer Overflowed Life Is Pain"" in clean gold-and-black minimalist typography. A statement design for anyone with a sense of humor. Makes a perfect gift to wear or give. Available on tees, hoodies, stickers, mugs, tote bags, posters and more. #humor #typography","funny saying, sarcastic, sarcasm, humor, meme shirt, funny quote, skimmer, overflowed, life, pain, reef tank, funny & sarcastic, funny shirt, typography, minimalist, aesthetic, gift idea, trendy design, statement tee, for men, for women",produits/niches/reef_skimmer_en__dark.png,produits/niches/reef_skimmer_en__light.png
reef_softies_en,niches,humor,Funny & Sarcastic,reef_tank,en,"SPS, LPS, Softies I Speak All Three - Funny & Sarcastic Typography Design","""SPS, LPS, Softies I Speak All Three"" in clean gold-and-black minimalist typography. A statement design for anyone with a sense of humor. Makes a perfect gift to wear or give. Available on tees, hoodies, stickers, mugs, tote bags, posters and more. #humor #typography","funny saying, sarcastic, sarcasm, humor, meme shirt, funny quote, softies, speak, three, reef tank, funny & sarcastic, funny shirt, typography, minimalist, aesthetic, gift idea, trendy design, statement tee, for men, for women",produits/niches/reef_softies_en__dark.png,produits/niches/reef_softies_en__light.png
reef_sps_flow_en,niches,humor,Funny & Sarcastic,reef_tank,en,My SPS Needs More Flow Than I Do - Funny & Sarcastic Typography Design,"""My SPS Needs More Flow Than I Do"" in clean gold-and-black minimalist typography. A statement design for anyone with a sense of humor. Makes a perfect gift to wear or give. Available on tees, hoodies, stickers, mugs, tote bags, posters and more. #humor #typography","funny saying, sarcastic, sarcasm, humor, meme shirt, funny quote, needs, more, flow, than, reef tank, funny & sarcastic, funny shirt, typography, minimalist, aesthetic, gift idea, trendy design, statement tee, for men, for women",produits/niches/reef_sps_flow_en__dark.png,produits/niches/reef_sps_flow_en__light.png
sail_email_less_en,niches,humor,Funny & Sarcastic,sailing,en,Sail More Email Less - Funny & Sarcastic Typography Design,"""Sail More Email Less"" in clean gold-and-black minimalist typography. A statement design for anyone with a sense of humor. Makes a perfect gift to wear or give. Available on tees, hoodies, stickers, mugs, tote bags, posters and more. #humor #typography","funny saying, sarcastic, sarcasm, humor, meme shirt, funny quote, sail, more, email, less, sailing, funny & sarcastic, funny shirt, typography, minimalist, aesthetic, gift idea, trendy design, statement tee, for men, for women",produits/niches/sail_email_less_en__dark.png,produits/niches/sail_email_less_en__light.png
sail_prevails_en,niches,humor,Funny & Sarcastic,sailing,en,She Who Sails Prevails - Funny & Sarcastic Typography Design,"""She Who Sails Prevails"" in clean gold-and-black minimalist typography. A statement design for anyone with a sense of humor. Makes a perfect gift to wear or give. Available on tees, hoodies, stickers, mugs, tote bags, posters and more. #humor #typography","funny saying, sarcastic, sarcasm, humor, meme shirt, funny quote, sails, prevails, sailing, funny & sarcastic, funny shirt, typography, minimalist, aesthetic, gift idea, trendy design, statement tee, for men, for women",produits/niches/sail_prevails_en__dark.png,produits/niches/sail_prevails_en__light.png
sail_wind_en,niches,humor,Funny & Sarcastic,sailing,en,Wind in My Sails - Funny & Sarcastic Typography Design,"""Wind in My Sails"" in clean gold-and-black minimalist typography. A statement design for anyone with a sense of humor. Makes a perfect gift to wear or give. Available on tees, hoodies, stickers, mugs, tote bags, posters and more. #humor #typography","funny saying, sarcastic, sarcasm, humor, meme shirt, funny quote, wind, sails, sailing, funny & sarcastic, funny shirt, typography, minimalist, aesthetic, gift idea, trendy design, statement tee, for men, for women",produits/niches/sail_wind_en__dark.png,produits/niches/sail_wind_en__light.png
scuba_rather_underwater_en,niches,humor,Funny & Sarcastic,scuba,en,I'd Rather Be Underwater - Funny & Sarcastic Typography Design,"""I'd Rather Be Underwater"" in clean gold-and-black minimalist typography. A statement design for anyone with a sense of humor. Makes a perfect gift to wear or give. Available on tees, hoodies, stickers, mugs, tote bags, posters and more. #humor #typography","funny saying, sarcastic, sarcasm, humor, meme shirt, funny quote, rather, underwater, scuba, funny & sarcastic, funny shirt, typography, minimalist, aesthetic, gift idea, trendy design, statement tee, for men, for women",produits/niches/scuba_rather_underwater_en__dark.png,produits/niches/scuba_rather_underwater_en__light.png
scuba_repeat_en,niches,humor,Funny & Sarcastic,scuba,en,Eat. Sleep. Dive. Repeat. - Funny & Sarcastic Typography Design,"""Eat. Sleep. Dive. Repeat."" in clean gold-and-black minimalist typography. A statement design for anyone with a sense of humor. Makes a perfect gift to wear or give. Available on tees, hoodies, stickers, mugs, tote bags, posters and more. #humor #typography","funny saying, sarcastic, sarcasm, humor, meme shirt, funny quote, sleep, dive, repeat, scuba, funny & sarcastic, funny shirt, typography, minimalist, aesthetic, gift idea, trendy design, statement tee, for men, for women",produits/niches/scuba_repeat_en__dark.png,produits/niches/scuba_repeat_en__light.png
ski_born_forced_en,niches,humor,Funny & Sarcastic,skiing,en,Born to Ski Forced to Work - Funny & Sarcastic Typography Design,"""Born to Ski Forced to Work"" in clean gold-and-black minimalist typography. A statement design for anyone with a sense of humor. Makes a perfect gift to wear or give. Available on tees, hoodies, stickers, mugs, tote bags, posters and more. #humor #typography","funny saying, sarcastic, sarcasm, humor, meme shirt, funny quote, born, forced, work, skiing, funny & sarcastic, funny shirt, typography, minimalist, aesthetic, gift idea, trendy design, statement tee, for men, for women",produits/niches/ski_born_forced_en__dark.png,produits/niches/ski_born_forced_en__light.png
ski_bum_en,niches,humor,Funny & Sarcastic,skiing,en,Ski Bum & Proud - Funny & Sarcastic Typography Design,"""Ski Bum & Proud"" in clean gold-and-black minimalist typography. A statement design for anyone with a sense of humor. Makes a perfect gift to wear or give. Available on tees, hoodies, stickers, mugs, tote bags, posters and more. #humor #typography","funny saying, sarcastic, sarcasm, humor, meme shirt, funny quote, proud, skiing, funny & sarcastic, funny shirt, typography, minimalist, aesthetic, gift idea, trendy design, statement tee, for men, for women",produits/niches/ski_bum_en__dark.png,produits/niches/ski_bum_en__light.png
ski_fresh_powder_en,niches,humor,Funny & Sarcastic,skiing,en,Fresh Powder Fresh Mindset - Funny & Sarcastic Typography Design,"""Fresh Powder Fresh Mindset"" in clean gold-and-black minimalist typography. A statement design for anyone with a sense of humor. Makes a perfect gift to wear or give. Available on tees, hoodies, stickers, mugs, tote bags, posters and more. #humor #typography","funny saying, sarcastic, sarcasm, humor, meme shirt, funny quote, fresh, powder, mindset, skiing, funny & sarcastic, funny shirt, typography, minimalist, aesthetic, gift idea, trendy design, statement tee, for men, for women",produits/niches/ski_fresh_powder_en__dark.png,produits/niches/ski_fresh_powder_en__light.png
ski_slopes_en,niches,humor,Funny & Sarcastic,skiing,en,Life Is Better on the Slopes - Funny & Sarcastic Typography Design,"""Life Is Better on the Slopes"" in clean gold-and-black minimalist typography. A statement design for anyone with a sense of humor. Makes a perfect gift to wear or give. Available on tees, hoodies, stickers, mugs, tote bags, posters and more. #humor #typography","funny saying, sarcastic, sarcasm, humor, meme shirt, funny quote, life, better, slopes, skiing, funny & sarcastic, funny shirt, typography, minimalist, aesthetic, gift idea, trendy design, statement tee, for men, for women",produits/niches/ski_slopes_en__dark.png,produits/niches/ski_slopes_en__light.png
slp_find_words_en,niches,humor,Funny & Sarcastic,speech_therapist,en,I Help People Find Their Words - Funny & Sarcastic Typography Design,"""I Help People Find Their Words"" in clean gold-and-black minimalist typography. A statement design for anyone with a sense of humor. Makes a perfect gift to wear or give. Available on tees, hoodies, stickers, mugs, tote bags, posters and more. #humor #typography","funny saying, sarcastic, sarcasm, humor, meme shirt, funny quote, help, people, find, their, words, speech therapist, funny & sarcastic, funny shirt, typography, minimalist, aesthetic, gift idea, trendy design, statement tee, for men, for women",produits/niches/slp_find_words_en__dark.png,produits/niches/slp_find_words_en__light.png
slp_proud_en,niches,humor,Funny & Sarcastic,speech_therapist,en,SLP & Proud - Funny & Sarcastic Typography Design,"""SLP & Proud"" in clean gold-and-black minimalist typography. A statement design for anyone with a sense of humor. Makes a perfect gift to wear or give. Available on tees, hoodies, stickers, mugs, tote bags, posters and more. #humor #typography","funny saying, sarcastic, sarcasm, humor, meme shirt, funny quote, proud, speech therapist, funny & sarcastic, funny shirt, typography, minimalist, aesthetic, gift idea, trendy design, statement tee, for men, for women",produits/niches/slp_proud_en__dark.png,produits/niches/slp_proud_en__light.png
slp_say_clearly_en,niches,humor,Funny & Sarcastic,speech_therapist,en,Keep Calm & Say It Clearly - Funny & Sarcastic Typography Design,"""Keep Calm & Say It Clearly"" in clean gold-and-black minimalist typography. A statement design for anyone with a sense of humor. Makes a perfect gift to wear or give. Available on tees, hoodies, stickers, mugs, tote bags, posters and more. #humor #typography","funny saying, sarcastic, sarcasm, humor, meme shirt, funny quote, keep, calm, clearly, speech therapist, funny & sarcastic, funny shirt, typography, minimalist, aesthetic, gift idea, trendy design, statement tee, for men, for women",produits/niches/slp_say_clearly_en__dark.png,produits/niches/slp_say_clearly_en__light.png
snow_powder_en,niches,humor,Funny & Sarcastic,snowboarding,en,Powder Seeker - Funny & Sarcastic Typography Design,"""Powder Seeker"" in clean gold-and-black minimalist typography. A statement design for anyone with a sense of humor. Makes a perfect gift to wear or give. Available on tees, hoodies, stickers, mugs, tote bags, posters and more. #humor #typography","funny saying, sarcastic, sarcasm, humor, meme shirt, funny quote, powder, seeker, snowboarding, funny & sarcastic, funny shirt, typography, minimalist, aesthetic, gift idea, trendy design, statement tee, for men, for women",produits/niches/snow_powder_en__dark.png,produits/niches/snow_powder_en__light.png
snow_shred_en,niches,humor,Funny & Sarcastic,snowboarding,en,Shred the Gnar - Funny & Sarcastic Typography Design,"""Shred the Gnar"" in clean gold-and-black minimalist typography. A statement design for anyone with a sense of humor. Makes a perfect gift to wear or give. Available on tees, hoodies, stickers, mugs, tote bags, posters and more. #humor #typography","funny saying, sarcastic, sarcasm, humor, meme shirt, funny quote, shred, gnar, snowboarding, funny & sarcastic, funny shirt, typography, minimalist, aesthetic, gift idea, trendy design, statement tee, for men, for women",produits/niches/snow_shred_en__dark.png,produits/niches/snow_shred_en__light.png
snow_sideways_en,niches,humor,Funny & Sarcastic,snowboarding,en,Born Sideways - Funny & Sarcastic Typography Design,"""Born Sideways"" in clean gold-and-black minimalist typography. A statement design for anyone with a sense of humor. Makes a perfect gift to wear or give. Available on tees, hoodies, stickers, mugs, tote bags, posters and more. #humor #typography","funny saying, sarcastic, sarcasm, humor, meme shirt, funny quote, born, sideways, snowboarding, funny & sarcastic, funny shirt, typography, minimalist, aesthetic, gift idea, trendy design, statement tee, for men, for women",produits/niches/snow_sideways_en__dark.png,produits/niches/snow_sideways_en__light.png
swim_chlorine_en,niches,humor,Funny & Sarcastic,swimming,en,Chlorine Is My Perfume - Funny & Sarcastic Typography Design,"""Chlorine Is My Perfume"" in clean gold-and-black minimalist typography. A statement design for anyone with a sense of humor. Makes a perfect gift to wear or give. Available on tees, hoodies, stickers, mugs, tote bags, posters and more. #humor #typography","funny saying, sarcastic, sarcasm, humor, meme shirt, funny quote, chlorine, perfume, swimming, funny & sarcastic, funny shirt, typography, minimalist, aesthetic, gift idea, trendy design, statement tee, for men, for women",produits/niches/swim_chlorine_en__dark.png,produits/niches/swim_chlorine_en__light.png
swim_faster_en,niches,humor,Funny & Sarcastic,swimming,en,Swim Faster Than Yesterday - Funny & Sarcastic Typography Design,"""Swim Faster Than Yesterday"" in clean gold-and-black minimalist typography. A statement design for anyone with a sense of humor. Makes a perfect gift to wear or give. Available on tees, hoodies, stickers, mugs, tote bags, posters and more. #humor #typography","funny saying, sarcastic, sarcasm, humor, meme shirt, funny quote, swim, faster, than, yesterday, swimming, funny & sarcastic, funny shirt, typography, minimalist, aesthetic, gift idea, trendy design, statement tee, for men, for women",produits/niches/swim_faster_en__dark.png,produits/niches/swim_faster_en__light.png
tatt_draw_people_en,niches,humor,Funny & Sarcastic,tattoo_artists,en,I Draw on People for a Living - Funny & Sarcastic Typography Design,"""I Draw on People for a Living"" in clean gold-and-black minimalist typography. A statement design for anyone with a sense of humor. Makes a perfect gift to wear or give. Available on tees, hoodies, stickers, mugs, tote bags, posters and more. #humor #typography","funny saying, sarcastic, sarcasm, humor, meme shirt, funny quote, draw, people, living, tattoo artists, funny & sarcastic, funny shirt, typography, minimalist, aesthetic, gift idea, trendy design, statement tee, for men, for women",produits/niches/tatt_draw_people_en__dark.png,produits/niches/tatt_draw_people_en__light.png
tatt_ink_soul_en,niches,humor,Funny & Sarcastic,tattoo_artists,en,Ink & Soul - Funny & Sarcastic Typography Design,"""Ink & Soul"" in clean gold-and-black minimalist typography. A statement design for anyone with a sense of humor. Makes a perfect gift to wear or give. Available on tees, hoodies, stickers, mugs, tote bags, posters and more. #humor #typography","funny saying, sarcastic, sarcasm, humor, meme shirt, funny quote, soul, tattoo artists, funny & sarcastic, funny shirt, typography, minimalist, aesthetic, gift idea, trendy design, statement tee, for men, for women",produits/niches/tatt_ink_soul_en__dark.png,produits/niches/tatt_ink_soul_en__light.png
tatt_permanent_en,niches,humor,Funny & Sarcastic,tattoo_artists,en,Making Things Permanent Since Ever - Funny & Sarcastic Typography Design,"""Making Things Permanent Since Ever"" in clean gold-and-black minimalist typography. A statement design for anyone with a sense of humor. Makes a perfect gift to wear or give. Available on tees, hoodies, stickers, mugs, tote bags, posters and more. #humor #typography","funny saying, sarcastic, sarcasm, humor, meme shirt, funny quote, making, things, permanent, since, ever, tattoo artists, funny & sarcastic, funny shirt, typography, minimalist, aesthetic, gift idea, trendy design, statement tee, for men, for women",produits/niches/tatt_permanent_en__dark.png,produits/niches/tatt_permanent_en__light.png
tatt_story_en,niches,humor,Funny & Sarcastic,tattoo_artists,en,Wear Your Story - Funny & Sarcastic Typography Design,"""Wear Your Story"" in clean gold-and-black minimalist typography. A statement design for anyone with a sense of humor. Makes a perfect gift to wear or give. Available on tees, hoodies, stickers, mugs, tote bags, posters and more. #humor #typography","funny saying, sarcastic, sarcasm, humor, meme shirt, funny quote, wear, story, tattoo artists, funny & sarcastic, funny shirt, typography, minimalist, aesthetic, gift idea, trendy design, statement tee, for men, for women",produits/niches/tatt_story_en__dark.png,produits/niches/tatt_story_en__light.png
tc_bodies_en,niches,humor,Funny & Sarcastic,true_crime,en,I Know Where the Bodies Are Hidden - Funny & Sarcastic Typography Design,"""I Know Where the Bodies Are Hidden"" in clean gold-and-black minimalist typography. A statement design for anyone with a sense of humor. Makes a perfect gift to wear or give. Available on tees, hoodies, stickers, mugs, tote bags, posters and more. #humor #typography","funny saying, sarcastic, sarcasm, humor, meme shirt, funny quote, know, where, bodies, hidden, true crime, funny & sarcastic, funny shirt, typography, minimalist, aesthetic, gift idea, trendy design, statement tee, for men, for women",produits/niches/tc_bodies_en__dark.png,produits/niches/tc_bodies_en__light.png
tc_cereal_en,niches,humor,Funny & Sarcastic,true_crime,en,Murder Podcasts & Cereal - Funny & Sarcastic Typography Design,"""Murder Podcasts & Cereal"" in clean gold-and-black minimalist typography. A statement design for anyone with a sense of humor. Makes a perfect gift to wear or give. Available on tees, hoodies, stickers, mugs, tote bags, posters and more. #humor #typography","funny saying, sarcastic, sarcasm, humor, meme shirt, funny quote, murder, podcasts, cereal, true crime, funny & sarcastic, funny shirt, typography, minimalist, aesthetic, gift idea, trendy design, statement tee, for men, for women",produits/niches/tc_cereal_en__dark.png,produits/niches/tc_cereal_en__light.png
tc_junkie_en,niches,humor,Funny & Sarcastic,true_crime,en,True Crime Junkie - Funny & Sarcastic Typography Design,"""True Crime Junkie"" in clean gold-and-black minimalist typography. A statement design for anyone with a sense of humor. Makes a perfect gift to wear or give. Available on tees, hoodies, stickers, mugs, tote bags, posters and more. #humor #typography","funny saying, sarcastic, sarcasm, humor, meme shirt, funny quote, true, crime, junkie, true crime, funny & sarcastic, funny shirt, typography, minimalist, aesthetic, gift idea, trendy design, statement tee, for men, for women",produits/niches/tc_junkie_en__dark.png,produits/niches/tc_junkie_en__light.png
tennis_deuce_en,niches,humor,Funny & Sarcastic,tennis,en,Deuce Me Up - Funny & Sarcastic Typography Design,"""Deuce Me Up"" in clean gold-and-black minimalist typography. A statement design for anyone with a sense of humor. Makes a perfect gift to wear or give. Available on tees, hoodies, stickers, mugs, tote bags, posters and more. #humor #typography","funny saying, sarcastic, sarcasm, humor, meme shirt, funny quote, deuce, tennis, funny & sarcastic, funny shirt, typography, minimalist, aesthetic, gift idea, trendy design, statement tee, for men, for women",produits/niches/tennis_deuce_en__dark.png,produits/niches/tennis_deuce_en__light.png
tennis_game_set_nap_en,niches,humor,Funny & Sarcastic,tennis,en,Game. Set. Match. Nap. - Funny & Sarcastic Typography Design,"""Game. Set. Match. Nap."" in clean gold-and-black minimalist typography. A statement design for anyone with a sense of humor. Makes a perfect gift to wear or give. Available on tees, hoodies, stickers, mugs, tote bags, posters and more. #humor #typography","funny saying, sarcastic, sarcasm, humor, meme shirt, funny quote, game, match, tennis, funny & sarcastic, funny shirt, typography, minimalist, aesthetic, gift idea, trendy design, statement tee, for men, for women",produits/niches/tennis_game_set_nap_en__dark.png,produits/niches/tennis_game_set_nap_en__light.png
tennis_mom_en,niches,humor,Funny & Sarcastic,tennis,en,Tennis Mom & Proud - Funny & Sarcastic Typography Design,"""Tennis Mom & Proud"" in clean gold-and-black minimalist typography. A statement design for anyone with a sense of humor. Makes a perfect gift to wear or give. Available on tees, hoodies, stickers, mugs, tote bags, posters and more. #humor #typography","funny saying, sarcastic, sarcasm, humor, meme shirt, funny quote, tennis, proud, funny & sarcastic, funny shirt, typography, minimalist, aesthetic, gift idea, trendy design, statement tee, for men, for women",produits/niches/tennis_mom_en__dark.png,produits/niches/tennis_mom_en__light.png
thrift_born_en,niches,humor,Funny & Sarcastic,thrifting,en,Born to Thrift - Funny & Sarcastic Typography Design,"""Born to Thrift"" in clean gold-and-black minimalist typography. A statement design for anyone with a sense of humor. Makes a perfect gift to wear or give. Available on tees, hoodies, stickers, mugs, tote bags, posters and more. #humor #typography","funny saying, sarcastic, sarcasm, humor, meme shirt, funny quote, born, thrift, thrifting, funny & sarcastic, funny shirt, typography, minimalist, aesthetic, gift idea, trendy design, statement tee, for men, for women",produits/niches/thrift_born_en__dark.png,produits/niches/thrift_born_en__light.png
thrift_queen_en,niches,humor,Funny & Sarcastic,thrifting,en,Thrift Queen - Funny & Sarcastic Typography Design,"""Thrift Queen"" in clean gold-and-black minimalist typography. A statement design for anyone with a sense of humor. Makes a perfect gift to wear or give. Available on tees, hoodies, stickers, mugs, tote bags, posters and more. #humor #typography","funny saying, sarcastic, sarcasm, humor, meme shirt, funny quote, thrift, queen, thrifting, funny & sarcastic, funny shirt, typography, minimalist, aesthetic, gift idea, trendy design, statement tee, for men, for women",produits/niches/thrift_queen_en__dark.png,produits/niches/thrift_queen_en__light.png
thrift_treasure_en,niches,humor,Funny & Sarcastic,thrifting,en,One Person's Trash Is My Treasure - Funny & Sarcastic Typography Design,"""One Person's Trash Is My Treasure"" in clean gold-and-black minimalist typography. A statement design for anyone with a sense of humor. Makes a perfect gift to wear or give. Available on tees, hoodies, stickers, mugs, tote bags, posters and more. #humor #typography","funny saying, sarcastic, sarcasm, humor, meme shirt, funny quote, person's, trash, treasure, thrifting, funny & sarcastic, funny shirt, typography, minimalist, aesthetic, gift idea, trendy design, statement tee, for men, for women",produits/niches/thrift_treasure_en__dark.png,produits/niches/thrift_treasure_en__light.png
thrift_vintage_soul_en,niches,humor,Funny & Sarcastic,thrifting,en,Vintage Soul Modern Problems - Funny & Sarcastic Typography Design,"""Vintage Soul Modern Problems"" in clean gold-and-black minimalist typography. A statement design for anyone with a sense of humor. Makes a perfect gift to wear or give. Available on tees, hoodies, stickers, mugs, tote bags, posters and more. #humor #typography","funny saying, sarcastic, sarcasm, humor, meme shirt, funny quote, vintage, soul, modern, problems, thrifting, funny & sarcastic, funny shirt, typography, minimalist, aesthetic, gift idea, trendy design, statement tee, for men, for women",produits/niches/thrift_vintage_soul_en__dark.png,produits/niches/thrift_vintage_soul_en__light.png
vet_hug_animals_en,niches,humor,Funny & Sarcastic,vet_tech,en,I Hug Animals for a Living - Funny & Sarcastic Typography Design,"""I Hug Animals for a Living"" in clean gold-and-black minimalist typography. A statement design for anyone with a sense of humor. Makes a perfect gift to wear or give. Available on tees, hoodies, stickers, mugs, tote bags, posters and more. #humor #typography","funny saying, sarcastic, sarcasm, humor, meme shirt, funny quote, animals, living, vet tech, funny & sarcastic, funny shirt, typography, minimalist, aesthetic, gift idea, trendy design, statement tee, for men, for women",produits/niches/vet_hug_animals_en__dark.png,produits/niches/vet_hug_animals_en__light.png
vet_listen_harder_en,niches,humor,Funny & Sarcastic,vet_tech,en,My Patients Can't Speak I Listen Harder - Funny & Sarcastic Typography Design,"""My Patients Can't Speak I Listen Harder"" in clean gold-and-black minimalist typography. A statement design for anyone with a sense of humor. Makes a perfect gift to wear or give. Available on tees, hoodies, stickers, mugs, tote bags, posters and more. #humor #typography","funny saying, sarcastic, sarcasm, humor, meme shirt, funny quote, patients, can't, speak, listen, harder, vet tech, funny & sarcastic, funny shirt, typography, minimalist, aesthetic, gift idea, trendy design, statement tee, for men, for women",produits/niches/vet_listen_harder_en__dark.png,produits/niches/vet_listen_harder_en__light.png
vl_boondocking_en,niches,humor,Funny & Sarcastic,van_life,en,Boondocking Preferred Campgrounds Are for Tourists - Funny & Sarcastic Typography Design,"""Boondocking Preferred Campgrounds Are for Tourists"" in clean gold-and-black minimalist typography. A statement design for anyone with a sense of humor. Makes a perfect gift to wear or give. Available on tees, hoodies, stickers, mugs, tote bags, posters and more. #humor #typography","funny saying, sarcastic, sarcasm, humor, meme shirt, funny quote, boondocking, preferred, campgrounds, tourists, van life, funny & sarcastic, funny shirt, typography, minimalist, aesthetic, gift idea, trendy design, statement tee, for men, for women",produits/niches/vl_boondocking_en__dark.png,produits/niches/vl_boondocking_en__light.png
vl_condensation_en,niches,humor,Funny & Sarcastic,van_life,en,Condensation at Dawn Van Life's Dirty Secret - Funny & Sarcastic Typography Design,"""Condensation at Dawn Van Life's Dirty Secret"" in clean gold-and-black minimalist typography. A statement design for anyone with a sense of humor. Makes a perfect gift to wear or give. Available on tees, hoodies, stickers, mugs, tote bags, posters and more. #humor #typography","funny saying, sarcastic, sarcasm, humor, meme shirt, funny quote, condensation, dawn, life's, dirty, secret, van life, funny & sarcastic, funny shirt, typography, minimalist, aesthetic, gift idea, trendy design, statement tee, for men, for women",produits/niches/vl_condensation_en__dark.png,produits/niches/vl_condensation_en__light.png
vl_solar_en,niches,humor,Funny & Sarcastic,van_life,en,400 Watts Solar Still Not Enough - Funny & Sarcastic Typography Design,"""400 Watts Solar Still Not Enough"" in clean gold-and-black minimalist typography. A statement design for anyone with a sense of humor. Makes a perfect gift to wear or give. Available on tees, hoodies, stickers, mugs, tote bags, posters and more. #humor #typography","funny saying, sarcastic, sarcasm, humor, meme shirt, funny quote, watts, solar, still, enough, van life, funny & sarcastic, funny shirt, typography, minimalist, aesthetic, gift idea, trendy design, statement tee, for men, for women",produits/niches/vl_solar_en__dark.png,produits/niches/vl_solar_en__light.png
wood_confetti_en,niches,humor,Funny & Sarcastic,woodworking,en,Shavings Are My Confetti - Funny & Sarcastic Typography Design,"""Shavings Are My Confetti"" in clean gold-and-black minimalist typography. A statement design for anyone with a sense of humor. Makes a perfect gift to wear or give. Available on tees, hoodies, stickers, mugs, tote bags, posters and more. #humor #typography","funny saying, sarcastic, sarcasm, humor, meme shirt, funny quote, shavings, confetti, woodworking, funny & sarcastic, funny shirt, typography, minimalist, aesthetic, gift idea, trendy design, statement tee, for men, for women",produits/niches/wood_confetti_en__dark.png,produits/niches/wood_confetti_en__light.png
wood_sawdust_en,niches,humor,Funny & Sarcastic,woodworking,en,I Make Sawdust for Fun - Funny & Sarcastic Typography Design,"""I Make Sawdust for Fun"" in clean gold-and-black minimalist typography. A statement design for anyone with a sense of humor. Makes a perfect gift to wear or give. Available on tees, hoodies, stickers, mugs, tote bags, posters and more. #humor #typography","funny saying, sarcastic, sarcasm, humor, meme shirt, funny quote, make, sawdust, woodworking, funny & sarcastic, funny shirt, typography, minimalist, aesthetic, gift idea, trendy design, statement tee, for men, for women",produits/niches/wood_sawdust_en__dark.png,produits/niches/wood_sawdust_en__light.png
wood_would_you_en,niches,humor,Funny & Sarcastic,woodworking,en,Wood You Believe It? - Funny & Sarcastic Typography Design,"""Wood You Believe It?"" in clean gold-and-black minimalist typography. A statement design for anyone with a sense of humor. Makes a perfect gift to wear or give. Available on tees, hoodies, stickers, mugs, tote bags, posters and more. #humor #typography","funny saying, sarcastic, sarcasm, humor, meme shirt, funny quote, wood, believe, woodworking, funny & sarcastic, funny shirt, typography, minimalist, aesthetic, gift idea, trendy design, statement tee, for men, for women",produits/niches/wood_would_you_en__dark.png,produits/niches/wood_would_you_en__light.png
pv_actions_prayers_en,proverbes,humor,Funny & Sarcastic,,en,Actions Speak Louder Than Thoughts And Prayers - Funny & Sarcastic Typography Design,"""Actions Speak Louder Than Thoughts And Prayers"" in clean gold-and-black minimalist typography. A statement design for anyone with a sense of humor. Makes a perfect gift to wear or give. Available on tees, hoodies, stickers, mugs, tote bags, posters and more. #humor #typography","funny saying, sarcastic, sarcasm, humor, meme shirt, funny quote, actions, speak, louder, than, thoughts, funny & sarcastic, funny shirt, typography, minimalist, aesthetic, gift idea, trendy design, statement tee, for men, for women",produits/proverbes/pv_actions_prayers_en__dark.png,produits/proverbes/pv_actions_prayers_en__light.png
pv_aide_toi_fr,proverbes,humor,Funny & Sarcastic,,fr,Aide-Toi Et Le Ciel... Non. Aide Les Autres. - Funny & Sarcastic (French) Design,"« Aide-Toi Et Le Ciel... Non. Aide Les Autres. » en typographie or et noir, minimaliste et percutante. Un design pour tous ceux qui ont de l'humour. Idée cadeau parfaite, à porter ou offrir. Disponible sur t-shirt, sweat, sticker, mug, tote bag, poster et plus. #humor #typographie","funny saying, sarcastic, sarcasm, humor, meme shirt, funny quote, aide, ciel, autres, funny & sarcastic, funny shirt, typography, minimalist, aesthetic, gift idea, trendy design, statement tee, for men, for women",produits/proverbes/pv_aide_toi_fr__dark.png,produits/proverbes/pv_aide_toi_fr__light.png
pv_apple_throw_en,proverbes,humor,Funny & Sarcastic,,en,An Apple A Day Keeps Anyone Away If You Throw It Hard - Funny & Sarcastic Typography Design,"""An Apple A Day Keeps Anyone Away If You Throw It Hard"" in clean gold-and-black minimalist typography. A statement design for anyone with a sense of humor. Makes a perfect gift to wear or give. Available on tees, hoodies, stickers, mugs, tote bags, posters and more. #humor #typography","funny saying, sarcastic, sarcasm, humor, meme shirt, funny quote, apple, keeps, anyone, away, throw, funny & sarcastic, funny shirt, typography, minimalist, aesthetic, gift idea, trendy design, statement tee, for men, for women",produits/proverbes/pv_apple_throw_en__dark.png,produits/proverbes/pv_apple_throw_en__light.png
pv_cruche_eau_fr,proverbes,humor,Funny & Sarcastic,,fr,Tant Va La Cruche À L'Eau Qu'À La Fin Il N'Y A Plus D'Eau - Funny & Sarcastic (French) Design,"« Tant Va La Cruche À L'Eau Qu'À La Fin Il N'Y A Plus D'Eau » en typographie or et noir, minimaliste et percutante. Un design pour tous ceux qui ont de l'humour. Idée cadeau parfaite, à porter ou offrir. Disponible sur t-shirt, sweat, sticker, mug, tote bag, poster et plus. #humor #typographie","funny saying, sarcastic, sarcasm, humor, meme shirt, funny quote, tant, cruche, l'eau, qu'à, d'eau, funny & sarcastic, funny shirt, typography, minimalist, aesthetic, gift idea, trendy design, statement tee, for men, for women",produits/proverbes/pv_cruche_eau_fr__dark.png,produits/proverbes/pv_cruche_eau_fr__light.png
pv_curiosity_cat_en,proverbes,humor,Funny & Sarcastic,,en,Curiosity Killed The Cat. Satisfaction Brought It Back - Funny & Sarcastic Typography Design,"""Curiosity Killed The Cat. Satisfaction Brought It Back"" in clean gold-and-black minimalist typography. A statement design for anyone with a sense of humor. Makes a perfect gift to wear or give. Available on tees, hoodies, stickers, mugs, tote bags, posters and more. #humor #typography","funny saying, sarcastic, sarcasm, humor, meme shirt, funny quote, curiosity, killed, satisfaction, brought, back, funny & sarcastic, funny shirt, typography, minimalist, aesthetic, gift idea, trendy design, statement tee, for men, for women",produits/proverbes/pv_curiosity_cat_en__dark.png,produits/proverbes/pv_curiosity_cat_en__light.png
pv_early_bird_en,proverbes,humor,Funny & Sarcastic,,en,The Early Bird Can Have The Worm. I Want My Sleep. - Funny & Sarcastic Typography Design,"""The Early Bird Can Have The Worm. I Want My Sleep."" in clean gold-and-black minimalist typography. A statement design for anyone with a sense of humor. Makes a perfect gift to wear or give. Available on tees, hoodies, stickers, mugs, tote bags, posters and more. #humor #typography","funny saying, sarcastic, sarcasm, humor, meme shirt, funny quote, early, bird, worm, want, sleep, funny & sarcastic, funny shirt, typography, minimalist, aesthetic, gift idea, trendy design, statement tee, for men, for women",produits/proverbes/pv_early_bird_en__dark.png,produits/proverbes/pv_early_bird_en__light.png
pv_fin_memes_fr,proverbes,humor,Funny & Sarcastic,,fr,La Fin Justifie Les Mèmes - Funny & Sarcastic (French) Design,"« La Fin Justifie Les Mèmes » en typographie or et noir, minimaliste et percutante. Un design pour tous ceux qui ont de l'humour. Idée cadeau parfaite, à porter ou offrir. Disponible sur t-shirt, sweat, sticker, mug, tote bag, poster et plus. #humor #typographie","funny saying, sarcastic, sarcasm, humor, meme shirt, funny quote, justifie, mèmes, funny & sarcastic, funny shirt, typography, minimalist, aesthetic, gift idea, trendy design, statement tee, for men, for women",produits/proverbes/pv_fin_memes_fr__dark.png,produits/proverbes/pv_fin_memes_fr__light.png
pv_fish_extinct_en,proverbes,humor,Funny & Sarcastic,,en,Don't Count Your Fish Before They're Extinct - Funny & Sarcastic Typography Design,"""Don't Count Your Fish Before They're Extinct"" in clean gold-and-black minimalist typography. A statement design for anyone with a sense of humor. Makes a perfect gift to wear or give. Available on tees, hoodies, stickers, mugs, tote bags, posters and more. #humor #typography","funny saying, sarcastic, sarcasm, humor, meme shirt, funny quote, don't, count, fish, before, they're, funny & sarcastic, funny shirt, typography, minimalist, aesthetic, gift idea, trendy design, statement tee, for men, for women",produits/proverbes/pv_fish_extinct_en__dark.png,produits/proverbes/pv_fish_extinct_en__light.png
pv_lemons_supply_en,proverbes,humor,Funny & Sarcastic,,en,"When Life Gives You Lemons, Question The Supply Chain - Funny & Sarcastic Typography Design","""When Life Gives You Lemons, Question The Supply Chain"" in clean gold-and-black minimalist typography. A statement design for anyone with a sense of humor. Makes a perfect gift to wear or give. Available on tees, hoodies, stickers, mugs, tote bags, posters and more. #humor #typography","funny saying, sarcastic, sarcasm, humor, meme shirt, funny quote, life, gives, lemons, question, supply, funny & sarcastic, funny shirt, typography, minimalist, aesthetic, gift idea, trendy design, statement tee, for men, for women",produits/proverbes/pv_lemons_supply_en__dark.png,produits/proverbes/pv_lemons_supply_en__light.png
pv_loin_yeux_fr,proverbes,humor,Funny & Sarcastic,,fr,"Loin Des Yeux, Près Du Frigo - Funny & Sarcastic (French) Design","« Loin Des Yeux, Près Du Frigo » en typographie or et noir, minimaliste et percutante. Un design pour tous ceux qui ont de l'humour. Idée cadeau parfaite, à porter ou offrir. Disponible sur t-shirt, sweat, sticker, mug, tote bag, poster et plus. #humor #typographie","funny saying, sarcastic, sarcasm, humor, meme shirt, funny quote, loin, yeux, près, frigo, funny & sarcastic, funny shirt, typography, minimalist, aesthetic, gift idea, trendy design, statement tee, for men, for women",produits/proverbes/pv_loin_yeux_fr__dark.png,produits/proverbes/pv_loin_yeux_fr__light.png
pv_oiseau_nid_fr,proverbes,humor,Funny & Sarcastic,,fr,"Petit À Petit, L'Oiseau Défend Ses Droits - Funny & Sarcastic (French) Design","« Petit À Petit, L'Oiseau Défend Ses Droits » en typographie or et noir, minimaliste et percutante. Un design pour tous ceux qui ont de l'humour. Idée cadeau parfaite, à porter ou offrir. Disponible sur t-shirt, sweat, sticker, mug, tote bag, poster et plus. #humor #typographie","funny saying, sarcastic, sarcasm, humor, meme shirt, funny quote, petit, l'oiseau, défend, droits, funny & sarcastic, funny shirt, typography, minimalist, aesthetic, gift idea, trendy design, statement tee, for men, for women",produits/proverbes/pv_oiseau_nid_fr__dark.png,produits/proverbes/pv_oiseau_nid_fr__light.png
pv_patience_vertu_fr,proverbes,humor,Funny & Sarcastic,,fr,La Patience Est Une Vertu La Révolte Aussi - Funny & Sarcastic (French) Design,"« La Patience Est Une Vertu La Révolte Aussi » en typographie or et noir, minimaliste et percutante. Un design pour tous ceux qui ont de l'humour. Idée cadeau parfaite, à porter ou offrir. Disponible sur t-shirt, sweat, sticker, mug, tote bag, poster et plus. #humor #typographie","funny saying, sarcastic, sarcasm, humor, meme shirt, funny quote, patience, vertu, révolte, aussi, funny & sarcastic, funny shirt, typography, minimalist, aesthetic, gift idea, trendy design, statement tee, for men, for women",produits/proverbes/pv_patience_vertu_fr__dark.png,produits/proverbes/pv_patience_vertu_fr__light.png
pv_plastique_tempete_fr,proverbes,humor,Funny & Sarcastic,,fr,Qui Sème Le Plastique Récolte La Tempête - Funny & Sarcastic (French) Design,"« Qui Sème Le Plastique Récolte La Tempête » en typographie or et noir, minimaliste et percutante. Un design pour tous ceux qui ont de l'humour. Idée cadeau parfaite, à porter ou offrir. Disponible sur t-shirt, sweat, sticker, mug, tote bag, poster et plus. #humor #typographie","funny saying, sarcastic, sarcasm, humor, meme shirt, funny quote, sème, plastique, récolte, tempête, funny & sarcastic, funny shirt, typography, minimalist, aesthetic, gift idea, trendy design, statement tee, for men, for women",produits/proverbes/pv_plastique_tempete_fr__dark.png,produits/proverbes/pv_plastique_tempete_fr__light.png
pv_prevenir_polluer_fr,proverbes,humor,Funny & Sarcastic,,fr,Mieux Vaut Prévenir Que Polluer - Funny & Sarcastic (French) Design,"« Mieux Vaut Prévenir Que Polluer » en typographie or et noir, minimaliste et percutante. Un design pour tous ceux qui ont de l'humour. Idée cadeau parfaite, à porter ou offrir. Disponible sur t-shirt, sweat, sticker, mug, tote bag, poster et plus. #humor #typographie","funny saying, sarcastic, sarcasm, humor, meme shirt, funny quote, mieux, vaut, prévenir, polluer, funny & sarcastic, funny shirt, typography, minimalist, aesthetic, gift idea, trendy design, statement tee, for men, for women",produits/proverbes/pv_prevenir_polluer_fr__dark.png,produits/proverbes/pv_prevenir_polluer_fr__light.png
pv_rome_built_en,proverbes,humor,Funny & Sarcastic,,en,"Rome Wasn't Built In A Day, But Burned In One - Funny & Sarcastic Typography Design","""Rome Wasn't Built In A Day, But Burned In One"" in clean gold-and-black minimalist typography. A statement design for anyone with a sense of humor. Makes a perfect gift to wear or give. Available on tees, hoodies, stickers, mugs, tote bags, posters and more. #humor #typography","funny saying, sarcastic, sarcasm, humor, meme shirt, funny quote, rome, wasn't, built, burned, funny & sarcastic, funny shirt, typography, minimalist, aesthetic, gift idea, trendy design, statement tee, for men, for women",produits/proverbes/pv_rome_built_en__dark.png,produits/proverbes/pv_rome_built_en__light.png
pv_silence_golden_en,proverbes,humor,Funny & Sarcastic,,en,"Silence Is Golden, Unless It's About Injustice - Funny & Sarcastic Typography Design","""Silence Is Golden, Unless It's About Injustice"" in clean gold-and-black minimalist typography. A statement design for anyone with a sense of humor. Makes a perfect gift to wear or give. Available on tees, hoodies, stickers, mugs, tote bags, posters and more. #humor #typography","funny saying, sarcastic, sarcasm, humor, meme shirt, funny quote, silence, golden, unless, it's, about, funny & sarcastic, funny shirt, typography, minimalist, aesthetic, gift idea, trendy design, statement tee, for men, for women",produits/proverbes/pv_silence_golden_en__dark.png,produits/proverbes/pv_silence_golden_en__light.png
pv_tel_pere_fr,proverbes,humor,Funny & Sarcastic,,fr,"Tel Père, Tel Fils ? On Brise Le Cycle - Funny & Sarcastic (French) Design","« Tel Père, Tel Fils ? On Brise Le Cycle » en typographie or et noir, minimaliste et percutante. Un design pour tous ceux qui ont de l'humour. Idée cadeau parfaite, à porter ou offrir. Disponible sur t-shirt, sweat, sticker, mug, tote bag, poster et plus. #humor #typographie","funny saying, sarcastic, sarcasm, humor, meme shirt, funny quote, père, fils, brise, cycle, funny & sarcastic, funny shirt, typography, minimalist, aesthetic, gift idea, trendy design, statement tee, for men, for women",produits/proverbes/pv_tel_pere_fr__dark.png,produits/proverbes/pv_tel_pere_fr__light.png
tr_404_motivation_en,trending,humor,Funny & Sarcastic,,en,404 Motivation Not Found - Funny & Sarcastic Typography Design,"""404 Motivation Not Found"" in clean gold-and-black minimalist typography. A statement design for anyone with a sense of humor. Makes a perfect gift to wear or give. Available on tees, hoodies, stickers, mugs, tote bags, posters and more. #humor #typography","funny saying, sarcastic, sarcasm, humor, meme shirt, funny quote, motivation, found, funny & sarcastic, funny shirt, typography, minimalist, aesthetic, gift idea, trendy design, statement tee, for men, for women",produits/trending/tr_404_motivation_en__dark.png,produits/trending/tr_404_motivation_en__light.png
tr_adulting_hard_en,trending,humor,Funny & Sarcastic,,en,Adulting Is Hard - Funny & Sarcastic Typography Design,"""Adulting Is Hard"" in clean gold-and-black minimalist typography. A statement design for anyone with a sense of humor. Makes a perfect gift to wear or give. Available on tees, hoodies, stickers, mugs, tote bags, posters and more. #humor #typography","funny saying, sarcastic, sarcasm, humor, meme shirt, funny quote, adulting, hard, funny & sarcastic, funny shirt, typography, minimalist, aesthetic, gift idea, trendy design, statement tee, for men, for women",produits/trending/tr_adulting_hard_en__dark.png,produits/trending/tr_adulting_hard_en__light.png
tr_antisocial_butterfly_en,trending,humor,Funny & Sarcastic,,en,Anti-Social Butterfly - Funny & Sarcastic Typography Design,"""Anti-Social Butterfly"" in clean gold-and-black minimalist typography. A statement design for anyone with a sense of humor. Makes a perfect gift to wear or give. Available on tees, hoodies, stickers, mugs, tote bags, posters and more. #humor #typography","funny saying, sarcastic, sarcasm, humor, meme shirt, funny quote, anti, social, butterfly, funny & sarcastic, funny shirt, typography, minimalist, aesthetic, gift idea, trendy design, statement tee, for men, for women",produits/trending/tr_antisocial_butterfly_en__dark.png,produits/trending/tr_antisocial_butterfly_en__light.png
tr_apero_oclock_fr,trending,humor,Funny & Sarcastic,,fr,Apéro O'Clock - Funny & Sarcastic (French) Design,"« Apéro O'Clock » en typographie or et noir, minimaliste et percutante. Un design pour tous ceux qui ont de l'humour. Idée cadeau parfaite, à porter ou offrir. Disponible sur t-shirt, sweat, sticker, mug, tote bag, poster et plus. #humor #typographie","funny saying, sarcastic, sarcasm, humor, meme shirt, funny quote, apéro, o'clock, funny & sarcastic, funny shirt, typography, minimalist, aesthetic, gift idea, trendy design, statement tee, for men, for women",produits/trending/tr_apero_oclock_fr__dark.png,produits/trending/tr_apero_oclock_fr__light.png
tr_beast_mode_en,trending,humor,Funny & Sarcastic,,en,Beast Mode (Sometimes) - Funny & Sarcastic Typography Design,"""Beast Mode (Sometimes)"" in clean gold-and-black minimalist typography. A statement design for anyone with a sense of humor. Makes a perfect gift to wear or give. Available on tees, hoodies, stickers, mugs, tote bags, posters and more. #humor #typography","funny saying, sarcastic, sarcasm, humor, meme shirt, funny quote, beast, mode, sometimes, funny & sarcastic, funny shirt, typography, minimalist, aesthetic, gift idea, trendy design, statement tee, for men, for women",produits/trending/tr_beast_mode_en__dark.png,produits/trending/tr_beast_mode_en__light.png
tr_belle_reposee_fr,trending,humor,Funny & Sarcastic,,fr,"Belle, Reposée Jamais - Funny & Sarcastic (French) Design","« Belle, Reposée Jamais » en typographie or et noir, minimaliste et percutante. Un design pour tous ceux qui ont de l'humour. Idée cadeau parfaite, à porter ou offrir. Disponible sur t-shirt, sweat, sticker, mug, tote bag, poster et plus. #humor #typographie","funny saying, sarcastic, sarcasm, humor, meme shirt, funny quote, belle, reposée, jamais, funny & sarcastic, funny shirt, typography, minimalist, aesthetic, gift idea, trendy design, statement tee, for men, for women",produits/trending/tr_belle_reposee_fr__dark.png,produits/trending/tr_belle_reposee_fr__light.png
tr_chaotic_good_en,trending,humor,Funny & Sarcastic,,en,Chaotic Good - Funny & Sarcastic Typography Design,"""Chaotic Good"" in clean gold-and-black minimalist typography. A statement design for anyone with a sense of humor. Makes a perfect gift to wear or give. Available on tees, hoodies, stickers, mugs, tote bags, posters and more. #humor #typography","funny saying, sarcastic, sarcasm, humor, meme shirt, funny quote, chaotic, good, funny & sarcastic, funny shirt, typography, minimalist, aesthetic, gift idea, trendy design, statement tee, for men, for women",produits/trending/tr_chaotic_good_en__dark.png,produits/trending/tr_chaotic_good_en__light.png
tr_choco_therapie_fr,trending,humor,Funny & Sarcastic,,fr,Chocolat = Thérapie - Funny & Sarcastic (French) Design,"« Chocolat = Thérapie » en typographie or et noir, minimaliste et percutante. Un design pour tous ceux qui ont de l'humour. Idée cadeau parfaite, à porter ou offrir. Disponible sur t-shirt, sweat, sticker, mug, tote bag, poster et plus. #humor #typographie","funny saying, sarcastic, sarcasm, humor, meme shirt, funny quote, chocolat, thérapie, funny & sarcastic, funny shirt, typography, minimalist, aesthetic, gift idea, trendy design, statement tee, for men, for women",produits/trending/tr_choco_therapie_fr__dark.png,produits/trending/tr_choco_therapie_fr__light.png
tr_choose_joy_en,trending,humor,Funny & Sarcastic,,en,Choose Joy - Funny & Sarcastic Typography Design,"""Choose Joy"" in clean gold-and-black minimalist typography. A statement design for anyone with a sense of humor. Makes a perfect gift to wear or give. Available on tees, hoodies, stickers, mugs, tote bags, posters and more. #humor #typography","funny saying, sarcastic, sarcasm, humor, meme shirt, funny quote, choose, funny & sarcastic, funny shirt, typography, minimalist, aesthetic, gift idea, trendy design, statement tee, for men, for women",produits/trending/tr_choose_joy_en__dark.png,produits/trending/tr_choose_joy_en__light.png
tr_cozy_season_en,trending,humor,Funny & Sarcastic,,en,Cozy Season - Funny & Sarcastic Typography Design,"""Cozy Season"" in clean gold-and-black minimalist typography. A statement design for anyone with a sense of humor. Makes a perfect gift to wear or give. Available on tees, hoodies, stickers, mugs, tote bags, posters and more. #humor #typography","funny saying, sarcastic, sarcasm, humor, meme shirt, funny quote, cozy, season, funny & sarcastic, funny shirt, typography, minimalist, aesthetic, gift idea, trendy design, statement tee, for men, for women",produits/trending/tr_cozy_season_en__dark.png,produits/trending/tr_cozy_season_en__light.png
tr_créer_soleil_fr,trending,humor,Funny & Sarcastic,,fr,Je Crée Mon Soleil - Funny & Sarcastic (French) Design,"« Je Crée Mon Soleil » en typographie or et noir, minimaliste et percutante. Un design pour tous ceux qui ont de l'humour. Idée cadeau parfaite, à porter ou offrir. Disponible sur t-shirt, sweat, sticker, mug, tote bag, poster et plus. #humor #typographie","funny saying, sarcastic, sarcasm, humor, meme shirt, funny quote, crée, soleil, funny & sarcastic, funny shirt, typography, minimalist, aesthetic, gift idea, trendy design, statement tee, for men, for women",produits/trending/tr_créer_soleil_fr__dark.png,produits/trending/tr_créer_soleil_fr__light.png
tr_delulu_en,trending,humor,Funny & Sarcastic,,en,Delulu Is The Solulu - Funny & Sarcastic Typography Design,"""Delulu Is The Solulu"" in clean gold-and-black minimalist typography. A statement design for anyone with a sense of humor. Makes a perfect gift to wear or give. Available on tees, hoodies, stickers, mugs, tote bags, posters and more. #humor #typography","funny saying, sarcastic, sarcasm, humor, meme shirt, funny quote, delulu, solulu, funny & sarcastic, funny shirt, typography, minimalist, aesthetic, gift idea, trendy design, statement tee, for men, for women",produits/trending/tr_delulu_en__dark.png,produits/trending/tr_delulu_en__light.png
tr_did_you_die_en,trending,humor,Funny & Sarcastic,,en,But Did You Die? - Funny & Sarcastic Typography Design,"""But Did You Die?"" in clean gold-and-black minimalist typography. A statement design for anyone with a sense of humor. Makes a perfect gift to wear or give. Available on tees, hoodies, stickers, mugs, tote bags, posters and more. #humor #typography","funny saying, sarcastic, sarcasm, humor, meme shirt, funny quote, funny & sarcastic, funny shirt, typography, minimalist, aesthetic, gift idea, trendy design, statement tee, for men, for women",produits/trending/tr_did_you_die_en__dark.png,produits/trending/tr_did_you_die_en__light.png
tr_eat_sleep_game_en,trending,humor,Funny & Sarcastic,,en,Eat Sleep Game Repeat - Funny & Sarcastic Typography Design,"""Eat Sleep Game Repeat"" in clean gold-and-black minimalist typography. A statement design for anyone with a sense of humor. Makes a perfect gift to wear or give. Available on tees, hoodies, stickers, mugs, tote bags, posters and more. #humor #typography","funny saying, sarcastic, sarcasm, humor, meme shirt, funny quote, sleep, game, repeat, funny & sarcastic, funny shirt, typography, minimalist, aesthetic, gift idea, trendy design, statement tee, for men, for women",produits/trending/tr_eat_sleep_game_en__dark.png,produits/trending/tr_eat_sleep_game_en__light.png
tr_emotional_support_bottle_en,trending,humor,Funny & Sarcastic,,en,Emotional Support Water Bottle - Funny & Sarcastic Typography Design,"""Emotional Support Water Bottle"" in clean gold-and-black minimalist typography. A statement design for anyone with a sense of humor. Makes a perfect gift to wear or give. Available on tees, hoodies, stickers, mugs, tote bags, posters and more. #humor #typography","funny saying, sarcastic, sarcasm, humor, meme shirt, funny quote, emotional, support, water, bottle, funny & sarcastic, funny shirt, typography, minimalist, aesthetic, gift idea, trendy design, statement tee, for men, for women",produits/trending/tr_emotional_support_bottle_en__dark.png,produits/trending/tr_emotional_support_bottle_en__light.png
tr_enfer_autres_fr,trending,humor,Funny & Sarcastic,,fr,L'Enfer C'Est Les Autres - Funny & Sarcastic (French) Design,"« L'Enfer C'Est Les Autres » en typographie or et noir, minimaliste et percutante. Un design pour tous ceux qui ont de l'humour. Idée cadeau parfaite, à porter ou offrir. Disponible sur t-shirt, sweat, sticker, mug, tote bag, poster et plus. #humor #typographie","funny saying, sarcastic, sarcasm, humor, meme shirt, funny quote, l'enfer, c'est, autres, funny & sarcastic, funny shirt, typography, minimalist, aesthetic, gift idea, trendy design, statement tee, for men, for women",produits/trending/tr_enfer_autres_fr__dark.png,produits/trending/tr_enfer_autres_fr__light.png
tr_fatiguee_stylee_fr,trending,humor,Funny & Sarcastic,,fr,Fatiguée Mais Stylée - Funny & Sarcastic (French) Design,"« Fatiguée Mais Stylée » en typographie or et noir, minimaliste et percutante. Un design pour tous ceux qui ont de l'humour. Idée cadeau parfaite, à porter ou offrir. Disponible sur t-shirt, sweat, sticker, mug, tote bag, poster et plus. #humor #typographie","funny saying, sarcastic, sarcasm, humor, meme shirt, funny quote, fatiguée, stylée, funny & sarcastic, funny shirt, typography, minimalist, aesthetic, gift idea, trendy design, statement tee, for men, for women",produits/trending/tr_fatiguee_stylee_fr__dark.png,produits/trending/tr_fatiguee_stylee_fr__light.png
tr_feral_autumn_en,trending,humor,Funny & Sarcastic,,en,Feral Girl Autumn - Funny & Sarcastic Typography Design,"""Feral Girl Autumn"" in clean gold-and-black minimalist typography. A statement design for anyone with a sense of humor. Makes a perfect gift to wear or give. Available on tees, hoodies, stickers, mugs, tote bags, posters and more. #humor #typography","funny saying, sarcastic, sarcasm, humor, meme shirt, funny quote, feral, girl, autumn, funny & sarcastic, funny shirt, typography, minimalist, aesthetic, gift idea, trendy design, statement tee, for men, for women",produits/trending/tr_feral_autumn_en__dark.png,produits/trending/tr_feral_autumn_en__light.png
tr_fueled_spite_en,trending,humor,Funny & Sarcastic,,en,Fueled By Spite - Funny & Sarcastic Typography Design,"""Fueled By Spite"" in clean gold-and-black minimalist typography. A statement design for anyone with a sense of humor. Makes a perfect gift to wear or give. Available on tees, hoodies, stickers, mugs, tote bags, posters and more. #humor #typography","funny saying, sarcastic, sarcasm, humor, meme shirt, funny quote, fueled, spite, funny & sarcastic, funny shirt, typography, minimalist, aesthetic, gift idea, trendy design, statement tee, for men, for women",produits/trending/tr_fueled_spite_en__dark.png,produits/trending/tr_fueled_spite_en__light.png
tr_goblin_mode_en,trending,humor,Funny & Sarcastic,,en,Goblin Mode Activated - Funny & Sarcastic Typography Design,"""Goblin Mode Activated"" in clean gold-and-black minimalist typography. A statement design for anyone with a sense of humor. Makes a perfect gift to wear or give. Available on tees, hoodies, stickers, mugs, tote bags, posters and more. #humor #typography","funny saying, sarcastic, sarcasm, humor, meme shirt, funny quote, goblin, mode, activated, funny & sarcastic, funny shirt, typography, minimalist, aesthetic, gift idea, trendy design, statement tee, for men, for women",produits/trending/tr_goblin_mode_en__dark.png,produits/trending/tr_goblin_mode_en__light.png
tr_grand_coeur_fr,trending,humor,Funny & Sarcastic,,fr,"Grand Cœur, Petite Patience - Funny & Sarcastic (French) Design","« Grand Cœur, Petite Patience » en typographie or et noir, minimaliste et percutante. Un design pour tous ceux qui ont de l'humour. Idée cadeau parfaite, à porter ou offrir. Disponible sur t-shirt, sweat, sticker, mug, tote bag, poster et plus. #humor #typographie","funny saying, sarcastic, sarcasm, humor, meme shirt, funny quote, grand, petite, patience, funny & sarcastic, funny shirt, typography, minimalist, aesthetic, gift idea, trendy design, statement tee, for men, for women",produits/trending/tr_grand_coeur_fr__dark.png,produits/trending/tr_grand_coeur_fr__light.png
tr_hot_mess_en,trending,humor,Funny & Sarcastic,,en,Hot Mess Express - Funny & Sarcastic Typography Design,"""Hot Mess Express"" in clean gold-and-black minimalist typography. A statement design for anyone with a sense of humor. Makes a perfect gift to wear or give. Available on tees, hoodies, stickers, mugs, tote bags, posters and more. #humor #typography","funny saying, sarcastic, sarcasm, humor, meme shirt, funny quote, mess, express, funny & sarcastic, funny shirt, typography, minimalist, aesthetic, gift idea, trendy design, statement tee, for men, for women",produits/trending/tr_hot_mess_en__dark.png,produits/trending/tr_hot_mess_en__light.png
tr_je_gere_fr,trending,humor,Funny & Sarcastic,,fr,Je Gère (Presque) - Funny & Sarcastic (French) Design,"« Je Gère (Presque) » en typographie or et noir, minimaliste et percutante. Un design pour tous ceux qui ont de l'humour. Idée cadeau parfaite, à porter ou offrir. Disponible sur t-shirt, sweat, sticker, mug, tote bag, poster et plus. #humor #typographie","funny saying, sarcastic, sarcasm, humor, meme shirt, funny quote, gère, presque, funny & sarcastic, funny shirt, typography, minimalist, aesthetic, gift idea, trendy design, statement tee, for men, for women",produits/trending/tr_je_gere_fr__dark.png,produits/trending/tr_je_gere_fr__light.png
tr_living_my_era_en,trending,humor,Funny & Sarcastic,,en,Living In My Best Era - Funny & Sarcastic Typography Design,"""Living In My Best Era"" in clean gold-and-black minimalist typography. A statement design for anyone with a sense of humor. Makes a perfect gift to wear or give. Available on tees, hoodies, stickers, mugs, tote bags, posters and more. #humor #typography","funny saying, sarcastic, sarcasm, humor, meme shirt, funny quote, living, best, funny & sarcastic, funny shirt, typography, minimalist, aesthetic, gift idea, trendy design, statement tee, for men, for women",produits/trending/tr_living_my_era_en__dark.png,produits/trending/tr_living_my_era_en__light.png
tr_main_character_en,trending,humor,Funny & Sarcastic,,en,Main Character Energy - Funny & Sarcastic Typography Design,"""Main Character Energy"" in clean gold-and-black minimalist typography. A statement design for anyone with a sense of humor. Makes a perfect gift to wear or give. Available on tees, hoodies, stickers, mugs, tote bags, posters and more. #humor #typography","funny saying, sarcastic, sarcasm, humor, meme shirt, funny quote, main, character, energy, funny & sarcastic, funny shirt, typography, minimalist, aesthetic, gift idea, trendy design, statement tee, for men, for women",produits/trending/tr_main_character_en__dark.png,produits/trending/tr_main_character_en__light.png
tr_main_character_fr,trending,humor,Funny & Sarcastic,,fr,Héroïne De Ma Vie - Funny & Sarcastic (French) Design,"« Héroïne De Ma Vie » en typographie or et noir, minimaliste et percutante. Un design pour tous ceux qui ont de l'humour. Idée cadeau parfaite, à porter ou offrir. Disponible sur t-shirt, sweat, sticker, mug, tote bag, poster et plus. #humor #typographie","funny saying, sarcastic, sarcasm, humor, meme shirt, funny quote, héroïne, funny & sarcastic, funny shirt, typography, minimalist, aesthetic, gift idea, trendy design, statement tee, for men, for women",produits/trending/tr_main_character_fr__dark.png,produits/trending/tr_main_character_fr__light.png
tr_mamie_mosa_fr,trending,humor,Funny & Sarcastic,,fr,Mamie- Mosa - Funny & Sarcastic (French) Design,"« Mamie- Mosa » en typographie or et noir, minimaliste et percutante. Un design pour tous ceux qui ont de l'humour. Idée cadeau parfaite, à porter ou offrir. Disponible sur t-shirt, sweat, sticker, mug, tote bag, poster et plus. #humor #typographie","funny saying, sarcastic, sarcasm, humor, meme shirt, funny quote, mamie, mosa, funny & sarcastic, funny shirt, typography, minimalist, aesthetic, gift idea, trendy design, statement tee, for men, for women",produits/trending/tr_mamie_mosa_fr__dark.png,produits/trending/tr_mamie_mosa_fr__light.png
tr_mode_ronchon_fr,trending,humor,Funny & Sarcastic,,fr,Mode Ronchon Activé - Funny & Sarcastic (French) Design,"« Mode Ronchon Activé » en typographie or et noir, minimaliste et percutante. Un design pour tous ceux qui ont de l'humour. Idée cadeau parfaite, à porter ou offrir. Disponible sur t-shirt, sweat, sticker, mug, tote bag, poster et plus. #humor #typographie","funny saying, sarcastic, sarcasm, humor, meme shirt, funny quote, mode, ronchon, activé, funny & sarcastic, funny shirt, typography, minimalist, aesthetic, gift idea, trendy design, statement tee, for men, for women",produits/trending/tr_mode_ronchon_fr__dark.png,produits/trending/tr_mode_ronchon_fr__light.png
tr_motivation_404_fr,trending,humor,Funny & Sarcastic,,fr,Motivation Introuvable - Funny & Sarcastic (French) Design,"« Motivation Introuvable » en typographie or et noir, minimaliste et percutante. Un design pour tous ceux qui ont de l'humour. Idée cadeau parfaite, à porter ou offrir. Disponible sur t-shirt, sweat, sticker, mug, tote bag, poster et plus. #humor #typographie","funny saying, sarcastic, sarcasm, humor, meme shirt, funny quote, motivation, introuvable, funny & sarcastic, funny shirt, typography, minimalist, aesthetic, gift idea, trendy design, statement tee, for men, for women",produits/trending/tr_motivation_404_fr__dark.png,produits/trending/tr_motivation_404_fr__light.png
tr_namastay_bed_en,trending,humor,Funny & Sarcastic,,en,Namast'ay In Bed - Funny & Sarcastic Typography Design,"""Namast'ay In Bed"" in clean gold-and-black minimalist typography. A statement design for anyone with a sense of humor. Makes a perfect gift to wear or give. Available on tees, hoodies, stickers, mugs, tote bags, posters and more. #humor #typography","funny saying, sarcastic, sarcasm, humor, meme shirt, funny quote, namast'ay, funny & sarcastic, funny shirt, typography, minimalist, aesthetic, gift idea, trendy design, statement tee, for men, for women",produits/trending/tr_namastay_bed_en__dark.png,produits/trending/tr_namastay_bed_en__light.png
tr_nap_queen_en,trending,humor,Funny & Sarcastic,,en,Nap Queen - Funny & Sarcastic Typography Design,"""Nap Queen"" in clean gold-and-black minimalist typography. A statement design for anyone with a sense of humor. Makes a perfect gift to wear or give. Available on tees, hoodies, stickers, mugs, tote bags, posters and more. #humor #typography","funny saying, sarcastic, sarcasm, humor, meme shirt, funny quote, queen, funny & sarcastic, funny shirt, typography, minimalist, aesthetic, gift idea, trendy design, statement tee, for men, for women",produits/trending/tr_nap_queen_en__dark.png,produits/trending/tr_nap_queen_en__light.png
tr_occupee_rien_fr,trending,humor,Funny & Sarcastic,,fr,Occupée À Rien Faire - Funny & Sarcastic (French) Design,"« Occupée À Rien Faire » en typographie or et noir, minimaliste et percutante. Un design pour tous ceux qui ont de l'humour. Idée cadeau parfaite, à porter ou offrir. Disponible sur t-shirt, sweat, sticker, mug, tote bag, poster et plus. #humor #typographie","funny saying, sarcastic, sarcasm, humor, meme shirt, funny quote, occupée, rien, faire, funny & sarcastic, funny shirt, typography, minimalist, aesthetic, gift idea, trendy design, statement tee, for men, for women",produits/trending/tr_occupee_rien_fr__dark.png,produits/trending/tr_occupee_rien_fr__light.png
tr_one_more_chapter_en,trending,humor,Funny & Sarcastic,,en,Just One More Chapter - Funny & Sarcastic Typography Design,"""Just One More Chapter"" in clean gold-and-black minimalist typography. A statement design for anyone with a sense of humor. Makes a perfect gift to wear or give. Available on tees, hoodies, stickers, mugs, tote bags, posters and more. #humor #typography","funny saying, sarcastic, sarcasm, humor, meme shirt, funny quote, more, chapter, funny & sarcastic, funny shirt, typography, minimalist, aesthetic, gift idea, trendy design, statement tee, for men, for women",produits/trending/tr_one_more_chapter_en__dark.png,produits/trending/tr_one_more_chapter_en__light.png
tr_pas_aujourdhui_fr,trending,humor,Funny & Sarcastic,,fr,Pas Aujourd'hui - Funny & Sarcastic (French) Design,"« Pas Aujourd'hui » en typographie or et noir, minimaliste et percutante. Un design pour tous ceux qui ont de l'humour. Idée cadeau parfaite, à porter ou offrir. Disponible sur t-shirt, sweat, sticker, mug, tote bag, poster et plus. #humor #typographie","funny saying, sarcastic, sarcasm, humor, meme shirt, funny quote, aujourd'hui, funny & sarcastic, funny shirt, typography, minimalist, aesthetic, gift idea, trendy design, statement tee, for men, for women",produits/trending/tr_pas_aujourdhui_fr__dark.png,produits/trending/tr_pas_aujourdhui_fr__light.png
tr_pas_envie_fr,trending,humor,Funny & Sarcastic,,fr,"Pas Le Temps, Pas L'Envie - Funny & Sarcastic (French) Design","« Pas Le Temps, Pas L'Envie » en typographie or et noir, minimaliste et percutante. Un design pour tous ceux qui ont de l'humour. Idée cadeau parfaite, à porter ou offrir. Disponible sur t-shirt, sweat, sticker, mug, tote bag, poster et plus. #humor #typographie","funny saying, sarcastic, sarcasm, humor, meme shirt, funny quote, temps, l'envie, funny & sarcastic, funny shirt, typography, minimalist, aesthetic, gift idea, trendy design, statement tee, for men, for women",produits/trending/tr_pas_envie_fr__dark.png,produits/trending/tr_pas_envie_fr__light.png
tr_petite_sieste_fr,trending,humor,Funny & Sarcastic,,fr,Juste Une Petite Sieste - Funny & Sarcastic (French) Design,"« Juste Une Petite Sieste » en typographie or et noir, minimaliste et percutante. Un design pour tous ceux qui ont de l'humour. Idée cadeau parfaite, à porter ou offrir. Disponible sur t-shirt, sweat, sticker, mug, tote bag, poster et plus. #humor #typographie","funny saying, sarcastic, sarcasm, humor, meme shirt, funny quote, juste, petite, sieste, funny & sarcastic, funny shirt, typography, minimalist, aesthetic, gift idea, trendy design, statement tee, for men, for women",produits/trending/tr_petite_sieste_fr__dark.png,produits/trending/tr_petite_sieste_fr__light.png
tr_pumpkin_everything_en,trending,humor,Funny & Sarcastic,,en,Pumpkin Everything - Funny & Sarcastic Typography Design,"""Pumpkin Everything"" in clean gold-and-black minimalist typography. A statement design for anyone with a sense of humor. Makes a perfect gift to wear or give. Available on tees, hoodies, stickers, mugs, tote bags, posters and more. #humor #typography","funny saying, sarcastic, sarcasm, humor, meme shirt, funny quote, pumpkin, everything, funny & sarcastic, funny shirt, typography, minimalist, aesthetic, gift idea, trendy design, statement tee, for men, for women",produits/trending/tr_pumpkin_everything_en__dark.png,produits/trending/tr_pumpkin_everything_en__light.png
tr_quiet_era_en,trending,humor,Funny & Sarcastic,,en,In My Quiet Era - Funny & Sarcastic Typography Design,"""In My Quiet Era"" in clean gold-and-black minimalist typography. A statement design for anyone with a sense of humor. Makes a perfect gift to wear or give. Available on tees, hoodies, stickers, mugs, tote bags, posters and more. #humor #typography","funny saying, sarcastic, sarcasm, humor, meme shirt, funny quote, quiet, funny & sarcastic, funny shirt, typography, minimalist, aesthetic, gift idea, trendy design, statement tee, for men, for women",produits/trending/tr_quiet_era_en__dark.png,produits/trending/tr_quiet_era_en__light.png
tr_reine_sieste_fr,trending,humor,Funny & Sarcastic,,fr,Reine De La Sieste - Funny & Sarcastic (French) Design,"« Reine De La Sieste » en typographie or et noir, minimaliste et percutante. Un design pour tous ceux qui ont de l'humour. Idée cadeau parfaite, à porter ou offrir. Disponible sur t-shirt, sweat, sticker, mug, tote bag, poster et plus. #humor #typographie","funny saying, sarcastic, sarcasm, humor, meme shirt, funny quote, reine, sieste, funny & sarcastic, funny shirt, typography, minimalist, aesthetic, gift idea, trendy design, statement tee, for men, for women",produits/trending/tr_reine_sieste_fr__dark.png,produits/trending/tr_reine_sieste_fr__light.png
tr_relou_assume_fr,trending,humor,Funny & Sarcastic,,fr,Relou Mais Assumé - Funny & Sarcastic (French) Design,"« Relou Mais Assumé » en typographie or et noir, minimaliste et percutante. Un design pour tous ceux qui ont de l'humour. Idée cadeau parfaite, à porter ou offrir. Disponible sur t-shirt, sweat, sticker, mug, tote bag, poster et plus. #humor #typographie","funny saying, sarcastic, sarcasm, humor, meme shirt, funny quote, relou, assumé, funny & sarcastic, funny shirt, typography, minimalist, aesthetic, gift idea, trendy design, statement tee, for men, for women",produits/trending/tr_relou_assume_fr__dark.png,produits/trending/tr_relou_assume_fr__light.png
tr_sarcasm_loading_en,trending,humor,Funny & Sarcastic,,en,Sarcasm Loading... - Funny & Sarcastic Typography Design,"""Sarcasm Loading..."" in clean gold-and-black minimalist typography. A statement design for anyone with a sense of humor. Makes a perfect gift to wear or give. Available on tees, hoodies, stickers, mugs, tote bags, posters and more. #humor #typography","funny saying, sarcastic, sarcasm, humor, meme shirt, funny quote, loading, funny & sarcastic, funny shirt, typography, minimalist, aesthetic, gift idea, trendy design, statement tee, for men, for women",produits/trending/tr_sarcasm_loading_en__dark.png,produits/trending/tr_sarcasm_loading_en__light.png
tr_sarcasme_cours_fr,trending,humor,Funny & Sarcastic,,fr,Sarcasme En Cours - Funny & Sarcastic (French) Design,"« Sarcasme En Cours » en typographie or et noir, minimaliste et percutante. Un design pour tous ceux qui ont de l'humour. Idée cadeau parfaite, à porter ou offrir. Disponible sur t-shirt, sweat, sticker, mug, tote bag, poster et plus. #humor #typographie","funny saying, sarcastic, sarcasm, humor, meme shirt, funny quote, sarcasme, cours, funny & sarcastic, funny shirt, typography, minimalist, aesthetic, gift idea, trendy design, statement tee, for men, for women",produits/trending/tr_sarcasme_cours_fr__dark.png,produits/trending/tr_sarcasme_cours_fr__light.png
tr_self_made_en,trending,humor,Funny & Sarcastic,,en,Self- Made - Funny & Sarcastic Typography Design,"""Self- Made"" in clean gold-and-black minimalist typography. A statement design for anyone with a sense of humor. Makes a perfect gift to wear or give. Available on tees, hoodies, stickers, mugs, tote bags, posters and more. #humor #typography","funny saying, sarcastic, sarcasm, humor, meme shirt, funny quote, self, made, funny & sarcastic, funny shirt, typography, minimalist, aesthetic, gift idea, trendy design, statement tee, for men, for women",produits/trending/tr_self_made_en__dark.png,produits/trending/tr_self_made_en__light.png
tr_sieste_power_fr,trending,humor,Funny & Sarcastic,,fr,Sieste Power - Funny & Sarcastic (French) Design,"« Sieste Power » en typographie or et noir, minimaliste et percutante. Un design pour tous ceux qui ont de l'humour. Idée cadeau parfaite, à porter ou offrir. Disponible sur t-shirt, sweat, sticker, mug, tote bag, poster et plus. #humor #typographie","funny saying, sarcastic, sarcasm, humor, meme shirt, funny quote, sieste, power, funny & sarcastic, funny shirt, typography, minimalist, aesthetic, gift idea, trendy design, statement tee, for men, for women",produits/trending/tr_sieste_power_fr__dark.png,produits/trending/tr_sieste_power_fr__light.png
tr_slay_nap_en,trending,humor,Funny & Sarcastic,,en,I Came To Slay (And Nap) - Funny & Sarcastic Typography Design,"""I Came To Slay (And Nap)"" in clean gold-and-black minimalist typography. A statement design for anyone with a sense of humor. Makes a perfect gift to wear or give. Available on tees, hoodies, stickers, mugs, tote bags, posters and more. #humor #typography","funny saying, sarcastic, sarcasm, humor, meme shirt, funny quote, came, slay, funny & sarcastic, funny shirt, typography, minimalist, aesthetic, gift idea, trendy design, statement tee, for men, for women",produits/trending/tr_slay_nap_en__dark.png,produits/trending/tr_slay_nap_en__light.png
tr_spooky_vibes_en,trending,humor,Funny & Sarcastic,,en,Spooky Vibes Only - Funny & Sarcastic Typography Design,"""Spooky Vibes Only"" in clean gold-and-black minimalist typography. A statement design for anyone with a sense of humor. Makes a perfect gift to wear or give. Available on tees, hoodies, stickers, mugs, tote bags, posters and more. #humor #typography","funny saying, sarcastic, sarcasm, humor, meme shirt, funny quote, spooky, vibes, funny & sarcastic, funny shirt, typography, minimalist, aesthetic, gift idea, trendy design, statement tee, for men, for women",produits/trending/tr_spooky_vibes_en__dark.png,produits/trending/tr_spooky_vibes_en__light.png
tr_stay_wild_en,trending,humor,Funny & Sarcastic,,en,Stay Wild - Funny & Sarcastic Typography Design,"""Stay Wild"" in clean gold-and-black minimalist typography. A statement design for anyone with a sense of humor. Makes a perfect gift to wear or give. Available on tees, hoodies, stickers, mugs, tote bags, posters and more. #humor #typography","funny saying, sarcastic, sarcasm, humor, meme shirt, funny quote, stay, wild, funny & sarcastic, funny shirt, typography, minimalist, aesthetic, gift idea, trendy design, statement tee, for men, for women",produits/trending/tr_stay_wild_en__dark.png,produits/trending/tr_stay_wild_en__light.png
tr_therapist_fine_en,trending,humor,Funny & Sarcastic,,en,My Therapist Says I'm Fine - Funny & Sarcastic Typography Design,"""My Therapist Says I'm Fine"" in clean gold-and-black minimalist typography. A statement design for anyone with a sense of humor. Makes a perfect gift to wear or give. Available on tees, hoodies, stickers, mugs, tote bags, posters and more. #humor #typography","funny saying, sarcastic, sarcasm, humor, meme shirt, funny quote, therapist, says, fine, funny & sarcastic, funny shirt, typography, minimalist, aesthetic, gift idea, trendy design, statement tee, for men, for women",produits/trending/tr_therapist_fine_en__dark.png,produits/trending/tr_therapist_fine_en__light.png
tr_touch_grass_en,trending,humor,Funny & Sarcastic,,en,Touch Grass (I Won't) - Funny & Sarcastic Typography Design,"""Touch Grass (I Won't)"" in clean gold-and-black minimalist typography. A statement design for anyone with a sense of humor. Makes a perfect gift to wear or give. Available on tees, hoodies, stickers, mugs, tote bags, posters and more. #humor #typography","funny saying, sarcastic, sarcasm, humor, meme shirt, funny quote, touch, grass, won't, funny & sarcastic, funny shirt, typography, minimalist, aesthetic, gift idea, trendy design, statement tee, for men, for women",produits/trending/tr_touch_grass_en__dark.png,produits/trending/tr_touch_grass_en__light.png
tr_unbothered_en,trending,humor,Funny & Sarcastic,,en,Unbothered. Moisturized. - Funny & Sarcastic Typography Design,"""Unbothered. Moisturized."" in clean gold-and-black minimalist typography. A statement design for anyone with a sense of humor. Makes a perfect gift to wear or give. Available on tees, hoodies, stickers, mugs, tote bags, posters and more. #humor #typography","funny saying, sarcastic, sarcasm, humor, meme shirt, funny quote, unbothered, moisturized, funny & sarcastic, funny shirt, typography, minimalist, aesthetic, gift idea, trendy design, statement tee, for men, for women",produits/trending/tr_unbothered_en__dark.png,produits/trending/tr_unbothered_en__light.png
tr_vibes_only_en,trending,humor,Funny & Sarcastic,,en,Good Vibes Only - Funny & Sarcastic Typography Design,"""Good Vibes Only"" in clean gold-and-black minimalist typography. A statement design for anyone with a sense of humor. Makes a perfect gift to wear or give. Available on tees, hoodies, stickers, mugs, tote bags, posters and more. #humor #typography","funny saying, sarcastic, sarcasm, humor, meme shirt, funny quote, good, vibes, funny & sarcastic, funny shirt, typography, minimalist, aesthetic, gift idea, trendy design, statement tee, for men, for women",produits/trending/tr_vibes_only_en__dark.png,produits/trending/tr_vibes_only_en__light.png
tr_vin_compagnie_fr,trending,humor,Funny & Sarcastic,,fr,Vin Et Compagnie - Funny & Sarcastic (French) Design,"« Vin Et Compagnie » en typographie or et noir, minimaliste et percutante. Un design pour tous ceux qui ont de l'humour. Idée cadeau parfaite, à porter ou offrir. Disponible sur t-shirt, sweat, sticker, mug, tote bag, poster et plus. #humor #typographie","funny saying, sarcastic, sarcasm, humor, meme shirt, funny quote, compagnie, funny & sarcastic, funny shirt, typography, minimalist, aesthetic, gift idea, trendy design, statement tee, for men, for women",produits/trending/tr_vin_compagnie_fr__dark.png,produits/trending/tr_vin_compagnie_fr__light.png
tr_wander_often_en,trending,humor,Funny & Sarcastic,,en,Wander Often - Funny & Sarcastic Typography Design,"""Wander Often"" in clean gold-and-black minimalist typography. A statement design for anyone with a sense of humor. Makes a perfect gift to wear or give. Available on tees, hoodies, stickers, mugs, tote bags, posters and more. #humor #typography","funny saying, sarcastic, sarcasm, humor, meme shirt, funny quote, wander, often, funny & sarcastic, funny shirt, typography, minimalist, aesthetic, gift idea, trendy design, statement tee, for men, for women",produits/trending/tr_wander_often_en__dark.png,produits/trending/tr_wander_often_en__light.png
tr_weekend_mood_fr,trending,humor,Funny & Sarcastic,,fr,Mood Week-End - Funny & Sarcastic (French) Design,"« Mood Week-End » en typographie or et noir, minimaliste et percutante. Un design pour tous ceux qui ont de l'humour. Idée cadeau parfaite, à porter ou offrir. Disponible sur t-shirt, sweat, sticker, mug, tote bag, poster et plus. #humor #typographie","funny saying, sarcastic, sarcasm, humor, meme shirt, funny quote, mood, week, funny & sarcastic, funny shirt, typography, minimalist, aesthetic, gift idea, trendy design, statement tee, for men, for women",produits/trending/tr_weekend_mood_fr__dark.png,produits/trending/tr_weekend_mood_fr__light.png
ar_ask_pronouns_en,arrow,lgbtq,LGBTQ Pride,,en,Ask Them About Their Pronouns - LGBTQ Pride Typography Design,"""Ask Them About Their Pronouns"" in clean gold-and-black minimalist typography. A statement design for the LGBTQ+ community and proud allies. Makes a perfect gift to wear or give. Available on tees, hoodies, stickers, mugs, tote bags, posters and more. #lgbtq #typography","pride, lgbtq, queer, trans rights, love is love, ally, rainbow, them, about, their, pronouns, lgbtq pride, funny shirt, typography, minimalist, aesthetic, gift idea, trendy design, statement tee, for men, for women",produits/arrow/ar_ask_pronouns_en__dark.png,produits/arrow/ar_ask_pronouns_en__light.png
co_rien_perd_fr,corrige,lgbtq,LGBTQ Pride,,fr,"Rien Ne Se Perd, Rien Ne Se Crée, Tout Se Transforme → Délocalise - LGBTQ Pride (French) Design","« Rien Ne Se Perd, Rien Ne Se Crée, Tout Se Transforme → Délocalise » en typographie or et noir, minimaliste et percutante. Un design pour la communauté LGBTQ+ et ses allié·es. Idée cadeau parfaite, à porter ou offrir. Disponible sur t-shirt, sweat, sticker, mug, tote bag, poster et plus. #lgbtq #typographie","pride, lgbtq, queer, trans rights, love is love, ally, rainbow, rien, perd, crée, transforme, délocalise, lgbtq pride, funny shirt, typography, minimalist, aesthetic, gift idea, trendy design, statement tee, for men, for women",produits/corrige/co_rien_perd_fr__dark.png,produits/corrige/co_rien_perd_fr__light.png
he_thembo_en,heart,lgbtq,LGBTQ Pride,,en,I love (S)He(/Them) - LGBTQ Pride Typography Design,"""I love (S)He(/Them)"" in clean gold-and-black minimalist typography. A statement design for the LGBTQ+ community and proud allies. Makes a perfect gift to wear or give. Available on tees, hoodies, stickers, mugs, tote bags, posters and more. #lgbtq #typography","pride, lgbtq, queer, trans rights, love is love, ally, rainbow, love, them, lgbtq pride, funny shirt, typography, minimalist, aesthetic, gift idea, trendy design, statement tee, for men, for women",produits/heart/he_thembo_en__dark.png,produits/heart/he_thembo_en__light.png
he_wowmen_en,heart,lgbtq,LGBTQ Pride,,en,I love (Wo)Men - LGBTQ Pride Typography Design,"""I love (Wo)Men"" in clean gold-and-black minimalist typography. A statement design for the LGBTQ+ community and proud allies. Makes a perfect gift to wear or give. Available on tees, hoodies, stickers, mugs, tote bags, posters and more. #lgbtq #typography","pride, lgbtq, queer, trans rights, love is love, ally, rainbow, love, lgbtq pride, funny shirt, typography, minimalist, aesthetic, gift idea, trendy design, statement tee, for men, for women",produits/heart/he_wowmen_en__dark.png,produits/heart/he_wowmen_en__light.png
bw_merlin_en,niches,lgbtq,LGBTQ Pride,birdwatching,en,I Let Merlin ID My Pride - LGBTQ Pride Typography Design,"""I Let Merlin ID My Pride"" in clean gold-and-black minimalist typography. A statement design for the LGBTQ+ community and proud allies. Makes a perfect gift to wear or give. Available on tees, hoodies, stickers, mugs, tote bags, posters and more. #lgbtq #typography","pride, lgbtq, queer, trans rights, love is love, ally, rainbow, merlin, birdwatching, lgbtq pride, funny shirt, typography, minimalist, aesthetic, gift idea, trendy design, statement tee, for men, for women",produits/niches/bw_merlin_en__dark.png,produits/niches/bw_merlin_en__light.png
rev_homophobia_showing_en,revendications,lgbtq,LGBTQ Pride,,en,Your Homophobia Is Showing - LGBTQ Pride Typography Design,"""Your Homophobia Is Showing"" in clean gold-and-black minimalist typography. A statement design for the LGBTQ+ community and proud allies. Makes a perfect gift to wear or give. Available on tees, hoodies, stickers, mugs, tote bags, posters and more. #lgbtq #typography","pride, lgbtq, queer, trans rights, love is love, ally, rainbow, homophobia, showing, lgbtq pride, funny shirt, typography, minimalist, aesthetic, gift idea, trendy design, statement tee, for men, for women",produits/revendications/rev_homophobia_showing_en__dark.png,produits/revendications/rev_homophobia_showing_en__light.png
rev_love_is_love_en,revendications,lgbtq,LGBTQ Pride,,en,Love Is Love - LGBTQ Pride Typography Design,"""Love Is Love"" in clean gold-and-black minimalist typography. A statement design for the LGBTQ+ community and proud allies. Makes a perfect gift to wear or give. Available on tees, hoodies, stickers, mugs, tote bags, posters and more. #lgbtq #typography","pride, lgbtq, queer, trans rights, love is love, ally, rainbow, love, lgbtq pride, funny shirt, typography, minimalist, aesthetic, gift idea, trendy design, statement tee, for men, for women",produits/revendications/rev_love_is_love_en__dark.png,produits/revendications/rev_love_is_love_en__light.png
rev_pride_en,revendications,lgbtq,LGBTQ Pride,,en,"Proud Ally, Loud Ally - LGBTQ Pride Typography Design","""Proud Ally, Loud Ally"" in clean gold-and-black minimalist typography. A statement design for the LGBTQ+ community and proud allies. Makes a perfect gift to wear or give. Available on tees, hoodies, stickers, mugs, tote bags, posters and more. #lgbtq #typography","pride, lgbtq, queer, trans rights, love is love, ally, rainbow, proud, loud, lgbtq pride, funny shirt, typography, minimalist, aesthetic, gift idea, trendy design, statement tee, for men, for women",produits/revendications/rev_pride_en__dark.png,produits/revendications/rev_pride_en__light.png
st_pride_love,stoner,lgbtq,LGBTQ Pride,,en,Love Is Love - LGBTQ Pride Typography Design,"""Love Is Love"" in clean gold-and-black minimalist typography. A statement design for the LGBTQ+ community and proud allies. Makes a perfect gift to wear or give. Available on tees, hoodies, stickers, mugs, tote bags, posters and more. #lgbtq #typography","pride, lgbtq, queer, trans rights, love is love, ally, rainbow, love, lgbtq pride, funny shirt, typography, minimalist, aesthetic, gift idea, trendy design, statement tee, for men, for women",produits/stoner/st_pride_love__dark.png,produits/stoner/st_pride_love__light.png
fm_caution_overthink_en,formats,mental_health,Mental Health & Neurodivergent,caution,en,Warning Overthinking In Progress - Mental Health & Neurodivergent Typography Design,"""Warning Overthinking In Progress"" in clean gold-and-black minimalist typography. A statement design for the neurodivergent and mental-health aware. Makes a perfect gift to wear or give. Available on tees, hoodies, stickers, mugs, tote bags, posters and more. #mental_health #typography","mental health, neurodivergent, adhd, autism, anxiety, introvert, self care, neurospicy, warning, overthinking, progress, caution, mental health & neurodivergent, funny shirt, typography, minimalist, aesthetic, gift idea, trendy design, statement tee, for men, for women",produits/formats/fm_caution_overthink_en__dark.png,produits/formats/fm_caution_overthink_en__light.png
fm_nut_values_en,formats,mental_health,Mental Health & Neurodivergent,nutrition,en,Personal Values Rage Patience Sarcasm Caffeine Empathy Filter - Mental Health & Neurodivergent Typography Design,"""Personal Values Rage Patience Sarcasm Caffeine Empathy Filter"" in clean gold-and-black minimalist typography. A statement design for the neurodivergent and mental-health aware. Makes a perfect gift to wear or give. Available on tees, hoodies, stickers, mugs, tote bags, posters and more. #mental_health #typography","mental health, neurodivergent, adhd, autism, anxiety, introvert, self care, neurospicy, personal, values, rage, patience, sarcasm, nutrition, mental health & neurodivergent, funny shirt, typography, minimalist, aesthetic, gift idea, trendy design, statement tee, for men, for women",produits/formats/fm_nut_values_en__dark.png,produits/formats/fm_nut_values_en__light.png
id_adhd_en,identite,mental_health,Mental Health & Neurodivergent,,en,ADHD Brain - Mental Health & Neurodivergent Typography Design,"""ADHD Brain"" in clean gold-and-black minimalist typography. A statement design for the neurodivergent and mental-health aware. Makes a perfect gift to wear or give. Available on tees, hoodies, stickers, mugs, tote bags, posters and more. #mental_health #typography","mental health, neurodivergent, adhd, autism, anxiety, introvert, self care, neurospicy, brain, mental health & neurodivergent, funny shirt, typography, minimalist, aesthetic, gift idea, trendy design, statement tee, for men, for women",produits/identite/id_adhd_en__dark.png,produits/identite/id_adhd_en__light.png
id_autistic_en,identite,mental_health,Mental Health & Neurodivergent,,en,Autistic & Proud - Mental Health & Neurodivergent Typography Design,"""Autistic & Proud"" in clean gold-and-black minimalist typography. A statement design for the neurodivergent and mental-health aware. Makes a perfect gift to wear or give. Available on tees, hoodies, stickers, mugs, tote bags, posters and more. #mental_health #typography","mental health, neurodivergent, adhd, autism, anxiety, introvert, self care, neurospicy, autistic, proud, mental health & neurodivergent, funny shirt, typography, minimalist, aesthetic, gift idea, trendy design, statement tee, for men, for women",produits/identite/id_autistic_en__dark.png,produits/identite/id_autistic_en__light.png
id_autistisch_de,identite,mental_health,Mental Health & Neurodivergent,,de,Stolz Autistisch - Mental Health & Neurodivergent (German) Design,"""Stolz Autistisch"" in clean gold-and-black minimalist typography. A statement design for the neurodivergent and mental-health aware. Makes a perfect gift to wear or give. Available on tees, hoodies, stickers, mugs, tote bags, posters and more. #mental_health #typography","mental health, neurodivergent, adhd, autism, anxiety, introvert, self care, neurospicy, stolz, autistisch, mental health & neurodivergent, funny shirt, typography, minimalist, aesthetic, gift idea, trendy design, statement tee, for men, for women",produits/identite/id_autistisch_de__dark.png,produits/identite/id_autistisch_de__light.png
id_hypersensible_fr,identite,mental_health,Mental Health & Neurodivergent,,fr,Hypersensible - Mental Health & Neurodivergent (French) Design,"« Hypersensible » en typographie or et noir, minimaliste et percutante. Un design pour les neuroatypiques et les concerné·es par la santé mentale. Idée cadeau parfaite, à porter ou offrir. Disponible sur t-shirt, sweat, sticker, mug, tote bag, poster et plus. #mental_health #typographie","mental health, neurodivergent, adhd, autism, anxiety, introvert, self care, neurospicy, hypersensible, mental health & neurodivergent, funny shirt, typography, minimalist, aesthetic, gift idea, trendy design, statement tee, for men, for women",produits/identite/id_hypersensible_fr__dark.png,produits/identite/id_hypersensible_fr__light.png
id_instable_fr,identite,mental_health,Mental Health & Neurodivergent,,fr,Instable Mais Adorable - Mental Health & Neurodivergent (French) Design,"« Instable Mais Adorable » en typographie or et noir, minimaliste et percutante. Un design pour les neuroatypiques et les concerné·es par la santé mentale. Idée cadeau parfaite, à porter ou offrir. Disponible sur t-shirt, sweat, sticker, mug, tote bag, poster et plus. #mental_health #typographie","mental health, neurodivergent, adhd, autism, anxiety, introvert, self care, neurospicy, instable, adorable, mental health & neurodivergent, funny shirt, typography, minimalist, aesthetic, gift idea, trendy design, statement tee, for men, for women",produits/identite/id_instable_fr__dark.png,produits/identite/id_instable_fr__light.png
id_introvert_en,identite,mental_health,Mental Health & Neurodivergent,,en,Proud Introvert - Mental Health & Neurodivergent Typography Design,"""Proud Introvert"" in clean gold-and-black minimalist typography. A statement design for the neurodivergent and mental-health aware. Makes a perfect gift to wear or give. Available on tees, hoodies, stickers, mugs, tote bags, posters and more. #mental_health #typography","mental health, neurodivergent, adhd, autism, anxiety, introvert, self care, neurospicy, proud, mental health & neurodivergent, funny shirt, typography, minimalist, aesthetic, gift idea, trendy design, statement tee, for men, for women",produits/identite/id_introvert_en__dark.png,produits/identite/id_introvert_en__light.png
id_neurospicy_en,identite,mental_health,Mental Health & Neurodivergent,,en,Neurospicy - Mental Health & Neurodivergent Typography Design,"""Neurospicy"" in clean gold-and-black minimalist typography. A statement design for the neurodivergent and mental-health aware. Makes a perfect gift to wear or give. Available on tees, hoodies, stickers, mugs, tote bags, posters and more. #mental_health #typography","mental health, neurodivergent, adhd, autism, anxiety, introvert, self care, neurospicy, mental health & neurodivergent, funny shirt, typography, minimalist, aesthetic, gift idea, trendy design, statement tee, for men, for women",produits/identite/id_neurospicy_en__dark.png,produits/identite/id_neurospicy_en__light.png
id_overthinker_en,identite,mental_health,Mental Health & Neurodivergent,,en,Certified Overthinker - Mental Health & Neurodivergent Typography Design,"""Certified Overthinker"" in clean gold-and-black minimalist typography. A statement design for the neurodivergent and mental-health aware. Makes a perfect gift to wear or give. Available on tees, hoodies, stickers, mugs, tote bags, posters and more. #mental_health #typography","mental health, neurodivergent, adhd, autism, anxiety, introvert, self care, neurospicy, certified, overthinker, mental health & neurodivergent, funny shirt, typography, minimalist, aesthetic, gift idea, trendy design, statement tee, for men, for women",produits/identite/id_overthinker_en__dark.png,produits/identite/id_overthinker_en__light.png
id_schizo_fr,identite,mental_health,Mental Health & Neurodivergent,,fr,Schizophrène & Charmant - Mental Health & Neurodivergent (French) Design,"« Schizophrène & Charmant » en typographie or et noir, minimaliste et percutante. Un design pour les neuroatypiques et les concerné·es par la santé mentale. Idée cadeau parfaite, à porter ou offrir. Disponible sur t-shirt, sweat, sticker, mug, tote bag, poster et plus. #mental_health #typographie","mental health, neurodivergent, adhd, autism, anxiety, introvert, self care, neurospicy, schizophrène, charmant, mental health & neurodivergent, funny shirt, typography, minimalist, aesthetic, gift idea, trendy design, statement tee, for men, for women",produits/identite/id_schizo_fr__dark.png,produits/identite/id_schizo_fr__light.png
id_spicy_en,identite,mental_health,Mental Health & Neurodivergent,,en,Mentally Spicy - Mental Health & Neurodivergent Typography Design,"""Mentally Spicy"" in clean gold-and-black minimalist typography. A statement design for the neurodivergent and mental-health aware. Makes a perfect gift to wear or give. Available on tees, hoodies, stickers, mugs, tote bags, posters and more. #mental_health #typography","mental health, neurodivergent, adhd, autism, anxiety, introvert, self care, neurospicy, mentally, spicy, mental health & neurodivergent, funny shirt, typography, minimalist, aesthetic, gift idea, trendy design, statement tee, for men, for women",produits/identite/id_spicy_en__dark.png,produits/identite/id_spicy_en__light.png
ir_neurone_solo_fr,ironique,mental_health,Mental Health & Neurodivergent,,fr,Ton Neurone Doit Se Sentir Bien Seul - Mental Health & Neurodivergent (French) Design,"« Ton Neurone Doit Se Sentir Bien Seul » en typographie or et noir, minimaliste et percutante. Un design pour les neuroatypiques et les concerné·es par la santé mentale. Idée cadeau parfaite, à porter ou offrir. Disponible sur t-shirt, sweat, sticker, mug, tote bag, poster et plus. #mental_health #typographie","mental health, neurodivergent, adhd, autism, anxiety, introvert, self care, neurospicy, neurone, doit, sentir, bien, seul, mental health & neurodivergent, funny shirt, typography, minimalist, aesthetic, gift idea, trendy design, statement tee, for men, for women",produits/ironique/ir_neurone_solo_fr__dark.png,produits/ironique/ir_neurone_solo_fr__light.png
ne_adhd_en,neuro,mental_health,Mental Health & Neurodivergent,,en,"ADHD: I Finish Every— Oh, A Bird! - Mental Health & Neurodivergent Typography Design","""ADHD: I Finish Every— Oh, A Bird!"" in clean gold-and-black minimalist typography. A statement design for the neurodivergent and mental-health aware. Makes a perfect gift to wear or give. Available on tees, hoodies, stickers, mugs, tote bags, posters and more. #mental_health #typography","mental health, neurodivergent, adhd, autism, anxiety, introvert, self care, neurospicy, finish, every, bird, mental health & neurodivergent, funny shirt, typography, minimalist, aesthetic, gift idea, trendy design, statement tee, for men, for women",produits/neuro/ne_adhd_en__dark.png,produits/neuro/ne_adhd_en__light.png
ne_alphabet_fr,neuro,mental_health,Mental Health & Neurodivergent,,fr,Je Connais L'Alphabet Par Cœur : A B D C F E... - Mental Health & Neurodivergent (French) Design,"« Je Connais L'Alphabet Par Cœur : A B D C F E... » en typographie or et noir, minimaliste et percutante. Un design pour les neuroatypiques et les concerné·es par la santé mentale. Idée cadeau parfaite, à porter ou offrir. Disponible sur t-shirt, sweat, sticker, mug, tote bag, poster et plus. #mental_health #typographie","mental health, neurodivergent, adhd, autism, anxiety, introvert, self care, neurospicy, connais, l'alphabet, mental health & neurodivergent, funny shirt, typography, minimalist, aesthetic, gift idea, trendy design, statement tee, for men, for women",produits/neuro/ne_alphabet_fr__dark.png,produits/neuro/ne_alphabet_fr__light.png
ne_anxiety_en,neuro,mental_health,Mental Health & Neurodivergent,,en,My Anxiety And I Have Decided Everyone Hates Us - Mental Health & Neurodivergent Typography Design,"""My Anxiety And I Have Decided Everyone Hates Us"" in clean gold-and-black minimalist typography. A statement design for the neurodivergent and mental-health aware. Makes a perfect gift to wear or give. Available on tees, hoodies, stickers, mugs, tote bags, posters and more. #mental_health #typography","mental health, neurodivergent, adhd, autism, anxiety, introvert, self care, neurospicy, decided, everyone, hates, mental health & neurodivergent, funny shirt, typography, minimalist, aesthetic, gift idea, trendy design, statement tee, for men, for women",produits/neuro/ne_anxiety_en__dark.png,produits/neuro/ne_anxiety_en__light.png
ne_anxieux_fr,neuro,mental_health,Mental Health & Neurodivergent,,fr,Mon Anxiété Et Moi On A Déjà Prévu Le Pire - Mental Health & Neurodivergent (French) Design,"« Mon Anxiété Et Moi On A Déjà Prévu Le Pire » en typographie or et noir, minimaliste et percutante. Un design pour les neuroatypiques et les concerné·es par la santé mentale. Idée cadeau parfaite, à porter ou offrir. Disponible sur t-shirt, sweat, sticker, mug, tote bag, poster et plus. #mental_health #typographie","mental health, neurodivergent, adhd, autism, anxiety, introvert, self care, neurospicy, anxiété, déjà, prévu, pire, mental health & neurodivergent, funny shirt, typography, minimalist, aesthetic, gift idea, trendy design, statement tee, for men, for women",produits/neuro/ne_anxieux_fr__dark.png,produits/neuro/ne_anxieux_fr__light.png
ne_autism_en,neuro,mental_health,Mental Health & Neurodivergent,,en,Autistic & Awesome Ask Me About Trains - Mental Health & Neurodivergent Typography Design,"""Autistic & Awesome Ask Me About Trains"" in clean gold-and-black minimalist typography. A statement design for the neurodivergent and mental-health aware. Makes a perfect gift to wear or give. Available on tees, hoodies, stickers, mugs, tote bags, posters and more. #mental_health #typography","mental health, neurodivergent, adhd, autism, anxiety, introvert, self care, neurospicy, autistic, awesome, about, trains, mental health & neurodivergent, funny shirt, typography, minimalist, aesthetic, gift idea, trendy design, statement tee, for men, for women",produits/neuro/ne_autism_en__dark.png,produits/neuro/ne_autism_en__light.png
ne_autiste_fr,neuro,mental_health,Mental Health & Neurodivergent,,fr,Autiste Et Fier Demande-Moi Un Truc Précis - Mental Health & Neurodivergent (French) Design,"« Autiste Et Fier Demande-Moi Un Truc Précis » en typographie or et noir, minimaliste et percutante. Un design pour les neuroatypiques et les concerné·es par la santé mentale. Idée cadeau parfaite, à porter ou offrir. Disponible sur t-shirt, sweat, sticker, mug, tote bag, poster et plus. #mental_health #typographie","mental health, neurodivergent, adhd, autism, anxiety, introvert, self care, neurospicy, autiste, fier, demande, truc, précis, mental health & neurodivergent, funny shirt, typography, minimalist, aesthetic, gift idea, trendy design, statement tee, for men, for women",produits/neuro/ne_autiste_fr__dark.png,produits/neuro/ne_autiste_fr__light.png
ne_cerveau_fr,neuro,mental_health,Mental Health & Neurodivergent,,fr,Cerveau Différent. Même Valeur. - Mental Health & Neurodivergent (French) Design,"« Cerveau Différent. Même Valeur. » en typographie or et noir, minimaliste et percutante. Un design pour les neuroatypiques et les concerné·es par la santé mentale. Idée cadeau parfaite, à porter ou offrir. Disponible sur t-shirt, sweat, sticker, mug, tote bag, poster et plus. #mental_health #typographie","mental health, neurodivergent, adhd, autism, anxiety, introvert, self care, neurospicy, cerveau, différent, même, valeur, mental health & neurodivergent, funny shirt, typography, minimalist, aesthetic, gift idea, trendy design, statement tee, for men, for women",produits/neuro/ne_cerveau_fr__dark.png,produits/neuro/ne_cerveau_fr__light.png
ne_different_brain_en,neuro,mental_health,Mental Health & Neurodivergent,,en,Different Brain. Same Worth. - Mental Health & Neurodivergent Typography Design,"""Different Brain. Same Worth."" in clean gold-and-black minimalist typography. A statement design for the neurodivergent and mental-health aware. Makes a perfect gift to wear or give. Available on tees, hoodies, stickers, mugs, tote bags, posters and more. #mental_health #typography","mental health, neurodivergent, adhd, autism, anxiety, introvert, self care, neurospicy, different, brain, same, worth, mental health & neurodivergent, funny shirt, typography, minimalist, aesthetic, gift idea, trendy design, statement tee, for men, for women",produits/neuro/ne_different_brain_en__dark.png,produits/neuro/ne_different_brain_en__light.png
ne_dys_team_fr,neuro,mental_health,Mental Health & Neurodivergent,,fr,Team Dys On Lit Lentement Mais On Pense Vite - Mental Health & Neurodivergent (French) Design,"« Team Dys On Lit Lentement Mais On Pense Vite » en typographie or et noir, minimaliste et percutante. Un design pour les neuroatypiques et les concerné·es par la santé mentale. Idée cadeau parfaite, à porter ou offrir. Disponible sur t-shirt, sweat, sticker, mug, tote bag, poster et plus. #mental_health #typographie","mental health, neurodivergent, adhd, autism, anxiety, introvert, self care, neurospicy, team, lentement, pense, vite, mental health & neurodivergent, funny shirt, typography, minimalist, aesthetic, gift idea, trendy design, statement tee, for men, for women",produits/neuro/ne_dys_team_fr__dark.png,produits/neuro/ne_dys_team_fr__light.png
ne_dyscalculia_en,neuro,mental_health,Mental Health & Neurodivergent,,en,Dyscalculic & 100% Sure This Is 200% - Mental Health & Neurodivergent Typography Design,"""Dyscalculic & 100% Sure This Is 200%"" in clean gold-and-black minimalist typography. A statement design for the neurodivergent and mental-health aware. Makes a perfect gift to wear or give. Available on tees, hoodies, stickers, mugs, tote bags, posters and more. #mental_health #typography","mental health, neurodivergent, adhd, autism, anxiety, introvert, self care, neurospicy, dyscalculic, sure, mental health & neurodivergent, funny shirt, typography, minimalist, aesthetic, gift idea, trendy design, statement tee, for men, for women",produits/neuro/ne_dyscalculia_en__dark.png,produits/neuro/ne_dyscalculia_en__light.png
ne_dyscalculie_fr,neuro,mental_health,Mental Health & Neurodivergent,,fr,"Dyscalculique, Aussi Sûr Que 1 + 1 Font 3 - Mental Health & Neurodivergent (French) Design","« Dyscalculique, Aussi Sûr Que 1 + 1 Font 3 » en typographie or et noir, minimaliste et percutante. Un design pour les neuroatypiques et les concerné·es par la santé mentale. Idée cadeau parfaite, à porter ou offrir. Disponible sur t-shirt, sweat, sticker, mug, tote bag, poster et plus. #mental_health #typographie","mental health, neurodivergent, adhd, autism, anxiety, introvert, self care, neurospicy, dyscalculique, aussi, font, mental health & neurodivergent, funny shirt, typography, minimalist, aesthetic, gift idea, trendy design, statement tee, for men, for women",produits/neuro/ne_dyscalculie_fr__dark.png,produits/neuro/ne_dyscalculie_fr__light.png
ne_dyslexic_en,neuro,mental_health,Mental Health & Neurodivergent,,en,Proud To Be Dsylexic (See? Fine.) - Mental Health & Neurodivergent Typography Design,"""Proud To Be Dsylexic (See? Fine.)"" in clean gold-and-black minimalist typography. A statement design for the neurodivergent and mental-health aware. Makes a perfect gift to wear or give. Available on tees, hoodies, stickers, mugs, tote bags, posters and more. #mental_health #typography","mental health, neurodivergent, adhd, autism, anxiety, introvert, self care, neurospicy, proud, dsylexic, fine, mental health & neurodivergent, funny shirt, typography, minimalist, aesthetic, gift idea, trendy design, statement tee, for men, for women",produits/neuro/ne_dyslexic_en__dark.png,produits/neuro/ne_dyslexic_en__light.png
ne_dyslexique_fr,neuro,mental_health,Mental Health & Neurodivergent,,fr,Fier D'Être Dsylexqiue ! - Mental Health & Neurodivergent (French) Design,"« Fier D'Être Dsylexqiue ! » en typographie or et noir, minimaliste et percutante. Un design pour les neuroatypiques et les concerné·es par la santé mentale. Idée cadeau parfaite, à porter ou offrir. Disponible sur t-shirt, sweat, sticker, mug, tote bag, poster et plus. #mental_health #typographie","mental health, neurodivergent, adhd, autism, anxiety, introvert, self care, neurospicy, fier, d'être, dsylexqiue, mental health & neurodivergent, funny shirt, typography, minimalist, aesthetic, gift idea, trendy design, statement tee, for men, for women",produits/neuro/ne_dyslexique_fr__dark.png,produits/neuro/ne_dyslexique_fr__light.png
ne_dyspraxie_fr,neuro,mental_health,Mental Health & Neurodivergent,,fr,Dyspraxique : Champion Du Monde Des Bleus - Mental Health & Neurodivergent (French) Design,"« Dyspraxique : Champion Du Monde Des Bleus » en typographie or et noir, minimaliste et percutante. Un design pour les neuroatypiques et les concerné·es par la santé mentale. Idée cadeau parfaite, à porter ou offrir. Disponible sur t-shirt, sweat, sticker, mug, tote bag, poster et plus. #mental_health #typographie","mental health, neurodivergent, adhd, autism, anxiety, introvert, self care, neurospicy, dyspraxique, champion, monde, bleus, mental health & neurodivergent, funny shirt, typography, minimalist, aesthetic, gift idea, trendy design, statement tee, for men, for women",produits/neuro/ne_dyspraxie_fr__dark.png,produits/neuro/ne_dyspraxie_fr__light.png
ne_late_en,neuro,mental_health,Mental Health & Neurodivergent,,en,Time Blindness: I'm Always Almost There - Mental Health & Neurodivergent Typography Design,"""Time Blindness: I'm Always Almost There"" in clean gold-and-black minimalist typography. A statement design for the neurodivergent and mental-health aware. Makes a perfect gift to wear or give. Available on tees, hoodies, stickers, mugs, tote bags, posters and more. #mental_health #typography","mental health, neurodivergent, adhd, autism, anxiety, introvert, self care, neurospicy, time, blindness, always, almost, there, mental health & neurodivergent, funny shirt, typography, minimalist, aesthetic, gift idea, trendy design, statement tee, for men, for women",produits/neuro/ne_late_en__dark.png,produits/neuro/ne_late_en__light.png
ne_neuroatypique_fr,neuro,mental_health,Mental Health & Neurodivergent,,fr,Pas Cassé. Juste Neuro- Atypique - Mental Health & Neurodivergent (French) Design,"« Pas Cassé. Juste Neuro- Atypique » en typographie or et noir, minimaliste et percutante. Un design pour les neuroatypiques et les concerné·es par la santé mentale. Idée cadeau parfaite, à porter ou offrir. Disponible sur t-shirt, sweat, sticker, mug, tote bag, poster et plus. #mental_health #typographie","mental health, neurodivergent, adhd, autism, anxiety, introvert, self care, neurospicy, cassé, juste, neuro, atypique, mental health & neurodivergent, funny shirt, typography, minimalist, aesthetic, gift idea, trendy design, statement tee, for men, for women",produits/neuro/ne_neuroatypique_fr__dark.png,produits/neuro/ne_neuroatypique_fr__light.png
ne_neurospicy_en,neuro,mental_health,Mental Health & Neurodivergent,,en,Not Broken. Just Neuro-Spicy - Mental Health & Neurodivergent Typography Design,"""Not Broken. Just Neuro-Spicy"" in clean gold-and-black minimalist typography. A statement design for the neurodivergent and mental-health aware. Makes a perfect gift to wear or give. Available on tees, hoodies, stickers, mugs, tote bags, posters and more. #mental_health #typography","mental health, neurodivergent, adhd, autism, anxiety, introvert, self care, neurospicy, broken, neuro, spicy, mental health & neurodivergent, funny shirt, typography, minimalist, aesthetic, gift idea, trendy design, statement tee, for men, for women",produits/neuro/ne_neurospicy_en__dark.png,produits/neuro/ne_neurospicy_en__light.png
ne_orgullo_es,neuro,mental_health,Mental Health & Neurodivergent,,es,Orgulloso De Ser Disléxico (O Dixléxico) - Mental Health & Neurodivergent (Spanish) Design,"""Orgulloso De Ser Disléxico (O Dixléxico)"" in clean gold-and-black minimalist typography. A statement design for the neurodivergent and mental-health aware. Makes a perfect gift to wear or give. Available on tees, hoodies, stickers, mugs, tote bags, posters and more. #mental_health #typography","mental health, neurodivergent, adhd, autism, anxiety, introvert, self care, neurospicy, orgulloso, disléxico, dixléxico, mental health & neurodivergent, funny shirt, typography, minimalist, aesthetic, gift idea, trendy design, statement tee, for men, for women",produits/neuro/ne_orgullo_es__dark.png,produits/neuro/ne_orgullo_es__light.png
ne_overthink_en,neuro,mental_health,Mental Health & Neurodivergent,,en,Professional Overthinker Since Forever - Mental Health & Neurodivergent Typography Design,"""Professional Overthinker Since Forever"" in clean gold-and-black minimalist typography. A statement design for the neurodivergent and mental-health aware. Makes a perfect gift to wear or give. Available on tees, hoodies, stickers, mugs, tote bags, posters and more. #mental_health #typography","mental health, neurodivergent, adhd, autism, anxiety, introvert, self care, neurospicy, professional, overthinker, since, forever, mental health & neurodivergent, funny shirt, typography, minimalist, aesthetic, gift idea, trendy design, statement tee, for men, for women",produits/neuro/ne_overthink_en__dark.png,produits/neuro/ne_overthink_en__light.png
ne_retard_fr,neuro,mental_health,Mental Health & Neurodivergent,,fr,Cécité Temporelle : J'Arrive Dans Cinq Minutes (×10) - Mental Health & Neurodivergent (French) Design,"« Cécité Temporelle : J'Arrive Dans Cinq Minutes (×10) » en typographie or et noir, minimaliste et percutante. Un design pour les neuroatypiques et les concerné·es par la santé mentale. Idée cadeau parfaite, à porter ou offrir. Disponible sur t-shirt, sweat, sticker, mug, tote bag, poster et plus. #mental_health #typographie","mental health, neurodivergent, adhd, autism, anxiety, introvert, self care, neurospicy, cécité, temporelle, j'arrive, cinq, minutes, mental health & neurodivergent, funny shirt, typography, minimalist, aesthetic, gift idea, trendy design, statement tee, for men, for women",produits/neuro/ne_retard_fr__dark.png,produits/neuro/ne_retard_fr__light.png
ne_sensory_en,neuro,mental_health,Mental Health & Neurodivergent,,en,Sensory Overload But Make It Fashion - Mental Health & Neurodivergent Typography Design,"""Sensory Overload But Make It Fashion"" in clean gold-and-black minimalist typography. A statement design for the neurodivergent and mental-health aware. Makes a perfect gift to wear or give. Available on tees, hoodies, stickers, mugs, tote bags, posters and more. #mental_health #typography","mental health, neurodivergent, adhd, autism, anxiety, introvert, self care, neurospicy, sensory, overload, make, fashion, mental health & neurodivergent, funny shirt, typography, minimalist, aesthetic, gift idea, trendy design, statement tee, for men, for women",produits/neuro/ne_sensory_en__dark.png,produits/neuro/ne_sensory_en__light.png
ne_stimming_en,neuro,mental_health,Mental Health & Neurodivergent,,en,"I Stim, Therefore I Am - Mental Health & Neurodivergent Typography Design","""I Stim, Therefore I Am"" in clean gold-and-black minimalist typography. A statement design for the neurodivergent and mental-health aware. Makes a perfect gift to wear or give. Available on tees, hoodies, stickers, mugs, tote bags, posters and more. #mental_health #typography","mental health, neurodivergent, adhd, autism, anxiety, introvert, self care, neurospicy, stim, therefore, mental health & neurodivergent, funny shirt, typography, minimalist, aesthetic, gift idea, trendy design, statement tee, for men, for women",produits/neuro/ne_stimming_en__dark.png,produits/neuro/ne_stimming_en__light.png
ne_stolz_de,neuro,mental_health,Mental Health & Neurodivergent,,de,Stolz Neurodivergent Zu Sein - Mental Health & Neurodivergent (German) Design,"""Stolz Neurodivergent Zu Sein"" in clean gold-and-black minimalist typography. A statement design for the neurodivergent and mental-health aware. Makes a perfect gift to wear or give. Available on tees, hoodies, stickers, mugs, tote bags, posters and more. #mental_health #typography","mental health, neurodivergent, adhd, autism, anxiety, introvert, self care, neurospicy, stolz, sein, mental health & neurodivergent, funny shirt, typography, minimalist, aesthetic, gift idea, trendy design, statement tee, for men, for women",produits/neuro/ne_stolz_de__dark.png,produits/neuro/ne_stolz_de__light.png
ne_surpenseur_fr,neuro,mental_health,Mental Health & Neurodivergent,,fr,Surpenseur Diplômé (3h Sur Ce Texte) - Mental Health & Neurodivergent (French) Design,"« Surpenseur Diplômé (3h Sur Ce Texte) » en typographie or et noir, minimaliste et percutante. Un design pour les neuroatypiques et les concerné·es par la santé mentale. Idée cadeau parfaite, à porter ou offrir. Disponible sur t-shirt, sweat, sticker, mug, tote bag, poster et plus. #mental_health #typographie","mental health, neurodivergent, adhd, autism, anxiety, introvert, self care, neurospicy, surpenseur, diplômé, texte, mental health & neurodivergent, funny shirt, typography, minimalist, aesthetic, gift idea, trendy design, statement tee, for men, for women",produits/neuro/ne_surpenseur_fr__dark.png,produits/neuro/ne_surpenseur_fr__light.png
ne_tdah_fr,neuro,mental_health,Mental Health & Neurodivergent,,fr,TDAH : Je Finis Toujours Mes— Un Chat ! - Mental Health & Neurodivergent (French) Design,"« TDAH : Je Finis Toujours Mes— Un Chat ! » en typographie or et noir, minimaliste et percutante. Un design pour les neuroatypiques et les concerné·es par la santé mentale. Idée cadeau parfaite, à porter ou offrir. Disponible sur t-shirt, sweat, sticker, mug, tote bag, poster et plus. #mental_health #typographie","mental health, neurodivergent, adhd, autism, anxiety, introvert, self care, neurospicy, tdah, finis, toujours, chat, mental health & neurodivergent, funny shirt, typography, minimalist, aesthetic, gift idea, trendy design, statement tee, for men, for women",produits/neuro/ne_tdah_fr__dark.png,produits/neuro/ne_tdah_fr__light.png
ne_untie_en,neuro,mental_health,Mental Health & Neurodivergent,,en,"Dyslexics Of The World, Untie ! - Mental Health & Neurodivergent Typography Design","""Dyslexics Of The World, Untie !"" in clean gold-and-black minimalist typography. A statement design for the neurodivergent and mental-health aware. Makes a perfect gift to wear or give. Available on tees, hoodies, stickers, mugs, tote bags, posters and more. #mental_health #typography","mental health, neurodivergent, adhd, autism, anxiety, introvert, self care, neurospicy, dyslexics, world, untie, mental health & neurodivergent, funny shirt, typography, minimalist, aesthetic, gift idea, trendy design, statement tee, for men, for women",produits/neuro/ne_untie_en__dark.png,produits/neuro/ne_untie_en__light.png
3dp_first_layer_en,niches,mental_health,Mental Health & Neurodivergent,3d_printing,en,First Layer Anxiety Is a Diagnosis - Mental Health & Neurodivergent Typography Design,"""First Layer Anxiety Is a Diagnosis"" in clean gold-and-black minimalist typography. A statement design for the neurodivergent and mental-health aware. Makes a perfect gift to wear or give. Available on tees, hoodies, stickers, mugs, tote bags, posters and more. #mental_health #typography","mental health, neurodivergent, adhd, autism, anxiety, introvert, self care, neurospicy, first, layer, diagnosis, 3d printing, mental health & neurodivergent, funny shirt, typography, minimalist, aesthetic, gift idea, trendy design, statement tee, for men, for women",produits/niches/3dp_first_layer_en__dark.png,produits/niches/3dp_first_layer_en__light.png
pl_introvert_cat_en,punchlines,mental_health,Mental Health & Neurodivergent,,en,Introvert. Except For My Cat - Mental Health & Neurodivergent Typography Design,"""Introvert. Except For My Cat"" in clean gold-and-black minimalist typography. A statement design for the neurodivergent and mental-health aware. Makes a perfect gift to wear or give. Available on tees, hoodies, stickers, mugs, tote bags, posters and more. #mental_health #typography","mental health, neurodivergent, adhd, autism, anxiety, introvert, self care, neurospicy, except, mental health & neurodivergent, funny shirt, typography, minimalist, aesthetic, gift idea, trendy design, statement tee, for men, for women",produits/punchlines/pl_introvert_cat_en__dark.png,produits/punchlines/pl_introvert_cat_en__light.png
pl_introvert_loading_en,punchlines,mental_health,Mental Health & Neurodivergent,,en,Social Battery: Critically Low - Mental Health & Neurodivergent Typography Design,"""Social Battery: Critically Low"" in clean gold-and-black minimalist typography. A statement design for the neurodivergent and mental-health aware. Makes a perfect gift to wear or give. Available on tees, hoodies, stickers, mugs, tote bags, posters and more. #mental_health #typography","mental health, neurodivergent, adhd, autism, anxiety, introvert, self care, neurospicy, social, battery, critically, mental health & neurodivergent, funny shirt, typography, minimalist, aesthetic, gift idea, trendy design, statement tee, for men, for women",produits/punchlines/pl_introvert_loading_en__dark.png,produits/punchlines/pl_introvert_loading_en__light.png
pl_introverti_chat_fr,punchlines,mental_health,Mental Health & Neurodivergent,,fr,Introverti. Sauf Pour Mon Chat - Mental Health & Neurodivergent (French) Design,"« Introverti. Sauf Pour Mon Chat » en typographie or et noir, minimaliste et percutante. Un design pour les neuroatypiques et les concerné·es par la santé mentale. Idée cadeau parfaite, à porter ou offrir. Disponible sur t-shirt, sweat, sticker, mug, tote bag, poster et plus. #mental_health #typographie","mental health, neurodivergent, adhd, autism, anxiety, introvert, self care, neurospicy, introverti, sauf, chat, mental health & neurodivergent, funny shirt, typography, minimalist, aesthetic, gift idea, trendy design, statement tee, for men, for women",produits/punchlines/pl_introverti_chat_fr__dark.png,produits/punchlines/pl_introverti_chat_fr__light.png
rev_empathie_fr,revendications,mental_health,Mental Health & Neurodivergent,,fr,"L'Empathie, Essaie Un Jour - Mental Health & Neurodivergent (French) Design","« L'Empathie, Essaie Un Jour » en typographie or et noir, minimaliste et percutante. Un design pour les neuroatypiques et les concerné·es par la santé mentale. Idée cadeau parfaite, à porter ou offrir. Disponible sur t-shirt, sweat, sticker, mug, tote bag, poster et plus. #mental_health #typographie","mental health, neurodivergent, adhd, autism, anxiety, introvert, self care, neurospicy, l'empathie, essaie, jour, mental health & neurodivergent, funny shirt, typography, minimalist, aesthetic, gift idea, trendy design, statement tee, for men, for women",produits/revendications/rev_empathie_fr__dark.png,produits/revendications/rev_empathie_fr__light.png
rev_mental_fr,revendications,mental_health,Mental Health & Neurodivergent,,fr,"La Santé Mentale, C'Est Pas Du Luxe - Mental Health & Neurodivergent (French) Design","« La Santé Mentale, C'Est Pas Du Luxe » en typographie or et noir, minimaliste et percutante. Un design pour les neuroatypiques et les concerné·es par la santé mentale. Idée cadeau parfaite, à porter ou offrir. Disponible sur t-shirt, sweat, sticker, mug, tote bag, poster et plus. #mental_health #typographie","mental health, neurodivergent, adhd, autism, anxiety, introvert, self care, neurospicy, santé, mentale, c'est, luxe, mental health & neurodivergent, funny shirt, typography, minimalist, aesthetic, gift idea, trendy design, statement tee, for men, for women",produits/revendications/rev_mental_fr__dark.png,produits/revendications/rev_mental_fr__light.png
tr_coffee_anxiety_en,trending,mental_health,Mental Health & Neurodivergent,,en,Powered By Coffee & Anxiety - Mental Health & Neurodivergent Typography Design,"""Powered By Coffee & Anxiety"" in clean gold-and-black minimalist typography. A statement design for the neurodivergent and mental-health aware. Makes a perfect gift to wear or give. Available on tees, hoodies, stickers, mugs, tote bags, posters and more. #mental_health #typography","mental health, neurodivergent, adhd, autism, anxiety, introvert, self care, neurospicy, powered, coffee, mental health & neurodivergent, funny shirt, typography, minimalist, aesthetic, gift idea, trendy design, statement tee, for men, for women",produits/trending/tr_coffee_anxiety_en__dark.png,produits/trending/tr_coffee_anxiety_en__light.png
tr_introvert_energy_en,trending,mental_health,Mental Health & Neurodivergent,,en,Introvert Energy - Mental Health & Neurodivergent Typography Design,"""Introvert Energy"" in clean gold-and-black minimalist typography. A statement design for the neurodivergent and mental-health aware. Makes a perfect gift to wear or give. Available on tees, hoodies, stickers, mugs, tote bags, posters and more. #mental_health #typography","mental health, neurodivergent, adhd, autism, anxiety, introvert, self care, neurospicy, energy, mental health & neurodivergent, funny shirt, typography, minimalist, aesthetic, gift idea, trendy design, statement tee, for men, for women",produits/trending/tr_introvert_energy_en__dark.png,produits/trending/tr_introvert_energy_en__light.png
tr_introverti_de_party_fr,trending,mental_health,Mental Health & Neurodivergent,,fr,L'Âme De La Fête (À La Maison) - Mental Health & Neurodivergent (French) Design,"« L'Âme De La Fête (À La Maison) » en typographie or et noir, minimaliste et percutante. Un design pour les neuroatypiques et les concerné·es par la santé mentale. Idée cadeau parfaite, à porter ou offrir. Disponible sur t-shirt, sweat, sticker, mug, tote bag, poster et plus. #mental_health #typographie","mental health, neurodivergent, adhd, autism, anxiety, introvert, self care, neurospicy, l'âme, fête, maison, mental health & neurodivergent, funny shirt, typography, minimalist, aesthetic, gift idea, trendy design, statement tee, for men, for women",produits/trending/tr_introverti_de_party_fr__dark.png,produits/trending/tr_introverti_de_party_fr__light.png
tr_introvertie_fr,trending,mental_health,Mental Health & Neurodivergent,,fr,Introvertie En Action - Mental Health & Neurodivergent (French) Design,"« Introvertie En Action » en typographie or et noir, minimaliste et percutante. Un design pour les neuroatypiques et les concerné·es par la santé mentale. Idée cadeau parfaite, à porter ou offrir. Disponible sur t-shirt, sweat, sticker, mug, tote bag, poster et plus. #mental_health #typographie","mental health, neurodivergent, adhd, autism, anxiety, introvert, self care, neurospicy, introvertie, action, mental health & neurodivergent, funny shirt, typography, minimalist, aesthetic, gift idea, trendy design, statement tee, for men, for women",produits/trending/tr_introvertie_fr__dark.png,produits/trending/tr_introvertie_fr__light.png
tr_overstimulated_mom_en,trending,mental_health,Mental Health & Neurodivergent,,en,Overstimulated Mom - Mental Health & Neurodivergent Typography Design,"""Overstimulated Mom"" in clean gold-and-black minimalist typography. A statement design for the neurodivergent and mental-health aware. Makes a perfect gift to wear or give. Available on tees, hoodies, stickers, mugs, tote bags, posters and more. #mental_health #typography","mental health, neurodivergent, adhd, autism, anxiety, introvert, self care, neurospicy, overstimulated, mental health & neurodivergent, funny shirt, typography, minimalist, aesthetic, gift idea, trendy design, statement tee, for men, for women",produits/trending/tr_overstimulated_mom_en__dark.png,produits/trending/tr_overstimulated_mom_en__light.png
tr_pro_overthinker_en,trending,mental_health,Mental Health & Neurodivergent,,en,Professional Overthinker - Mental Health & Neurodivergent Typography Design,"""Professional Overthinker"" in clean gold-and-black minimalist typography. A statement design for the neurodivergent and mental-health aware. Makes a perfect gift to wear or give. Available on tees, hoodies, stickers, mugs, tote bags, posters and more. #mental_health #typography","mental health, neurodivergent, adhd, autism, anxiety, introvert, self care, neurospicy, professional, overthinker, mental health & neurodivergent, funny shirt, typography, minimalist, aesthetic, gift idea, trendy design, statement tee, for men, for women",produits/trending/tr_pro_overthinker_en__dark.png,produits/trending/tr_pro_overthinker_en__light.png
gma_oma_de,niches,music,Music & Festival,cool_grandma,de,Oma Glam Nicht die brave Oma - Music & Festival (German) Design,"""Oma Glam Nicht die brave Oma"" in clean gold-and-black minimalist typography. A statement design for music and festival lovers. Makes a perfect gift to wear or give. Available on tees, hoodies, stickers, mugs, tote bags, posters and more. #music #typography","music lover, festival, band tee, vinyl, concert, glam, nicht, brave, cool grandma, music & festival, funny shirt, typography, minimalist, aesthetic, gift idea, trendy design, statement tee, for men, for women",produits/niches/gma_oma_de__dark.png,produits/niches/gma_oma_de__light.png
rev_branche_scies_fr,revendications,music,Music & Festival,,fr,"Coupez Pas La Branche, Bande De Scies - Music & Festival (French) Design","« Coupez Pas La Branche, Bande De Scies » en typographie or et noir, minimaliste et percutante. Un design pour les amoureux·ses de musique et de festivals. Idée cadeau parfaite, à porter ou offrir. Disponible sur t-shirt, sweat, sticker, mug, tote bag, poster et plus. #music #typographie","music lover, festival, band tee, vinyl, concert, coupez, branche, bande, scies, music & festival, funny shirt, typography, minimalist, aesthetic, gift idea, trendy design, statement tee, for men, for women",produits/revendications/rev_branche_scies_fr__dark.png,produits/revendications/rev_branche_scies_fr__light.png
so_ask_for_help_en,solidaire,music,Music & Festival,,en,Asking For Help Is Brave - Music & Festival Typography Design,"""Asking For Help Is Brave"" in clean gold-and-black minimalist typography. A statement design for music and festival lovers. Makes a perfect gift to wear or give. Available on tees, hoodies, stickers, mugs, tote bags, posters and more. #music #typography","music lover, festival, band tee, vinyl, concert, asking, help, brave, music & festival, funny shirt, typography, minimalist, aesthetic, gift idea, trendy design, statement tee, for men, for women",produits/solidaire/so_ask_for_help_en__dark.png,produits/solidaire/so_ask_for_help_en__light.png
st_festival_mode_en,stoner,music,Music & Festival,,en,Festival Mode: Brain Offline - Music & Festival Typography Design,"""Festival Mode: Brain Offline"" in clean gold-and-black minimalist typography. A statement design for music and festival lovers. Makes a perfect gift to wear or give. Available on tees, hoodies, stickers, mugs, tote bags, posters and more. #music #typography","music lover, festival, band tee, vinyl, concert, mode, brain, offline, music & festival, funny shirt, typography, minimalist, aesthetic, gift idea, trendy design, statement tee, for men, for women",produits/stoner/st_festival_mode_en__dark.png,produits/stoner/st_festival_mode_en__light.png
ar_meilleur_fr,arrow,pets,Pets & Animal Lovers,,fr,Mon Meilleur Ami (Le Chien) - Pets & Animal Lovers (French) Design,"« Mon Meilleur Ami (Le Chien) » en typographie or et noir, minimaliste et percutante. Un design pour les maîtres d'animaux et amoureux·ses des bêtes. Idée cadeau parfaite, à porter ou offrir. Disponible sur t-shirt, sweat, sticker, mug, tote bag, poster et plus. #pets #typographie","dog mom, pet lover, dog dad, reptile, animal parent, meilleur, chien, pets & animal lovers, funny shirt, typography, minimalist, aesthetic, gift idea, trendy design, statement tee, for men, for women",produits/arrow/ar_meilleur_fr__dark.png,produits/arrow/ar_meilleur_fr__light.png
he_gens_chien_fr,heart,pets,Pets & Animal Lovers,,fr,J' love Mon Chien not Les Gens - Pets & Animal Lovers (French) Design,"« J' love Mon Chien not Les Gens » en typographie or et noir, minimaliste et percutante. Un design pour les maîtres d'animaux et amoureux·ses des bêtes. Idée cadeau parfaite, à porter ou offrir. Disponible sur t-shirt, sweat, sticker, mug, tote bag, poster et plus. #pets #typographie","dog mom, pet lover, dog dad, reptile, animal parent, love, chien, gens, pets & animal lovers, funny shirt, typography, minimalist, aesthetic, gift idea, trendy design, statement tee, for men, for women",produits/heart/he_gens_chien_fr__dark.png,produits/heart/he_gens_chien_fr__light.png
he_men_dogs_en,heart,pets,Pets & Animal Lovers,,en,I love My Dog not Men - Pets & Animal Lovers Typography Design,"""I love My Dog not Men"" in clean gold-and-black minimalist typography. A statement design for pet parents and animal lovers. Makes a perfect gift to wear or give. Available on tees, hoodies, stickers, mugs, tote bags, posters and more. #pets #typography","dog mom, pet lover, dog dad, reptile, animal parent, love, pets & animal lovers, funny shirt, typography, minimalist, aesthetic, gift idea, trendy design, statement tee, for men, for women",produits/heart/he_men_dogs_en__dark.png,produits/heart/he_men_dogs_en__light.png
id_axolotl_mom_en,identite,pets,Pets & Animal Lovers,,en,Axolotl Mom - Pets & Animal Lovers Typography Design,"""Axolotl Mom"" in clean gold-and-black minimalist typography. A statement design for pet parents and animal lovers. Makes a perfect gift to wear or give. Available on tees, hoodies, stickers, mugs, tote bags, posters and more. #pets #typography","dog mom, pet lover, dog dad, reptile, animal parent, axolotl, pets & animal lovers, funny shirt, typography, minimalist, aesthetic, gift idea, trendy design, statement tee, for men, for women",produits/identite/id_axolotl_mom_en__dark.png,produits/identite/id_axolotl_mom_en__light.png
id_bunny_mom_en,identite,pets,Pets & Animal Lovers,,en,Bunny Mom - Pets & Animal Lovers Typography Design,"""Bunny Mom"" in clean gold-and-black minimalist typography. A statement design for pet parents and animal lovers. Makes a perfect gift to wear or give. Available on tees, hoodies, stickers, mugs, tote bags, posters and more. #pets #typography","dog mom, pet lover, dog dad, reptile, animal parent, bunny, pets & animal lovers, funny shirt, typography, minimalist, aesthetic, gift idea, trendy design, statement tee, for men, for women",produits/identite/id_bunny_mom_en__dark.png,produits/identite/id_bunny_mom_en__light.png
id_dog_dad_en,identite,pets,Pets & Animal Lovers,,en,Dog Dad - Pets & Animal Lovers Typography Design,"""Dog Dad"" in clean gold-and-black minimalist typography. A statement design for pet parents and animal lovers. Makes a perfect gift to wear or give. Available on tees, hoodies, stickers, mugs, tote bags, posters and more. #pets #typography","dog mom, pet lover, dog dad, reptile, animal parent, pets & animal lovers, funny shirt, typography, minimalist, aesthetic, gift idea, trendy design, statement tee, for men, for women",produits/identite/id_dog_dad_en__dark.png,produits/identite/id_dog_dad_en__light.png
id_dog_mom_en,identite,pets,Pets & Animal Lovers,,en,Dog Mom - Pets & Animal Lovers Typography Design,"""Dog Mom"" in clean gold-and-black minimalist typography. A statement design for pet parents and animal lovers. Makes a perfect gift to wear or give. Available on tees, hoodies, stickers, mugs, tote bags, posters and more. #pets #typography","dog mom, pet lover, dog dad, reptile, animal parent, pets & animal lovers, funny shirt, typography, minimalist, aesthetic, gift idea, trendy design, statement tee, for men, for women",produits/identite/id_dog_mom_en__dark.png,produits/identite/id_dog_mom_en__light.png
id_dragon_dad_en,identite,pets,Pets & Animal Lovers,,en,Bearded Dragon Dad - Pets & Animal Lovers Typography Design,"""Bearded Dragon Dad"" in clean gold-and-black minimalist typography. A statement design for pet parents and animal lovers. Makes a perfect gift to wear or give. Available on tees, hoodies, stickers, mugs, tote bags, posters and more. #pets #typography","dog mom, pet lover, dog dad, reptile, animal parent, bearded, dragon, pets & animal lovers, funny shirt, typography, minimalist, aesthetic, gift idea, trendy design, statement tee, for men, for women",produits/identite/id_dragon_dad_en__dark.png,produits/identite/id_dragon_dad_en__light.png
id_ferret_dad_en,identite,pets,Pets & Animal Lovers,,en,Ferret Dad - Pets & Animal Lovers Typography Design,"""Ferret Dad"" in clean gold-and-black minimalist typography. A statement design for pet parents and animal lovers. Makes a perfect gift to wear or give. Available on tees, hoodies, stickers, mugs, tote bags, posters and more. #pets #typography","dog mom, pet lover, dog dad, reptile, animal parent, ferret, pets & animal lovers, funny shirt, typography, minimalist, aesthetic, gift idea, trendy design, statement tee, for men, for women",produits/identite/id_ferret_dad_en__dark.png,produits/identite/id_ferret_dad_en__light.png
id_frog_dad_en,identite,pets,Pets & Animal Lovers,,en,Frog Dad - Pets & Animal Lovers Typography Design,"""Frog Dad"" in clean gold-and-black minimalist typography. A statement design for pet parents and animal lovers. Makes a perfect gift to wear or give. Available on tees, hoodies, stickers, mugs, tote bags, posters and more. #pets #typography","dog mom, pet lover, dog dad, reptile, animal parent, frog, pets & animal lovers, funny shirt, typography, minimalist, aesthetic, gift idea, trendy design, statement tee, for men, for women",produits/identite/id_frog_dad_en__dark.png,produits/identite/id_frog_dad_en__light.png
id_gecko_dad_en,identite,pets,Pets & Animal Lovers,,en,Gecko Dad - Pets & Animal Lovers Typography Design,"""Gecko Dad"" in clean gold-and-black minimalist typography. A statement design for pet parents and animal lovers. Makes a perfect gift to wear or give. Available on tees, hoodies, stickers, mugs, tote bags, posters and more. #pets #typography","dog mom, pet lover, dog dad, reptile, animal parent, gecko, pets & animal lovers, funny shirt, typography, minimalist, aesthetic, gift idea, trendy design, statement tee, for men, for women",produits/identite/id_gecko_dad_en__dark.png,produits/identite/id_gecko_dad_en__light.png
id_hamster_dad_en,identite,pets,Pets & Animal Lovers,,en,Hamster Dad - Pets & Animal Lovers Typography Design,"""Hamster Dad"" in clean gold-and-black minimalist typography. A statement design for pet parents and animal lovers. Makes a perfect gift to wear or give. Available on tees, hoodies, stickers, mugs, tote bags, posters and more. #pets #typography","dog mom, pet lover, dog dad, reptile, animal parent, hamster, pets & animal lovers, funny shirt, typography, minimalist, aesthetic, gift idea, trendy design, statement tee, for men, for women",produits/identite/id_hamster_dad_en__dark.png,produits/identite/id_hamster_dad_en__light.png
id_horse_girl_en,identite,pets,Pets & Animal Lovers,,en,Horse Girl - Pets & Animal Lovers Typography Design,"""Horse Girl"" in clean gold-and-black minimalist typography. A statement design for pet parents and animal lovers. Makes a perfect gift to wear or give. Available on tees, hoodies, stickers, mugs, tote bags, posters and more. #pets #typography","dog mom, pet lover, dog dad, reptile, animal parent, horse, girl, pets & animal lovers, funny shirt, typography, minimalist, aesthetic, gift idea, trendy design, statement tee, for men, for women",produits/identite/id_horse_girl_en__dark.png,produits/identite/id_horse_girl_en__light.png
id_papa_chien_fr,identite,pets,Pets & Animal Lovers,,fr,Papa De Chien - Pets & Animal Lovers (French) Design,"« Papa De Chien » en typographie or et noir, minimaliste et percutante. Un design pour les maîtres d'animaux et amoureux·ses des bêtes. Idée cadeau parfaite, à porter ou offrir. Disponible sur t-shirt, sweat, sticker, mug, tote bag, poster et plus. #pets #typographie","dog mom, pet lover, dog dad, reptile, animal parent, papa, chien, pets & animal lovers, funny shirt, typography, minimalist, aesthetic, gift idea, trendy design, statement tee, for men, for women",produits/identite/id_papa_chien_fr__dark.png,produits/identite/id_papa_chien_fr__light.png
id_parrot_mom_en,identite,pets,Pets & Animal Lovers,,en,Parrot Mom - Pets & Animal Lovers Typography Design,"""Parrot Mom"" in clean gold-and-black minimalist typography. A statement design for pet parents and animal lovers. Makes a perfect gift to wear or give. Available on tees, hoodies, stickers, mugs, tote bags, posters and more. #pets #typography","dog mom, pet lover, dog dad, reptile, animal parent, parrot, pets & animal lovers, funny shirt, typography, minimalist, aesthetic, gift idea, trendy design, statement tee, for men, for women",produits/identite/id_parrot_mom_en__dark.png,produits/identite/id_parrot_mom_en__light.png
id_rat_dad_en,identite,pets,Pets & Animal Lovers,,en,Rat Dad - Pets & Animal Lovers Typography Design,"""Rat Dad"" in clean gold-and-black minimalist typography. A statement design for pet parents and animal lovers. Makes a perfect gift to wear or give. Available on tees, hoodies, stickers, mugs, tote bags, posters and more. #pets #typography","dog mom, pet lover, dog dad, reptile, animal parent, pets & animal lovers, funny shirt, typography, minimalist, aesthetic, gift idea, trendy design, statement tee, for men, for women",produits/identite/id_rat_dad_en__dark.png,produits/identite/id_rat_dad_en__light.png
id_reptile_dad_en,identite,pets,Pets & Animal Lovers,,en,Reptile Dad - Pets & Animal Lovers Typography Design,"""Reptile Dad"" in clean gold-and-black minimalist typography. A statement design for pet parents and animal lovers. Makes a perfect gift to wear or give. Available on tees, hoodies, stickers, mugs, tote bags, posters and more. #pets #typography","dog mom, pet lover, dog dad, reptile, animal parent, pets & animal lovers, funny shirt, typography, minimalist, aesthetic, gift idea, trendy design, statement tee, for men, for women",produits/identite/id_reptile_dad_en__dark.png,produits/identite/id_reptile_dad_en__light.png
id_snake_mom_en,identite,pets,Pets & Animal Lovers,,en,Snake Mom - Pets & Animal Lovers Typography Design,"""Snake Mom"" in clean gold-and-black minimalist typography. A statement design for pet parents and animal lovers. Makes a perfect gift to wear or give. Available on tees, hoodies, stickers, mugs, tote bags, posters and more. #pets #typography","dog mom, pet lover, dog dad, reptile, animal parent, snake, pets & animal lovers, funny shirt, typography, minimalist, aesthetic, gift idea, trendy design, statement tee, for men, for women",produits/identite/id_snake_mom_en__dark.png,produits/identite/id_snake_mom_en__light.png
bunny_fluff_en,niches,pets,Pets & Animal Lovers,rabbits,en,Fluff Addict - Pets & Animal Lovers Typography Design,"""Fluff Addict"" in clean gold-and-black minimalist typography. A statement design for pet parents and animal lovers. Makes a perfect gift to wear or give. Available on tees, hoodies, stickers, mugs, tote bags, posters and more. #pets #typography","dog mom, pet lover, dog dad, reptile, animal parent, fluff, addict, rabbits, pets & animal lovers, funny shirt, typography, minimalist, aesthetic, gift idea, trendy design, statement tee, for men, for women",produits/niches/bunny_fluff_en__dark.png,produits/niches/bunny_fluff_en__light.png
bunny_mom_en,niches,pets,Pets & Animal Lovers,rabbits,en,Bunny Mom & Loving It - Pets & Animal Lovers Typography Design,"""Bunny Mom & Loving It"" in clean gold-and-black minimalist typography. A statement design for pet parents and animal lovers. Makes a perfect gift to wear or give. Available on tees, hoodies, stickers, mugs, tote bags, posters and more. #pets #typography","dog mom, pet lover, dog dad, reptile, animal parent, bunny, loving, rabbits, pets & animal lovers, funny shirt, typography, minimalist, aesthetic, gift idea, trendy design, statement tee, for men, for women",produits/niches/bunny_mom_en__dark.png,produits/niches/bunny_mom_en__light.png
bunny_runs_house_en,niches,pets,Pets & Animal Lovers,rabbits,en,My Rabbit Runs This House - Pets & Animal Lovers Typography Design,"""My Rabbit Runs This House"" in clean gold-and-black minimalist typography. A statement design for pet parents and animal lovers. Makes a perfect gift to wear or give. Available on tees, hoodies, stickers, mugs, tote bags, posters and more. #pets #typography","dog mom, pet lover, dog dad, reptile, animal parent, rabbit, runs, house, rabbits, pets & animal lovers, funny shirt, typography, minimalist, aesthetic, gift idea, trendy design, statement tee, for men, for women",produits/niches/bunny_runs_house_en__dark.png,produits/niches/bunny_runs_house_en__light.png
chi_big_dog_en,niches,pets,Pets & Animal Lovers,chihuahua,en,Thinks She's a Rottweiler She's 2kg - Pets & Animal Lovers Typography Design,"""Thinks She's a Rottweiler She's 2kg"" in clean gold-and-black minimalist typography. A statement design for pet parents and animal lovers. Makes a perfect gift to wear or give. Available on tees, hoodies, stickers, mugs, tote bags, posters and more. #pets #typography","dog mom, pet lover, dog dad, reptile, animal parent, thinks, she's, rottweiler, chihuahua, pets & animal lovers, funny shirt, typography, minimalist, aesthetic, gift idea, trendy design, statement tee, for men, for women",produits/niches/chi_big_dog_en__dark.png,produits/niches/chi_big_dog_en__light.png
doh_aboyer_fr,niches,pets,Pets & Animal Lovers,dog_over_humans,fr,Je préfère entendre mon chien aboyer que les cons causer - Pets & Animal Lovers (French) Design,"« Je préfère entendre mon chien aboyer que les cons causer » en typographie or et noir, minimaliste et percutante. Un design pour les maîtres d'animaux et amoureux·ses des bêtes. Idée cadeau parfaite, à porter ou offrir. Disponible sur t-shirt, sweat, sticker, mug, tote bag, poster et plus. #pets #typographie","dog mom, pet lover, dog dad, reptile, animal parent, préfère, entendre, chien, aboyer, cons, dog over humans, pets & animal lovers, funny shirt, typography, minimalist, aesthetic, gift idea, trendy design, statement tee, for men, for women",produits/niches/doh_aboyer_fr__dark.png,produits/niches/doh_aboyer_fr__light.png
doh_annuler_fr,niches,pets,Pets & Animal Lovers,dog_over_humans,fr,J'annule des plans pour mon chien. Pas pour toi. - Pets & Animal Lovers (French) Design,"« J'annule des plans pour mon chien. Pas pour toi. » en typographie or et noir, minimaliste et percutante. Un design pour les maîtres d'animaux et amoureux·ses des bêtes. Idée cadeau parfaite, à porter ou offrir. Disponible sur t-shirt, sweat, sticker, mug, tote bag, poster et plus. #pets #typographie","dog mom, pet lover, dog dad, reptile, animal parent, j'annule, plans, chien, dog over humans, pets & animal lovers, funny shirt, typography, minimalist, aesthetic, gift idea, trendy design, statement tee, for men, for women",produits/niches/doh_annuler_fr__dark.png,produits/niches/doh_annuler_fr__light.png
doh_bark_en,niches,pets,Pets & Animal Lovers,dog_over_humans,en,I'd Rather Hear My Dog Bark Than People Talk - Pets & Animal Lovers Typography Design,"""I'd Rather Hear My Dog Bark Than People Talk"" in clean gold-and-black minimalist typography. A statement design for pet parents and animal lovers. Makes a perfect gift to wear or give. Available on tees, hoodies, stickers, mugs, tote bags, posters and more. #pets #typography","dog mom, pet lover, dog dad, reptile, animal parent, rather, hear, bark, than, people, dog over humans, pets & animal lovers, funny shirt, typography, minimalist, aesthetic, gift idea, trendy design, statement tee, for men, for women",produits/niches/doh_bark_en__dark.png,produits/niches/doh_bark_en__light.png
doh_beklagt_de,niches,pets,Pets & Animal Lovers,dog_over_humans,de,Mein Hund beklagt sich weniger als du - Pets & Animal Lovers (German) Design,"""Mein Hund beklagt sich weniger als du"" in clean gold-and-black minimalist typography. A statement design for pet parents and animal lovers. Makes a perfect gift to wear or give. Available on tees, hoodies, stickers, mugs, tote bags, posters and more. #pets #typography","dog mom, pet lover, dog dad, reptile, animal parent, mein, hund, beklagt, sich, weniger, dog over humans, pets & animal lovers, funny shirt, typography, minimalist, aesthetic, gift idea, trendy design, statement tee, for men, for women",produits/niches/doh_beklagt_de__dark.png,produits/niches/doh_beklagt_de__light.png
doh_cancel_en,niches,pets,Pets & Animal Lovers,dog_over_humans,en,I'd Cancel Plans for My Dog. Not for You. - Pets & Animal Lovers Typography Design,"""I'd Cancel Plans for My Dog. Not for You."" in clean gold-and-black minimalist typography. A statement design for pet parents and animal lovers. Makes a perfect gift to wear or give. Available on tees, hoodies, stickers, mugs, tote bags, posters and more. #pets #typography","dog mom, pet lover, dog dad, reptile, animal parent, cancel, plans, dog over humans, pets & animal lovers, funny shirt, typography, minimalist, aesthetic, gift idea, trendy design, statement tee, for men, for women",produits/niches/doh_cancel_en__dark.png,produits/niches/doh_cancel_en__light.png
doh_compagnia_it,niches,pets,Pets & Animal Lovers,dog_over_humans,it,Preferisco il mio cane alla tua compagnia - Pets & Animal Lovers (Italian) Design,"""Preferisco il mio cane alla tua compagnia"" in clean gold-and-black minimalist typography. A statement design for pet parents and animal lovers. Makes a perfect gift to wear or give. Available on tees, hoodies, stickers, mugs, tote bags, posters and more. #pets #typography","dog mom, pet lover, dog dad, reptile, animal parent, preferisco, cane, alla, compagnia, dog over humans, pets & animal lovers, funny shirt, typography, minimalist, aesthetic, gift idea, trendy design, statement tee, for men, for women",produits/niches/doh_compagnia_it__dark.png,produits/niches/doh_compagnia_it__light.png
doh_company_en,niches,pets,Pets & Animal Lovers,dog_over_humans,en,My Dog Is Better Company Than Most Humans - Pets & Animal Lovers Typography Design,"""My Dog Is Better Company Than Most Humans"" in clean gold-and-black minimalist typography. A statement design for pet parents and animal lovers. Makes a perfect gift to wear or give. Available on tees, hoodies, stickers, mugs, tote bags, posters and more. #pets #typography","dog mom, pet lover, dog dad, reptile, animal parent, better, company, than, most, humans, dog over humans, pets & animal lovers, funny shirt, typography, minimalist, aesthetic, gift idea, trendy design, statement tee, for men, for women",produits/niches/doh_company_en__dark.png,produits/niches/doh_company_en__light.png
doh_decu_fr,niches,pets,Pets & Animal Lovers,dog_over_humans,fr,Mon chien ne m'a jamais déçu. Les gens si. - Pets & Animal Lovers (French) Design,"« Mon chien ne m'a jamais déçu. Les gens si. » en typographie or et noir, minimaliste et percutante. Un design pour les maîtres d'animaux et amoureux·ses des bêtes. Idée cadeau parfaite, à porter ou offrir. Disponible sur t-shirt, sweat, sticker, mug, tote bag, poster et plus. #pets #typographie","dog mom, pet lover, dog dad, reptile, animal parent, chien, jamais, déçu, gens, dog over humans, pets & animal lovers, funny shirt, typography, minimalist, aesthetic, gift idea, trendy design, statement tee, for men, for women",produits/niches/doh_decu_fr__dark.png,produits/niches/doh_decu_fr__light.png
doh_home_for_en,niches,pets,Pets & Animal Lovers,dog_over_humans,en,I Go Home Early for My Dog - Pets & Animal Lovers Typography Design,"""I Go Home Early for My Dog"" in clean gold-and-black minimalist typography. A statement design for pet parents and animal lovers. Makes a perfect gift to wear or give. Available on tees, hoodies, stickers, mugs, tote bags, posters and more. #pets #typography","dog mom, pet lover, dog dad, reptile, animal parent, home, early, dog over humans, pets & animal lovers, funny shirt, typography, minimalist, aesthetic, gift idea, trendy design, statement tee, for men, for women",produits/niches/doh_home_for_en__dark.png,produits/niches/doh_home_for_en__light.png
doh_inviter_fr,niches,pets,Pets & Animal Lovers,dog_over_humans,fr,Si tu n'aimes pas les chiens Ne me parle pas - Pets & Animal Lovers (French) Design,"« Si tu n'aimes pas les chiens Ne me parle pas » en typographie or et noir, minimaliste et percutante. Un design pour les maîtres d'animaux et amoureux·ses des bêtes. Idée cadeau parfaite, à porter ou offrir. Disponible sur t-shirt, sweat, sticker, mug, tote bag, poster et plus. #pets #typographie","dog mom, pet lover, dog dad, reptile, animal parent, n'aimes, chiens, parle, dog over humans, pets & animal lovers, funny shirt, typography, minimalist, aesthetic, gift idea, trendy design, statement tee, for men, for women",produits/niches/doh_inviter_fr__dark.png,produits/niches/doh_inviter_fr__light.png
doh_judge_en,niches,pets,Pets & Animal Lovers,dog_over_humans,en,My Dog Doesn't Judge That's Why I Prefer Him - Pets & Animal Lovers Typography Design,"""My Dog Doesn't Judge That's Why I Prefer Him"" in clean gold-and-black minimalist typography. A statement design for pet parents and animal lovers. Makes a perfect gift to wear or give. Available on tees, hoodies, stickers, mugs, tote bags, posters and more. #pets #typography","dog mom, pet lover, dog dad, reptile, animal parent, doesn't, judge, that's, prefer, dog over humans, pets & animal lovers, funny shirt, typography, minimalist, aesthetic, gift idea, trendy design, statement tee, for men, for women",produits/niches/doh_judge_en__dark.png,produits/niches/doh_judge_en__light.png
doh_juge_fr,niches,pets,Pets & Animal Lovers,dog_over_humans,fr,Mon Chien Ne Me Juge Pas Les Humains Si - Pets & Animal Lovers (French) Design,"« Mon Chien Ne Me Juge Pas Les Humains Si » en typographie or et noir, minimaliste et percutante. Un design pour les maîtres d'animaux et amoureux·ses des bêtes. Idée cadeau parfaite, à porter ou offrir. Disponible sur t-shirt, sweat, sticker, mug, tote bag, poster et plus. #pets #typographie","dog mom, pet lover, dog dad, reptile, animal parent, chien, juge, humains, dog over humans, pets & animal lovers, funny shirt, typography, minimalist, aesthetic, gift idea, trendy design, statement tee, for men, for women",produits/niches/doh_juge_fr__dark.png,produits/niches/doh_juge_fr__light.png
doh_kenn_de,niches,pets,Pets & Animal Lovers,dog_over_humans,de,Je mehr Menschen ich kenne Desto mehr liebe ich meinen Hund - Pets & Animal Lovers (German) Design,"""Je mehr Menschen ich kenne Desto mehr liebe ich meinen Hund"" in clean gold-and-black minimalist typography. A statement design for pet parents and animal lovers. Makes a perfect gift to wear or give. Available on tees, hoodies, stickers, mugs, tote bags, posters and more. #pets #typography","dog mom, pet lover, dog dad, reptile, animal parent, mehr, menschen, kenne, desto, liebe, dog over humans, pets & animal lovers, funny shirt, typography, minimalist, aesthetic, gift idea, trendy design, statement tee, for men, for women",produits/niches/doh_kenn_de__dark.png,produits/niches/doh_kenn_de__light.png
doh_ladridos_es,niches,pets,Pets & Animal Lovers,dog_over_humans,es,Prefiero los ladridos de mi perro a tu conversación - Pets & Animal Lovers (Spanish) Design,"""Prefiero los ladridos de mi perro a tu conversación"" in clean gold-and-black minimalist typography. A statement design for pet parents and animal lovers. Makes a perfect gift to wear or give. Available on tees, hoodies, stickers, mugs, tote bags, posters and more. #pets #typography","dog mom, pet lover, dog dad, reptile, animal parent, prefiero, ladridos, perro, conversación, dog over humans, pets & animal lovers, funny shirt, typography, minimalist, aesthetic, gift idea, trendy design, statement tee, for men, for women",produits/niches/doh_ladridos_es__dark.png,produits/niches/doh_ladridos_es__light.png
doh_let_down_en,niches,pets,Pets & Animal Lovers,dog_over_humans,en,My Dog Never Let Me Down People Do - Pets & Animal Lovers Typography Design,"""My Dog Never Let Me Down People Do"" in clean gold-and-black minimalist typography. A statement design for pet parents and animal lovers. Makes a perfect gift to wear or give. Available on tees, hoodies, stickers, mugs, tote bags, posters and more. #pets #typography","dog mom, pet lover, dog dad, reptile, animal parent, never, down, people, dog over humans, pets & animal lovers, funny shirt, typography, minimalist, aesthetic, gift idea, trendy design, statement tee, for men, for women",produits/niches/doh_let_down_en__dark.png,produits/niches/doh_let_down_en__light.png
doh_mas_conozco_es,niches,pets,Pets & Animal Lovers,dog_over_humans,es,Cuanto más conozco a la gente Más quiero a mi perro - Pets & Animal Lovers (Spanish) Design,"""Cuanto más conozco a la gente Más quiero a mi perro"" in clean gold-and-black minimalist typography. A statement design for pet parents and animal lovers. Makes a perfect gift to wear or give. Available on tees, hoodies, stickers, mugs, tote bags, posters and more. #pets #typography","dog mom, pet lover, dog dad, reptile, animal parent, cuanto, conozco, gente, quiero, perro, dog over humans, pets & animal lovers, funny shirt, typography, minimalist, aesthetic, gift idea, trendy design, statement tee, for men, for women",produits/niches/doh_mas_conozco_es__dark.png,produits/niches/doh_mas_conozco_es__light.png
doh_meinung_de,niches,pets,Pets & Animal Lovers,dog_over_humans,de,Lieber mein Hund als deine Meinung - Pets & Animal Lovers (German) Design,"""Lieber mein Hund als deine Meinung"" in clean gold-and-black minimalist typography. A statement design for pet parents and animal lovers. Makes a perfect gift to wear or give. Available on tees, hoodies, stickers, mugs, tote bags, posters and more. #pets #typography","dog mom, pet lover, dog dad, reptile, animal parent, lieber, mein, hund, deine, meinung, dog over humans, pets & animal lovers, funny shirt, typography, minimalist, aesthetic, gift idea, trendy design, statement tee, for men, for women",produits/niches/doh_meinung_de__dark.png,produits/niches/doh_meinung_de__light.png
doh_more_i_know_en,niches,pets,Pets & Animal Lovers,dog_over_humans,en,The More I Know People The More I Love My Dog - Pets & Animal Lovers Typography Design,"""The More I Know People The More I Love My Dog"" in clean gold-and-black minimalist typography. A statement design for pet parents and animal lovers. Makes a perfect gift to wear or give. Available on tees, hoodies, stickers, mugs, tote bags, posters and more. #pets #typography","dog mom, pet lover, dog dad, reptile, animal parent, more, know, people, love, dog over humans, pets & animal lovers, funny shirt, typography, minimalist, aesthetic, gift idea, trendy design, statement tee, for men, for women",produits/niches/doh_more_i_know_en__dark.png,produits/niches/doh_more_i_know_en__light.png
doh_nach_hause_de,niches,pets,Pets & Animal Lovers,dog_over_humans,de,Ich gehe nach Hause Mein Hund wartet - Pets & Animal Lovers (German) Design,"""Ich gehe nach Hause Mein Hund wartet"" in clean gold-and-black minimalist typography. A statement design for pet parents and animal lovers. Makes a perfect gift to wear or give. Available on tees, hoodies, stickers, mugs, tote bags, posters and more. #pets #typography","dog mom, pet lover, dog dad, reptile, animal parent, gehe, nach, hause, mein, hund, dog over humans, pets & animal lovers, funny shirt, typography, minimalist, aesthetic, gift idea, trendy design, statement tee, for men, for women",produits/niches/doh_nach_hause_de__dark.png,produits/niches/doh_nach_hause_de__light.png
doh_party_en,niches,pets,Pets & Animal Lovers,dog_over_humans,en,"No Thanks, I'm Going to Be with My Dog - Pets & Animal Lovers Typography Design","""No Thanks, I'm Going to Be with My Dog"" in clean gold-and-black minimalist typography. A statement design for pet parents and animal lovers. Makes a perfect gift to wear or give. Available on tees, hoodies, stickers, mugs, tote bags, posters and more. #pets #typography","dog mom, pet lover, dog dad, reptile, animal parent, thanks, going, dog over humans, pets & animal lovers, funny shirt, typography, minimalist, aesthetic, gift idea, trendy design, statement tee, for men, for women",produits/niches/doh_party_en__dark.png,produits/niches/doh_party_en__light.png
doh_persone_it,niches,pets,Pets & Animal Lovers,dog_over_humans,it,Più conosco le persone Più amo il mio cane - Pets & Animal Lovers (Italian) Design,"""Più conosco le persone Più amo il mio cane"" in clean gold-and-black minimalist typography. A statement design for pet parents and animal lovers. Makes a perfect gift to wear or give. Available on tees, hoodies, stickers, mugs, tote bags, posters and more. #pets #typography","dog mom, pet lover, dog dad, reptile, animal parent, conosco, persone, cane, dog over humans, pets & animal lovers, funny shirt, typography, minimalist, aesthetic, gift idea, trendy design, statement tee, for men, for women",produits/niches/doh_persone_it__dark.png,produits/niches/doh_persone_it__light.png
doh_planes_es,niches,pets,Pets & Animal Lovers,dog_over_humans,es,Cancelo planes por mi perro. No por ti. - Pets & Animal Lovers (Spanish) Design,"""Cancelo planes por mi perro. No por ti."" in clean gold-and-black minimalist typography. A statement design for pet parents and animal lovers. Makes a perfect gift to wear or give. Available on tees, hoodies, stickers, mugs, tote bags, posters and more. #pets #typography","dog mom, pet lover, dog dad, reptile, animal parent, cancelo, planes, perro, dog over humans, pets & animal lovers, funny shirt, typography, minimalist, aesthetic, gift idea, trendy design, statement tee, for men, for women",produits/niches/doh_planes_es__dark.png,produits/niches/doh_planes_es__light.png
doh_plus_je_connais_fr,niches,pets,Pets & Animal Lovers,dog_over_humans,fr,Plus je connais les gens Plus j'aime mon chien - Pets & Animal Lovers (French) Design,"« Plus je connais les gens Plus j'aime mon chien » en typographie or et noir, minimaliste et percutante. Un design pour les maîtres d'animaux et amoureux·ses des bêtes. Idée cadeau parfaite, à porter ou offrir. Disponible sur t-shirt, sweat, sticker, mug, tote bag, poster et plus. #pets #typographie","dog mom, pet lover, dog dad, reptile, animal parent, connais, gens, j'aime, chien, dog over humans, pets & animal lovers, funny shirt, typography, minimalist, aesthetic, gift idea, trendy design, statement tee, for men, for women",produits/niches/doh_plus_je_connais_fr__dark.png,produits/niches/doh_plus_je_connais_fr__light.png
doh_rentrer_fr,niches,pets,Pets & Animal Lovers,dog_over_humans,fr,Je veux rentrer pour voir mon chien - Pets & Animal Lovers (French) Design,"« Je veux rentrer pour voir mon chien » en typographie or et noir, minimaliste et percutante. Un design pour les maîtres d'animaux et amoureux·ses des bêtes. Idée cadeau parfaite, à porter ou offrir. Disponible sur t-shirt, sweat, sticker, mug, tote bag, poster et plus. #pets #typographie","dog mom, pet lover, dog dad, reptile, animal parent, veux, rentrer, voir, chien, dog over humans, pets & animal lovers, funny shirt, typography, minimalist, aesthetic, gift idea, trendy design, statement tee, for men, for women",produits/niches/doh_rentrer_fr__dark.png,produits/niches/doh_rentrer_fr__light.png
dw_best_human_en,niches,pets,Pets & Animal Lovers,dog_wit,en,My Dog Thinks I'm the Best Person Low Bar. I'll Take It. - Pets & Animal Lovers Typography Design,"""My Dog Thinks I'm the Best Person Low Bar. I'll Take It."" in clean gold-and-black minimalist typography. A statement design for pet parents and animal lovers. Makes a perfect gift to wear or give. Available on tees, hoodies, stickers, mugs, tote bags, posters and more. #pets #typography","dog mom, pet lover, dog dad, reptile, animal parent, thinks, best, person, i'll, take, dog wit, pets & animal lovers, funny shirt, typography, minimalist, aesthetic, gift idea, trendy design, statement tee, for men, for women",produits/niches/dw_best_human_en__dark.png,produits/niches/dw_best_human_en__light.png
dw_could_talk_en,niches,pets,Pets & Animal Lovers,dog_wit,en,If My Dog Could Talk He'd Tell You to Stop Barking - Pets & Animal Lovers Typography Design,"""If My Dog Could Talk He'd Tell You to Stop Barking"" in clean gold-and-black minimalist typography. A statement design for pet parents and animal lovers. Makes a perfect gift to wear or give. Available on tees, hoodies, stickers, mugs, tote bags, posters and more. #pets #typography","dog mom, pet lover, dog dad, reptile, animal parent, could, talk, he'd, tell, stop, dog wit, pets & animal lovers, funny shirt, typography, minimalist, aesthetic, gift idea, trendy design, statement tee, for men, for women",produits/niches/dw_could_talk_en__dark.png,produits/niches/dw_could_talk_en__light.png
dw_hund_de,niches,pets,Pets & Animal Lovers,dog_wit,de,Ich dachte ich erziehe meinen Hund Er hat mich erzogen - Pets & Animal Lovers (German) Design,"""Ich dachte ich erziehe meinen Hund Er hat mich erzogen"" in clean gold-and-black minimalist typography. A statement design for pet parents and animal lovers. Makes a perfect gift to wear or give. Available on tees, hoodies, stickers, mugs, tote bags, posters and more. #pets #typography","dog mom, pet lover, dog dad, reptile, animal parent, dachte, erziehe, meinen, hund, mich, dog wit, pets & animal lovers, funny shirt, typography, minimalist, aesthetic, gift idea, trendy design, statement tee, for men, for women",produits/niches/dw_hund_de__dark.png,produits/niches/dw_hund_de__light.png
dw_maitre_fr,niches,pets,Pets & Animal Lovers,dog_wit,fr,Je croyais dresser mon chien C'est lui qui m'a dressé - Pets & Animal Lovers (French) Design,"« Je croyais dresser mon chien C'est lui qui m'a dressé » en typographie or et noir, minimaliste et percutante. Un design pour les maîtres d'animaux et amoureux·ses des bêtes. Idée cadeau parfaite, à porter ou offrir. Disponible sur t-shirt, sweat, sticker, mug, tote bag, poster et plus. #pets #typographie","dog mom, pet lover, dog dad, reptile, animal parent, croyais, dresser, chien, c'est, dressé, dog wit, pets & animal lovers, funny shirt, typography, minimalist, aesthetic, gift idea, trendy design, statement tee, for men, for women",produits/niches/dw_maitre_fr__dark.png,produits/niches/dw_maitre_fr__light.png
dw_meilleur_ami_fr,niches,pets,Pets & Animal Lovers,dog_wit,fr,Mon chien est mon meilleur ami Il ne me le dit pas mais c'est réciproque - Pets & Animal Lovers (French) Design,"« Mon chien est mon meilleur ami Il ne me le dit pas mais c'est réciproque » en typographie or et noir, minimaliste et percutante. Un design pour les maîtres d'animaux et amoureux·ses des bêtes. Idée cadeau parfaite, à porter ou offrir. Disponible sur t-shirt, sweat, sticker, mug, tote bag, poster et plus. #pets #typographie","dog mom, pet lover, dog dad, reptile, animal parent, chien, meilleur, c'est, réciproque, dog wit, pets & animal lovers, funny shirt, typography, minimalist, aesthetic, gift idea, trendy design, statement tee, for men, for women",produits/niches/dw_meilleur_ami_fr__dark.png,produits/niches/dw_meilleur_ami_fr__light.png
dw_parler_fr,niches,pets,Pets & Animal Lovers,dog_wit,fr,Si mon chien pouvait parler c'est lui qui te dirait d'arrêter d'aboyer - Pets & Animal Lovers (French) Design,"« Si mon chien pouvait parler c'est lui qui te dirait d'arrêter d'aboyer » en typographie or et noir, minimaliste et percutante. Un design pour les maîtres d'animaux et amoureux·ses des bêtes. Idée cadeau parfaite, à porter ou offrir. Disponible sur t-shirt, sweat, sticker, mug, tote bag, poster et plus. #pets #typographie","dog mom, pet lover, dog dad, reptile, animal parent, chien, pouvait, parler, c'est, dirait, dog wit, pets & animal lovers, funny shirt, typography, minimalist, aesthetic, gift idea, trendy design, statement tee, for men, for women",produits/niches/dw_parler_fr__dark.png,produits/niches/dw_parler_fr__light.png
dw_patron_fr,niches,pets,Pets & Animal Lovers,dog_wit,fr,Mon chien a plus de sens commun que la plupart des gens que je connais - Pets & Animal Lovers (French) Design,"« Mon chien a plus de sens commun que la plupart des gens que je connais » en typographie or et noir, minimaliste et percutante. Un design pour les maîtres d'animaux et amoureux·ses des bêtes. Idée cadeau parfaite, à porter ou offrir. Disponible sur t-shirt, sweat, sticker, mug, tote bag, poster et plus. #pets #typographie","dog mom, pet lover, dog dad, reptile, animal parent, chien, sens, commun, plupart, gens, dog wit, pets & animal lovers, funny shirt, typography, minimalist, aesthetic, gift idea, trendy design, statement tee, for men, for women",produits/niches/dw_patron_fr__dark.png,produits/niches/dw_patron_fr__light.png
dw_perro_es,niches,pets,Pets & Animal Lovers,dog_wit,es,Pensé que lo adiestraba Me adestro a mí - Pets & Animal Lovers (Spanish) Design,"""Pensé que lo adiestraba Me adestro a mí"" in clean gold-and-black minimalist typography. A statement design for pet parents and animal lovers. Makes a perfect gift to wear or give. Available on tees, hoodies, stickers, mugs, tote bags, posters and more. #pets #typography","dog mom, pet lover, dog dad, reptile, animal parent, pensé, adiestraba, adestro, dog wit, pets & animal lovers, funny shirt, typography, minimalist, aesthetic, gift idea, trendy design, statement tee, for men, for women",produits/niches/dw_perro_es__dark.png,produits/niches/dw_perro_es__light.png
dw_trained_me_en,niches,pets,Pets & Animal Lovers,dog_wit,en,I Thought I Was Training Him He Was Training Me - Pets & Animal Lovers Typography Design,"""I Thought I Was Training Him He Was Training Me"" in clean gold-and-black minimalist typography. A statement design for pet parents and animal lovers. Makes a perfect gift to wear or give. Available on tees, hoodies, stickers, mugs, tote bags, posters and more. #pets #typography","dog mom, pet lover, dog dad, reptile, animal parent, thought, training, dog wit, pets & animal lovers, funny shirt, typography, minimalist, aesthetic, gift idea, trendy design, statement tee, for men, for women",produits/niches/dw_trained_me_en__dark.png,produits/niches/dw_trained_me_en__light.png
dx_ivdd_en,niches,pets,Pets & Animal Lovers,dachshund,en,IVDD Aware My Wiener Is Worth It - Pets & Animal Lovers Typography Design,"""IVDD Aware My Wiener Is Worth It"" in clean gold-and-black minimalist typography. A statement design for pet parents and animal lovers. Makes a perfect gift to wear or give. Available on tees, hoodies, stickers, mugs, tote bags, posters and more. #pets #typography","dog mom, pet lover, dog dad, reptile, animal parent, ivdd, aware, wiener, worth, dachshund, pets & animal lovers, funny shirt, typography, minimalist, aesthetic, gift idea, trendy design, statement tee, for men, for women",produits/niches/dx_ivdd_en__dark.png,produits/niches/dx_ivdd_en__light.png
dx_long_short_en,niches,pets,Pets & Animal Lovers,dachshund,en,Long Dog Short Fuse - Pets & Animal Lovers Typography Design,"""Long Dog Short Fuse"" in clean gold-and-black minimalist typography. A statement design for pet parents and animal lovers. Makes a perfect gift to wear or give. Available on tees, hoodies, stickers, mugs, tote bags, posters and more. #pets #typography","dog mom, pet lover, dog dad, reptile, animal parent, long, short, fuse, dachshund, pets & animal lovers, funny shirt, typography, minimalist, aesthetic, gift idea, trendy design, statement tee, for men, for women",produits/niches/dx_long_short_en__dark.png,produits/niches/dx_long_short_en__light.png
dx_low_rider_en,niches,pets,Pets & Animal Lovers,dachshund,en,Low Rider Loud Opinions - Pets & Animal Lovers Typography Design,"""Low Rider Loud Opinions"" in clean gold-and-black minimalist typography. A statement design for pet parents and animal lovers. Makes a perfect gift to wear or give. Available on tees, hoodies, stickers, mugs, tote bags, posters and more. #pets #typography","dog mom, pet lover, dog dad, reptile, animal parent, rider, loud, opinions, dachshund, pets & animal lovers, funny shirt, typography, minimalist, aesthetic, gift idea, trendy design, statement tee, for men, for women",produits/niches/dx_low_rider_en__dark.png,produits/niches/dx_low_rider_en__light.png
dx_sausage_en,niches,pets,Pets & Animal Lovers,dachshund,en,Half Dog Half Sausage. All Attitude. - Pets & Animal Lovers Typography Design,"""Half Dog Half Sausage. All Attitude."" in clean gold-and-black minimalist typography. A statement design for pet parents and animal lovers. Makes a perfect gift to wear or give. Available on tees, hoodies, stickers, mugs, tote bags, posters and more. #pets #typography","dog mom, pet lover, dog dad, reptile, animal parent, half, sausage, attitude, dachshund, pets & animal lovers, funny shirt, typography, minimalist, aesthetic, gift idea, trendy design, statement tee, for men, for women",produits/niches/dx_sausage_en__dark.png,produits/niches/dx_sausage_en__light.png
dx_stairs_no_en,niches,pets,Pets & Animal Lovers,dachshund,en,No Stairs Vet's Orders. He Ignores Them. - Pets & Animal Lovers Typography Design,"""No Stairs Vet's Orders. He Ignores Them."" in clean gold-and-black minimalist typography. A statement design for pet parents and animal lovers. Makes a perfect gift to wear or give. Available on tees, hoodies, stickers, mugs, tote bags, posters and more. #pets #typography","dog mom, pet lover, dog dad, reptile, animal parent, stairs, vet's, orders, ignores, them, dachshund, pets & animal lovers, funny shirt, typography, minimalist, aesthetic, gift idea, trendy design, statement tee, for men, for women",produits/niches/dx_stairs_no_en__dark.png,produits/niches/dx_stairs_no_en__light.png
goat_tiny_horse_en,niches,pets,Pets & Animal Lovers,goats,en,Tiny Horses with Opinions - Pets & Animal Lovers Typography Design,"""Tiny Horses with Opinions"" in clean gold-and-black minimalist typography. A statement design for pet parents and animal lovers. Makes a perfect gift to wear or give. Available on tees, hoodies, stickers, mugs, tote bags, posters and more. #pets #typography","dog mom, pet lover, dog dad, reptile, animal parent, tiny, horses, opinions, goats, pets & animal lovers, funny shirt, typography, minimalist, aesthetic, gift idea, trendy design, statement tee, for men, for women",produits/niches/goat_tiny_horse_en__dark.png,produits/niches/goat_tiny_horse_en__light.png
horse_born_wrong_century_en,niches,pets,Pets & Animal Lovers,horse_riding,en,Born in the Wrong Century - Pets & Animal Lovers Typography Design,"""Born in the Wrong Century"" in clean gold-and-black minimalist typography. A statement design for pet parents and animal lovers. Makes a perfect gift to wear or give. Available on tees, hoodies, stickers, mugs, tote bags, posters and more. #pets #typography","dog mom, pet lover, dog dad, reptile, animal parent, born, wrong, century, horse riding, pets & animal lovers, funny shirt, typography, minimalist, aesthetic, gift idea, trendy design, statement tee, for men, for women",produits/niches/horse_born_wrong_century_en__dark.png,produits/niches/horse_born_wrong_century_en__light.png
horse_girl_en,niches,pets,Pets & Animal Lovers,horse_riding,en,Horse Girl Unapologetically - Pets & Animal Lovers Typography Design,"""Horse Girl Unapologetically"" in clean gold-and-black minimalist typography. A statement design for pet parents and animal lovers. Makes a perfect gift to wear or give. Available on tees, hoodies, stickers, mugs, tote bags, posters and more. #pets #typography","dog mom, pet lover, dog dad, reptile, animal parent, horse, girl, unapologetically, horse riding, pets & animal lovers, funny shirt, typography, minimalist, aesthetic, gift idea, trendy design, statement tee, for men, for women",produits/niches/horse_girl_en__dark.png,produits/niches/horse_girl_en__light.png
horse_therapist_en,niches,pets,Pets & Animal Lovers,horse_riding,en,My Therapist Has Four Legs - Pets & Animal Lovers Typography Design,"""My Therapist Has Four Legs"" in clean gold-and-black minimalist typography. A statement design for pet parents and animal lovers. Makes a perfect gift to wear or give. Available on tees, hoodies, stickers, mugs, tote bags, posters and more. #pets #typography","dog mom, pet lover, dog dad, reptile, animal parent, therapist, four, legs, horse riding, pets & animal lovers, funny shirt, typography, minimalist, aesthetic, gift idea, trendy design, statement tee, for men, for women",produits/niches/horse_therapist_en__dark.png,produits/niches/horse_therapist_en__light.png
parr_flock_en,niches,pets,Pets & Animal Lovers,parrots,en,Flock This - Pets & Animal Lovers Typography Design,"""Flock This"" in clean gold-and-black minimalist typography. A statement design for pet parents and animal lovers. Makes a perfect gift to wear or give. Available on tees, hoodies, stickers, mugs, tote bags, posters and more. #pets #typography","dog mom, pet lover, dog dad, reptile, animal parent, flock, parrots, pets & animal lovers, funny shirt, typography, minimalist, aesthetic, gift idea, trendy design, statement tee, for men, for women",produits/niches/parr_flock_en__dark.png,produits/niches/parr_flock_en__light.png
parr_judges_en,niches,pets,Pets & Animal Lovers,parrots,en,My Parrot Judges You - Pets & Animal Lovers Typography Design,"""My Parrot Judges You"" in clean gold-and-black minimalist typography. A statement design for pet parents and animal lovers. Makes a perfect gift to wear or give. Available on tees, hoodies, stickers, mugs, tote bags, posters and more. #pets #typography","dog mom, pet lover, dog dad, reptile, animal parent, parrot, judges, parrots, pets & animal lovers, funny shirt, typography, minimalist, aesthetic, gift idea, trendy design, statement tee, for men, for women",produits/niches/parr_judges_en__dark.png,produits/niches/parr_judges_en__light.png
parr_polly_en,niches,pets,Pets & Animal Lovers,parrots,en,Polly Wants Everything - Pets & Animal Lovers Typography Design,"""Polly Wants Everything"" in clean gold-and-black minimalist typography. A statement design for pet parents and animal lovers. Makes a perfect gift to wear or give. Available on tees, hoodies, stickers, mugs, tote bags, posters and more. #pets #typography","dog mom, pet lover, dog dad, reptile, animal parent, polly, wants, everything, parrots, pets & animal lovers, funny shirt, typography, minimalist, aesthetic, gift idea, trendy design, statement tee, for men, for women",produits/niches/parr_polly_en__dark.png,produits/niches/parr_polly_en__light.png
rept_lizard_mom_en,niches,pets,Pets & Animal Lovers,reptiles,en,Lizard Mom & Cold Blooded - Pets & Animal Lovers Typography Design,"""Lizard Mom & Cold Blooded"" in clean gold-and-black minimalist typography. A statement design for pet parents and animal lovers. Makes a perfect gift to wear or give. Available on tees, hoodies, stickers, mugs, tote bags, posters and more. #pets #typography","dog mom, pet lover, dog dad, reptile, animal parent, lizard, cold, blooded, reptiles, pets & animal lovers, funny shirt, typography, minimalist, aesthetic, gift idea, trendy design, statement tee, for men, for women",produits/niches/rept_lizard_mom_en__dark.png,produits/niches/rept_lizard_mom_en__light.png
rept_scale_mom_en,niches,pets,Pets & Animal Lovers,reptiles,en,Scale Mom - Pets & Animal Lovers Typography Design,"""Scale Mom"" in clean gold-and-black minimalist typography. A statement design for pet parents and animal lovers. Makes a perfect gift to wear or give. Available on tees, hoodies, stickers, mugs, tote bags, posters and more. #pets #typography","dog mom, pet lover, dog dad, reptile, animal parent, scale, reptiles, pets & animal lovers, funny shirt, typography, minimalist, aesthetic, gift idea, trendy design, statement tee, for men, for women",produits/niches/rept_scale_mom_en__dark.png,produits/niches/rept_scale_mom_en__light.png
rept_snek_en,niches,pets,Pets & Animal Lovers,reptiles,en,Danger Noodle Owner - Pets & Animal Lovers Typography Design,"""Danger Noodle Owner"" in clean gold-and-black minimalist typography. A statement design for pet parents and animal lovers. Makes a perfect gift to wear or give. Available on tees, hoodies, stickers, mugs, tote bags, posters and more. #pets #typography","dog mom, pet lover, dog dad, reptile, animal parent, danger, noodle, owner, reptiles, pets & animal lovers, funny shirt, typography, minimalist, aesthetic, gift idea, trendy design, statement tee, for men, for women",produits/niches/rept_snek_en__dark.png,produits/niches/rept_snek_en__light.png
rev_dog_thinks_en,revendications,pets,Pets & Animal Lovers,,en,Be The Person Your Dog Thinks You Are - Pets & Animal Lovers Typography Design,"""Be The Person Your Dog Thinks You Are"" in clean gold-and-black minimalist typography. A statement design for pet parents and animal lovers. Makes a perfect gift to wear or give. Available on tees, hoodies, stickers, mugs, tote bags, posters and more. #pets #typography","dog mom, pet lover, dog dad, reptile, animal parent, person, thinks, pets & animal lovers, funny shirt, typography, minimalist, aesthetic, gift idea, trendy design, statement tee, for men, for women",produits/revendications/rev_dog_thinks_en__dark.png,produits/revendications/rev_dog_thinks_en__light.png
tr_calin_chien_fr,trending,pets,Pets & Animal Lovers,,fr,Câlin Avec Mon Chien - Pets & Animal Lovers (French) Design,"« Câlin Avec Mon Chien » en typographie or et noir, minimaliste et percutante. Un design pour les maîtres d'animaux et amoureux·ses des bêtes. Idée cadeau parfaite, à porter ou offrir. Disponible sur t-shirt, sweat, sticker, mug, tote bag, poster et plus. #pets #typographie","dog mom, pet lover, dog dad, reptile, animal parent, câlin, chien, pets & animal lovers, funny shirt, typography, minimalist, aesthetic, gift idea, trendy design, statement tee, for men, for women",produits/trending/tr_calin_chien_fr__dark.png,produits/trending/tr_calin_chien_fr__light.png
tr_chien_meilleur_fr,trending,pets,Pets & Animal Lovers,,fr,"Mon Chien, Mon Thérapeute - Pets & Animal Lovers (French) Design","« Mon Chien, Mon Thérapeute » en typographie or et noir, minimaliste et percutante. Un design pour les maîtres d'animaux et amoureux·ses des bêtes. Idée cadeau parfaite, à porter ou offrir. Disponible sur t-shirt, sweat, sticker, mug, tote bag, poster et plus. #pets #typographie","dog mom, pet lover, dog dad, reptile, animal parent, chien, thérapeute, pets & animal lovers, funny shirt, typography, minimalist, aesthetic, gift idea, trendy design, statement tee, for men, for women",produits/trending/tr_chien_meilleur_fr__dark.png,produits/trending/tr_chien_meilleur_fr__light.png
tr_dog_mom_era_en,trending,pets,Pets & Animal Lovers,,en,Dog Mom Era - Pets & Animal Lovers Typography Design,"""Dog Mom Era"" in clean gold-and-black minimalist typography. A statement design for pet parents and animal lovers. Makes a perfect gift to wear or give. Available on tees, hoodies, stickers, mugs, tote bags, posters and more. #pets #typography","dog mom, pet lover, dog dad, reptile, animal parent, pets & animal lovers, funny shirt, typography, minimalist, aesthetic, gift idea, trendy design, statement tee, for men, for women",produits/trending/tr_dog_mom_era_en__dark.png,produits/trending/tr_dog_mom_era_en__light.png
tr_maman_chien_fr,trending,pets,Pets & Animal Lovers,,fr,Maman Chien - Pets & Animal Lovers (French) Design,"« Maman Chien » en typographie or et noir, minimaliste et percutante. Un design pour les maîtres d'animaux et amoureux·ses des bêtes. Idée cadeau parfaite, à porter ou offrir. Disponible sur t-shirt, sweat, sticker, mug, tote bag, poster et plus. #pets #typographie","dog mom, pet lover, dog dad, reptile, animal parent, maman, chien, pets & animal lovers, funny shirt, typography, minimalist, aesthetic, gift idea, trendy design, statement tee, for men, for women",produits/trending/tr_maman_chien_fr__dark.png,produits/trending/tr_maman_chien_fr__light.png
he_drama_plants_en,heart,plants_garden,Plants & Garden,,en,I love My Plants not Drama - Plants & Garden Typography Design,"""I love My Plants not Drama"" in clean gold-and-black minimalist typography. A statement design for plant parents and gardeners. Makes a perfect gift to wear or give. Available on tees, hoodies, stickers, mugs, tote bags, posters and more. #plants_garden #typography","plant lover, plant mom, gardening, botanical, succulent, love, plants, drama, plants & garden, funny shirt, typography, minimalist, aesthetic, gift idea, trendy design, statement tee, for men, for women",produits/heart/he_drama_plants_en__dark.png,produits/heart/he_drama_plants_en__light.png
id_gardener_en,identite,plants_garden,Plants & Garden,,en,Gardener - Plants & Garden Typography Design,"""Gardener"" in clean gold-and-black minimalist typography. A statement design for plant parents and gardeners. Makes a perfect gift to wear or give. Available on tees, hoodies, stickers, mugs, tote bags, posters and more. #plants_garden #typography","plant lover, plant mom, gardening, botanical, succulent, gardener, plants & garden, funny shirt, typography, minimalist, aesthetic, gift idea, trendy design, statement tee, for men, for women",produits/identite/id_gardener_en__dark.png,produits/identite/id_gardener_en__light.png
id_plant_mom_en,identite,plants_garden,Plants & Garden,,en,Plant Mom - Plants & Garden Typography Design,"""Plant Mom"" in clean gold-and-black minimalist typography. A statement design for plant parents and gardeners. Makes a perfect gift to wear or give. Available on tees, hoodies, stickers, mugs, tote bags, posters and more. #plants_garden #typography","plant lover, plant mom, gardening, botanical, succulent, plant, plants & garden, funny shirt, typography, minimalist, aesthetic, gift idea, trendy design, statement tee, for men, for women",produits/identite/id_plant_mom_en__dark.png,produits/identite/id_plant_mom_en__light.png
ir_smarter_plants_en,ironique,plants_garden,Plants & Garden,,en,My Plants Have Better Takes Than You - Plants & Garden Typography Design,"""My Plants Have Better Takes Than You"" in clean gold-and-black minimalist typography. A statement design for plant parents and gardeners. Makes a perfect gift to wear or give. Available on tees, hoodies, stickers, mugs, tote bags, posters and more. #plants_garden #typography","plant lover, plant mom, gardening, botanical, succulent, plants, better, takes, than, plants & garden, funny shirt, typography, minimalist, aesthetic, gift idea, trendy design, statement tee, for men, for women",produits/ironique/ir_smarter_plants_en__dark.png,produits/ironique/ir_smarter_plants_en__light.png
aoh_nature_en,niches,plants_garden,Plants & Garden,plants_over_humans,en,Trees Don't Ghost You I'm Just Saying - Plants & Garden Typography Design,"""Trees Don't Ghost You I'm Just Saying"" in clean gold-and-black minimalist typography. A statement design for plant parents and gardeners. Makes a perfect gift to wear or give. Available on tees, hoodies, stickers, mugs, tote bags, posters and more. #plants_garden #typography","plant lover, plant mom, gardening, botanical, succulent, trees, don't, ghost, saying, plants over humans, plants & garden, funny shirt, typography, minimalist, aesthetic, gift idea, trendy design, statement tee, for men, for women",produits/niches/aoh_nature_en__dark.png,produits/niches/aoh_nature_en__light.png
aoh_plants_en,niches,plants_garden,Plants & Garden,plants_over_humans,en,My Plants Listen People Interrupt - Plants & Garden Typography Design,"""My Plants Listen People Interrupt"" in clean gold-and-black minimalist typography. A statement design for plant parents and gardeners. Makes a perfect gift to wear or give. Available on tees, hoodies, stickers, mugs, tote bags, posters and more. #plants_garden #typography","plant lover, plant mom, gardening, botanical, succulent, plants, listen, people, interrupt, plants over humans, plants & garden, funny shirt, typography, minimalist, aesthetic, gift idea, trendy design, statement tee, for men, for women",produits/niches/aoh_plants_en__dark.png,produits/niches/aoh_plants_en__light.png
aoh_plants_fr,niches,plants_garden,Plants & Garden,plants_over_humans,fr,Mes plantes m'écoutent Les gens m'oublient - Plants & Garden (French) Design,"« Mes plantes m'écoutent Les gens m'oublient » en typographie or et noir, minimaliste et percutante. Un design pour les accros aux plantes et au jardinage. Idée cadeau parfaite, à porter ou offrir. Disponible sur t-shirt, sweat, sticker, mug, tote bag, poster et plus. #plants_garden #typographie","plant lover, plant mom, gardening, botanical, succulent, plantes, m'écoutent, gens, m'oublient, plants over humans, plants & garden, funny shirt, typography, minimalist, aesthetic, gift idea, trendy design, statement tee, for men, for women",produits/niches/aoh_plants_fr__dark.png,produits/niches/aoh_plants_fr__light.png
aoh_wifi_fr,niches,plants_garden,Plants & Garden,plants_over_humans,fr,Mes plantes n'ont pas besoin de WiFi pour pousser - Plants & Garden (French) Design,"« Mes plantes n'ont pas besoin de WiFi pour pousser » en typographie or et noir, minimaliste et percutante. Un design pour les accros aux plantes et au jardinage. Idée cadeau parfaite, à porter ou offrir. Disponible sur t-shirt, sweat, sticker, mug, tote bag, poster et plus. #plants_garden #typographie","plant lover, plant mom, gardening, botanical, succulent, plantes, n'ont, besoin, wifi, pousser, plants over humans, plants & garden, funny shirt, typography, minimalist, aesthetic, gift idea, trendy design, statement tee, for men, for women",produits/niches/aoh_wifi_fr__dark.png,produits/niches/aoh_wifi_fr__light.png
plants_crazy_lady_en,niches,plants_garden,Plants & Garden,houseplants,en,Crazy Plant Lady - Plants & Garden Typography Design,"""Crazy Plant Lady"" in clean gold-and-black minimalist typography. A statement design for plant parents and gardeners. Makes a perfect gift to wear or give. Available on tees, hoodies, stickers, mugs, tote bags, posters and more. #plants_garden #typography","plant lover, plant mom, gardening, botanical, succulent, crazy, plant, lady, houseplants, plants & garden, funny shirt, typography, minimalist, aesthetic, gift idea, trendy design, statement tee, for men, for women",produits/niches/plants_crazy_lady_en__dark.png,produits/niches/plants_crazy_lady_en__light.png
plants_overachiever_en,niches,plants_garden,Plants & Garden,houseplants,en,Plant Parent Overachiever - Plants & Garden Typography Design,"""Plant Parent Overachiever"" in clean gold-and-black minimalist typography. A statement design for plant parents and gardeners. Makes a perfect gift to wear or give. Available on tees, hoodies, stickers, mugs, tote bags, posters and more. #plants_garden #typography","plant lover, plant mom, gardening, botanical, succulent, plant, parent, overachiever, houseplants, plants & garden, funny shirt, typography, minimalist, aesthetic, gift idea, trendy design, statement tee, for men, for women",produits/niches/plants_overachiever_en__dark.png,produits/niches/plants_overachiever_en__light.png
plants_rooting_for_you_en,niches,plants_garden,Plants & Garden,houseplants,en,I'm Rooting for You - Plants & Garden Typography Design,"""I'm Rooting for You"" in clean gold-and-black minimalist typography. A statement design for plant parents and gardeners. Makes a perfect gift to wear or give. Available on tees, hoodies, stickers, mugs, tote bags, posters and more. #plants_garden #typography","plant lover, plant mom, gardening, botanical, succulent, rooting, houseplants, plants & garden, funny shirt, typography, minimalist, aesthetic, gift idea, trendy design, statement tee, for men, for women",produits/niches/plants_rooting_for_you_en__dark.png,produits/niches/plants_rooting_for_you_en__light.png
plants_too_many_en,niches,plants_garden,Plants & Garden,houseplants,en,Too Many Plants? Said No One Ever - Plants & Garden Typography Design,"""Too Many Plants? Said No One Ever"" in clean gold-and-black minimalist typography. A statement design for plant parents and gardeners. Makes a perfect gift to wear or give. Available on tees, hoodies, stickers, mugs, tote bags, posters and more. #plants_garden #typography","plant lover, plant mom, gardening, botanical, succulent, many, plants, said, ever, houseplants, plants & garden, funny shirt, typography, minimalist, aesthetic, gift idea, trendy design, statement tee, for men, for women",produits/niches/plants_too_many_en__dark.png,produits/niches/plants_too_many_en__light.png
succ_crazy_plant_lady_en,niches,plants_garden,Plants & Garden,succulents,en,Crazy Succulent Lady - Plants & Garden Typography Design,"""Crazy Succulent Lady"" in clean gold-and-black minimalist typography. A statement design for plant parents and gardeners. Makes a perfect gift to wear or give. Available on tees, hoodies, stickers, mugs, tote bags, posters and more. #plants_garden #typography","plant lover, plant mom, gardening, botanical, succulent, crazy, lady, succulents, plants & garden, funny shirt, typography, minimalist, aesthetic, gift idea, trendy design, statement tee, for men, for women",produits/niches/succ_crazy_plant_lady_en__dark.png,produits/niches/succ_crazy_plant_lady_en__light.png
succ_looking_sharp_en,niches,plants_garden,Plants & Garden,succulents,en,Looking Sharp - Plants & Garden Typography Design,"""Looking Sharp"" in clean gold-and-black minimalist typography. A statement design for plant parents and gardeners. Makes a perfect gift to wear or give. Available on tees, hoodies, stickers, mugs, tote bags, posters and more. #plants_garden #typography","plant lover, plant mom, gardening, botanical, succulent, looking, sharp, succulents, plants & garden, funny shirt, typography, minimalist, aesthetic, gift idea, trendy design, statement tee, for men, for women",produits/niches/succ_looking_sharp_en__dark.png,produits/niches/succ_looking_sharp_en__light.png
succ_no_water_en,niches,plants_garden,Plants & Garden,succulents,en,I Forget to Water Myself Too - Plants & Garden Typography Design,"""I Forget to Water Myself Too"" in clean gold-and-black minimalist typography. A statement design for plant parents and gardeners. Makes a perfect gift to wear or give. Available on tees, hoodies, stickers, mugs, tote bags, posters and more. #plants_garden #typography","plant lover, plant mom, gardening, botanical, succulent, forget, water, myself, succulents, plants & garden, funny shirt, typography, minimalist, aesthetic, gift idea, trendy design, statement tee, for men, for women",produits/niches/succ_no_water_en__dark.png,produits/niches/succ_no_water_en__light.png
succ_prick_en,niches,plants_garden,Plants & Garden,succulents,en,A Little Prickly - Plants & Garden Typography Design,"""A Little Prickly"" in clean gold-and-black minimalist typography. A statement design for plant parents and gardeners. Makes a perfect gift to wear or give. Available on tees, hoodies, stickers, mugs, tote bags, posters and more. #plants_garden #typography","plant lover, plant mom, gardening, botanical, succulent, little, prickly, succulents, plants & garden, funny shirt, typography, minimalist, aesthetic, gift idea, trendy design, statement tee, for men, for women",produits/niches/succ_prick_en__dark.png,produits/niches/succ_prick_en__light.png
pv_money_plants_en,proverbes,plants_garden,Plants & Garden,,en,"Money Can't Buy Happiness, But It Buys Plants - Plants & Garden Typography Design","""Money Can't Buy Happiness, But It Buys Plants"" in clean gold-and-black minimalist typography. A statement design for plant parents and gardeners. Makes a perfect gift to wear or give. Available on tees, hoodies, stickers, mugs, tote bags, posters and more. #plants_garden #typography","plant lover, plant mom, gardening, botanical, succulent, money, can't, happiness, buys, plants, plants & garden, funny shirt, typography, minimalist, aesthetic, gift idea, trendy design, statement tee, for men, for women",produits/proverbes/pv_money_plants_en__dark.png,produits/proverbes/pv_money_plants_en__light.png
rev_plantes_gauche_fr,revendications,plants_garden,Plants & Garden,,fr,Mes Plantes Votent À Gauche - Plants & Garden (French) Design,"« Mes Plantes Votent À Gauche » en typographie or et noir, minimaliste et percutante. Un design pour les accros aux plantes et au jardinage. Idée cadeau parfaite, à porter ou offrir. Disponible sur t-shirt, sweat, sticker, mug, tote bag, poster et plus. #plants_garden #typographie","plant lover, plant mom, gardening, botanical, succulent, plantes, votent, gauche, plants & garden, funny shirt, typography, minimalist, aesthetic, gift idea, trendy design, statement tee, for men, for women",produits/revendications/rev_plantes_gauche_fr__dark.png,produits/revendications/rev_plantes_gauche_fr__light.png
st_arrose_fr,stoner,plants_garden,Plants & Garden,,fr,J'Arrose Mes Plantes Et Elles Me Le Rendent Bien - Plants & Garden (French) Design,"« J'Arrose Mes Plantes Et Elles Me Le Rendent Bien » en typographie or et noir, minimaliste et percutante. Un design pour les accros aux plantes et au jardinage. Idée cadeau parfaite, à porter ou offrir. Disponible sur t-shirt, sweat, sticker, mug, tote bag, poster et plus. #plants_garden #typographie","plant lover, plant mom, gardening, botanical, succulent, j'arrose, plantes, elles, rendent, bien, plants & garden, funny shirt, typography, minimalist, aesthetic, gift idea, trendy design, statement tee, for men, for women",produits/stoner/st_arrose_fr__dark.png,produits/stoner/st_arrose_fr__light.png
st_gardening_en,stoner,plants_garden,Plants & Garden,,en,I Love Gardening One Plant In Particular - Plants & Garden Typography Design,"""I Love Gardening One Plant In Particular"" in clean gold-and-black minimalist typography. A statement design for plant parents and gardeners. Makes a perfect gift to wear or give. Available on tees, hoodies, stickers, mugs, tote bags, posters and more. #plants_garden #typography","plant lover, plant mom, gardening, botanical, succulent, love, plant, particular, plants & garden, funny shirt, typography, minimalist, aesthetic, gift idea, trendy design, statement tee, for men, for women",produits/stoner/st_gardening_en__dark.png,produits/stoner/st_gardening_en__light.png
st_plant_parent_en,stoner,plants_garden,Plants & Garden,,en,Proud Plant Parent (You Know The One) - Plants & Garden Typography Design,"""Proud Plant Parent (You Know The One)"" in clean gold-and-black minimalist typography. A statement design for plant parents and gardeners. Makes a perfect gift to wear or give. Available on tees, hoodies, stickers, mugs, tote bags, posters and more. #plants_garden #typography","plant lover, plant mom, gardening, botanical, succulent, proud, plant, parent, know, plants & garden, funny shirt, typography, minimalist, aesthetic, gift idea, trendy design, statement tee, for men, for women",produits/stoner/st_plant_parent_en__dark.png,produits/stoner/st_plant_parent_en__light.png
st_plante_verte_fr,stoner,plants_garden,Plants & Garden,,fr,Amateur De Plantes Vertes (Une En Particulier) - Plants & Garden (French) Design,"« Amateur De Plantes Vertes (Une En Particulier) » en typographie or et noir, minimaliste et percutante. Un design pour les accros aux plantes et au jardinage. Idée cadeau parfaite, à porter ou offrir. Disponible sur t-shirt, sweat, sticker, mug, tote bag, poster et plus. #plants_garden #typographie","plant lover, plant mom, gardening, botanical, succulent, amateur, plantes, vertes, particulier, plants & garden, funny shirt, typography, minimalist, aesthetic, gift idea, trendy design, statement tee, for men, for women",produits/stoner/st_plante_verte_fr__dark.png,produits/stoner/st_plante_verte_fr__light.png
tr_plant_mom_en,trending,plants_garden,Plants & Garden,,en,Plant Mom (Murderer) - Plants & Garden Typography Design,"""Plant Mom (Murderer)"" in clean gold-and-black minimalist typography. A statement design for plant parents and gardeners. Makes a perfect gift to wear or give. Available on tees, hoodies, stickers, mugs, tote bags, posters and more. #plants_garden #typography","plant lover, plant mom, gardening, botanical, succulent, plant, murderer, plants & garden, funny shirt, typography, minimalist, aesthetic, gift idea, trendy design, statement tee, for men, for women",produits/trending/tr_plant_mom_en__dark.png,produits/trending/tr_plant_mom_en__light.png
an_anti_fr,anti,politics,Activist & Leftist,,fr,"Anti Fascisme, Capitalisme, Ultra-Riches, Pollueurs, Racisme, Patriarcat, - Activist & Leftist (French) Design","« Anti Fascisme, Capitalisme, Ultra-Riches, Pollueurs, Racisme, Patriarcat, » en typographie or et noir, minimaliste et percutante. Un design pour les militant·es et les engagé·es politiquement. Idée cadeau parfaite, à porter ou offrir. Disponible sur t-shirt, sweat, sticker, mug, tote bag, poster et plus. #politics #typographie","activist, eat the rich, anti capitalist, leftist, protest, revolution, class war, anti, fascisme, capitalisme, ultra, riches, activist & leftist, funny shirt, typography, minimalist, aesthetic, gift idea, trendy design, statement tee, for men, for women",produits/anti/an_anti_fr__dark.png,produits/anti/an_anti_fr__light.png
an_marre_fr,anti,politics,Activist & Leftist,,fr,"Marre Des Milliardaires, Excuses, Pollueurs, Fachos, Mensonges, Burn-Out, - Activist & Leftist (French) Design","« Marre Des Milliardaires, Excuses, Pollueurs, Fachos, Mensonges, Burn-Out, » en typographie or et noir, minimaliste et percutante. Un design pour les militant·es et les engagé·es politiquement. Idée cadeau parfaite, à porter ou offrir. Disponible sur t-shirt, sweat, sticker, mug, tote bag, poster et plus. #politics #typographie","activist, eat the rich, anti capitalist, leftist, protest, revolution, class war, marre, milliardaires, excuses, pollueurs, fachos, activist & leftist, funny shirt, typography, minimalist, aesthetic, gift idea, trendy design, statement tee, for men, for women",produits/anti/an_marre_fr__dark.png,produits/anti/an_marre_fr__light.png
an_tired_en,anti,politics,Activist & Leftist,,en,"Tired Of Billionaires, Excuses, Greenwashing, Bigots, Lies, Hustle, - Activist & Leftist Typography Design","""Tired Of Billionaires, Excuses, Greenwashing, Bigots, Lies, Hustle,"" in clean gold-and-black minimalist typography. A statement design for activists, leftists and the politically loud. Makes a perfect gift to wear or give. Available on tees, hoodies, stickers, mugs, tote bags, posters and more. #politics #typography","activist, eat the rich, anti capitalist, leftist, protest, revolution, class war, tired, billionaires, excuses, greenwashing, bigots, activist & leftist, funny shirt, typography, minimalist, aesthetic, gift idea, trendy design, statement tee, for men, for women",produits/anti/an_tired_en__dark.png,produits/anti/an_tired_en__light.png
ar_antifa_fr,arrow,politics,Activist & Leftist,,fr,Mon Pote Est Antifa - Activist & Leftist (French) Design,"« Mon Pote Est Antifa » en typographie or et noir, minimaliste et percutante. Un design pour les militant·es et les engagé·es politiquement. Idée cadeau parfaite, à porter ou offrir. Disponible sur t-shirt, sweat, sticker, mug, tote bag, poster et plus. #politics #typographie","activist, eat the rich, anti capitalist, leftist, protest, revolution, class war, pote, antifa, activist & leftist, funny shirt, typography, minimalist, aesthetic, gift idea, trendy design, statement tee, for men, for women",produits/arrow/ar_antifa_fr__dark.png,produits/arrow/ar_antifa_fr__light.png
ar_resistance_en,arrow,politics,Activist & Leftist,,en,I'm With The Resistance - Activist & Leftist Typography Design,"""I'm With The Resistance"" in clean gold-and-black minimalist typography. A statement design for activists, leftists and the politically loud. Makes a perfect gift to wear or give. Available on tees, hoodies, stickers, mugs, tote bags, posters and more. #politics #typography","activist, eat the rich, anti capitalist, leftist, protest, revolution, class war, resistance, activist & leftist, funny shirt, typography, minimalist, aesthetic, gift idea, trendy design, statement tee, for men, for women",produits/arrow/ar_resistance_en__dark.png,produits/arrow/ar_resistance_en__light.png
co_cest_capitalisme_fr,corrige,politics,Activist & Leftist,,fr,C'Est La Vie → Faute Du Capitalisme - Activist & Leftist (French) Design,"« C'Est La Vie → Faute Du Capitalisme » en typographie or et noir, minimaliste et percutante. Un design pour les militant·es et les engagé·es politiquement. Idée cadeau parfaite, à porter ou offrir. Disponible sur t-shirt, sweat, sticker, mug, tote bag, poster et plus. #politics #typographie","activist, eat the rich, anti capitalist, leftist, protest, revolution, class war, c'est, faute, capitalisme, activist & leftist, funny shirt, typography, minimalist, aesthetic, gift idea, trendy design, statement tee, for men, for women",produits/corrige/co_cest_capitalisme_fr__dark.png,produits/corrige/co_cest_capitalisme_fr__light.png
co_eat_sleep_en,corrige,politics,Activist & Leftist,,en,"Eat, Sleep, Consume → Resist, Repeat - Activist & Leftist Typography Design","""Eat, Sleep, Consume → Resist, Repeat"" in clean gold-and-black minimalist typography. A statement design for activists, leftists and the politically loud. Makes a perfect gift to wear or give. Available on tees, hoodies, stickers, mugs, tote bags, posters and more. #politics #typography","activist, eat the rich, anti capitalist, leftist, protest, revolution, class war, sleep, consume, resist, repeat, activist & leftist, funny shirt, typography, minimalist, aesthetic, gift idea, trendy design, statement tee, for men, for women",produits/corrige/co_eat_sleep_en__dark.png,produits/corrige/co_eat_sleep_en__light.png
co_have_nice_en,corrige,politics,Activist & Leftist,,en,Have A Nice Day → Revolution - Activist & Leftist Typography Design,"""Have A Nice Day → Revolution"" in clean gold-and-black minimalist typography. A statement design for activists, leftists and the politically loud. Makes a perfect gift to wear or give. Available on tees, hoodies, stickers, mugs, tote bags, posters and more. #politics #typography","activist, eat the rich, anti capitalist, leftist, protest, revolution, class war, nice, activist & leftist, funny shirt, typography, minimalist, aesthetic, gift idea, trendy design, statement tee, for men, for women",produits/corrige/co_have_nice_en__dark.png,produits/corrige/co_have_nice_en__light.png
co_just_do_en,corrige,politics,Activist & Leftist,,en,Just Do It → Your Taxes - Activist & Leftist Typography Design,"""Just Do It → Your Taxes"" in clean gold-and-black minimalist typography. A statement design for activists, leftists and the politically loud. Makes a perfect gift to wear or give. Available on tees, hoodies, stickers, mugs, tote bags, posters and more. #politics #typography","activist, eat the rich, anti capitalist, leftist, protest, revolution, class war, taxes, activist & leftist, funny shirt, typography, minimalist, aesthetic, gift idea, trendy design, statement tee, for men, for women",produits/corrige/co_just_do_en__dark.png,produits/corrige/co_just_do_en__light.png
co_live_laugh_en,corrige,politics,Activist & Leftist,,en,"Live, Laugh, Love → Resist - Activist & Leftist Typography Design","""Live, Laugh, Love → Resist"" in clean gold-and-black minimalist typography. A statement design for activists, leftists and the politically loud. Makes a perfect gift to wear or give. Available on tees, hoodies, stickers, mugs, tote bags, posters and more. #politics #typography","activist, eat the rich, anti capitalist, leftist, protest, revolution, class war, live, laugh, love, resist, activist & leftist, funny shirt, typography, minimalist, aesthetic, gift idea, trendy design, statement tee, for men, for women",produits/corrige/co_live_laugh_en__dark.png,produits/corrige/co_live_laugh_en__light.png
co_manager_en,corrige,politics,Activist & Leftist,,en,I'd Like To Speak To The Manager → Revolution - Activist & Leftist Typography Design,"""I'd Like To Speak To The Manager → Revolution"" in clean gold-and-black minimalist typography. A statement design for activists, leftists and the politically loud. Makes a perfect gift to wear or give. Available on tees, hoodies, stickers, mugs, tote bags, posters and more. #politics #typography","activist, eat the rich, anti capitalist, leftist, protest, revolution, class war, speak, manager, activist & leftist, funny shirt, typography, minimalist, aesthetic, gift idea, trendy design, statement tee, for men, for women",produits/corrige/co_manager_en__dark.png,produits/corrige/co_manager_en__light.png
co_naturel_fr,corrige,politics,Activist & Leftist,,fr,"Chassez Le Naturel, Il Revient Au Galop → Taxez Les Riches - Activist & Leftist (French) Design","« Chassez Le Naturel, Il Revient Au Galop → Taxez Les Riches » en typographie or et noir, minimaliste et percutante. Un design pour les militant·es et les engagé·es politiquement. Idée cadeau parfaite, à porter ou offrir. Disponible sur t-shirt, sweat, sticker, mug, tote bag, poster et plus. #politics #typographie","activist, eat the rich, anti capitalist, leftist, protest, revolution, class war, chassez, naturel, revient, galop, taxez, activist & leftist, funny shirt, typography, minimalist, aesthetic, gift idea, trendy design, statement tee, for men, for women",produits/corrige/co_naturel_fr__dark.png,produits/corrige/co_naturel_fr__light.png
co_patron_naif_fr,corrige,politics,Activist & Leftist,,fr,Mon Patron Pense Que Je Suis Loyal → Syndiqué - Activist & Leftist (French) Design,"« Mon Patron Pense Que Je Suis Loyal → Syndiqué » en typographie or et noir, minimaliste et percutante. Un design pour les militant·es et les engagé·es politiquement. Idée cadeau parfaite, à porter ou offrir. Disponible sur t-shirt, sweat, sticker, mug, tote bag, poster et plus. #politics #typographie","activist, eat the rich, anti capitalist, leftist, protest, revolution, class war, patron, pense, suis, loyal, syndiqué, activist & leftist, funny shirt, typography, minimalist, aesthetic, gift idea, trendy design, statement tee, for men, for women",produits/corrige/co_patron_naif_fr__dark.png,produits/corrige/co_patron_naif_fr__light.png
co_temps_argent_fr,corrige,politics,Activist & Leftist,,fr,"Le Temps, C'Est De L'Argent → C'Est Pour Les Riches - Activist & Leftist (French) Design","« Le Temps, C'Est De L'Argent → C'Est Pour Les Riches » en typographie or et noir, minimaliste et percutante. Un design pour les militant·es et les engagé·es politiquement. Idée cadeau parfaite, à porter ou offrir. Disponible sur t-shirt, sweat, sticker, mug, tote bag, poster et plus. #politics #typographie","activist, eat the rich, anti capitalist, leftist, protest, revolution, class war, temps, c'est, l'argent, riches, activist & leftist, funny shirt, typography, minimalist, aesthetic, gift idea, trendy design, statement tee, for men, for women",produits/corrige/co_temps_argent_fr__dark.png,produits/corrige/co_temps_argent_fr__light.png
co_travaille_chat_fr,corrige,politics,Activist & Leftist,,fr,Je Travaille Dur Pour Que Mon Patron → Chat - Activist & Leftist (French) Design,"« Je Travaille Dur Pour Que Mon Patron → Chat » en typographie or et noir, minimaliste et percutante. Un design pour les militant·es et les engagé·es politiquement. Idée cadeau parfaite, à porter ou offrir. Disponible sur t-shirt, sweat, sticker, mug, tote bag, poster et plus. #politics #typographie","activist, eat the rich, anti capitalist, leftist, protest, revolution, class war, travaille, patron, chat, activist & leftist, funny shirt, typography, minimalist, aesthetic, gift idea, trendy design, statement tee, for men, for women",produits/corrige/co_travaille_chat_fr__dark.png,produits/corrige/co_travaille_chat_fr__light.png
fm_caution_antifa_fr,formats,politics,Activist & Leftist,caution,fr,Attention Zone Antifa - Activist & Leftist (French) Design,"« Attention Zone Antifa » en typographie or et noir, minimaliste et percutante. Un design pour les militant·es et les engagé·es politiquement. Idée cadeau parfaite, à porter ou offrir. Disponible sur t-shirt, sweat, sticker, mug, tote bag, poster et plus. #politics #typographie","activist, eat the rich, anti capitalist, leftist, protest, revolution, class war, attention, zone, antifa, caution, activist & leftist, funny shirt, typography, minimalist, aesthetic, gift idea, trendy design, statement tee, for men, for women",produits/formats/fm_caution_antifa_fr__dark.png,produits/formats/fm_caution_antifa_fr__light.png
fm_err_system_en,formats,politics,Activist & Leftist,error,en,Capitalism Failed - Activist & Leftist Typography Design,"""Capitalism Failed"" in clean gold-and-black minimalist typography. A statement design for activists, leftists and the politically loud. Makes a perfect gift to wear or give. Available on tees, hoodies, stickers, mugs, tote bags, posters and more. #politics #typography","activist, eat the rich, anti capitalist, leftist, protest, revolution, class war, capitalism, failed, error, activist & leftist, funny shirt, typography, minimalist, aesthetic, gift idea, trendy design, statement tee, for men, for women",produits/formats/fm_err_system_en__dark.png,produits/formats/fm_err_system_en__light.png
fm_load_revolution_en,formats,politics,Activist & Leftist,loading,en,Revolution Loading… - Activist & Leftist Typography Design,"""Revolution Loading…"" in clean gold-and-black minimalist typography. A statement design for activists, leftists and the politically loud. Makes a perfect gift to wear or give. Available on tees, hoodies, stickers, mugs, tote bags, posters and more. #politics #typography","activist, eat the rich, anti capitalist, leftist, protest, revolution, class war, loading, activist & leftist, funny shirt, typography, minimalist, aesthetic, gift idea, trendy design, statement tee, for men, for women",produits/formats/fm_load_revolution_en__dark.png,produits/formats/fm_load_revolution_en__light.png
fm_load_revolution_fr,formats,politics,Activist & Leftist,loading,fr,Révolution En Cours… - Activist & Leftist (French) Design,"« Révolution En Cours… » en typographie or et noir, minimaliste et percutante. Un design pour les militant·es et les engagé·es politiquement. Idée cadeau parfaite, à porter ou offrir. Disponible sur t-shirt, sweat, sticker, mug, tote bag, poster et plus. #politics #typographie","activist, eat the rich, anti capitalist, leftist, protest, revolution, class war, révolution, cours, loading, activist & leftist, funny shirt, typography, minimalist, aesthetic, gift idea, trendy design, statement tee, for men, for women",produits/formats/fm_load_revolution_fr__dark.png,produits/formats/fm_load_revolution_fr__light.png
fm_rx_naps_en,formats,politics,Activist & Leftist,rx,en,Prescription 2 naps a day Touch grass Less doomscrolling Tax the rich - Activist & Leftist Typography Design,"""Prescription 2 naps a day Touch grass Less doomscrolling Tax the rich"" in clean gold-and-black minimalist typography. A statement design for activists, leftists and the politically loud. Makes a perfect gift to wear or give. Available on tees, hoodies, stickers, mugs, tote bags, posters and more. #politics #typography","activist, eat the rich, anti capitalist, leftist, protest, revolution, class war, prescription, naps, touch, grass, less, rx, activist & leftist, funny shirt, typography, minimalist, aesthetic, gift idea, trendy design, statement tee, for men, for women",produits/formats/fm_rx_naps_en__dark.png,produits/formats/fm_rx_naps_en__light.png
fm_rx_self_en,formats,politics,Activist & Leftist,rx,en,"Prescription Rest, no guilt Set boundaries Block the haters Hydrate & resist - Activist & Leftist Typography Design","""Prescription Rest, no guilt Set boundaries Block the haters Hydrate & resist"" in clean gold-and-black minimalist typography. A statement design for activists, leftists and the politically loud. Makes a perfect gift to wear or give. Available on tees, hoodies, stickers, mugs, tote bags, posters and more. #politics #typography","activist, eat the rich, anti capitalist, leftist, protest, revolution, class war, prescription, rest, guilt, boundaries, block, rx, activist & leftist, funny shirt, typography, minimalist, aesthetic, gift idea, trendy design, statement tee, for men, for women",produits/formats/fm_rx_self_en__dark.png,produits/formats/fm_rx_self_en__light.png
fm_rx_siestes_fr,formats,politics,Activist & Leftist,rx,fr,Ordonnance 2 siestes par jour Café à volonté 0 réunion inutile Limiter les cons - Activist & Leftist (French) Design,"« Ordonnance 2 siestes par jour Café à volonté 0 réunion inutile Limiter les cons » en typographie or et noir, minimaliste et percutante. Un design pour les militant·es et les engagé·es politiquement. Idée cadeau parfaite, à porter ou offrir. Disponible sur t-shirt, sweat, sticker, mug, tote bag, poster et plus. #politics #typographie","activist, eat the rich, anti capitalist, leftist, protest, revolution, class war, ordonnance, siestes, jour, café, volonté, rx, activist & leftist, funny shirt, typography, minimalist, aesthetic, gift idea, trendy design, statement tee, for men, for women",produits/formats/fm_rx_siestes_fr__dark.png,produits/formats/fm_rx_siestes_fr__light.png
he_anticapital_en,heart,politics,Activist & Leftist,,en,I love Anti-Capitalism - Activist & Leftist Typography Design,"""I love Anti-Capitalism"" in clean gold-and-black minimalist typography. A statement design for activists, leftists and the politically loud. Makes a perfect gift to wear or give. Available on tees, hoodies, stickers, mugs, tote bags, posters and more. #politics #typography","activist, eat the rich, anti capitalist, leftist, protest, revolution, class war, love, anti, capitalism, activist & leftist, funny shirt, typography, minimalist, aesthetic, gift idea, trendy design, statement tee, for men, for women",produits/heart/he_anticapital_en__dark.png,produits/heart/he_anticapital_en__light.png
he_billionaires_taxes_en,heart,politics,Activist & Leftist,,en,I love Taxes not Billionaires - Activist & Leftist Typography Design,"""I love Taxes not Billionaires"" in clean gold-and-black minimalist typography. A statement design for activists, leftists and the politically loud. Makes a perfect gift to wear or give. Available on tees, hoodies, stickers, mugs, tote bags, posters and more. #politics #typography","activist, eat the rich, anti capitalist, leftist, protest, revolution, class war, love, taxes, billionaires, activist & leftist, funny shirt, typography, minimalist, aesthetic, gift idea, trendy design, statement tee, for men, for women",produits/heart/he_billionaires_taxes_en__dark.png,produits/heart/he_billionaires_taxes_en__light.png
he_la_greve_fr,heart,politics,Activist & Leftist,,fr,J' love La Grève - Activist & Leftist (French) Design,"« J' love La Grève » en typographie or et noir, minimaliste et percutante. Un design pour les militant·es et les engagé·es politiquement. Idée cadeau parfaite, à porter ou offrir. Disponible sur t-shirt, sweat, sticker, mug, tote bag, poster et plus. #politics #typographie","activist, eat the rich, anti capitalist, leftist, protest, revolution, class war, love, grève, activist & leftist, funny shirt, typography, minimalist, aesthetic, gift idea, trendy design, statement tee, for men, for women",produits/heart/he_la_greve_fr__dark.png,produits/heart/he_la_greve_fr__light.png
he_patron_weekend_fr,heart,politics,Activist & Leftist,,fr,J' love Le Week-End not Mon Patron - Activist & Leftist (French) Design,"« J' love Le Week-End not Mon Patron » en typographie or et noir, minimaliste et percutante. Un design pour les militant·es et les engagé·es politiquement. Idée cadeau parfaite, à porter ou offrir. Disponible sur t-shirt, sweat, sticker, mug, tote bag, poster et plus. #politics #typographie","activist, eat the rich, anti capitalist, leftist, protest, revolution, class war, love, week, patron, activist & leftist, funny shirt, typography, minimalist, aesthetic, gift idea, trendy design, statement tee, for men, for women",produits/heart/he_patron_weekend_fr__dark.png,produits/heart/he_patron_weekend_fr__light.png
id_antifa_en,identite,politics,Activist & Leftist,,en,Antifa - Activist & Leftist Typography Design,"""Antifa"" in clean gold-and-black minimalist typography. A statement design for activists, leftists and the politically loud. Makes a perfect gift to wear or give. Available on tees, hoodies, stickers, mugs, tote bags, posters and more. #politics #typography","activist, eat the rich, anti capitalist, leftist, protest, revolution, class war, antifa, activist & leftist, funny shirt, typography, minimalist, aesthetic, gift idea, trendy design, statement tee, for men, for women",produits/identite/id_antifa_en__dark.png,produits/identite/id_antifa_en__light.png
coh_miaulements_fr,niches,politics,Activist & Leftist,cat_over_humans,fr,Je préfère ses miaulements à vos réunions - Activist & Leftist (French) Design,"« Je préfère ses miaulements à vos réunions » en typographie or et noir, minimaliste et percutante. Un design pour les militant·es et les engagé·es politiquement. Idée cadeau parfaite, à porter ou offrir. Disponible sur t-shirt, sweat, sticker, mug, tote bag, poster et plus. #politics #typographie","activist, eat the rich, anti capitalist, leftist, protest, revolution, class war, préfère, miaulements, réunions, cat over humans, activist & leftist, funny shirt, typography, minimalist, aesthetic, gift idea, trendy design, statement tee, for men, for women",produits/niches/coh_miaulements_fr__dark.png,produits/niches/coh_miaulements_fr__light.png
cp_3min_en,niches,politics,Activist & Leftist,cold_plunge,en,3 Minutes Changed My Nervous System - Activist & Leftist Typography Design,"""3 Minutes Changed My Nervous System"" in clean gold-and-black minimalist typography. A statement design for activists, leftists and the politically loud. Makes a perfect gift to wear or give. Available on tees, hoodies, stickers, mugs, tote bags, posters and more. #politics #typography","activist, eat the rich, anti capitalist, leftist, protest, revolution, class war, minutes, changed, nervous, system, cold plunge, activist & leftist, funny shirt, typography, minimalist, aesthetic, gift idea, trendy design, statement tee, for men, for women",produits/niches/cp_3min_en__dark.png,produits/niches/cp_3min_en__light.png
wood_grain_en,niches,politics,Activist & Leftist,woodworking,en,Go Against the Grain - Activist & Leftist Typography Design,"""Go Against the Grain"" in clean gold-and-black minimalist typography. A statement design for activists, leftists and the politically loud. Makes a perfect gift to wear or give. Available on tees, hoodies, stickers, mugs, tote bags, posters and more. #politics #typography","activist, eat the rich, anti capitalist, leftist, protest, revolution, class war, against, grain, woodworking, activist & leftist, funny shirt, typography, minimalist, aesthetic, gift idea, trendy design, statement tee, for men, for women",produits/niches/wood_grain_en__dark.png,produits/niches/wood_grain_en__light.png
pv_birds_unionize_en,proverbes,politics,Activist & Leftist,,en,Birds Of A Feather Unionize Together - Activist & Leftist Typography Design,"""Birds Of A Feather Unionize Together"" in clean gold-and-black minimalist typography. A statement design for activists, leftists and the politically loud. Makes a perfect gift to wear or give. Available on tees, hoodies, stickers, mugs, tote bags, posters and more. #politics #typography","activist, eat the rich, anti capitalist, leftist, protest, revolution, class war, birds, feather, unionize, together, activist & leftist, funny shirt, typography, minimalist, aesthetic, gift idea, trendy design, statement tee, for men, for women",produits/proverbes/pv_birds_unionize_en__dark.png,produits/proverbes/pv_birds_unionize_en__light.png
pv_charite_riches_fr,proverbes,politics,Activist & Leftist,,fr,Charité Bien Ordonnée Commence Par Taxer Les Riches - Activist & Leftist (French) Design,"« Charité Bien Ordonnée Commence Par Taxer Les Riches » en typographie or et noir, minimaliste et percutante. Un design pour les militant·es et les engagé·es politiquement. Idée cadeau parfaite, à porter ou offrir. Disponible sur t-shirt, sweat, sticker, mug, tote bag, poster et plus. #politics #typographie","activist, eat the rich, anti capitalist, leftist, protest, revolution, class war, charité, bien, ordonnée, commence, taxer, activist & leftist, funny shirt, typography, minimalist, aesthetic, gift idea, trendy design, statement tee, for men, for women",produits/proverbes/pv_charite_riches_fr__dark.png,produits/proverbes/pv_charite_riches_fr__light.png
pv_grass_greener_en,proverbes,politics,Activist & Leftist,,en,The Grass Is Greener Where You Water It (And Tax The Rich) - Activist & Leftist Typography Design,"""The Grass Is Greener Where You Water It (And Tax The Rich)"" in clean gold-and-black minimalist typography. A statement design for activists, leftists and the politically loud. Makes a perfect gift to wear or give. Available on tees, hoodies, stickers, mugs, tote bags, posters and more. #politics #typography","activist, eat the rich, anti capitalist, leftist, protest, revolution, class war, grass, greener, where, water, rich, activist & leftist, funny shirt, typography, minimalist, aesthetic, gift idea, trendy design, statement tee, for men, for women",produits/proverbes/pv_grass_greener_en__dark.png,produits/proverbes/pv_grass_greener_en__light.png
pv_teach_fish_en,proverbes,politics,Activist & Leftist,,en,"Give A Man A Fish, Or Just Fix The Broken System - Activist & Leftist Typography Design","""Give A Man A Fish, Or Just Fix The Broken System"" in clean gold-and-black minimalist typography. A statement design for activists, leftists and the politically loud. Makes a perfect gift to wear or give. Available on tees, hoodies, stickers, mugs, tote bags, posters and more. #politics #typography","activist, eat the rich, anti capitalist, leftist, protest, revolution, class war, give, fish, broken, system, activist & leftist, funny shirt, typography, minimalist, aesthetic, gift idea, trendy design, statement tee, for men, for women",produits/proverbes/pv_teach_fish_en__dark.png,produits/proverbes/pv_teach_fish_en__light.png
pv_voler_oeuf_fr,proverbes,politics,Activist & Leftist,,fr,Qui Vole Un Œuf Vole Moins Que Un Milliardaire - Activist & Leftist (French) Design,"« Qui Vole Un Œuf Vole Moins Que Un Milliardaire » en typographie or et noir, minimaliste et percutante. Un design pour les militant·es et les engagé·es politiquement. Idée cadeau parfaite, à porter ou offrir. Disponible sur t-shirt, sweat, sticker, mug, tote bag, poster et plus. #politics #typographie","activist, eat the rich, anti capitalist, leftist, protest, revolution, class war, vole, moins, milliardaire, activist & leftist, funny shirt, typography, minimalist, aesthetic, gift idea, trendy design, statement tee, for men, for women",produits/proverbes/pv_voler_oeuf_fr__dark.png,produits/proverbes/pv_voler_oeuf_fr__light.png
pl_billionaires_mistake_en,punchlines,politics,Activist & Leftist,,en,Every Billionaire Is A Policy Failure - Activist & Leftist Typography Design,"""Every Billionaire Is A Policy Failure"" in clean gold-and-black minimalist typography. A statement design for activists, leftists and the politically loud. Makes a perfect gift to wear or give. Available on tees, hoodies, stickers, mugs, tote bags, posters and more. #politics #typography","activist, eat the rich, anti capitalist, leftist, protest, revolution, class war, every, billionaire, policy, failure, activist & leftist, funny shirt, typography, minimalist, aesthetic, gift idea, trendy design, statement tee, for men, for women",produits/punchlines/pl_billionaires_mistake_en__dark.png,produits/punchlines/pl_billionaires_mistake_en__light.png
pl_cafe_avant_fr,punchlines,politics,Activist & Leftist,,fr,"Pas De Café, Pas De Révolution - Activist & Leftist (French) Design","« Pas De Café, Pas De Révolution » en typographie or et noir, minimaliste et percutante. Un design pour les militant·es et les engagé·es politiquement. Idée cadeau parfaite, à porter ou offrir. Disponible sur t-shirt, sweat, sticker, mug, tote bag, poster et plus. #politics #typographie","activist, eat the rich, anti capitalist, leftist, protest, revolution, class war, café, révolution, activist & leftist, funny shirt, typography, minimalist, aesthetic, gift idea, trendy design, statement tee, for men, for women",produits/punchlines/pl_cafe_avant_fr__dark.png,produits/punchlines/pl_cafe_avant_fr__light.png
pl_capitalism_fine_en,punchlines,politics,Activist & Leftist,,en,Late-Stage Capitalism Enthusiast - Activist & Leftist Typography Design,"""Late-Stage Capitalism Enthusiast"" in clean gold-and-black minimalist typography. A statement design for activists, leftists and the politically loud. Makes a perfect gift to wear or give. Available on tees, hoodies, stickers, mugs, tote bags, posters and more. #politics #typography","activist, eat the rich, anti capitalist, leftist, protest, revolution, class war, late, stage, capitalism, enthusiast, activist & leftist, funny shirt, typography, minimalist, aesthetic, gift idea, trendy design, statement tee, for men, for women",produits/punchlines/pl_capitalism_fine_en__dark.png,produits/punchlines/pl_capitalism_fine_en__light.png
pl_capitalisme_patience_fr,punchlines,politics,Activist & Leftist,,fr,Le Capitalisme Vous Remercie De Votre Patience - Activist & Leftist (French) Design,"« Le Capitalisme Vous Remercie De Votre Patience » en typographie or et noir, minimaliste et percutante. Un design pour les militant·es et les engagé·es politiquement. Idée cadeau parfaite, à porter ou offrir. Disponible sur t-shirt, sweat, sticker, mug, tote bag, poster et plus. #politics #typographie","activist, eat the rich, anti capitalist, leftist, protest, revolution, class war, capitalisme, remercie, votre, patience, activist & leftist, funny shirt, typography, minimalist, aesthetic, gift idea, trendy design, statement tee, for men, for women",produits/punchlines/pl_capitalisme_patience_fr__dark.png,produits/punchlines/pl_capitalisme_patience_fr__light.png
pl_capitalisme_pause_fr,punchlines,politics,Activist & Leftist,,fr,Le Capitalisme Ne Prend Jamais De Pause. Moi Si. - Activist & Leftist (French) Design,"« Le Capitalisme Ne Prend Jamais De Pause. Moi Si. » en typographie or et noir, minimaliste et percutante. Un design pour les militant·es et les engagé·es politiquement. Idée cadeau parfaite, à porter ou offrir. Disponible sur t-shirt, sweat, sticker, mug, tote bag, poster et plus. #politics #typographie","activist, eat the rich, anti capitalist, leftist, protest, revolution, class war, capitalisme, prend, jamais, pause, activist & leftist, funny shirt, typography, minimalist, aesthetic, gift idea, trendy design, statement tee, for men, for women",produits/punchlines/pl_capitalisme_pause_fr__dark.png,produits/punchlines/pl_capitalisme_pause_fr__light.png
pl_capitalisme_terminal_fr,punchlines,politics,Activist & Leftist,,fr,Capitalisme Terminal - Activist & Leftist (French) Design,"« Capitalisme Terminal » en typographie or et noir, minimaliste et percutante. Un design pour les militant·es et les engagé·es politiquement. Idée cadeau parfaite, à porter ou offrir. Disponible sur t-shirt, sweat, sticker, mug, tote bag, poster et plus. #politics #typographie","activist, eat the rich, anti capitalist, leftist, protest, revolution, class war, capitalisme, terminal, activist & leftist, funny shirt, typography, minimalist, aesthetic, gift idea, trendy design, statement tee, for men, for women",produits/punchlines/pl_capitalisme_terminal_fr__dark.png,produits/punchlines/pl_capitalisme_terminal_fr__light.png
pl_demandez_impossible_fr,punchlines,politics,Activist & Leftist,,fr,"Soyez Réalistes, Demandez L'Impossible - Activist & Leftist (French) Design","« Soyez Réalistes, Demandez L'Impossible » en typographie or et noir, minimaliste et percutante. Un design pour les militant·es et les engagé·es politiquement. Idée cadeau parfaite, à porter ou offrir. Disponible sur t-shirt, sweat, sticker, mug, tote bag, poster et plus. #politics #typographie","activist, eat the rich, anti capitalist, leftist, protest, revolution, class war, soyez, réalistes, demandez, l'impossible, activist & leftist, funny shirt, typography, minimalist, aesthetic, gift idea, trendy design, statement tee, for men, for women",produits/punchlines/pl_demandez_impossible_fr__dark.png,produits/punchlines/pl_demandez_impossible_fr__light.png
pl_eat_rich_en,punchlines,politics,Activist & Leftist,,en,Eat The Rich (Free-Range Only) - Activist & Leftist Typography Design,"""Eat The Rich (Free-Range Only)"" in clean gold-and-black minimalist typography. A statement design for activists, leftists and the politically loud. Makes a perfect gift to wear or give. Available on tees, hoodies, stickers, mugs, tote bags, posters and more. #politics #typography","activist, eat the rich, anti capitalist, leftist, protest, revolution, class war, rich, free, range, activist & leftist, funny shirt, typography, minimalist, aesthetic, gift idea, trendy design, statement tee, for men, for women",produits/punchlines/pl_eat_rich_en__dark.png,produits/punchlines/pl_eat_rich_en__light.png
pl_elite_know_en,punchlines,politics,Activist & Leftist,,en,The Elite Know Exactly What They're Doing - Activist & Leftist Typography Design,"""The Elite Know Exactly What They're Doing"" in clean gold-and-black minimalist typography. A statement design for activists, leftists and the politically loud. Makes a perfect gift to wear or give. Available on tees, hoodies, stickers, mugs, tote bags, posters and more. #politics #typography","activist, eat the rich, anti capitalist, leftist, protest, revolution, class war, elite, know, exactly, they're, doing, activist & leftist, funny shirt, typography, minimalist, aesthetic, gift idea, trendy design, statement tee, for men, for women",produits/punchlines/pl_elite_know_en__dark.png,produits/punchlines/pl_elite_know_en__light.png
pl_interdit_interdire_fr,punchlines,politics,Activist & Leftist,,fr,Il Est Interdit D'Interdire - Activist & Leftist (French) Design,"« Il Est Interdit D'Interdire » en typographie or et noir, minimaliste et percutante. Un design pour les militant·es et les engagé·es politiquement. Idée cadeau parfaite, à porter ou offrir. Disponible sur t-shirt, sweat, sticker, mug, tote bag, poster et plus. #politics #typographie","activist, eat the rich, anti capitalist, leftist, protest, revolution, class war, interdit, d'interdire, activist & leftist, funny shirt, typography, minimalist, aesthetic, gift idea, trendy design, statement tee, for men, for women",produits/punchlines/pl_interdit_interdire_fr__dark.png,produits/punchlines/pl_interdit_interdire_fr__light.png
pl_milliardaire_erreur_fr,punchlines,politics,Activist & Leftist,,fr,"Un Milliardaire, C'Est Une Erreur De Société - Activist & Leftist (French) Design","« Un Milliardaire, C'Est Une Erreur De Société » en typographie or et noir, minimaliste et percutante. Un design pour les militant·es et les engagé·es politiquement. Idée cadeau parfaite, à porter ou offrir. Disponible sur t-shirt, sweat, sticker, mug, tote bag, poster et plus. #politics #typographie","activist, eat the rich, anti capitalist, leftist, protest, revolution, class war, milliardaire, c'est, erreur, société, activist & leftist, funny shirt, typography, minimalist, aesthetic, gift idea, trendy design, statement tee, for men, for women",produits/punchlines/pl_milliardaire_erreur_fr__dark.png,produits/punchlines/pl_milliardaire_erreur_fr__light.png
pl_paves_plage_fr,punchlines,politics,Activist & Leftist,,fr,"Sous Les Pavés, La Plage - Activist & Leftist (French) Design","« Sous Les Pavés, La Plage » en typographie or et noir, minimaliste et percutante. Un design pour les militant·es et les engagé·es politiquement. Idée cadeau parfaite, à porter ou offrir. Disponible sur t-shirt, sweat, sticker, mug, tote bag, poster et plus. #politics #typographie","activist, eat the rich, anti capitalist, leftist, protest, revolution, class war, sous, pavés, plage, activist & leftist, funny shirt, typography, minimalist, aesthetic, gift idea, trendy design, statement tee, for men, for women",produits/punchlines/pl_paves_plage_fr__dark.png,produits/punchlines/pl_paves_plage_fr__light.png
pl_peuple_danse_fr,punchlines,politics,Activist & Leftist,,fr,On N'Arrête Pas Un Peuple Qui Danse - Activist & Leftist (French) Design,"« On N'Arrête Pas Un Peuple Qui Danse » en typographie or et noir, minimaliste et percutante. Un design pour les militant·es et les engagé·es politiquement. Idée cadeau parfaite, à porter ou offrir. Disponible sur t-shirt, sweat, sticker, mug, tote bag, poster et plus. #politics #typographie","activist, eat the rich, anti capitalist, leftist, protest, revolution, class war, n'arrête, peuple, danse, activist & leftist, funny shirt, typography, minimalist, aesthetic, gift idea, trendy design, statement tee, for men, for women",produits/punchlines/pl_peuple_danse_fr__dark.png,produits/punchlines/pl_peuple_danse_fr__light.png
pl_quiet_revolution_en,punchlines,politics,Activist & Leftist,,en,The Revolution Will Not Be Convenient - Activist & Leftist Typography Design,"""The Revolution Will Not Be Convenient"" in clean gold-and-black minimalist typography. A statement design for activists, leftists and the politically loud. Makes a perfect gift to wear or give. Available on tees, hoodies, stickers, mugs, tote bags, posters and more. #politics #typography","activist, eat the rich, anti capitalist, leftist, protest, revolution, class war, convenient, activist & leftist, funny shirt, typography, minimalist, aesthetic, gift idea, trendy design, statement tee, for men, for women",produits/punchlines/pl_quiet_revolution_en__dark.png,produits/punchlines/pl_quiet_revolution_en__light.png
pl_rage_light_en,punchlines,politics,Activist & Leftist,,en,Rage Against The Dying Of The Light - Activist & Leftist Typography Design,"""Rage Against The Dying Of The Light"" in clean gold-and-black minimalist typography. A statement design for activists, leftists and the politically loud. Makes a perfect gift to wear or give. Available on tees, hoodies, stickers, mugs, tote bags, posters and more. #politics #typography","activist, eat the rich, anti capitalist, leftist, protest, revolution, class war, rage, against, dying, light, activist & leftist, funny shirt, typography, minimalist, aesthetic, gift idea, trendy design, statement tee, for men, for women",produits/punchlines/pl_rage_light_en__dark.png,produits/punchlines/pl_rage_light_en__light.png
pl_resist_duty_en,punchlines,politics,Activist & Leftist,,en,"When Injustice Is Law, Resistance Is Duty - Activist & Leftist Typography Design","""When Injustice Is Law, Resistance Is Duty"" in clean gold-and-black minimalist typography. A statement design for activists, leftists and the politically loud. Makes a perfect gift to wear or give. Available on tees, hoodies, stickers, mugs, tote bags, posters and more. #politics #typography","activist, eat the rich, anti capitalist, leftist, protest, revolution, class war, injustice, resistance, duty, activist & leftist, funny shirt, typography, minimalist, aesthetic, gift idea, trendy design, statement tee, for men, for women",produits/punchlines/pl_resist_duty_en__dark.png,produits/punchlines/pl_resist_duty_en__light.png
pl_resistance_devoir_fr,punchlines,politics,Activist & Leftist,,fr,"Quand L'Injustice Devient Loi, La Résistance Devient Devoir - Activist & Leftist (French) Design","« Quand L'Injustice Devient Loi, La Résistance Devient Devoir » en typographie or et noir, minimaliste et percutante. Un design pour les militant·es et les engagé·es politiquement. Idée cadeau parfaite, à porter ou offrir. Disponible sur t-shirt, sweat, sticker, mug, tote bag, poster et plus. #politics #typographie","activist, eat the rich, anti capitalist, leftist, protest, revolution, class war, quand, l'injustice, devient, résistance, devoir, activist & leftist, funny shirt, typography, minimalist, aesthetic, gift idea, trendy design, statement tee, for men, for women",produits/punchlines/pl_resistance_devoir_fr__dark.png,produits/punchlines/pl_resistance_devoir_fr__light.png
pl_riches_crever_fr,punchlines,politics,Activist & Leftist,,fr,"Riches À En Crever (Nous, Pas Eux) - Activist & Leftist (French) Design","« Riches À En Crever (Nous, Pas Eux) » en typographie or et noir, minimaliste et percutante. Un design pour les militant·es et les engagé·es politiquement. Idée cadeau parfaite, à porter ou offrir. Disponible sur t-shirt, sweat, sticker, mug, tote bag, poster et plus. #politics #typographie","activist, eat the rich, anti capitalist, leftist, protest, revolution, class war, riches, crever, activist & leftist, funny shirt, typography, minimalist, aesthetic, gift idea, trendy design, statement tee, for men, for women",produits/punchlines/pl_riches_crever_fr__dark.png,produits/punchlines/pl_riches_crever_fr__light.png
pl_sieste_revolution_fr,punchlines,politics,Activist & Leftist,,fr,Je Fais La Révolution. Après Ma Sieste. - Activist & Leftist (French) Design,"« Je Fais La Révolution. Après Ma Sieste. » en typographie or et noir, minimaliste et percutante. Un design pour les militant·es et les engagé·es politiquement. Idée cadeau parfaite, à porter ou offrir. Disponible sur t-shirt, sweat, sticker, mug, tote bag, poster et plus. #politics #typographie","activist, eat the rich, anti capitalist, leftist, protest, revolution, class war, fais, révolution, après, sieste, activist & leftist, funny shirt, typography, minimalist, aesthetic, gift idea, trendy design, statement tee, for men, for women",produits/punchlines/pl_sieste_revolution_fr__dark.png,produits/punchlines/pl_sieste_revolution_fr__light.png
pl_supplicies_fr,punchlines,politics,Activist & Leftist,,fr,Ainsi S'Insurgèrent Les Suppliciés - Activist & Leftist (French) Design,"« Ainsi S'Insurgèrent Les Suppliciés » en typographie or et noir, minimaliste et percutante. Un design pour les militant·es et les engagé·es politiquement. Idée cadeau parfaite, à porter ou offrir. Disponible sur t-shirt, sweat, sticker, mug, tote bag, poster et plus. #politics #typographie","activist, eat the rich, anti capitalist, leftist, protest, revolution, class war, ainsi, s'insurgèrent, suppliciés, activist & leftist, funny shirt, typography, minimalist, aesthetic, gift idea, trendy design, statement tee, for men, for women",produits/punchlines/pl_supplicies_fr__dark.png,produits/punchlines/pl_supplicies_fr__light.png
pl_systeme_marche_fr,punchlines,politics,Activist & Leftist,,fr,Le Système Marche Très Bien (C'Est Le Problème) - Activist & Leftist (French) Design,"« Le Système Marche Très Bien (C'Est Le Problème) » en typographie or et noir, minimaliste et percutante. Un design pour les militant·es et les engagé·es politiquement. Idée cadeau parfaite, à porter ou offrir. Disponible sur t-shirt, sweat, sticker, mug, tote bag, poster et plus. #politics #typographie","activist, eat the rich, anti capitalist, leftist, protest, revolution, class war, système, marche, très, bien, c'est, activist & leftist, funny shirt, typography, minimalist, aesthetic, gift idea, trendy design, statement tee, for men, for women",produits/punchlines/pl_systeme_marche_fr__dark.png,produits/punchlines/pl_systeme_marche_fr__light.png
pl_taxez_fr,punchlines,politics,Activist & Leftist,,fr,Taxez Les Riches Avant Qu'Ils Nous Mangent - Activist & Leftist (French) Design,"« Taxez Les Riches Avant Qu'Ils Nous Mangent » en typographie or et noir, minimaliste et percutante. Un design pour les militant·es et les engagé·es politiquement. Idée cadeau parfaite, à porter ou offrir. Disponible sur t-shirt, sweat, sticker, mug, tote bag, poster et plus. #politics #typographie","activist, eat the rich, anti capitalist, leftist, protest, revolution, class war, taxez, riches, avant, qu'ils, mangent, activist & leftist, funny shirt, typography, minimalist, aesthetic, gift idea, trendy design, statement tee, for men, for women",produits/punchlines/pl_taxez_fr__dark.png,produits/punchlines/pl_taxez_fr__light.png
rev_1945_antifa_en,revendications,politics,Activist & Leftist,,en,1945 Was An Antifa Win - Activist & Leftist Typography Design,"""1945 Was An Antifa Win"" in clean gold-and-black minimalist typography. A statement design for activists, leftists and the politically loud. Makes a perfect gift to wear or give. Available on tees, hoodies, stickers, mugs, tote bags, posters and more. #politics #typography","activist, eat the rich, anti capitalist, leftist, protest, revolution, class war, antifa, activist & leftist, funny shirt, typography, minimalist, aesthetic, gift idea, trendy design, statement tee, for men, for women",produits/revendications/rev_1945_antifa_en__dark.png,produits/revendications/rev_1945_antifa_en__light.png
rev_adopt_shop_en,revendications,politics,Activist & Leftist,,en,Adopt Don't Shop - Activist & Leftist Typography Design,"""Adopt Don't Shop"" in clean gold-and-black minimalist typography. A statement design for activists, leftists and the politically loud. Makes a perfect gift to wear or give. Available on tees, hoodies, stickers, mugs, tote bags, posters and more. #politics #typography","activist, eat the rich, anti capitalist, leftist, protest, revolution, class war, adopt, don't, shop, activist & leftist, funny shirt, typography, minimalist, aesthetic, gift idea, trendy design, statement tee, for men, for women",produits/revendications/rev_adopt_shop_en__dark.png,produits/revendications/rev_adopt_shop_en__light.png
rev_adopte_achete_fr,revendications,politics,Activist & Leftist,,fr,"Adopte, N'Achète Pas - Activist & Leftist (French) Design","« Adopte, N'Achète Pas » en typographie or et noir, minimaliste et percutante. Un design pour les militant·es et les engagé·es politiquement. Idée cadeau parfaite, à porter ou offrir. Disponible sur t-shirt, sweat, sticker, mug, tote bag, poster et plus. #politics #typographie","activist, eat the rich, anti capitalist, leftist, protest, revolution, class war, adopte, n'achète, activist & leftist, funny shirt, typography, minimalist, aesthetic, gift idea, trendy design, statement tee, for men, for women",produits/revendications/rev_adopte_achete_fr__dark.png,produits/revendications/rev_adopte_achete_fr__light.png
rev_all_human_en,revendications,politics,Activist & Leftist,,en,We're All Human. Deal With It. - Activist & Leftist Typography Design,"""We're All Human. Deal With It."" in clean gold-and-black minimalist typography. A statement design for activists, leftists and the politically loud. Makes a perfect gift to wear or give. Available on tees, hoodies, stickers, mugs, tote bags, posters and more. #politics #typography","activist, eat the rich, anti capitalist, leftist, protest, revolution, class war, we're, human, deal, activist & leftist, funny shirt, typography, minimalist, aesthetic, gift idea, trendy design, statement tee, for men, for women",produits/revendications/rev_all_human_en__dark.png,produits/revendications/rev_all_human_en__light.png
rev_amour_amour_fr,revendications,politics,Activist & Leftist,,fr,L'Amour Est Amour. Ferme-La. - Activist & Leftist (French) Design,"« L'Amour Est Amour. Ferme-La. » en typographie or et noir, minimaliste et percutante. Un design pour les militant·es et les engagé·es politiquement. Idée cadeau parfaite, à porter ou offrir. Disponible sur t-shirt, sweat, sticker, mug, tote bag, poster et plus. #politics #typographie","activist, eat the rich, anti capitalist, leftist, protest, revolution, class war, l'amour, amour, ferme, activist & leftist, funny shirt, typography, minimalist, aesthetic, gift idea, trendy design, statement tee, for men, for women",produits/revendications/rev_amour_amour_fr__dark.png,produits/revendications/rev_amour_amour_fr__light.png
rev_animaux_produits_fr,revendications,politics,Activist & Leftist,,fr,Les Animaux Pas Des Produits - Activist & Leftist (French) Design,"« Les Animaux Pas Des Produits » en typographie or et noir, minimaliste et percutante. Un design pour les militant·es et les engagé·es politiquement. Idée cadeau parfaite, à porter ou offrir. Disponible sur t-shirt, sweat, sticker, mug, tote bag, poster et plus. #politics #typographie","activist, eat the rich, anti capitalist, leftist, protest, revolution, class war, animaux, produits, activist & leftist, funny shirt, typography, minimalist, aesthetic, gift idea, trendy design, statement tee, for men, for women",produits/revendications/rev_animaux_produits_fr__dark.png,produits/revendications/rev_animaux_produits_fr__light.png
rev_antifa_histoire_fr,revendications,politics,Activist & Leftist,,fr,Fier D'Être Antifa (Relis L'Histoire) - Activist & Leftist (French) Design,"« Fier D'Être Antifa (Relis L'Histoire) » en typographie or et noir, minimaliste et percutante. Un design pour les militant·es et les engagé·es politiquement. Idée cadeau parfaite, à porter ou offrir. Disponible sur t-shirt, sweat, sticker, mug, tote bag, poster et plus. #politics #typographie","activist, eat the rich, anti capitalist, leftist, protest, revolution, class war, fier, d'être, antifa, relis, l'histoire, activist & leftist, funny shirt, typography, minimalist, aesthetic, gift idea, trendy design, statement tee, for men, for women",produits/revendications/rev_antifa_histoire_fr__dark.png,produits/revendications/rev_antifa_histoire_fr__light.png
rev_apero_egalite_fr,revendications,politics,Activist & Leftist,,fr,Apéro Et Égalité - Activist & Leftist (French) Design,"« Apéro Et Égalité » en typographie or et noir, minimaliste et percutante. Un design pour les militant·es et les engagé·es politiquement. Idée cadeau parfaite, à porter ou offrir. Disponible sur t-shirt, sweat, sticker, mug, tote bag, poster et plus. #politics #typographie","activist, eat the rich, anti capitalist, leftist, protest, revolution, class war, apéro, égalité, activist & leftist, funny shirt, typography, minimalist, aesthetic, gift idea, trendy design, statement tee, for men, for women",produits/revendications/rev_apero_egalite_fr__dark.png,produits/revendications/rev_apero_egalite_fr__light.png
rev_assiette_visage_fr,revendications,politics,Activist & Leftist,,fr,Mon Assiette N'A Pas De Visage - Activist & Leftist (French) Design,"« Mon Assiette N'A Pas De Visage » en typographie or et noir, minimaliste et percutante. Un design pour les militant·es et les engagé·es politiquement. Idée cadeau parfaite, à porter ou offrir. Disponible sur t-shirt, sweat, sticker, mug, tote bag, poster et plus. #politics #typographie","activist, eat the rich, anti capitalist, leftist, protest, revolution, class war, assiette, visage, activist & leftist, funny shirt, typography, minimalist, aesthetic, gift idea, trendy design, statement tee, for men, for women",produits/revendications/rev_assiette_visage_fr__dark.png,produits/revendications/rev_assiette_visage_fr__light.png
rev_avis_sen_fout_fr,revendications,politics,Activist & Leftist,,fr,"L'Amour C'Est L'Amour, Ton Avis On S'En Fout - Activist & Leftist (French) Design","« L'Amour C'Est L'Amour, Ton Avis On S'En Fout » en typographie or et noir, minimaliste et percutante. Un design pour les militant·es et les engagé·es politiquement. Idée cadeau parfaite, à porter ou offrir. Disponible sur t-shirt, sweat, sticker, mug, tote bag, poster et plus. #politics #typographie","activist, eat the rich, anti capitalist, leftist, protest, revolution, class war, l'amour, c'est, avis, s'en, fout, activist & leftist, funny shirt, typography, minimalist, aesthetic, gift idea, trendy design, statement tee, for men, for women",produits/revendications/rev_avis_sen_fout_fr__dark.png,produits/revendications/rev_avis_sen_fout_fr__light.png
rev_bienvenue_fr,revendications,politics,Activist & Leftist,,fr,Personne N'Est Illégal - Activist & Leftist (French) Design,"« Personne N'Est Illégal » en typographie or et noir, minimaliste et percutante. Un design pour les militant·es et les engagé·es politiquement. Idée cadeau parfaite, à porter ou offrir. Disponible sur t-shirt, sweat, sticker, mug, tote bag, poster et plus. #politics #typographie","activist, eat the rich, anti capitalist, leftist, protest, revolution, class war, personne, n'est, illégal, activist & leftist, funny shirt, typography, minimalist, aesthetic, gift idea, trendy design, statement tee, for men, for women",produits/revendications/rev_bienvenue_fr__dark.png,produits/revendications/rev_bienvenue_fr__light.png
rev_birds_real_en,revendications,politics,Activist & Leftist,,en,"Birds Are Real, Unlike Your Excuses - Activist & Leftist Typography Design","""Birds Are Real, Unlike Your Excuses"" in clean gold-and-black minimalist typography. A statement design for activists, leftists and the politically loud. Makes a perfect gift to wear or give. Available on tees, hoodies, stickers, mugs, tote bags, posters and more. #politics #typography","activist, eat the rich, anti capitalist, leftist, protest, revolution, class war, birds, real, unlike, excuses, activist & leftist, funny shirt, typography, minimalist, aesthetic, gift idea, trendy design, statement tee, for men, for women",produits/revendications/rev_birds_real_en__dark.png,produits/revendications/rev_birds_real_en__light.png
rev_cycliste_ecolo_fr,revendications,politics,Activist & Leftist,,fr,"Cycliste, Donc Écolo - Activist & Leftist (French) Design","« Cycliste, Donc Écolo » en typographie or et noir, minimaliste et percutante. Un design pour les militant·es et les engagé·es politiquement. Idée cadeau parfaite, à porter ou offrir. Disponible sur t-shirt, sweat, sticker, mug, tote bag, poster et plus. #politics #typographie","activist, eat the rich, anti capitalist, leftist, protest, revolution, class war, cycliste, donc, écolo, activist & leftist, funny shirt, typography, minimalist, aesthetic, gift idea, trendy design, statement tee, for men, for women",produits/revendications/rev_cycliste_ecolo_fr__dark.png,produits/revendications/rev_cycliste_ecolo_fr__light.png
rev_diversite_force_fr,revendications,politics,Activist & Leftist,,fr,La Diversité C'Est La Force - Activist & Leftist (French) Design,"« La Diversité C'Est La Force » en typographie or et noir, minimaliste et percutante. Un design pour les militant·es et les engagé·es politiquement. Idée cadeau parfaite, à porter ou offrir. Disponible sur t-shirt, sweat, sticker, mug, tote bag, poster et plus. #politics #typographie","activist, eat the rich, anti capitalist, leftist, protest, revolution, class war, diversité, c'est, force, activist & leftist, funny shirt, typography, minimalist, aesthetic, gift idea, trendy design, statement tee, for men, for women",produits/revendications/rev_diversite_force_fr__dark.png,produits/revendications/rev_diversite_force_fr__light.png
rev_droits_pas_menu_fr,revendications,politics,Activist & Leftist,,fr,Mes Droits Pas À La Carte - Activist & Leftist (French) Design,"« Mes Droits Pas À La Carte » en typographie or et noir, minimaliste et percutante. Un design pour les militant·es et les engagé·es politiquement. Idée cadeau parfaite, à porter ou offrir. Disponible sur t-shirt, sweat, sticker, mug, tote bag, poster et plus. #politics #typographie","activist, eat the rich, anti capitalist, leftist, protest, revolution, class war, droits, carte, activist & leftist, funny shirt, typography, minimalist, aesthetic, gift idea, trendy design, statement tee, for men, for women",produits/revendications/rev_droits_pas_menu_fr__dark.png,produits/revendications/rev_droits_pas_menu_fr__light.png
rev_eat_the_rich_en,revendications,politics,Activist & Leftist,,en,Tax The Rich - Activist & Leftist Typography Design,"""Tax The Rich"" in clean gold-and-black minimalist typography. A statement design for activists, leftists and the politically loud. Makes a perfect gift to wear or give. Available on tees, hoodies, stickers, mugs, tote bags, posters and more. #politics #typography","activist, eat the rich, anti capitalist, leftist, protest, revolution, class war, rich, activist & leftist, funny shirt, typography, minimalist, aesthetic, gift idea, trendy design, statement tee, for men, for women",produits/revendications/rev_eat_the_rich_en__dark.png,produits/revendications/rev_eat_the_rich_en__light.png
rev_egalite_fragiles_fr,revendications,politics,Activist & Leftist,,fr,L'Égalité Fait Peur Aux Fragiles - Activist & Leftist (French) Design,"« L'Égalité Fait Peur Aux Fragiles » en typographie or et noir, minimaliste et percutante. Un design pour les militant·es et les engagé·es politiquement. Idée cadeau parfaite, à porter ou offrir. Disponible sur t-shirt, sweat, sticker, mug, tote bag, poster et plus. #politics #typographie","activist, eat the rich, anti capitalist, leftist, protest, revolution, class war, l'égalité, peur, fragiles, activist & leftist, funny shirt, typography, minimalist, aesthetic, gift idea, trendy design, statement tee, for men, for women",produits/revendications/rev_egalite_fragiles_fr__dark.png,produits/revendications/rev_egalite_fragiles_fr__light.png
rev_fastfashion_fr,revendications,politics,Activist & Leftist,,fr,"Ta Fast Fashion, Mon Cauchemar - Activist & Leftist (French) Design","« Ta Fast Fashion, Mon Cauchemar » en typographie or et noir, minimaliste et percutante. Un design pour les militant·es et les engagé·es politiquement. Idée cadeau parfaite, à porter ou offrir. Disponible sur t-shirt, sweat, sticker, mug, tote bag, poster et plus. #politics #typographie","activist, eat the rich, anti capitalist, leftist, protest, revolution, class war, fast, fashion, cauchemar, activist & leftist, funny shirt, typography, minimalist, aesthetic, gift idea, trendy design, statement tee, for men, for women",produits/revendications/rev_fastfashion_fr__dark.png,produits/revendications/rev_fastfashion_fr__light.png
rev_future_equal_en,revendications,politics,Activist & Leftist,,en,The Future Is Equal - Activist & Leftist Typography Design,"""The Future Is Equal"" in clean gold-and-black minimalist typography. A statement design for activists, leftists and the politically loud. Makes a perfect gift to wear or give. Available on tees, hoodies, stickers, mugs, tote bags, posters and more. #politics #typography","activist, eat the rich, anti capitalist, leftist, protest, revolution, class war, future, equal, activist & leftist, funny shirt, typography, minimalist, aesthetic, gift idea, trendy design, statement tee, for men, for women",produits/revendications/rev_future_equal_en__dark.png,produits/revendications/rev_future_equal_en__light.png
rev_grandma_resist_en,revendications,politics,Activist & Leftist,,en,Grandma Knits The Resistance - Activist & Leftist Typography Design,"""Grandma Knits The Resistance"" in clean gold-and-black minimalist typography. A statement design for activists, leftists and the politically loud. Makes a perfect gift to wear or give. Available on tees, hoodies, stickers, mugs, tote bags, posters and more. #politics #typography","activist, eat the rich, anti capitalist, leftist, protest, revolution, class war, grandma, knits, resistance, activist & leftist, funny shirt, typography, minimalist, aesthetic, gift idea, trendy design, statement tee, for men, for women",produits/revendications/rev_grandma_resist_en__dark.png,produits/revendications/rev_grandma_resist_en__light.png
rev_hate_no_home_en,revendications,politics,Activist & Leftist,,en,Hate Has No Home Here - Activist & Leftist Typography Design,"""Hate Has No Home Here"" in clean gold-and-black minimalist typography. A statement design for activists, leftists and the politically loud. Makes a perfect gift to wear or give. Available on tees, hoodies, stickers, mugs, tote bags, posters and more. #politics #typography","activist, eat the rich, anti capitalist, leftist, protest, revolution, class war, hate, home, here, activist & leftist, funny shirt, typography, minimalist, aesthetic, gift idea, trendy design, statement tee, for men, for women",produits/revendications/rev_hate_no_home_en__dark.png,produits/revendications/rev_hate_no_home_en__light.png
rev_human_rights_en,revendications,politics,Activist & Leftist,,en,Human Rights Aren't Up For Debate - Activist & Leftist Typography Design,"""Human Rights Aren't Up For Debate"" in clean gold-and-black minimalist typography. A statement design for activists, leftists and the politically loud. Makes a perfect gift to wear or give. Available on tees, hoodies, stickers, mugs, tote bags, posters and more. #politics #typography","activist, eat the rich, anti capitalist, leftist, protest, revolution, class war, human, rights, aren't, debate, activist & leftist, funny shirt, typography, minimalist, aesthetic, gift idea, trendy design, statement tee, for men, for women",produits/revendications/rev_human_rights_en__dark.png,produits/revendications/rev_human_rights_en__light.png
rev_knit_eat_rich_en,revendications,politics,Activist & Leftist,,en,"Knit Fast, Eat The Rich - Activist & Leftist Typography Design","""Knit Fast, Eat The Rich"" in clean gold-and-black minimalist typography. A statement design for activists, leftists and the politically loud. Makes a perfect gift to wear or give. Available on tees, hoodies, stickers, mugs, tote bags, posters and more. #politics #typography","activist, eat the rich, anti capitalist, leftist, protest, revolution, class war, knit, fast, rich, activist & leftist, funny shirt, typography, minimalist, aesthetic, gift idea, trendy design, statement tee, for men, for women",produits/revendications/rev_knit_eat_rich_en__dark.png,produits/revendications/rev_knit_eat_rich_en__light.png
rev_mer_poubelle_fr,revendications,politics,Activist & Leftist,,fr,La Mer N'Est Pas Ta Poubelle - Activist & Leftist (French) Design,"« La Mer N'Est Pas Ta Poubelle » en typographie or et noir, minimaliste et percutante. Un design pour les militant·es et les engagé·es politiquement. Idée cadeau parfaite, à porter ou offrir. Disponible sur t-shirt, sweat, sticker, mug, tote bag, poster et plus. #politics #typographie","activist, eat the rich, anti capitalist, leftist, protest, revolution, class war, n'est, poubelle, activist & leftist, funny shirt, typography, minimalist, aesthetic, gift idea, trendy design, statement tee, for men, for women",produits/revendications/rev_mer_poubelle_fr__dark.png,produits/revendications/rev_mer_poubelle_fr__light.png
rev_no_tolerance_en,revendications,politics,Activist & Leftist,,en,No Tolerance For Intolerance - Activist & Leftist Typography Design,"""No Tolerance For Intolerance"" in clean gold-and-black minimalist typography. A statement design for activists, leftists and the politically loud. Makes a perfect gift to wear or give. Available on tees, hoodies, stickers, mugs, tote bags, posters and more. #politics #typography","activist, eat the rich, anti capitalist, leftist, protest, revolution, class war, tolerance, intolerance, activist & leftist, funny shirt, typography, minimalist, aesthetic, gift idea, trendy design, statement tee, for men, for women",produits/revendications/rev_no_tolerance_en__dark.png,produits/revendications/rev_no_tolerance_en__light.png
rev_placard_place_fr,revendications,politics,Activist & Leftist,,fr,Homophobe ? Le Placard A De La Place - Activist & Leftist (French) Design,"« Homophobe ? Le Placard A De La Place » en typographie or et noir, minimaliste et percutante. Un design pour les militant·es et les engagé·es politiquement. Idée cadeau parfaite, à porter ou offrir. Disponible sur t-shirt, sweat, sticker, mug, tote bag, poster et plus. #politics #typographie","activist, eat the rich, anti capitalist, leftist, protest, revolution, class war, homophobe, placard, place, activist & leftist, funny shirt, typography, minimalist, aesthetic, gift idea, trendy design, statement tee, for men, for women",produits/revendications/rev_placard_place_fr__dark.png,produits/revendications/rev_placard_place_fr__light.png
rev_recycle_takes_en,revendications,politics,Activist & Leftist,,en,Recycle Your Bad Takes - Activist & Leftist Typography Design,"""Recycle Your Bad Takes"" in clean gold-and-black minimalist typography. A statement design for activists, leftists and the politically loud. Makes a perfect gift to wear or give. Available on tees, hoodies, stickers, mugs, tote bags, posters and more. #politics #typography","activist, eat the rich, anti capitalist, leftist, protest, revolution, class war, recycle, takes, activist & leftist, funny shirt, typography, minimalist, aesthetic, gift idea, trendy design, statement tee, for men, for women",produits/revendications/rev_recycle_takes_en__dark.png,produits/revendications/rev_recycle_takes_en__light.png
rev_refugees_welcome_en,revendications,politics,Activist & Leftist,,en,Refugees Welcome - Activist & Leftist Typography Design,"""Refugees Welcome"" in clean gold-and-black minimalist typography. A statement design for activists, leftists and the politically loud. Makes a perfect gift to wear or give. Available on tees, hoodies, stickers, mugs, tote bags, posters and more. #politics #typography","activist, eat the rich, anti capitalist, leftist, protest, revolution, class war, refugees, welcome, activist & leftist, funny shirt, typography, minimalist, aesthetic, gift idea, trendy design, statement tee, for men, for women",produits/revendications/rev_refugees_welcome_en__dark.png,produits/revendications/rev_refugees_welcome_en__light.png
rev_science_real_en,revendications,politics,Activist & Leftist,,en,"Science Is Real, Sorry - Activist & Leftist Typography Design","""Science Is Real, Sorry"" in clean gold-and-black minimalist typography. A statement design for activists, leftists and the politically loud. Makes a perfect gift to wear or give. Available on tees, hoodies, stickers, mugs, tote bags, posters and more. #politics #typography","activist, eat the rich, anti capitalist, leftist, protest, revolution, class war, science, real, sorry, activist & leftist, funny shirt, typography, minimalist, aesthetic, gift idea, trendy design, statement tee, for men, for women",produits/revendications/rev_science_real_en__dark.png,produits/revendications/rev_science_real_en__light.png
rev_some_gay_en,revendications,politics,Activist & Leftist,,en,Some People Are Gay. Get Over It. - Activist & Leftist Typography Design,"""Some People Are Gay. Get Over It."" in clean gold-and-black minimalist typography. A statement design for activists, leftists and the politically loud. Makes a perfect gift to wear or give. Available on tees, hoodies, stickers, mugs, tote bags, posters and more. #politics #typography","activist, eat the rich, anti capitalist, leftist, protest, revolution, class war, some, people, over, activist & leftist, funny shirt, typography, minimalist, aesthetic, gift idea, trendy design, statement tee, for men, for women",produits/revendications/rev_some_gay_en__dark.png,produits/revendications/rev_some_gay_en__light.png
rev_surveillance_en,revendications,politics,Activist & Leftist,,en,Big Brother Is Watching. Don't Smile Back - Activist & Leftist Typography Design,"""Big Brother Is Watching. Don't Smile Back"" in clean gold-and-black minimalist typography. A statement design for activists, leftists and the politically loud. Makes a perfect gift to wear or give. Available on tees, hoodies, stickers, mugs, tote bags, posters and more. #politics #typography","activist, eat the rich, anti capitalist, leftist, protest, revolution, class war, brother, watching, don't, smile, back, activist & leftist, funny shirt, typography, minimalist, aesthetic, gift idea, trendy design, statement tee, for men, for women",produits/revendications/rev_surveillance_en__dark.png,produits/revendications/rev_surveillance_en__light.png
rev_terre_chauffe_fr,revendications,politics,Activist & Leftist,,fr,"La Terre Chauffe, Ton Cerveau Refroidit - Activist & Leftist (French) Design","« La Terre Chauffe, Ton Cerveau Refroidit » en typographie or et noir, minimaliste et percutante. Un design pour les militant·es et les engagé·es politiquement. Idée cadeau parfaite, à porter ou offrir. Disponible sur t-shirt, sweat, sticker, mug, tote bag, poster et plus. #politics #typographie","activist, eat the rich, anti capitalist, leftist, protest, revolution, class war, terre, chauffe, cerveau, refroidit, activist & leftist, funny shirt, typography, minimalist, aesthetic, gift idea, trendy design, statement tee, for men, for women",produits/revendications/rev_terre_chauffe_fr__dark.png,produits/revendications/rev_terre_chauffe_fr__light.png
rev_toit_droit_fr,revendications,politics,Activist & Leftist,,fr,"Un Toit, C'Est Un Droit. Pas Un Luxe - Activist & Leftist (French) Design","« Un Toit, C'Est Un Droit. Pas Un Luxe » en typographie or et noir, minimaliste et percutante. Un design pour les militant·es et les engagé·es politiquement. Idée cadeau parfaite, à porter ou offrir. Disponible sur t-shirt, sweat, sticker, mug, tote bag, poster et plus. #politics #typographie","activist, eat the rich, anti capitalist, leftist, protest, revolution, class war, toit, c'est, droit, luxe, activist & leftist, funny shirt, typography, minimalist, aesthetic, gift idea, trendy design, statement tee, for men, for women",produits/revendications/rev_toit_droit_fr__dark.png,produits/revendications/rev_toit_droit_fr__light.png
rev_tolerance_zero_fr,revendications,politics,Activist & Leftist,,fr,Tolérance Zéro Pour L'Intolérance - Activist & Leftist (French) Design,"« Tolérance Zéro Pour L'Intolérance » en typographie or et noir, minimaliste et percutante. Un design pour les militant·es et les engagé·es politiquement. Idée cadeau parfaite, à porter ou offrir. Disponible sur t-shirt, sweat, sticker, mug, tote bag, poster et plus. #politics #typographie","activist, eat the rich, anti capitalist, leftist, protest, revolution, class war, tolérance, zéro, l'intolérance, activist & leftist, funny shirt, typography, minimalist, aesthetic, gift idea, trendy design, statement tee, for men, for women",produits/revendications/rev_tolerance_zero_fr__dark.png,produits/revendications/rev_tolerance_zero_fr__light.png
rev_tous_egaux_cons_fr,revendications,politics,Activist & Leftist,,fr,Tous Égaux. Sauf Les Cons. - Activist & Leftist (French) Design,"« Tous Égaux. Sauf Les Cons. » en typographie or et noir, minimaliste et percutante. Un design pour les militant·es et les engagé·es politiquement. Idée cadeau parfaite, à porter ou offrir. Disponible sur t-shirt, sweat, sticker, mug, tote bag, poster et plus. #politics #typographie","activist, eat the rich, anti capitalist, leftist, protest, revolution, class war, tous, égaux, sauf, cons, activist & leftist, funny shirt, typography, minimalist, aesthetic, gift idea, trendy design, statement tee, for men, for women",produits/revendications/rev_tous_egaux_cons_fr__dark.png,produits/revendications/rev_tous_egaux_cons_fr__light.png
rev_tricoteuse_antifa_fr,revendications,politics,Activist & Leftist,,fr,Tricoteuse Et Antifa - Activist & Leftist (French) Design,"« Tricoteuse Et Antifa » en typographie or et noir, minimaliste et percutante. Un design pour les militant·es et les engagé·es politiquement. Idée cadeau parfaite, à porter ou offrir. Disponible sur t-shirt, sweat, sticker, mug, tote bag, poster et plus. #politics #typographie","activist, eat the rich, anti capitalist, leftist, protest, revolution, class war, tricoteuse, antifa, activist & leftist, funny shirt, typography, minimalist, aesthetic, gift idea, trendy design, statement tee, for men, for women",produits/revendications/rev_tricoteuse_antifa_fr__dark.png,produits/revendications/rev_tricoteuse_antifa_fr__light.png
rev_water_business_fr,revendications,politics,Activist & Leftist,,fr,"L'Eau, C'Est La Vie. Pas Un Business - Activist & Leftist (French) Design","« L'Eau, C'Est La Vie. Pas Un Business » en typographie or et noir, minimaliste et percutante. Un design pour les militant·es et les engagé·es politiquement. Idée cadeau parfaite, à porter ou offrir. Disponible sur t-shirt, sweat, sticker, mug, tote bag, poster et plus. #politics #typographie","activist, eat the rich, anti capitalist, leftist, protest, revolution, class war, l'eau, c'est, business, activist & leftist, funny shirt, typography, minimalist, aesthetic, gift idea, trendy design, statement tee, for men, for women",produits/revendications/rev_water_business_fr__dark.png,produits/revendications/rev_water_business_fr__light.png
rev_yoga_revolution_fr,revendications,politics,Activist & Leftist,,fr,"Yoga Le Matin, Révolution L'Aprèm - Activist & Leftist (French) Design","« Yoga Le Matin, Révolution L'Aprèm » en typographie or et noir, minimaliste et percutante. Un design pour les militant·es et les engagé·es politiquement. Idée cadeau parfaite, à porter ou offrir. Disponible sur t-shirt, sweat, sticker, mug, tote bag, poster et plus. #politics #typographie","activist, eat the rich, anti capitalist, leftist, protest, revolution, class war, yoga, matin, révolution, l'aprèm, activist & leftist, funny shirt, typography, minimalist, aesthetic, gift idea, trendy design, statement tee, for men, for women",produits/revendications/rev_yoga_revolution_fr__dark.png,produits/revendications/rev_yoga_revolution_fr__light.png
tr_allergic_mornings_en,trending,politics,Activist & Leftist,,en,Allergic To Mornings - Activist & Leftist Typography Design,"""Allergic To Mornings"" in clean gold-and-black minimalist typography. A statement design for activists, leftists and the politically loud. Makes a perfect gift to wear or give. Available on tees, hoodies, stickers, mugs, tote bags, posters and more. #politics #typography","activist, eat the rich, anti capitalist, leftist, protest, revolution, class war, allergic, mornings, activist & leftist, funny shirt, typography, minimalist, aesthetic, gift idea, trendy design, statement tee, for men, for women",produits/trending/tr_allergic_mornings_en__dark.png,produits/trending/tr_allergic_mornings_en__light.png
tr_chat_patron_fr,trending,politics,Activist & Leftist,,fr,Mon Chat Est Le Patron - Activist & Leftist (French) Design,"« Mon Chat Est Le Patron » en typographie or et noir, minimaliste et percutante. Un design pour les militant·es et les engagé·es politiquement. Idée cadeau parfaite, à porter ou offrir. Disponible sur t-shirt, sweat, sticker, mug, tote bag, poster et plus. #politics #typographie","activist, eat the rich, anti capitalist, leftist, protest, revolution, class war, chat, patron, activist & leftist, funny shirt, typography, minimalist, aesthetic, gift idea, trendy design, statement tee, for men, for women",produits/trending/tr_chat_patron_fr__dark.png,produits/trending/tr_chat_patron_fr__light.png
wa_betise_fr,warning,politics,Activist & Leftist,,fr,La Bêtise Tue (Et Se Reproduit) - Activist & Leftist (French) Design,"« La Bêtise Tue (Et Se Reproduit) » en typographie or et noir, minimaliste et percutante. Un design pour les militant·es et les engagé·es politiquement. Idée cadeau parfaite, à porter ou offrir. Disponible sur t-shirt, sweat, sticker, mug, tote bag, poster et plus. #politics #typographie","activist, eat the rich, anti capitalist, leftist, protest, revolution, class war, bêtise, reproduit, activist & leftist, funny shirt, typography, minimalist, aesthetic, gift idea, trendy design, statement tee, for men, for women",produits/warning/wa_betise_fr__dark.png,produits/warning/wa_betise_fr__light.png
wa_capitalism_en,warning,politics,Activist & Leftist,,en,Capitalism Kills (And Knows It) - Activist & Leftist Typography Design,"""Capitalism Kills (And Knows It)"" in clean gold-and-black minimalist typography. A statement design for activists, leftists and the politically loud. Makes a perfect gift to wear or give. Available on tees, hoodies, stickers, mugs, tote bags, posters and more. #politics #typography","activist, eat the rich, anti capitalist, leftist, protest, revolution, class war, capitalism, kills, knows, activist & leftist, funny shirt, typography, minimalist, aesthetic, gift idea, trendy design, statement tee, for men, for women",produits/warning/wa_capitalism_en__dark.png,produits/warning/wa_capitalism_en__light.png
wa_capitalisme_fr,warning,politics,Activist & Leftist,,fr,Le Capitalisme Tue (Et Le Sait) - Activist & Leftist (French) Design,"« Le Capitalisme Tue (Et Le Sait) » en typographie or et noir, minimaliste et percutante. Un design pour les militant·es et les engagé·es politiquement. Idée cadeau parfaite, à porter ou offrir. Disponible sur t-shirt, sweat, sticker, mug, tote bag, poster et plus. #politics #typographie","activist, eat the rich, anti capitalist, leftist, protest, revolution, class war, capitalisme, sait, activist & leftist, funny shirt, typography, minimalist, aesthetic, gift idea, trendy design, statement tee, for men, for women",produits/warning/wa_capitalisme_fr__dark.png,produits/warning/wa_capitalisme_fr__light.png
wa_fastfashion_en,warning,politics,Activist & Leftist,,en,Fast Fashion Kills - Activist & Leftist Typography Design,"""Fast Fashion Kills"" in clean gold-and-black minimalist typography. A statement design for activists, leftists and the politically loud. Makes a perfect gift to wear or give. Available on tees, hoodies, stickers, mugs, tote bags, posters and more. #politics #typography","activist, eat the rich, anti capitalist, leftist, protest, revolution, class war, fast, fashion, kills, activist & leftist, funny shirt, typography, minimalist, aesthetic, gift idea, trendy design, statement tee, for men, for women",produits/warning/wa_fastfashion_en__dark.png,produits/warning/wa_fastfashion_en__light.png
wa_fastfashion_fr,warning,politics,Activist & Leftist,,fr,La Fast Fashion Tue - Activist & Leftist (French) Design,"« La Fast Fashion Tue » en typographie or et noir, minimaliste et percutante. Un design pour les militant·es et les engagé·es politiquement. Idée cadeau parfaite, à porter ou offrir. Disponible sur t-shirt, sweat, sticker, mug, tote bag, poster et plus. #politics #typographie","activist, eat the rich, anti capitalist, leftist, protest, revolution, class war, fast, fashion, activist & leftist, funny shirt, typography, minimalist, aesthetic, gift idea, trendy design, statement tee, for men, for women",produits/warning/wa_fastfashion_fr__dark.png,produits/warning/wa_fastfashion_fr__light.png
wa_indifference_fr,warning,politics,Activist & Leftist,,fr,L'Indifférence Tue - Activist & Leftist (French) Design,"« L'Indifférence Tue » en typographie or et noir, minimaliste et percutante. Un design pour les militant·es et les engagé·es politiquement. Idée cadeau parfaite, à porter ou offrir. Disponible sur t-shirt, sweat, sticker, mug, tote bag, poster et plus. #politics #typographie","activist, eat the rich, anti capitalist, leftist, protest, revolution, class war, l'indifférence, activist & leftist, funny shirt, typography, minimalist, aesthetic, gift idea, trendy design, statement tee, for men, for women",produits/warning/wa_indifference_fr__dark.png,produits/warning/wa_indifference_fr__light.png
wa_peter_fr,warning,politics,Activist & Leftist,,fr,Péter Ne Tue Pas (Mais Ça Pue) - Activist & Leftist (French) Design,"« Péter Ne Tue Pas (Mais Ça Pue) » en typographie or et noir, minimaliste et percutante. Un design pour les militant·es et les engagé·es politiquement. Idée cadeau parfaite, à porter ou offrir. Disponible sur t-shirt, sweat, sticker, mug, tote bag, poster et plus. #politics #typographie","activist, eat the rich, anti capitalist, leftist, protest, revolution, class war, péter, activist & leftist, funny shirt, typography, minimalist, aesthetic, gift idea, trendy design, statement tee, for men, for women",produits/warning/wa_peter_fr__dark.png,produits/warning/wa_peter_fr__light.png
wa_pub_fr,warning,politics,Activist & Leftist,,fr,La Publicité Tue (Le Cerveau) - Activist & Leftist (French) Design,"« La Publicité Tue (Le Cerveau) » en typographie or et noir, minimaliste et percutante. Un design pour les militant·es et les engagé·es politiquement. Idée cadeau parfaite, à porter ou offrir. Disponible sur t-shirt, sweat, sticker, mug, tote bag, poster et plus. #politics #typographie","activist, eat the rich, anti capitalist, leftist, protest, revolution, class war, publicité, cerveau, activist & leftist, funny shirt, typography, minimalist, aesthetic, gift idea, trendy design, statement tee, for men, for women",produits/warning/wa_pub_fr__dark.png,produits/warning/wa_pub_fr__light.png
wa_reunion_fr,warning,politics,Activist & Leftist,,fr,Cette Réunion Tue (Du Temps) - Activist & Leftist (French) Design,"« Cette Réunion Tue (Du Temps) » en typographie or et noir, minimaliste et percutante. Un design pour les militant·es et les engagé·es politiquement. Idée cadeau parfaite, à porter ou offrir. Disponible sur t-shirt, sweat, sticker, mug, tote bag, poster et plus. #politics #typographie","activist, eat the rich, anti capitalist, leftist, protest, revolution, class war, réunion, temps, activist & leftist, funny shirt, typography, minimalist, aesthetic, gift idea, trendy design, statement tee, for men, for women",produits/warning/wa_reunion_fr__dark.png,produits/warning/wa_reunion_fr__light.png
wa_scroll_en,warning,politics,Activist & Leftist,,en,Doomscrolling Kills (Your Time) - Activist & Leftist Typography Design,"""Doomscrolling Kills (Your Time)"" in clean gold-and-black minimalist typography. A statement design for activists, leftists and the politically loud. Makes a perfect gift to wear or give. Available on tees, hoodies, stickers, mugs, tote bags, posters and more. #politics #typography","activist, eat the rich, anti capitalist, leftist, protest, revolution, class war, doomscrolling, kills, time, activist & leftist, funny shirt, typography, minimalist, aesthetic, gift idea, trendy design, statement tee, for men, for women",produits/warning/wa_scroll_en__dark.png,produits/warning/wa_scroll_en__light.png
wa_silence_en,warning,politics,Activist & Leftist,,en,Silence Kills - Activist & Leftist Typography Design,"""Silence Kills"" in clean gold-and-black minimalist typography. A statement design for activists, leftists and the politically loud. Makes a perfect gift to wear or give. Available on tees, hoodies, stickers, mugs, tote bags, posters and more. #politics #typography","activist, eat the rich, anti capitalist, leftist, protest, revolution, class war, silence, kills, activist & leftist, funny shirt, typography, minimalist, aesthetic, gift idea, trendy design, statement tee, for men, for women",produits/warning/wa_silence_en__dark.png,produits/warning/wa_silence_en__light.png
wa_silence_fr,warning,politics,Activist & Leftist,,fr,Le Silence Tue (Face À L'Injustice) - Activist & Leftist (French) Design,"« Le Silence Tue (Face À L'Injustice) » en typographie or et noir, minimaliste et percutante. Un design pour les militant·es et les engagé·es politiquement. Idée cadeau parfaite, à porter ou offrir. Disponible sur t-shirt, sweat, sticker, mug, tote bag, poster et plus. #politics #typographie","activist, eat the rich, anti capitalist, leftist, protest, revolution, class war, silence, face, l'injustice, activist & leftist, funny shirt, typography, minimalist, aesthetic, gift idea, trendy design, statement tee, for men, for women",produits/warning/wa_silence_fr__dark.png,produits/warning/wa_silence_fr__light.png
wa_smalltalk_en,warning,politics,Activist & Leftist,,en,Small Talk Kills (Slowly) - Activist & Leftist Typography Design,"""Small Talk Kills (Slowly)"" in clean gold-and-black minimalist typography. A statement design for activists, leftists and the politically loud. Makes a perfect gift to wear or give. Available on tees, hoodies, stickers, mugs, tote bags, posters and more. #politics #typography","activist, eat the rich, anti capitalist, leftist, protest, revolution, class war, small, talk, kills, slowly, activist & leftist, funny shirt, typography, minimalist, aesthetic, gift idea, trendy design, statement tee, for men, for women",produits/warning/wa_smalltalk_en__dark.png,produits/warning/wa_smalltalk_en__light.png
wa_ultrariches_fr,warning,politics,Activist & Leftist,,fr,L'Ultra-Richesse Tue (La Démocratie) - Activist & Leftist (French) Design,"« L'Ultra-Richesse Tue (La Démocratie) » en typographie or et noir, minimaliste et percutante. Un design pour les militant·es et les engagé·es politiquement. Idée cadeau parfaite, à porter ou offrir. Disponible sur t-shirt, sweat, sticker, mug, tote bag, poster et plus. #politics #typographie","activist, eat the rich, anti capitalist, leftist, protest, revolution, class war, l'ultra, richesse, démocratie, activist & leftist, funny shirt, typography, minimalist, aesthetic, gift idea, trendy design, statement tee, for men, for women",produits/warning/wa_ultrariches_fr__dark.png,produits/warning/wa_ultrariches_fr__light.png
id_barista_en,identite,professions,Jobs & Professions,,en,Barista - Jobs & Professions Typography Design,"""Barista"" in clean gold-and-black minimalist typography. A statement design for people proud of their job. Makes a perfect gift to wear or give. Available on tees, hoodies, stickers, mugs, tote bags, posters and more. #professions #typography","nurse gift, teacher gift, coworker gift, job humor, profession, work pride, barista, jobs & professions, funny shirt, typography, minimalist, aesthetic, gift idea, trendy design, statement tee, for men, for women",produits/identite/id_barista_en__dark.png,produits/identite/id_barista_en__light.png
id_farmer_en,identite,professions,Jobs & Professions,,en,Farmer - Jobs & Professions Typography Design,"""Farmer"" in clean gold-and-black minimalist typography. A statement design for people proud of their job. Makes a perfect gift to wear or give. Available on tees, hoodies, stickers, mugs, tote bags, posters and more. #professions #typography","nurse gift, teacher gift, coworker gift, job humor, profession, work pride, farmer, jobs & professions, funny shirt, typography, minimalist, aesthetic, gift idea, trendy design, statement tee, for men, for women",produits/identite/id_farmer_en__dark.png,produits/identite/id_farmer_en__light.png
id_firefighter_en,identite,professions,Jobs & Professions,,en,Firefighter - Jobs & Professions Typography Design,"""Firefighter"" in clean gold-and-black minimalist typography. A statement design for people proud of their job. Makes a perfect gift to wear or give. Available on tees, hoodies, stickers, mugs, tote bags, posters and more. #professions #typography","nurse gift, teacher gift, coworker gift, job humor, profession, work pride, firefighter, jobs & professions, funny shirt, typography, minimalist, aesthetic, gift idea, trendy design, statement tee, for men, for women",produits/identite/id_firefighter_en__dark.png,produits/identite/id_firefighter_en__light.png
id_infirmiere_fr,identite,professions,Jobs & Professions,,fr,Infirmière Épuisée - Jobs & Professions (French) Design,"« Infirmière Épuisée » en typographie or et noir, minimaliste et percutante. Un design pour celles et ceux qui assument leur métier. Idée cadeau parfaite, à porter ou offrir. Disponible sur t-shirt, sweat, sticker, mug, tote bag, poster et plus. #professions #typographie","nurse gift, teacher gift, coworker gift, job humor, profession, work pride, infirmière, épuisée, jobs & professions, funny shirt, typography, minimalist, aesthetic, gift idea, trendy design, statement tee, for men, for women",produits/identite/id_infirmiere_fr__dark.png,produits/identite/id_infirmiere_fr__light.png
id_nurse_en,identite,professions,Jobs & Professions,,en,Nurse Life - Jobs & Professions Typography Design,"""Nurse Life"" in clean gold-and-black minimalist typography. A statement design for people proud of their job. Makes a perfect gift to wear or give. Available on tees, hoodies, stickers, mugs, tote bags, posters and more. #professions #typography","nurse gift, teacher gift, coworker gift, job humor, profession, work pride, nurse, life, jobs & professions, funny shirt, typography, minimalist, aesthetic, gift idea, trendy design, statement tee, for men, for women",produits/identite/id_nurse_en__dark.png,produits/identite/id_nurse_en__light.png
id_sourdough_en,identite,professions,Jobs & Professions,,en,Sourdough Baker - Jobs & Professions Typography Design,"""Sourdough Baker"" in clean gold-and-black minimalist typography. A statement design for people proud of their job. Makes a perfect gift to wear or give. Available on tees, hoodies, stickers, mugs, tote bags, posters and more. #professions #typography","nurse gift, teacher gift, coworker gift, job humor, profession, work pride, sourdough, baker, jobs & professions, funny shirt, typography, minimalist, aesthetic, gift idea, trendy design, statement tee, for men, for women",produits/identite/id_sourdough_en__dark.png,produits/identite/id_sourdough_en__light.png
id_teacher_en,identite,professions,Jobs & Professions,,en,Tired Teacher - Jobs & Professions Typography Design,"""Tired Teacher"" in clean gold-and-black minimalist typography. A statement design for people proud of their job. Makes a perfect gift to wear or give. Available on tees, hoodies, stickers, mugs, tote bags, posters and more. #professions #typography","nurse gift, teacher gift, coworker gift, job humor, profession, work pride, tired, teacher, jobs & professions, funny shirt, typography, minimalist, aesthetic, gift idea, trendy design, statement tee, for men, for women",produits/identite/id_teacher_en__dark.png,produits/identite/id_teacher_en__light.png
id_welder_en,identite,professions,Jobs & Professions,,en,Welder - Jobs & Professions Typography Design,"""Welder"" in clean gold-and-black minimalist typography. A statement design for people proud of their job. Makes a perfect gift to wear or give. Available on tees, hoodies, stickers, mugs, tote bags, posters and more. #professions #typography","nurse gift, teacher gift, coworker gift, job humor, profession, work pride, welder, jobs & professions, funny shirt, typography, minimalist, aesthetic, gift idea, trendy design, statement tee, for men, for women",produits/identite/id_welder_en__dark.png,produits/identite/id_welder_en__light.png
elec_lets_get_wired_en,niches,professions,Jobs & Professions,electricians,en,Let's Get Wired - Jobs & Professions Typography Design,"""Let's Get Wired"" in clean gold-and-black minimalist typography. A statement design for people proud of their job. Makes a perfect gift to wear or give. Available on tees, hoodies, stickers, mugs, tote bags, posters and more. #professions #typography","nurse gift, teacher gift, coworker gift, job humor, profession, work pride, let's, wired, electricians, jobs & professions, funny shirt, typography, minimalist, aesthetic, gift idea, trendy design, statement tee, for men, for women",produits/niches/elec_lets_get_wired_en__dark.png,produits/niches/elec_lets_get_wired_en__light.png
elec_quite_current_en,niches,professions,Jobs & Professions,electricians,en,I'm Quite Current - Jobs & Professions Typography Design,"""I'm Quite Current"" in clean gold-and-black minimalist typography. A statement design for people proud of their job. Makes a perfect gift to wear or give. Available on tees, hoodies, stickers, mugs, tote bags, posters and more. #professions #typography","nurse gift, teacher gift, coworker gift, job humor, profession, work pride, quite, current, electricians, jobs & professions, funny shirt, typography, minimalist, aesthetic, gift idea, trendy design, statement tee, for men, for women",produits/niches/elec_quite_current_en__dark.png,produits/niches/elec_quite_current_en__light.png
elec_shocking_en,niches,professions,Jobs & Professions,electricians,en,Electrician: I Find It Shocking - Jobs & Professions Typography Design,"""Electrician: I Find It Shocking"" in clean gold-and-black minimalist typography. A statement design for people proud of their job. Makes a perfect gift to wear or give. Available on tees, hoodies, stickers, mugs, tote bags, posters and more. #professions #typography","nurse gift, teacher gift, coworker gift, job humor, profession, work pride, electrician, find, shocking, electricians, jobs & professions, funny shirt, typography, minimalist, aesthetic, gift idea, trendy design, statement tee, for men, for women",produits/niches/elec_shocking_en__dark.png,produits/niches/elec_shocking_en__light.png
elec_watts_up_en,niches,professions,Jobs & Professions,electricians,en,Watt's Up? - Jobs & Professions Typography Design,"""Watt's Up?"" in clean gold-and-black minimalist typography. A statement design for people proud of their job. Makes a perfect gift to wear or give. Available on tees, hoodies, stickers, mugs, tote bags, posters and more. #professions #typography","nurse gift, teacher gift, coworker gift, job humor, profession, work pride, watt's, electricians, jobs & professions, funny shirt, typography, minimalist, aesthetic, gift idea, trendy design, statement tee, for men, for women",produits/niches/elec_watts_up_en__dark.png,produits/niches/elec_watts_up_en__light.png
farm_dirt_coffee_en,niches,professions,Jobs & Professions,farmers,en,Powered by Dirt & Coffee - Jobs & Professions Typography Design,"""Powered by Dirt & Coffee"" in clean gold-and-black minimalist typography. A statement design for people proud of their job. Makes a perfect gift to wear or give. Available on tees, hoodies, stickers, mugs, tote bags, posters and more. #professions #typography","nurse gift, teacher gift, coworker gift, job humor, profession, work pride, powered, dirt, coffee, farmers, jobs & professions, funny shirt, typography, minimalist, aesthetic, gift idea, trendy design, statement tee, for men, for women",produits/niches/farm_dirt_coffee_en__dark.png,produits/niches/farm_dirt_coffee_en__light.png
farm_hair_dont_care_en,niches,professions,Jobs & Professions,farmers,en,Farm Hair Don't Care - Jobs & Professions Typography Design,"""Farm Hair Don't Care"" in clean gold-and-black minimalist typography. A statement design for people proud of their job. Makes a perfect gift to wear or give. Available on tees, hoodies, stickers, mugs, tote bags, posters and more. #professions #typography","nurse gift, teacher gift, coworker gift, job humor, profession, work pride, farm, hair, don't, care, farmers, jobs & professions, funny shirt, typography, minimalist, aesthetic, gift idea, trendy design, statement tee, for men, for women",produits/niches/farm_hair_dont_care_en__dark.png,produits/niches/farm_hair_dont_care_en__light.png
farm_no_farms_en,niches,professions,Jobs & Professions,farmers,en,No Farms No Food - Jobs & Professions Typography Design,"""No Farms No Food"" in clean gold-and-black minimalist typography. A statement design for people proud of their job. Makes a perfect gift to wear or give. Available on tees, hoodies, stickers, mugs, tote bags, posters and more. #professions #typography","nurse gift, teacher gift, coworker gift, job humor, profession, work pride, farms, food, farmers, jobs & professions, funny shirt, typography, minimalist, aesthetic, gift idea, trendy design, statement tee, for men, for women",produits/niches/farm_no_farms_en__dark.png,produits/niches/farm_no_farms_en__light.png
farm_sunrise_hustle_en,niches,professions,Jobs & Professions,farmers,en,Sunrise Hustle - Jobs & Professions Typography Design,"""Sunrise Hustle"" in clean gold-and-black minimalist typography. A statement design for people proud of their job. Makes a perfect gift to wear or give. Available on tees, hoodies, stickers, mugs, tote bags, posters and more. #professions #typography","nurse gift, teacher gift, coworker gift, job humor, profession, work pride, sunrise, hustle, farmers, jobs & professions, funny shirt, typography, minimalist, aesthetic, gift idea, trendy design, statement tee, for men, for women",produits/niches/farm_sunrise_hustle_en__dark.png,produits/niches/farm_sunrise_hustle_en__light.png
fire_hot_stuff_en,niches,professions,Jobs & Professions,firefighters,en,Hot Stuff & Proud - Jobs & Professions Typography Design,"""Hot Stuff & Proud"" in clean gold-and-black minimalist typography. A statement design for people proud of their job. Makes a perfect gift to wear or give. Available on tees, hoodies, stickers, mugs, tote bags, posters and more. #professions #typography","nurse gift, teacher gift, coworker gift, job humor, profession, work pride, stuff, proud, firefighters, jobs & professions, funny shirt, typography, minimalist, aesthetic, gift idea, trendy design, statement tee, for men, for women",produits/niches/fire_hot_stuff_en__dark.png,produits/niches/fire_hot_stuff_en__light.png
fire_not_sport_en,niches,professions,Jobs & Professions,firefighters,en,Firefighting Is Not a Hobby - Jobs & Professions Typography Design,"""Firefighting Is Not a Hobby"" in clean gold-and-black minimalist typography. A statement design for people proud of their job. Makes a perfect gift to wear or give. Available on tees, hoodies, stickers, mugs, tote bags, posters and more. #professions #typography","nurse gift, teacher gift, coworker gift, job humor, profession, work pride, firefighting, hobby, firefighters, jobs & professions, funny shirt, typography, minimalist, aesthetic, gift idea, trendy design, statement tee, for men, for women",produits/niches/fire_not_sport_en__dark.png,produits/niches/fire_not_sport_en__light.png
fire_toward_en,niches,professions,Jobs & Professions,firefighters,en,Run Toward the Fire - Jobs & Professions Typography Design,"""Run Toward the Fire"" in clean gold-and-black minimalist typography. A statement design for people proud of their job. Makes a perfect gift to wear or give. Available on tees, hoodies, stickers, mugs, tote bags, posters and more. #professions #typography","nurse gift, teacher gift, coworker gift, job humor, profession, work pride, toward, fire, firefighters, jobs & professions, funny shirt, typography, minimalist, aesthetic, gift idea, trendy design, statement tee, for men, for women",produits/niches/fire_toward_en__dark.png,produits/niches/fire_toward_en__light.png
kb_group_buy_en,niches,professions,Jobs & Professions,mechanical_keyboards,en,Group Buy Shipping 18 Months and Counting - Jobs & Professions Typography Design,"""Group Buy Shipping 18 Months and Counting"" in clean gold-and-black minimalist typography. A statement design for people proud of their job. Makes a perfect gift to wear or give. Available on tees, hoodies, stickers, mugs, tote bags, posters and more. #professions #typography","nurse gift, teacher gift, coworker gift, job humor, profession, work pride, group, shipping, months, counting, mechanical keyboards, jobs & professions, funny shirt, typography, minimalist, aesthetic, gift idea, trendy design, statement tee, for men, for women",produits/niches/kb_group_buy_en__dark.png,produits/niches/kb_group_buy_en__light.png
kb_holy_panda_en,niches,professions,Jobs & Professions,mechanical_keyboards,en,Holy Pandas vs Boba U4 No Middle Ground - Jobs & Professions Typography Design,"""Holy Pandas vs Boba U4 No Middle Ground"" in clean gold-and-black minimalist typography. A statement design for people proud of their job. Makes a perfect gift to wear or give. Available on tees, hoodies, stickers, mugs, tote bags, posters and more. #professions #typography","nurse gift, teacher gift, coworker gift, job humor, profession, work pride, holy, pandas, boba, middle, ground, mechanical keyboards, jobs & professions, funny shirt, typography, minimalist, aesthetic, gift idea, trendy design, statement tee, for men, for women",produits/niches/kb_holy_panda_en__dark.png,produits/niches/kb_holy_panda_en__light.png
kb_hotswap_en,niches,professions,Jobs & Professions,mechanical_keyboards,en,Hotswap Board 47 Switch Sets Tried - Jobs & Professions Typography Design,"""Hotswap Board 47 Switch Sets Tried"" in clean gold-and-black minimalist typography. A statement design for people proud of their job. Makes a perfect gift to wear or give. Available on tees, hoodies, stickers, mugs, tote bags, posters and more. #professions #typography","nurse gift, teacher gift, coworker gift, job humor, profession, work pride, hotswap, board, switch, sets, tried, mechanical keyboards, jobs & professions, funny shirt, typography, minimalist, aesthetic, gift idea, trendy design, statement tee, for men, for women",produits/niches/kb_hotswap_en__dark.png,produits/niches/kb_hotswap_en__light.png
kb_keycaps_rent_en,niches,professions,Jobs & Professions,mechanical_keyboards,en,I Paid More for Keycaps Than My Rent - Jobs & Professions Typography Design,"""I Paid More for Keycaps Than My Rent"" in clean gold-and-black minimalist typography. A statement design for people proud of their job. Makes a perfect gift to wear or give. Available on tees, hoodies, stickers, mugs, tote bags, posters and more. #professions #typography","nurse gift, teacher gift, coworker gift, job humor, profession, work pride, paid, more, keycaps, than, rent, mechanical keyboards, jobs & professions, funny shirt, typography, minimalist, aesthetic, gift idea, trendy design, statement tee, for men, for women",produits/niches/kb_keycaps_rent_en__dark.png,produits/niches/kb_keycaps_rent_en__light.png
kb_lubed_2am_en,niches,professions,Jobs & Professions,mechanical_keyboards,en,Lubed My Switches at 2am. Worth It. - Jobs & Professions Typography Design,"""Lubed My Switches at 2am. Worth It."" in clean gold-and-black minimalist typography. A statement design for people proud of their job. Makes a perfect gift to wear or give. Available on tees, hoodies, stickers, mugs, tote bags, posters and more. #professions #typography","nurse gift, teacher gift, coworker gift, job humor, profession, work pride, lubed, switches, worth, mechanical keyboards, jobs & professions, funny shirt, typography, minimalist, aesthetic, gift idea, trendy design, statement tee, for men, for women",produits/niches/kb_lubed_2am_en__dark.png,produits/niches/kb_lubed_2am_en__light.png
kb_membrane_sin_en,niches,professions,Jobs & Professions,mechanical_keyboards,en,Membrane Keyboards Are a Sin - Jobs & Professions Typography Design,"""Membrane Keyboards Are a Sin"" in clean gold-and-black minimalist typography. A statement design for people proud of their job. Makes a perfect gift to wear or give. Available on tees, hoodies, stickers, mugs, tote bags, posters and more. #professions #typography","nurse gift, teacher gift, coworker gift, job humor, profession, work pride, membrane, keyboards, mechanical keyboards, jobs & professions, funny shirt, typography, minimalist, aesthetic, gift idea, trendy design, statement tee, for men, for women",produits/niches/kb_membrane_sin_en__dark.png,produits/niches/kb_membrane_sin_en__light.png
kb_thock_en,niches,professions,Jobs & Professions,mechanical_keyboards,en,The Thock Is the Point - Jobs & Professions Typography Design,"""The Thock Is the Point"" in clean gold-and-black minimalist typography. A statement design for people proud of their job. Makes a perfect gift to wear or give. Available on tees, hoodies, stickers, mugs, tote bags, posters and more. #professions #typography","nurse gift, teacher gift, coworker gift, job humor, profession, work pride, thock, point, mechanical keyboards, jobs & professions, funny shirt, typography, minimalist, aesthetic, gift idea, trendy design, statement tee, for men, for women",produits/niches/kb_thock_en__dark.png,produits/niches/kb_thock_en__light.png
mechanic_car_therapy_en,niches,professions,Jobs & Professions,mechanics,en,Classic Car Therapy - Jobs & Professions Typography Design,"""Classic Car Therapy"" in clean gold-and-black minimalist typography. A statement design for people proud of their job. Makes a perfect gift to wear or give. Available on tees, hoodies, stickers, mugs, tote bags, posters and more. #professions #typography","nurse gift, teacher gift, coworker gift, job humor, profession, work pride, classic, therapy, mechanics, jobs & professions, funny shirt, typography, minimalist, aesthetic, gift idea, trendy design, statement tee, for men, for women",produits/niches/mechanic_car_therapy_en__dark.png,produits/niches/mechanic_car_therapy_en__light.png
mechanic_fix_break_en,niches,professions,Jobs & Professions,mechanics,en,I Fix What You Break - Jobs & Professions Typography Design,"""I Fix What You Break"" in clean gold-and-black minimalist typography. A statement design for people proud of their job. Makes a perfect gift to wear or give. Available on tees, hoodies, stickers, mugs, tote bags, posters and more. #professions #typography","nurse gift, teacher gift, coworker gift, job humor, profession, work pride, break, mechanics, jobs & professions, funny shirt, typography, minimalist, aesthetic, gift idea, trendy design, statement tee, for men, for women",produits/niches/mechanic_fix_break_en__dark.png,produits/niches/mechanic_fix_break_en__light.png
mechanic_garage_en,niches,professions,Jobs & Professions,mechanics,en,Sorry for What I Said in the Garage - Jobs & Professions Typography Design,"""Sorry for What I Said in the Garage"" in clean gold-and-black minimalist typography. A statement design for people proud of their job. Makes a perfect gift to wear or give. Available on tees, hoodies, stickers, mugs, tote bags, posters and more. #professions #typography","nurse gift, teacher gift, coworker gift, job humor, profession, work pride, sorry, said, garage, mechanics, jobs & professions, funny shirt, typography, minimalist, aesthetic, gift idea, trendy design, statement tee, for men, for women",produits/niches/mechanic_garage_en__dark.png,produits/niches/mechanic_garage_en__light.png
mechanic_grease_monkey_en,niches,professions,Jobs & Professions,mechanics,en,Grease Monkey & Proud - Jobs & Professions Typography Design,"""Grease Monkey & Proud"" in clean gold-and-black minimalist typography. A statement design for people proud of their job. Makes a perfect gift to wear or give. Available on tees, hoodies, stickers, mugs, tote bags, posters and more. #professions #typography","nurse gift, teacher gift, coworker gift, job humor, profession, work pride, grease, monkey, proud, mechanics, jobs & professions, funny shirt, typography, minimalist, aesthetic, gift idea, trendy design, statement tee, for men, for women",produits/niches/mechanic_grease_monkey_en__dark.png,produits/niches/mechanic_grease_monkey_en__light.png
nurse_coffee_lives_en,niches,professions,Jobs & Professions,nurses,en,Powered by Coffee & Saving Lives - Jobs & Professions Typography Design,"""Powered by Coffee & Saving Lives"" in clean gold-and-black minimalist typography. A statement design for people proud of their job. Makes a perfect gift to wear or give. Available on tees, hoodies, stickers, mugs, tote bags, posters and more. #professions #typography","nurse gift, teacher gift, coworker gift, job humor, profession, work pride, powered, coffee, saving, lives, nurses, jobs & professions, funny shirt, typography, minimalist, aesthetic, gift idea, trendy design, statement tee, for men, for women",produits/niches/nurse_coffee_lives_en__dark.png,produits/niches/nurse_coffee_lives_en__light.png
nurse_mode_on_en,niches,professions,Jobs & Professions,nurses,en,Nurse Mode On - Jobs & Professions Typography Design,"""Nurse Mode On"" in clean gold-and-black minimalist typography. A statement design for people proud of their job. Makes a perfect gift to wear or give. Available on tees, hoodies, stickers, mugs, tote bags, posters and more. #professions #typography","nurse gift, teacher gift, coworker gift, job humor, profession, work pride, nurse, mode, nurses, jobs & professions, funny shirt, typography, minimalist, aesthetic, gift idea, trendy design, statement tee, for men, for women",produits/niches/nurse_mode_on_en__dark.png,produits/niches/nurse_mode_on_en__light.png
nurse_sedate_en,niches,professions,Jobs & Professions,nurses,en,Can't Fix Stupid But I Can Sedate It - Jobs & Professions Typography Design,"""Can't Fix Stupid But I Can Sedate It"" in clean gold-and-black minimalist typography. A statement design for people proud of their job. Makes a perfect gift to wear or give. Available on tees, hoodies, stickers, mugs, tote bags, posters and more. #professions #typography","nurse gift, teacher gift, coworker gift, job humor, profession, work pride, can't, stupid, sedate, nurses, jobs & professions, funny shirt, typography, minimalist, aesthetic, gift idea, trendy design, statement tee, for men, for women",produits/niches/nurse_sedate_en__dark.png,produits/niches/nurse_sedate_en__light.png
nurse_superhero_en,niches,professions,Jobs & Professions,nurses,en,Nurse: Because Superhero Isn't a Job - Jobs & Professions Typography Design,"""Nurse: Because Superhero Isn't a Job"" in clean gold-and-black minimalist typography. A statement design for people proud of their job. Makes a perfect gift to wear or give. Available on tees, hoodies, stickers, mugs, tote bags, posters and more. #professions #typography","nurse gift, teacher gift, coworker gift, job humor, profession, work pride, nurse, because, superhero, isn't, nurses, jobs & professions, funny shirt, typography, minimalist, aesthetic, gift idea, trendy design, statement tee, for men, for women",produits/niches/nurse_superhero_en__dark.png,produits/niches/nurse_superhero_en__light.png
teacher_my_jam_en,niches,professions,Jobs & Professions,teachers,en,Teaching Is My Jam - Jobs & Professions Typography Design,"""Teaching Is My Jam"" in clean gold-and-black minimalist typography. A statement design for people proud of their job. Makes a perfect gift to wear or give. Available on tees, hoodies, stickers, mugs, tote bags, posters and more. #professions #typography","nurse gift, teacher gift, coworker gift, job humor, profession, work pride, teaching, teachers, jobs & professions, funny shirt, typography, minimalist, aesthetic, gift idea, trendy design, statement tee, for men, for women",produits/niches/teacher_my_jam_en__dark.png,produits/niches/teacher_my_jam_en__light.png
teacher_sorry_late_en,niches,professions,Jobs & Professions,teachers,en,Sorry I'm Late I'm a Teacher - Jobs & Professions Typography Design,"""Sorry I'm Late I'm a Teacher"" in clean gold-and-black minimalist typography. A statement design for people proud of their job. Makes a perfect gift to wear or give. Available on tees, hoodies, stickers, mugs, tote bags, posters and more. #professions #typography","nurse gift, teacher gift, coworker gift, job humor, profession, work pride, sorry, late, teacher, teachers, jobs & professions, funny shirt, typography, minimalist, aesthetic, gift idea, trendy design, statement tee, for men, for women",produits/niches/teacher_sorry_late_en__dark.png,produits/niches/teacher_sorry_late_en__light.png
teacher_superpower_en,niches,professions,Jobs & Professions,teachers,en,I Teach What's Your Superpower? - Jobs & Professions Typography Design,"""I Teach What's Your Superpower?"" in clean gold-and-black minimalist typography. A statement design for people proud of their job. Makes a perfect gift to wear or give. Available on tees, hoodies, stickers, mugs, tote bags, posters and more. #professions #typography","nurse gift, teacher gift, coworker gift, job humor, profession, work pride, teach, what's, superpower, teachers, jobs & professions, funny shirt, typography, minimalist, aesthetic, gift idea, trendy design, statement tee, for men, for women",produits/niches/teacher_superpower_en__dark.png,produits/niches/teacher_superpower_en__light.png
weld_metal_therapy_en,niches,professions,Jobs & Professions,welders,en,Metal Is My Therapy - Jobs & Professions Typography Design,"""Metal Is My Therapy"" in clean gold-and-black minimalist typography. A statement design for people proud of their job. Makes a perfect gift to wear or give. Available on tees, hoodies, stickers, mugs, tote bags, posters and more. #professions #typography","nurse gift, teacher gift, coworker gift, job humor, profession, work pride, metal, therapy, welders, jobs & professions, funny shirt, typography, minimalist, aesthetic, gift idea, trendy design, statement tee, for men, for women",produits/niches/weld_metal_therapy_en__dark.png,produits/niches/weld_metal_therapy_en__light.png
weld_professional_sparkler_en,niches,professions,Jobs & Professions,welders,en,Professional Sparkler - Jobs & Professions Typography Design,"""Professional Sparkler"" in clean gold-and-black minimalist typography. A statement design for people proud of their job. Makes a perfect gift to wear or give. Available on tees, hoodies, stickers, mugs, tote bags, posters and more. #professions #typography","nurse gift, teacher gift, coworker gift, job humor, profession, work pride, professional, sparkler, welders, jobs & professions, funny shirt, typography, minimalist, aesthetic, gift idea, trendy design, statement tee, for men, for women",produits/niches/weld_professional_sparkler_en__dark.png,produits/niches/weld_professional_sparkler_en__light.png
weld_sparks_fly_en,niches,professions,Jobs & Professions,welders,en,I Make Sparks Fly - Jobs & Professions Typography Design,"""I Make Sparks Fly"" in clean gold-and-black minimalist typography. A statement design for people proud of their job. Makes a perfect gift to wear or give. Available on tees, hoodies, stickers, mugs, tote bags, posters and more. #professions #typography","nurse gift, teacher gift, coworker gift, job humor, profession, work pride, make, sparks, welders, jobs & professions, funny shirt, typography, minimalist, aesthetic, gift idea, trendy design, statement tee, for men, for women",produits/niches/weld_sparks_fly_en__dark.png,produits/niches/weld_sparks_fly_en__light.png
weld_stick_with_me_en,niches,professions,Jobs & Professions,welders,en,Stick With Me I'm a Welder - Jobs & Professions Typography Design,"""Stick With Me I'm a Welder"" in clean gold-and-black minimalist typography. A statement design for people proud of their job. Makes a perfect gift to wear or give. Available on tees, hoodies, stickers, mugs, tote bags, posters and more. #professions #typography","nurse gift, teacher gift, coworker gift, job humor, profession, work pride, stick, welder, welders, jobs & professions, funny shirt, typography, minimalist, aesthetic, gift idea, trendy design, statement tee, for men, for women",produits/niches/weld_stick_with_me_en__dark.png,produits/niches/weld_stick_with_me_en__light.png
st_greens_en,stoner,professions,Jobs & Professions,,en,Doctor Said I Need More Greens - Jobs & Professions Typography Design,"""Doctor Said I Need More Greens"" in clean gold-and-black minimalist typography. A statement design for people proud of their job. Makes a perfect gift to wear or give. Available on tees, hoodies, stickers, mugs, tote bags, posters and more. #professions #typography","nurse gift, teacher gift, coworker gift, job humor, profession, work pride, doctor, said, need, more, greens, jobs & professions, funny shirt, typography, minimalist, aesthetic, gift idea, trendy design, statement tee, for men, for women",produits/stoner/st_greens_en__dark.png,produits/stoner/st_greens_en__light.png
ar_future_ex_en,arrow,relationship,Relationship & Single,,en,Future Ex - Relationship & Single Typography Design,"""Future Ex"" in clean gold-and-black minimalist typography. A statement design for singles and the relationship-weary. Makes a perfect gift to wear or give. Available on tees, hoodies, stickers, mugs, tote bags, posters and more. #relationship #typography","single, dating, anti valentine, divorce, relationship humor, future, relationship & single, funny shirt, typography, minimalist, aesthetic, gift idea, trendy design, statement tee, for men, for women",produits/arrow/ar_future_ex_en__dark.png,produits/arrow/ar_future_ex_en__light.png
ar_single_fr,arrow,relationship,Relationship & Single,,fr,Célibataire Et Fier - Relationship & Single (French) Design,"« Célibataire Et Fier » en typographie or et noir, minimaliste et percutante. Un design pour les célibataires et désabusé·es de l'amour. Idée cadeau parfaite, à porter ou offrir. Disponible sur t-shirt, sweat, sticker, mug, tote bag, poster et plus. #relationship #typographie","single, dating, anti valentine, divorce, relationship humor, célibataire, fier, relationship & single, funny shirt, typography, minimalist, aesthetic, gift idea, trendy design, statement tee, for men, for women",produits/arrow/ar_single_fr__dark.png,produits/arrow/ar_single_fr__light.png
id_celibataire_fr,identite,relationship,Relationship & Single,,fr,Célibataire & Heureux - Relationship & Single (French) Design,"« Célibataire & Heureux » en typographie or et noir, minimaliste et percutante. Un design pour les célibataires et désabusé·es de l'amour. Idée cadeau parfaite, à porter ou offrir. Disponible sur t-shirt, sweat, sticker, mug, tote bag, poster et plus. #relationship #typographie","single, dating, anti valentine, divorce, relationship humor, célibataire, heureux, relationship & single, funny shirt, typography, minimalist, aesthetic, gift idea, trendy design, statement tee, for men, for women",produits/identite/id_celibataire_fr__dark.png,produits/identite/id_celibataire_fr__light.png
id_divorced_en,identite,relationship,Relationship & Single,,en,Divorced & Thriving - Relationship & Single Typography Design,"""Divorced & Thriving"" in clean gold-and-black minimalist typography. A statement design for singles and the relationship-weary. Makes a perfect gift to wear or give. Available on tees, hoodies, stickers, mugs, tote bags, posters and more. #relationship #typography","single, dating, anti valentine, divorce, relationship humor, divorced, thriving, relationship & single, funny shirt, typography, minimalist, aesthetic, gift idea, trendy design, statement tee, for men, for women",produits/identite/id_divorced_en__dark.png,produits/identite/id_divorced_en__light.png
id_single_de,identite,relationship,Relationship & Single,,de,Single & Glücklich - Relationship & Single (German) Design,"""Single & Glücklich"" in clean gold-and-black minimalist typography. A statement design for singles and the relationship-weary. Makes a perfect gift to wear or give. Available on tees, hoodies, stickers, mugs, tote bags, posters and more. #relationship #typography","single, dating, anti valentine, divorce, relationship humor, glücklich, relationship & single, funny shirt, typography, minimalist, aesthetic, gift idea, trendy design, statement tee, for men, for women",produits/identite/id_single_de__dark.png,produits/identite/id_single_de__light.png
id_single_feral_en,identite,relationship,Relationship & Single,,en,Single & Feral - Relationship & Single Typography Design,"""Single & Feral"" in clean gold-and-black minimalist typography. A statement design for singles and the relationship-weary. Makes a perfect gift to wear or give. Available on tees, hoodies, stickers, mugs, tote bags, posters and more. #relationship #typography","single, dating, anti valentine, divorce, relationship humor, feral, relationship & single, funny shirt, typography, minimalist, aesthetic, gift idea, trendy design, statement tee, for men, for women",produits/identite/id_single_feral_en__dark.png,produits/identite/id_single_feral_en__light.png
id_soltera_es,identite,relationship,Relationship & Single,,es,Soltera Y Feliz - Relationship & Single (Spanish) Design,"""Soltera Y Feliz"" in clean gold-and-black minimalist typography. A statement design for singles and the relationship-weary. Makes a perfect gift to wear or give. Available on tees, hoodies, stickers, mugs, tote bags, posters and more. #relationship #typography","single, dating, anti valentine, divorce, relationship humor, soltera, feliz, relationship & single, funny shirt, typography, minimalist, aesthetic, gift idea, trendy design, statement tee, for men, for women",produits/identite/id_soltera_es__dark.png,produits/identite/id_soltera_es__light.png
id_taken_en,identite,relationship,Relationship & Single,,en,Happily Taken - Relationship & Single Typography Design,"""Happily Taken"" in clean gold-and-black minimalist typography. A statement design for singles and the relationship-weary. Makes a perfect gift to wear or give. Available on tees, hoodies, stickers, mugs, tote bags, posters and more. #relationship #typography","single, dating, anti valentine, divorce, relationship humor, happily, taken, relationship & single, funny shirt, typography, minimalist, aesthetic, gift idea, trendy design, statement tee, for men, for women",produits/identite/id_taken_en__dark.png,produits/identite/id_taken_en__light.png
id_unavailable_en,identite,relationship,Relationship & Single,,en,Emotionally Unavailable - Relationship & Single Typography Design,"""Emotionally Unavailable"" in clean gold-and-black minimalist typography. A statement design for singles and the relationship-weary. Makes a perfect gift to wear or give. Available on tees, hoodies, stickers, mugs, tote bags, posters and more. #relationship #typography","single, dating, anti valentine, divorce, relationship humor, emotionally, unavailable, relationship & single, funny shirt, typography, minimalist, aesthetic, gift idea, trendy design, statement tee, for men, for women",produits/identite/id_unavailable_en__dark.png,produits/identite/id_unavailable_en__light.png
acct_april_en,niches,relationship,Relationship & Single,accountants,en,April Is Just My Valentine's Day - Relationship & Single Typography Design,"""April Is Just My Valentine's Day"" in clean gold-and-black minimalist typography. A statement design for singles and the relationship-weary. Makes a perfect gift to wear or give. Available on tees, hoodies, stickers, mugs, tote bags, posters and more. #relationship #typography","single, dating, anti valentine, divorce, relationship humor, april, valentine's, accountants, relationship & single, funny shirt, typography, minimalist, aesthetic, gift idea, trendy design, statement tee, for men, for women",produits/niches/acct_april_en__dark.png,produits/niches/acct_april_en__light.png
pl_rights_fight_en,punchlines,relationship,Relationship & Single,,en,Rights Aren't Given. They're Taken. - Relationship & Single Typography Design,"""Rights Aren't Given. They're Taken."" in clean gold-and-black minimalist typography. A statement design for singles and the relationship-weary. Makes a perfect gift to wear or give. Available on tees, hoodies, stickers, mugs, tote bags, posters and more. #relationship #typography","single, dating, anti valentine, divorce, relationship humor, rights, aren't, given, they're, taken, relationship & single, funny shirt, typography, minimalist, aesthetic, gift idea, trendy design, statement tee, for men, for women",produits/punchlines/pl_rights_fight_en__dark.png,produits/punchlines/pl_rights_fight_en__light.png
pl_gentil_limite_fr,punchlines,solidarity,Solidarity & Kindness,,fr,Gentil. Mais Y'A Une Limite. - Solidarity & Kindness (French) Design,"« Gentil. Mais Y'A Une Limite. » en typographie or et noir, minimaliste et percutante. Un design pour les bienveillant·es et allié·es. Idée cadeau parfaite, à porter ou offrir. Disponible sur t-shirt, sweat, sticker, mug, tote bag, poster et plus. #solidarity #typographie","be kind, you matter, solidarity, anti bullying, kindness, gentil, limite, solidarity & kindness, funny shirt, typography, minimalist, aesthetic, gift idea, trendy design, statement tee, for men, for women",produits/punchlines/pl_gentil_limite_fr__dark.png,produits/punchlines/pl_gentil_limite_fr__light.png
rev_be_kind_quiet_en,revendications,solidarity,Solidarity & Kindness,,en,Be Kind Or Be Quiet - Solidarity & Kindness Typography Design,"""Be Kind Or Be Quiet"" in clean gold-and-black minimalist typography. A statement design for kind people and allies. Makes a perfect gift to wear or give. Available on tees, hoodies, stickers, mugs, tote bags, posters and more. #solidarity #typography","be kind, you matter, solidarity, anti bullying, kindness, kind, quiet, solidarity & kindness, funny shirt, typography, minimalist, aesthetic, gift idea, trendy design, statement tee, for men, for women",produits/revendications/rev_be_kind_quiet_en__dark.png,produits/revendications/rev_be_kind_quiet_en__light.png
rev_gentil_gratuit_fr,revendications,solidarity,Solidarity & Kindness,,fr,"Sois Gentil, C'Est Gratuit - Solidarity & Kindness (French) Design","« Sois Gentil, C'Est Gratuit » en typographie or et noir, minimaliste et percutante. Un design pour les bienveillant·es et allié·es. Idée cadeau parfaite, à porter ou offrir. Disponible sur t-shirt, sweat, sticker, mug, tote bag, poster et plus. #solidarity #typographie","be kind, you matter, solidarity, anti bullying, kindness, sois, gentil, c'est, gratuit, solidarity & kindness, funny shirt, typography, minimalist, aesthetic, gift idea, trendy design, statement tee, for men, for women",produits/revendications/rev_gentil_gratuit_fr__dark.png,produits/revendications/rev_gentil_gratuit_fr__light.png
so_bad_day_en,solidaire,solidarity,Solidarity & Kindness,,en,Bad Day? I've Got You - Solidarity & Kindness Typography Design,"""Bad Day? I've Got You"" in clean gold-and-black minimalist typography. A statement design for kind people and allies. Makes a perfect gift to wear or give. Available on tees, hoodies, stickers, mugs, tote bags, posters and more. #solidarity #typography","be kind, you matter, solidarity, anti bullying, kindness, i've, solidarity & kindness, funny shirt, typography, minimalist, aesthetic, gift idea, trendy design, statement tee, for men, for women",produits/solidaire/so_bad_day_en__dark.png,produits/solidaire/so_bad_day_en__light.png
so_check_friends_en,solidaire,solidarity,Solidarity & Kindness,,en,Text Your Friends First - Solidarity & Kindness Typography Design,"""Text Your Friends First"" in clean gold-and-black minimalist typography. A statement design for kind people and allies. Makes a perfect gift to wear or give. Available on tees, hoodies, stickers, mugs, tote bags, posters and more. #solidarity #typography","be kind, you matter, solidarity, anti bullying, kindness, text, friends, first, solidarity & kindness, funny shirt, typography, minimalist, aesthetic, gift idea, trendy design, statement tee, for men, for women",produits/solidaire/so_check_friends_en__dark.png,produits/solidaire/so_check_friends_en__light.png
so_demander_aide_fr,solidaire,solidarity,Solidarity & Kindness,,fr,"Demander De L'Aide, C'Est Du Courage - Solidarity & Kindness (French) Design","« Demander De L'Aide, C'Est Du Courage » en typographie or et noir, minimaliste et percutante. Un design pour les bienveillant·es et allié·es. Idée cadeau parfaite, à porter ou offrir. Disponible sur t-shirt, sweat, sticker, mug, tote bag, poster et plus. #solidarity #typographie","be kind, you matter, solidarity, anti bullying, kindness, demander, l'aide, c'est, courage, solidarity & kindness, funny shirt, typography, minimalist, aesthetic, gift idea, trendy design, statement tee, for men, for women",produits/solidaire/so_demander_aide_fr__dark.png,produits/solidaire/so_demander_aide_fr__light.png
so_gentillesse_fr,solidaire,solidarity,Solidarity & Kindness,,fr,Sois Gentil. Fort. Et Exprès. - Solidarity & Kindness (French) Design,"« Sois Gentil. Fort. Et Exprès. » en typographie or et noir, minimaliste et percutante. Un design pour les bienveillant·es et allié·es. Idée cadeau parfaite, à porter ou offrir. Disponible sur t-shirt, sweat, sticker, mug, tote bag, poster et plus. #solidarity #typographie","be kind, you matter, solidarity, anti bullying, kindness, sois, gentil, fort, exprès, solidarity & kindness, funny shirt, typography, minimalist, aesthetic, gift idea, trendy design, statement tee, for men, for women",produits/solidaire/so_gentillesse_fr__dark.png,produits/solidaire/so_gentillesse_fr__light.png
so_harcelement_fr,solidaire,solidarity,Solidarity & Kindness,,fr,Le Harcèlement S'Arrête Avec Moi - Solidarity & Kindness (French) Design,"« Le Harcèlement S'Arrête Avec Moi » en typographie or et noir, minimaliste et percutante. Un design pour les bienveillant·es et allié·es. Idée cadeau parfaite, à porter ou offrir. Disponible sur t-shirt, sweat, sticker, mug, tote bag, poster et plus. #solidarity #typographie","be kind, you matter, solidarity, anti bullying, kindness, harcèlement, s'arrête, solidarity & kindness, funny shirt, typography, minimalist, aesthetic, gift idea, trendy design, statement tee, for men, for women",produits/solidaire/so_harcelement_fr__dark.png,produits/solidaire/so_harcelement_fr__light.png
so_jamais_seul_fr,solidaire,solidarity,Solidarity & Kindness,,fr,Personne Ne Lutte Tout Seul - Solidarity & Kindness (French) Design,"« Personne Ne Lutte Tout Seul » en typographie or et noir, minimaliste et percutante. Un design pour les bienveillant·es et allié·es. Idée cadeau parfaite, à porter ou offrir. Disponible sur t-shirt, sweat, sticker, mug, tote bag, poster et plus. #solidarity #typographie","be kind, you matter, solidarity, anti bullying, kindness, personne, lutte, seul, solidarity & kindness, funny shirt, typography, minimalist, aesthetic, gift idea, trendy design, statement tee, for men, for women",produits/solidaire/so_jamais_seul_fr__dark.png,produits/solidaire/so_jamais_seul_fr__light.png
so_je_marche_fr,solidaire,solidarity,Solidarity & Kindness,,fr,Besoin ? Je Marche Avec Toi - Solidarity & Kindness (French) Design,"« Besoin ? Je Marche Avec Toi » en typographie or et noir, minimaliste et percutante. Un design pour les bienveillant·es et allié·es. Idée cadeau parfaite, à porter ou offrir. Disponible sur t-shirt, sweat, sticker, mug, tote bag, poster et plus. #solidarity #typographie","be kind, you matter, solidarity, anti bullying, kindness, besoin, marche, solidarity & kindness, funny shirt, typography, minimalist, aesthetic, gift idea, trendy design, statement tee, for men, for women",produits/solidaire/so_je_marche_fr__dark.png,produits/solidaire/so_je_marche_fr__light.png
so_kind_loud_en,solidaire,solidarity,Solidarity & Kindness,,en,Be Kind. Out Loud. On Purpose. - Solidarity & Kindness Typography Design,"""Be Kind. Out Loud. On Purpose."" in clean gold-and-black minimalist typography. A statement design for kind people and allies. Makes a perfect gift to wear or give. Available on tees, hoodies, stickers, mugs, tote bags, posters and more. #solidarity #typography","be kind, you matter, solidarity, anti bullying, kindness, kind, loud, purpose, solidarity & kindness, funny shirt, typography, minimalist, aesthetic, gift idea, trendy design, statement tee, for men, for women",produits/solidaire/so_kind_loud_en__dark.png,produits/solidaire/so_kind_loud_en__light.png
so_lonely_talk_en,solidaire,solidarity,Solidarity & Kindness,,en,Lonely? Talk To Me - Solidarity & Kindness Typography Design,"""Lonely? Talk To Me"" in clean gold-and-black minimalist typography. A statement design for kind people and allies. Makes a perfect gift to wear or give. Available on tees, hoodies, stickers, mugs, tote bags, posters and more. #solidarity #typography","be kind, you matter, solidarity, anti bullying, kindness, lonely, talk, solidarity & kindness, funny shirt, typography, minimalist, aesthetic, gift idea, trendy design, statement tee, for men, for women",produits/solidaire/so_lonely_talk_en__dark.png,produits/solidaire/so_lonely_talk_en__light.png
so_mauvais_jour_fr,solidaire,solidarity,Solidarity & Kindness,,fr,Pas La Forme ? Je Suis Là - Solidarity & Kindness (French) Design,"« Pas La Forme ? Je Suis Là » en typographie or et noir, minimaliste et percutante. Un design pour les bienveillant·es et allié·es. Idée cadeau parfaite, à porter ou offrir. Disponible sur t-shirt, sweat, sticker, mug, tote bag, poster et plus. #solidarity #typographie","be kind, you matter, solidarity, anti bullying, kindness, forme, suis, solidarity & kindness, funny shirt, typography, minimalist, aesthetic, gift idea, trendy design, statement tee, for men, for women",produits/solidaire/so_mauvais_jour_fr__dark.png,produits/solidaire/so_mauvais_jour_fr__light.png
so_no_harass_en,solidaire,solidarity,Solidarity & Kindness,,en,Harassment Stops With Me - Solidarity & Kindness Typography Design,"""Harassment Stops With Me"" in clean gold-and-black minimalist typography. A statement design for kind people and allies. Makes a perfect gift to wear or give. Available on tees, hoodies, stickers, mugs, tote bags, posters and more. #solidarity #typography","be kind, you matter, solidarity, anti bullying, kindness, harassment, stops, solidarity & kindness, funny shirt, typography, minimalist, aesthetic, gift idea, trendy design, statement tee, for men, for women",produits/solidaire/so_no_harass_en__dark.png,produits/solidaire/so_no_harass_en__light.png
so_no_one_alone_en,solidaire,solidarity,Solidarity & Kindness,,en,No One Fights Alone - Solidarity & Kindness Typography Design,"""No One Fights Alone"" in clean gold-and-black minimalist typography. A statement design for kind people and allies. Makes a perfect gift to wear or give. Available on tees, hoodies, stickers, mugs, tote bags, posters and more. #solidarity #typography","be kind, you matter, solidarity, anti bullying, kindness, fights, alone, solidarity & kindness, funny shirt, typography, minimalist, aesthetic, gift idea, trendy design, statement tee, for men, for women",produits/solidaire/so_no_one_alone_en__dark.png,produits/solidaire/so_no_one_alone_en__light.png
so_personne_safe_fr,solidaire,solidarity,Solidarity & Kindness,,fr,"Avec Moi, Tu Es En Sécurité - Solidarity & Kindness (French) Design","« Avec Moi, Tu Es En Sécurité » en typographie or et noir, minimaliste et percutante. Un design pour les bienveillant·es et allié·es. Idée cadeau parfaite, à porter ou offrir. Disponible sur t-shirt, sweat, sticker, mug, tote bag, poster et plus. #solidarity #typographie","be kind, you matter, solidarity, anti bullying, kindness, sécurité, solidarity & kindness, funny shirt, typography, minimalist, aesthetic, gift idea, trendy design, statement tee, for men, for women",produits/solidaire/so_personne_safe_fr__dark.png,produits/solidaire/so_personne_safe_fr__light.png
so_place_libre_fr,solidaire,solidarity,Solidarity & Kindness,,fr,Cette Place Est Toujours Libre Pour Toi - Solidarity & Kindness (French) Design,"« Cette Place Est Toujours Libre Pour Toi » en typographie or et noir, minimaliste et percutante. Un design pour les bienveillant·es et allié·es. Idée cadeau parfaite, à porter ou offrir. Disponible sur t-shirt, sweat, sticker, mug, tote bag, poster et plus. #solidarity #typographie","be kind, you matter, solidarity, anti bullying, kindness, place, toujours, libre, solidarity & kindness, funny shirt, typography, minimalist, aesthetic, gift idea, trendy design, statement tee, for men, for women",produits/solidaire/so_place_libre_fr__dark.png,produits/solidaire/so_place_libre_fr__light.png
so_prends_des_nouvelles_fr,solidaire,solidarity,Solidarity & Kindness,,fr,Prends Des Nouvelles De Tes Potes - Solidarity & Kindness (French) Design,"« Prends Des Nouvelles De Tes Potes » en typographie or et noir, minimaliste et percutante. Un design pour les bienveillant·es et allié·es. Idée cadeau parfaite, à porter ou offrir. Disponible sur t-shirt, sweat, sticker, mug, tote bag, poster et plus. #solidarity #typographie","be kind, you matter, solidarity, anti bullying, kindness, prends, nouvelles, potes, solidarity & kindness, funny shirt, typography, minimalist, aesthetic, gift idea, trendy design, statement tee, for men, for women",produits/solidaire/so_prends_des_nouvelles_fr__dark.png,produits/solidaire/so_prends_des_nouvelles_fr__light.png
so_safe_person_en,solidaire,solidarity,Solidarity & Kindness,,en,You're Safe With Me - Solidarity & Kindness Typography Design,"""You're Safe With Me"" in clean gold-and-black minimalist typography. A statement design for kind people and allies. Makes a perfect gift to wear or give. Available on tees, hoodies, stickers, mugs, tote bags, posters and more. #solidarity #typography","be kind, you matter, solidarity, anti bullying, kindness, you're, safe, solidarity & kindness, funny shirt, typography, minimalist, aesthetic, gift idea, trendy design, statement tee, for men, for women",produits/solidaire/so_safe_person_en__dark.png,produits/solidaire/so_safe_person_en__light.png
so_seul_parle_fr,solidaire,solidarity,Solidarity & Kindness,,fr,Seul(e) ? Viens Me Parler - Solidarity & Kindness (French) Design,"« Seul(e) ? Viens Me Parler » en typographie or et noir, minimaliste et percutante. Un design pour les bienveillant·es et allié·es. Idée cadeau parfaite, à porter ou offrir. Disponible sur t-shirt, sweat, sticker, mug, tote bag, poster et plus. #solidarity #typographie","be kind, you matter, solidarity, anti bullying, kindness, seul, viens, parler, solidarity & kindness, funny shirt, typography, minimalist, aesthetic, gift idea, trendy design, statement tee, for men, for women",produits/solidaire/so_seul_parle_fr__dark.png,produits/solidaire/so_seul_parle_fr__light.png
so_sit_here_en,solidaire,solidarity,Solidarity & Kindness,,en,This Seat Is Always Free For You - Solidarity & Kindness Typography Design,"""This Seat Is Always Free For You"" in clean gold-and-black minimalist typography. A statement design for kind people and allies. Makes a perfect gift to wear or give. Available on tees, hoodies, stickers, mugs, tote bags, posters and more. #solidarity #typography","be kind, you matter, solidarity, anti bullying, kindness, seat, always, free, solidarity & kindness, funny shirt, typography, minimalist, aesthetic, gift idea, trendy design, statement tee, for men, for women",produits/solidaire/so_sit_here_en__dark.png,produits/solidaire/so_sit_here_en__light.png
so_still_here_en,solidaire,solidarity,Solidarity & Kindness,,en,Still Here. Still Rooting For You - Solidarity & Kindness Typography Design,"""Still Here. Still Rooting For You"" in clean gold-and-black minimalist typography. A statement design for kind people and allies. Makes a perfect gift to wear or give. Available on tees, hoodies, stickers, mugs, tote bags, posters and more. #solidarity #typography","be kind, you matter, solidarity, anti bullying, kindness, still, here, rooting, solidarity & kindness, funny shirt, typography, minimalist, aesthetic, gift idea, trendy design, statement tee, for men, for women",produits/solidaire/so_still_here_en__dark.png,produits/solidaire/so_still_here_en__light.png
so_tiens_bon_fr,solidaire,solidarity,Solidarity & Kindness,,fr,Tiens Bon. On Est Plus Forts Ensemble - Solidarity & Kindness (French) Design,"« Tiens Bon. On Est Plus Forts Ensemble » en typographie or et noir, minimaliste et percutante. Un design pour les bienveillant·es et allié·es. Idée cadeau parfaite, à porter ou offrir. Disponible sur t-shirt, sweat, sticker, mug, tote bag, poster et plus. #solidarity #typographie","be kind, you matter, solidarity, anti bullying, kindness, tiens, forts, ensemble, solidarity & kindness, funny shirt, typography, minimalist, aesthetic, gift idea, trendy design, statement tee, for men, for women",produits/solidaire/so_tiens_bon_fr__dark.png,produits/solidaire/so_tiens_bon_fr__light.png
so_tu_comptes_fr,solidaire,solidarity,Solidarity & Kindness,,fr,"Tu Comptes. Oui, Toi. - Solidarity & Kindness (French) Design","« Tu Comptes. Oui, Toi. » en typographie or et noir, minimaliste et percutante. Un design pour les bienveillant·es et allié·es. Idée cadeau parfaite, à porter ou offrir. Disponible sur t-shirt, sweat, sticker, mug, tote bag, poster et plus. #solidarity #typographie","be kind, you matter, solidarity, anti bullying, kindness, comptes, solidarity & kindness, funny shirt, typography, minimalist, aesthetic, gift idea, trendy design, statement tee, for men, for women",produits/solidaire/so_tu_comptes_fr__dark.png,produits/solidaire/so_tu_comptes_fr__light.png
so_walk_with_you_en,solidaire,solidarity,Solidarity & Kindness,,en,Need Someone? I'll Walk With You - Solidarity & Kindness Typography Design,"""Need Someone? I'll Walk With You"" in clean gold-and-black minimalist typography. A statement design for kind people and allies. Makes a perfect gift to wear or give. Available on tees, hoodies, stickers, mugs, tote bags, posters and more. #solidarity #typography","be kind, you matter, solidarity, anti bullying, kindness, need, someone, i'll, walk, solidarity & kindness, funny shirt, typography, minimalist, aesthetic, gift idea, trendy design, statement tee, for men, for women",produits/solidaire/so_walk_with_you_en__dark.png,produits/solidaire/so_walk_with_you_en__light.png
so_you_matter_en,solidaire,solidarity,Solidarity & Kindness,,en,"You Matter. Yes, You. - Solidarity & Kindness Typography Design","""You Matter. Yes, You."" in clean gold-and-black minimalist typography. A statement design for kind people and allies. Makes a perfect gift to wear or give. Available on tees, hoodies, stickers, mugs, tote bags, posters and more. #solidarity #typography","be kind, you matter, solidarity, anti bullying, kindness, matter, solidarity & kindness, funny shirt, typography, minimalist, aesthetic, gift idea, trendy design, statement tee, for men, for women",produits/solidaire/so_you_matter_en__dark.png,produits/solidaire/so_you_matter_en__light.png
cp_vagal_en,niches,stoner,Stoner & Festival,cold_plunge,en,Vagal Tone High Tolerance Higher - Stoner & Festival Typography Design,"""Vagal Tone High Tolerance Higher"" in clean gold-and-black minimalist typography. A statement design for stoners and festival-goers. Makes a perfect gift to wear or give. Available on tees, hoodies, stickers, mugs, tote bags, posters and more. #stoner #typography","420, weed, stoner, cannabis, festival, high vibes, vagal, tone, high, tolerance, higher, cold plunge, stoner & festival, funny shirt, typography, minimalist, aesthetic, gift idea, trendy design, statement tee, for men, for women",produits/niches/cp_vagal_en__dark.png,produits/niches/cp_vagal_en__light.png
golf_bogey_life_en,niches,stoner,Stoner & Festival,golf,en,Bogey Golfer Champion Attitude - Stoner & Festival Typography Design,"""Bogey Golfer Champion Attitude"" in clean gold-and-black minimalist typography. A statement design for stoners and festival-goers. Makes a perfect gift to wear or give. Available on tees, hoodies, stickers, mugs, tote bags, posters and more. #stoner #typography","420, weed, stoner, cannabis, festival, high vibes, bogey, golfer, champion, attitude, golf, stoner & festival, funny shirt, typography, minimalist, aesthetic, gift idea, trendy design, statement tee, for men, for women",produits/niches/golf_bogey_life_en__dark.png,produits/niches/golf_bogey_life_en__light.png
st_420_friendly_rasta,stoner,stoner,Stoner & Festival,,en,420 Friendly - Stoner & Festival Typography Design,"""420 Friendly"" in clean gold-and-black minimalist typography. A statement design for stoners and festival-goers. Makes a perfect gift to wear or give. Available on tees, hoodies, stickers, mugs, tote bags, posters and more. #stoner #typography","420, weed, stoner, cannabis, festival, high vibes, friendly, stoner & festival, funny shirt, typography, minimalist, aesthetic, gift idea, trendy design, statement tee, for men, for women",produits/stoner/st_420_friendly_rasta__dark.png,produits/stoner/st_420_friendly_rasta__light.png
st_420_rasta,stoner,stoner,Stoner & Festival,,xx,420 - Stoner & Festival Typography Design,"""420"" in clean gold-and-black minimalist typography. A statement design for stoners and festival-goers. Makes a perfect gift to wear or give. Available on tees, hoodies, stickers, mugs, tote bags, posters and more. #stoner #typography","420, weed, stoner, cannabis, festival, high vibes, stoner & festival, funny shirt, typography, minimalist, aesthetic, gift idea, trendy design, statement tee, for men, for women",produits/stoner/st_420_rasta__dark.png,produits/stoner/st_420_rasta__light.png
st_baked_en,stoner,stoner,Stoner & Festival,,en,I Love Baking (Wink) - Stoner & Festival Typography Design,"""I Love Baking (Wink)"" in clean gold-and-black minimalist typography. A statement design for stoners and festival-goers. Makes a perfect gift to wear or give. Available on tees, hoodies, stickers, mugs, tote bags, posters and more. #stoner #typography","420, weed, stoner, cannabis, festival, high vibes, love, baking, wink, stoner & festival, funny shirt, typography, minimalist, aesthetic, gift idea, trendy design, statement tee, for men, for women",produits/stoner/st_baked_en__dark.png,produits/stoner/st_baked_en__light.png
st_blaze_jamaica,stoner,stoner,Stoner & Festival,,en,Blaze It - Stoner & Festival Typography Design,"""Blaze It"" in clean gold-and-black minimalist typography. A statement design for stoners and festival-goers. Makes a perfect gift to wear or give. Available on tees, hoodies, stickers, mugs, tote bags, posters and more. #stoner #typography","420, weed, stoner, cannabis, festival, high vibes, blaze, stoner & festival, funny shirt, typography, minimalist, aesthetic, gift idea, trendy design, statement tee, for men, for women",produits/stoner/st_blaze_jamaica__dark.png,produits/stoner/st_blaze_jamaica__light.png
st_brownie_fr,stoner,stoner,Stoner & Festival,,fr,Mes Brownies Sont Un Peu Spéciaux - Stoner & Festival (French) Design,"« Mes Brownies Sont Un Peu Spéciaux » en typographie or et noir, minimaliste et percutante. Un design pour les stoners et festivalier·es. Idée cadeau parfaite, à porter ou offrir. Disponible sur t-shirt, sweat, sticker, mug, tote bag, poster et plus. #stoner #typographie","420, weed, stoner, cannabis, festival, high vibes, brownies, spéciaux, stoner & festival, funny shirt, typography, minimalist, aesthetic, gift idea, trendy design, statement tee, for men, for women",produits/stoner/st_brownie_fr__dark.png,produits/stoner/st_brownie_fr__light.png
st_brownies_en,stoner,stoner,Stoner & Festival,,en,My Brownies Hit Different - Stoner & Festival Typography Design,"""My Brownies Hit Different"" in clean gold-and-black minimalist typography. A statement design for stoners and festival-goers. Makes a perfect gift to wear or give. Available on tees, hoodies, stickers, mugs, tote bags, posters and more. #stoner #typography","420, weed, stoner, cannabis, festival, high vibes, brownies, different, stoner & festival, funny shirt, typography, minimalist, aesthetic, gift idea, trendy design, statement tee, for men, for women",produits/stoner/st_brownies_en__dark.png,produits/stoner/st_brownies_en__light.png
st_champis_fr,stoner,stoner,Stoner & Festival,,fr,J'Aime Les Champis Mais Je Parle Pas De Morilles - Stoner & Festival (French) Design,"« J'Aime Les Champis Mais Je Parle Pas De Morilles » en typographie or et noir, minimaliste et percutante. Un design pour les stoners et festivalier·es. Idée cadeau parfaite, à porter ou offrir. Disponible sur t-shirt, sweat, sticker, mug, tote bag, poster et plus. #stoner #typographie","420, weed, stoner, cannabis, festival, high vibes, j'aime, champis, parle, morilles, stoner & festival, funny shirt, typography, minimalist, aesthetic, gift idea, trendy design, statement tee, for men, for women",produits/stoner/st_champis_fr__dark.png,produits/stoner/st_champis_fr__light.png
st_good_trip_rasta,stoner,stoner,Stoner & Festival,,en,Good Trip - Stoner & Festival Typography Design,"""Good Trip"" in clean gold-and-black minimalist typography. A statement design for stoners and festival-goers. Makes a perfect gift to wear or give. Available on tees, hoodies, stickers, mugs, tote bags, posters and more. #stoner #typography","420, weed, stoner, cannabis, festival, high vibes, good, trip, stoner & festival, funny shirt, typography, minimalist, aesthetic, gift idea, trendy design, statement tee, for men, for women",produits/stoner/st_good_trip_rasta__dark.png,produits/stoner/st_good_trip_rasta__light.png
st_herbal_en,stoner,stoner,Stoner & Festival,,en,Certified Herbal Enthusiast - Stoner & Festival Typography Design,"""Certified Herbal Enthusiast"" in clean gold-and-black minimalist typography. A statement design for stoners and festival-goers. Makes a perfect gift to wear or give. Available on tees, hoodies, stickers, mugs, tote bags, posters and more. #stoner #typography","420, weed, stoner, cannabis, festival, high vibes, certified, herbal, enthusiast, stoner & festival, funny shirt, typography, minimalist, aesthetic, gift idea, trendy design, statement tee, for men, for women",produits/stoner/st_herbal_en__dark.png,produits/stoner/st_herbal_en__light.png
st_high_on_life_en,stoner,stoner,Stoner & Festival,,en,High On Life (And A Couple Other Things) - Stoner & Festival Typography Design,"""High On Life (And A Couple Other Things)"" in clean gold-and-black minimalist typography. A statement design for stoners and festival-goers. Makes a perfect gift to wear or give. Available on tees, hoodies, stickers, mugs, tote bags, posters and more. #stoner #typography","420, weed, stoner, cannabis, festival, high vibes, high, life, couple, other, things, stoner & festival, funny shirt, typography, minimalist, aesthetic, gift idea, trendy design, statement tee, for men, for women",produits/stoner/st_high_on_life_en__dark.png,produits/stoner/st_high_on_life_en__light.png
st_high_vibes_rasta,stoner,stoner,Stoner & Festival,,en,High Vibes - Stoner & Festival Typography Design,"""High Vibes"" in clean gold-and-black minimalist typography. A statement design for stoners and festival-goers. Makes a perfect gift to wear or give. Available on tees, hoodies, stickers, mugs, tote bags, posters and more. #stoner #typography","420, weed, stoner, cannabis, festival, high vibes, high, vibes, stoner & festival, funny shirt, typography, minimalist, aesthetic, gift idea, trendy design, statement tee, for men, for women",produits/stoner/st_high_vibes_rasta__dark.png,produits/stoner/st_high_vibes_rasta__light.png
st_jardinage_fr,stoner,stoner,Stoner & Festival,,fr,J'Aime Le Jardinage Surtout Une Certaine Herbe - Stoner & Festival (French) Design,"« J'Aime Le Jardinage Surtout Une Certaine Herbe » en typographie or et noir, minimaliste et percutante. Un design pour les stoners et festivalier·es. Idée cadeau parfaite, à porter ou offrir. Disponible sur t-shirt, sweat, sticker, mug, tote bag, poster et plus. #stoner #typographie","420, weed, stoner, cannabis, festival, high vibes, j'aime, jardinage, surtout, certaine, herbe, stoner & festival, funny shirt, typography, minimalist, aesthetic, gift idea, trendy design, statement tee, for men, for women",produits/stoner/st_jardinage_fr__dark.png,produits/stoner/st_jardinage_fr__light.png
st_legalize_en,stoner,stoner,Stoner & Festival,,en,Legalize Good Vibes - Stoner & Festival Typography Design,"""Legalize Good Vibes"" in clean gold-and-black minimalist typography. A statement design for stoners and festival-goers. Makes a perfect gift to wear or give. Available on tees, hoodies, stickers, mugs, tote bags, posters and more. #stoner #typography","420, weed, stoner, cannabis, festival, high vibes, legalize, good, vibes, stoner & festival, funny shirt, typography, minimalist, aesthetic, gift idea, trendy design, statement tee, for men, for women",produits/stoner/st_legalize_en__dark.png,produits/stoner/st_legalize_en__light.png
st_medite_fr,stoner,stoner,Stoner & Festival,,fr,Je Médite Avec Un Petit Coup De Main - Stoner & Festival (French) Design,"« Je Médite Avec Un Petit Coup De Main » en typographie or et noir, minimaliste et percutante. Un design pour les stoners et festivalier·es. Idée cadeau parfaite, à porter ou offrir. Disponible sur t-shirt, sweat, sticker, mug, tote bag, poster et plus. #stoner #typographie","420, weed, stoner, cannabis, festival, high vibes, médite, petit, coup, main, stoner & festival, funny shirt, typography, minimalist, aesthetic, gift idea, trendy design, statement tee, for men, for women",produits/stoner/st_medite_fr__dark.png,produits/stoner/st_medite_fr__light.png
st_one_love_rasta,stoner,stoner,Stoner & Festival,,en,One Love - Stoner & Festival Typography Design,"""One Love"" in clean gold-and-black minimalist typography. A statement design for stoners and festival-goers. Makes a perfect gift to wear or give. Available on tees, hoodies, stickers, mugs, tote bags, posters and more. #stoner #typography","420, weed, stoner, cannabis, festival, high vibes, love, stoner & festival, funny shirt, typography, minimalist, aesthetic, gift idea, trendy design, statement tee, for men, for women",produits/stoner/st_one_love_rasta__dark.png,produits/stoner/st_one_love_rasta__light.png
st_peace_jamaica,stoner,stoner,Stoner & Festival,,en,Peace & Love - Stoner & Festival Typography Design,"""Peace & Love"" in clean gold-and-black minimalist typography. A statement design for stoners and festival-goers. Makes a perfect gift to wear or give. Available on tees, hoodies, stickers, mugs, tote bags, posters and more. #stoner #typography","420, weed, stoner, cannabis, festival, high vibes, peace, love, stoner & festival, funny shirt, typography, minimalist, aesthetic, gift idea, trendy design, statement tee, for men, for women",produits/stoner/st_peace_jamaica__dark.png,produits/stoner/st_peace_jamaica__light.png
st_roule_fr,stoner,stoner,Stoner & Festival,,fr,Je Roule... Mes Cigarettes Moi-Même - Stoner & Festival (French) Design,"« Je Roule... Mes Cigarettes Moi-Même » en typographie or et noir, minimaliste et percutante. Un design pour les stoners et festivalier·es. Idée cadeau parfaite, à porter ou offrir. Disponible sur t-shirt, sweat, sticker, mug, tote bag, poster et plus. #stoner #typographie","420, weed, stoner, cannabis, festival, high vibes, roule, cigarettes, même, stoner & festival, funny shirt, typography, minimalist, aesthetic, gift idea, trendy design, statement tee, for men, for women",produits/stoner/st_roule_fr__dark.png,produits/stoner/st_roule_fr__light.png
st_stay_high_rasta,stoner,stoner,Stoner & Festival,,en,Stay High - Stoner & Festival Typography Design,"""Stay High"" in clean gold-and-black minimalist typography. A statement design for stoners and festival-goers. Makes a perfect gift to wear or give. Available on tees, hoodies, stickers, mugs, tote bags, posters and more. #stoner #typography","420, weed, stoner, cannabis, festival, high vibes, stay, high, stoner & festival, funny shirt, typography, minimalist, aesthetic, gift idea, trendy design, statement tee, for men, for women",produits/stoner/st_stay_high_rasta__dark.png,produits/stoner/st_stay_high_rasta__light.png
st_sunset_session_en,stoner,stoner,Stoner & Festival,,en,Sunset Session Enthusiast - Stoner & Festival Typography Design,"""Sunset Session Enthusiast"" in clean gold-and-black minimalist typography. A statement design for stoners and festival-goers. Makes a perfect gift to wear or give. Available on tees, hoodies, stickers, mugs, tote bags, posters and more. #stoner #typography","420, weed, stoner, cannabis, festival, high vibes, sunset, session, enthusiast, stoner & festival, funny shirt, typography, minimalist, aesthetic, gift idea, trendy design, statement tee, for men, for women",produits/stoner/st_sunset_session_en__dark.png,produits/stoner/st_sunset_session_en__light.png
st_tisane_fr,stoner,stoner,Stoner & Festival,,fr,Soirée Tisane (C'Est Pas De La Tisane) - Stoner & Festival (French) Design,"« Soirée Tisane (C'Est Pas De La Tisane) » en typographie or et noir, minimaliste et percutante. Un design pour les stoners et festivalier·es. Idée cadeau parfaite, à porter ou offrir. Disponible sur t-shirt, sweat, sticker, mug, tote bag, poster et plus. #stoner #typographie","420, weed, stoner, cannabis, festival, high vibes, soirée, tisane, c'est, stoner & festival, funny shirt, typography, minimalist, aesthetic, gift idea, trendy design, statement tee, for men, for women",produits/stoner/st_tisane_fr__dark.png,produits/stoner/st_tisane_fr__light.png
tr_highly_caffeinated_en,trending,stoner,Stoner & Festival,,en,Highly Caffeinated - Stoner & Festival Typography Design,"""Highly Caffeinated"" in clean gold-and-black minimalist typography. A statement design for stoners and festival-goers. Makes a perfect gift to wear or give. Available on tees, hoodies, stickers, mugs, tote bags, posters and more. #stoner #typography","420, weed, stoner, cannabis, festival, high vibes, highly, caffeinated, stoner & festival, funny shirt, typography, minimalist, aesthetic, gift idea, trendy design, statement tee, for men, for women",produits/trending/tr_highly_caffeinated_en__dark.png,produits/trending/tr_highly_caffeinated_en__light.png
tr_quiet_quitting_en,trending,stoner,Stoner & Festival,,en,Quiet Quitting Champion - Stoner & Festival Typography Design,"""Quiet Quitting Champion"" in clean gold-and-black minimalist typography. A statement design for stoners and festival-goers. Makes a perfect gift to wear or give. Available on tees, hoodies, stickers, mugs, tote bags, posters and more. #stoner #typography","420, weed, stoner, cannabis, festival, high vibes, quiet, quitting, champion, stoner & festival, funny shirt, typography, minimalist, aesthetic, gift idea, trendy design, statement tee, for men, for women",produits/trending/tr_quiet_quitting_en__dark.png,produits/trending/tr_quiet_quitting_en__light.png
tr_adventure_awaits_en,trending,travel,Travel & Outdoors,,en,Adventure Awaits - Travel & Outdoors Typography Design,"""Adventure Awaits"" in clean gold-and-black minimalist typography. A statement design for travelers and adventurers. Makes a perfect gift to wear or give. Available on tees, hoodies, stickers, mugs, tote bags, posters and more. #travel #typography","travel gift, wanderlust, adventure, mountains, outdoors, awaits, travel & outdoors, funny shirt, typography, minimalist, aesthetic, gift idea, trendy design, statement tee, for men, for women",produits/trending/tr_adventure_awaits_en__dark.png,produits/trending/tr_adventure_awaits_en__light.png
tr_beach_hair_en,trending,travel,Travel & Outdoors,,en,Beach Hair Don't Care - Travel & Outdoors Typography Design,"""Beach Hair Don't Care"" in clean gold-and-black minimalist typography. A statement design for travelers and adventurers. Makes a perfect gift to wear or give. Available on tees, hoodies, stickers, mugs, tote bags, posters and more. #travel #typography","travel gift, wanderlust, adventure, mountains, outdoors, beach, hair, don't, care, travel & outdoors, funny shirt, typography, minimalist, aesthetic, gift idea, trendy design, statement tee, for men, for women",produits/trending/tr_beach_hair_en__dark.png,produits/trending/tr_beach_hair_en__light.png
tr_resting_beach_en,trending,travel,Travel & Outdoors,,en,Resting Beach Face - Travel & Outdoors Typography Design,"""Resting Beach Face"" in clean gold-and-black minimalist typography. A statement design for travelers and adventurers. Makes a perfect gift to wear or give. Available on tees, hoodies, stickers, mugs, tote bags, posters and more. #travel #typography","travel gift, wanderlust, adventure, mountains, outdoors, resting, beach, face, travel & outdoors, funny shirt, typography, minimalist, aesthetic, gift idea, trendy design, statement tee, for men, for women",produits/trending/tr_resting_beach_en__dark.png,produits/trending/tr_resting_beach_en__light.png
an_alergique_fr,anti,work,Work & Office Humor,,fr,"Allergique Aux Fachos, Patrons, Lundis, Hypocrites, Cons, Menteurs, - Work & Office Humor (French) Design","« Allergique Aux Fachos, Patrons, Lundis, Hypocrites, Cons, Menteurs, » en typographie or et noir, minimaliste et percutante. Un design pour les salarié·es fatigué·es et accros au bureau. Idée cadeau parfaite, à porter ou offrir. Disponible sur t-shirt, sweat, sticker, mug, tote bag, poster et plus. #work #typographie","office humor, work shirt, coworker gift, monday, sarcastic work, allergique, fachos, patrons, lundis, hypocrites, work & office humor, funny shirt, typography, minimalist, aesthetic, gift idea, trendy design, statement tee, for men, for women",produits/anti/an_alergique_fr__dark.png,produits/anti/an_alergique_fr__light.png
he_overtime_en,heart,work,Work & Office Humor,,en,I love Overtime - Work & Office Humor Typography Design,"""I love Overtime"" in clean gold-and-black minimalist typography. A statement design for tired employees and office workers. Makes a perfect gift to wear or give. Available on tees, hoodies, stickers, mugs, tote bags, posters and more. #work #typography","office humor, work shirt, coworker gift, monday, sarcastic work, love, overtime, work & office humor, funny shirt, typography, minimalist, aesthetic, gift idea, trendy design, statement tee, for men, for women",produits/heart/he_overtime_en__dark.png,produits/heart/he_overtime_en__light.png
mal_bosse_fr,niches,work,Work & Office Humor,malinois,fr,Mon Malinois Bosse Moi Non - Work & Office Humor (French) Design,"« Mon Malinois Bosse Moi Non » en typographie or et noir, minimaliste et percutante. Un design pour les salarié·es fatigué·es et accros au bureau. Idée cadeau parfaite, à porter ou offrir. Disponible sur t-shirt, sweat, sticker, mug, tote bag, poster et plus. #work #typographie","office humor, work shirt, coworker gift, monday, sarcastic work, malinois, bosse, work & office humor, funny shirt, typography, minimalist, aesthetic, gift idea, trendy design, statement tee, for men, for women",produits/niches/mal_bosse_fr__dark.png,produits/niches/mal_bosse_fr__light.png
swim_pool_office_en,niches,work,Work & Office Humor,swimming,en,The Pool Is My Office - Work & Office Humor Typography Design,"""The Pool Is My Office"" in clean gold-and-black minimalist typography. A statement design for tired employees and office workers. Makes a perfect gift to wear or give. Available on tees, hoodies, stickers, mugs, tote bags, posters and more. #work #typography","office humor, work shirt, coworker gift, monday, sarcastic work, pool, office, swimming, work & office humor, funny shirt, typography, minimalist, aesthetic, gift idea, trendy design, statement tee, for men, for women",produits/niches/swim_pool_office_en__dark.png,produits/niches/swim_pool_office_en__light.png
tennis_love_all_en,niches,work,Work & Office Humor,tennis,en,Love All (Except Mondays) - Work & Office Humor Typography Design,"""Love All (Except Mondays)"" in clean gold-and-black minimalist typography. A statement design for tired employees and office workers. Makes a perfect gift to wear or give. Available on tees, hoodies, stickers, mugs, tote bags, posters and more. #work #typography","office humor, work shirt, coworker gift, monday, sarcastic work, love, except, mondays, tennis, work & office humor, funny shirt, typography, minimalist, aesthetic, gift idea, trendy design, statement tee, for men, for women",produits/niches/tennis_love_all_en__dark.png,produits/niches/tennis_love_all_en__light.png
vet_underrated_en,niches,work,Work & Office Humor,vet_tech,en,"Underpaid, Overworked Totally Worth It - Work & Office Humor Typography Design","""Underpaid, Overworked Totally Worth It"" in clean gold-and-black minimalist typography. A statement design for tired employees and office workers. Makes a perfect gift to wear or give. Available on tees, hoodies, stickers, mugs, tote bags, posters and more. #work #typography","office humor, work shirt, coworker gift, monday, sarcastic work, underpaid, overworked, totally, worth, vet tech, work & office humor, funny shirt, typography, minimalist, aesthetic, gift idea, trendy design, statement tee, for men, for women",produits/niches/vet_underrated_en__dark.png,produits/niches/vet_underrated_en__light.png
pv_argent_loyer_fr,proverbes,work,Work & Office Humor,,fr,"L'Argent Ne Fait Pas Le Bonheur, Mais Il Paie Le Loyer - Work & Office Humor (French) Design","« L'Argent Ne Fait Pas Le Bonheur, Mais Il Paie Le Loyer » en typographie or et noir, minimaliste et percutante. Un design pour les salarié·es fatigué·es et accros au bureau. Idée cadeau parfaite, à porter ou offrir. Disponible sur t-shirt, sweat, sticker, mug, tote bag, poster et plus. #work #typographie","office humor, work shirt, coworker gift, monday, sarcastic work, l'argent, bonheur, paie, loyer, work & office humor, funny shirt, typography, minimalist, aesthetic, gift idea, trendy design, statement tee, for men, for women",produits/proverbes/pv_argent_loyer_fr__dark.png,produits/proverbes/pv_argent_loyer_fr__light.png
pl_99_en,punchlines,work,Work & Office Humor,,en,99 Problems And Rent Is 98 - Work & Office Humor Typography Design,"""99 Problems And Rent Is 98"" in clean gold-and-black minimalist typography. A statement design for tired employees and office workers. Makes a perfect gift to wear or give. Available on tees, hoodies, stickers, mugs, tote bags, posters and more. #work #typography","office humor, work shirt, coworker gift, monday, sarcastic work, problems, rent, work & office humor, funny shirt, typography, minimalist, aesthetic, gift idea, trendy design, statement tee, for men, for women",produits/punchlines/pl_99_en__dark.png,produits/punchlines/pl_99_en__light.png
pl_99_loyer_fr,punchlines,work,Work & Office Humor,,fr,99 Problèmes Et Le Loyer En Est 98 - Work & Office Humor (French) Design,"« 99 Problèmes Et Le Loyer En Est 98 » en typographie or et noir, minimaliste et percutante. Un design pour les salarié·es fatigué·es et accros au bureau. Idée cadeau parfaite, à porter ou offrir. Disponible sur t-shirt, sweat, sticker, mug, tote bag, poster et plus. #work #typographie","office humor, work shirt, coworker gift, monday, sarcastic work, problèmes, loyer, work & office humor, funny shirt, typography, minimalist, aesthetic, gift idea, trendy design, statement tee, for men, for women",produits/punchlines/pl_99_loyer_fr__dark.png,produits/punchlines/pl_99_loyer_fr__light.png
pl_enfer_lundi_fr,punchlines,work,Work & Office Humor,,fr,L'Enfer C'Est Les Autres (Et Le Lundi) - Work & Office Humor (French) Design,"« L'Enfer C'Est Les Autres (Et Le Lundi) » en typographie or et noir, minimaliste et percutante. Un design pour les salarié·es fatigué·es et accros au bureau. Idée cadeau parfaite, à porter ou offrir. Disponible sur t-shirt, sweat, sticker, mug, tote bag, poster et plus. #work #typographie","office humor, work shirt, coworker gift, monday, sarcastic work, l'enfer, c'est, autres, lundi, work & office humor, funny shirt, typography, minimalist, aesthetic, gift idea, trendy design, statement tee, for men, for women",produits/punchlines/pl_enfer_lundi_fr__dark.png,produits/punchlines/pl_enfer_lundi_fr__light.png
pl_extinct_en,punchlines,work,Work & Office Humor,,en,Currently Going Extinct - Work & Office Humor Typography Design,"""Currently Going Extinct"" in clean gold-and-black minimalist typography. A statement design for tired employees and office workers. Makes a perfect gift to wear or give. Available on tees, hoodies, stickers, mugs, tote bags, posters and more. #work #typography","office humor, work shirt, coworker gift, monday, sarcastic work, currently, going, extinct, work & office humor, funny shirt, typography, minimalist, aesthetic, gift idea, trendy design, statement tee, for men, for women",produits/punchlines/pl_extinct_en__dark.png,produits/punchlines/pl_extinct_en__light.png
pl_grande_demission_fr,punchlines,work,Work & Office Humor,,fr,Grande Démission Intérieure - Work & Office Humor (French) Design,"« Grande Démission Intérieure » en typographie or et noir, minimaliste et percutante. Un design pour les salarié·es fatigué·es et accros au bureau. Idée cadeau parfaite, à porter ou offrir. Disponible sur t-shirt, sweat, sticker, mug, tote bag, poster et plus. #work #typographie","office humor, work shirt, coworker gift, monday, sarcastic work, grande, démission, intérieure, work & office humor, funny shirt, typography, minimalist, aesthetic, gift idea, trendy design, statement tee, for men, for women",produits/punchlines/pl_grande_demission_fr__dark.png,produits/punchlines/pl_grande_demission_fr__light.png
pl_lundi_crime_fr,punchlines,work,Work & Office Humor,,fr,Le Lundi Devrait Être Illégal - Work & Office Humor (French) Design,"« Le Lundi Devrait Être Illégal » en typographie or et noir, minimaliste et percutante. Un design pour les salarié·es fatigué·es et accros au bureau. Idée cadeau parfaite, à porter ou offrir. Disponible sur t-shirt, sweat, sticker, mug, tote bag, poster et plus. #work #typographie","office humor, work shirt, coworker gift, monday, sarcastic work, lundi, devrait, illégal, work & office humor, funny shirt, typography, minimalist, aesthetic, gift idea, trendy design, statement tee, for men, for women",produits/punchlines/pl_lundi_crime_fr__dark.png,produits/punchlines/pl_lundi_crime_fr__light.png
pl_monday_crime_en,punchlines,work,Work & Office Humor,,en,Mondays Should Be Illegal - Work & Office Humor Typography Design,"""Mondays Should Be Illegal"" in clean gold-and-black minimalist typography. A statement design for tired employees and office workers. Makes a perfect gift to wear or give. Available on tees, hoodies, stickers, mugs, tote bags, posters and more. #work #typography","office humor, work shirt, coworker gift, monday, sarcastic work, mondays, should, illegal, work & office humor, funny shirt, typography, minimalist, aesthetic, gift idea, trendy design, statement tee, for men, for women",produits/punchlines/pl_monday_crime_en__dark.png,produits/punchlines/pl_monday_crime_en__light.png
pl_overqualified_en,punchlines,work,Work & Office Humor,,en,Overqualified And Underpaid - Work & Office Humor Typography Design,"""Overqualified And Underpaid"" in clean gold-and-black minimalist typography. A statement design for tired employees and office workers. Makes a perfect gift to wear or give. Available on tees, hoodies, stickers, mugs, tote bags, posters and more. #work #typography","office humor, work shirt, coworker gift, monday, sarcastic work, overqualified, underpaid, work & office humor, funny shirt, typography, minimalist, aesthetic, gift idea, trendy design, statement tee, for men, for women",produits/punchlines/pl_overqualified_en__dark.png,produits/punchlines/pl_overqualified_en__light.png
pl_quiet_quitting_en,punchlines,work,Work & Office Humor,,en,Quietly Quitting Everything - Work & Office Humor Typography Design,"""Quietly Quitting Everything"" in clean gold-and-black minimalist typography. A statement design for tired employees and office workers. Makes a perfect gift to wear or give. Available on tees, hoodies, stickers, mugs, tote bags, posters and more. #work #typography","office humor, work shirt, coworker gift, monday, sarcastic work, quietly, quitting, everything, work & office humor, funny shirt, typography, minimalist, aesthetic, gift idea, trendy design, statement tee, for men, for women",produits/punchlines/pl_quiet_quitting_en__dark.png,produits/punchlines/pl_quiet_quitting_en__light.png
pl_romanticizing_en,punchlines,work,Work & Office Humor,,en,Currently Romanticizing My Own Collapse - Work & Office Humor Typography Design,"""Currently Romanticizing My Own Collapse"" in clean gold-and-black minimalist typography. A statement design for tired employees and office workers. Makes a perfect gift to wear or give. Available on tees, hoodies, stickers, mugs, tote bags, posters and more. #work #typography","office humor, work shirt, coworker gift, monday, sarcastic work, currently, romanticizing, collapse, work & office humor, funny shirt, typography, minimalist, aesthetic, gift idea, trendy design, statement tee, for men, for women",produits/punchlines/pl_romanticizing_en__dark.png,produits/punchlines/pl_romanticizing_en__light.png
pl_surdiplome_fr,punchlines,work,Work & Office Humor,,fr,Surdiplômé Et Sous-Payé - Work & Office Humor (French) Design,"« Surdiplômé Et Sous-Payé » en typographie or et noir, minimaliste et percutante. Un design pour les salarié·es fatigué·es et accros au bureau. Idée cadeau parfaite, à porter ou offrir. Disponible sur t-shirt, sweat, sticker, mug, tote bag, poster et plus. #work #typographie","office humor, work shirt, coworker gift, monday, sarcastic work, surdiplômé, sous, payé, work & office humor, funny shirt, typography, minimalist, aesthetic, gift idea, trendy design, statement tee, for men, for women",produits/punchlines/pl_surdiplome_fr__dark.png,produits/punchlines/pl_surdiplome_fr__light.png
tr_allergique_lundi_fr,trending,work,Work & Office Humor,,fr,Allergique Au Lundi - Work & Office Humor (French) Design,"« Allergique Au Lundi » en typographie or et noir, minimaliste et percutante. Un design pour les salarié·es fatigué·es et accros au bureau. Idée cadeau parfaite, à porter ou offrir. Disponible sur t-shirt, sweat, sticker, mug, tote bag, poster et plus. #work #typographie","office humor, work shirt, coworker gift, monday, sarcastic work, allergique, lundi, work & office humor, funny shirt, typography, minimalist, aesthetic, gift idea, trendy design, statement tee, for men, for women",produits/trending/tr_allergique_lundi_fr__dark.png,produits/trending/tr_allergique_lundi_fr__light.png
tr_boss_energy_en,trending,work,Work & Office Humor,,en,Boss Energy - Work & Office Humor Typography Design,"""Boss Energy"" in clean gold-and-black minimalist typography. A statement design for tired employees and office workers. Makes a perfect gift to wear or give. Available on tees, hoodies, stickers, mugs, tote bags, posters and more. #work #typography","office humor, work shirt, coworker gift, monday, sarcastic work, boss, energy, work & office humor, funny shirt, typography, minimalist, aesthetic, gift idea, trendy design, statement tee, for men, for women",produits/trending/tr_boss_energy_en__dark.png,produits/trending/tr_boss_energy_en__light.png
tr_lundi_non_fr,trending,work,Work & Office Humor,,fr,"Lundi, On Se Connaît Pas - Work & Office Humor (French) Design","« Lundi, On Se Connaît Pas » en typographie or et noir, minimaliste et percutante. Un design pour les salarié·es fatigué·es et accros au bureau. Idée cadeau parfaite, à porter ou offrir. Disponible sur t-shirt, sweat, sticker, mug, tote bag, poster et plus. #work #typographie","office humor, work shirt, coworker gift, monday, sarcastic work, lundi, connaît, work & office humor, funny shirt, typography, minimalist, aesthetic, gift idea, trendy design, statement tee, for men, for women",produits/trending/tr_lundi_non_fr__dark.png,produits/trending/tr_lundi_non_fr__light.png
tr_out_of_office_en,trending,work,Work & Office Humor,,en,Out Of Office Forever - Work & Office Humor Typography Design,"""Out Of Office Forever"" in clean gold-and-black minimalist typography. A statement design for tired employees and office workers. Makes a perfect gift to wear or give. Available on tees, hoodies, stickers, mugs, tote bags, posters and more. #work #typography","office humor, work shirt, coworker gift, monday, sarcastic work, office, forever, work & office humor, funny shirt, typography, minimalist, aesthetic, gift idea, trendy design, statement tee, for men, for women",produits/trending/tr_out_of_office_en__dark.png,produits/trending/tr_out_of_office_en__light.png
tr_trop_mignonne_fr,trending,work,Work & Office Humor,,fr,Trop Mignonne Pour Lundi - Work & Office Humor (French) Design,"« Trop Mignonne Pour Lundi » en typographie or et noir, minimaliste et percutante. Un design pour les salarié·es fatigué·es et accros au bureau. Idée cadeau parfaite, à porter ou offrir. Disponible sur t-shirt, sweat, sticker, mug, tote bag, poster et plus. #work #typographie","office humor, work shirt, coworker gift, monday, sarcastic work, trop, mignonne, lundi, work & office humor, funny shirt, typography, minimalist, aesthetic, gift idea, trendy design, statement tee, for men, for women",produits/trending/tr_trop_mignonne_fr__dark.png,produits/trending/tr_trop_mignonne_fr__light.png
wa_lundi_fr,warning,work,Work & Office Humor,,fr,Le Lundi Tue (Le Moral) - Work & Office Humor (French) Design,"« Le Lundi Tue (Le Moral) » en typographie or et noir, minimaliste et percutante. Un design pour les salarié·es fatigué·es et accros au bureau. Idée cadeau parfaite, à porter ou offrir. Disponible sur t-shirt, sweat, sticker, mug, tote bag, poster et plus. #work #typographie","office humor, work shirt, coworker gift, monday, sarcastic work, lundi, moral, work & office humor, funny shirt, typography, minimalist, aesthetic, gift idea, trendy design, statement tee, for men, for women",produits/warning/wa_lundi_fr__dark.png,produits/warning/wa_lundi_fr__light.png
