id,collection,theme,theme_label,subniche,lang,title,tags,file_dark,file_light
he_gveganes_fr,heart,animals,Animal Rights & Vegan,,fr,J' love Les (Vé)Gens | Animal Rights & Vegan (French) Design,"vegan, animal rights, vegan gift, save animals, plant based, cruelty free, animal lover, love, gens, heart, animal rights & vegan, funny shirt, typography, minimalist, aesthetic, gift idea, trendy, statement tee",produits/heart/he_gveganes_fr__dark.png,produits/heart/he_gveganes_fr__light.png
id_vegan_en,identite,animals,Animal Rights & Vegan,,en,Vegan | Animal Rights & Vegan (English) Design,"vegan, animal rights, vegan gift, save animals, plant based, cruelty free, animal lover, identite, animal rights & vegan, funny shirt, typography, minimalist, aesthetic, gift idea, trendy, statement tee",produits/identite/id_vegan_en__dark.png,produits/identite/id_vegan_en__light.png
id_vegana_es,identite,animals,Animal Rights & Vegan,,es,Vegana | Animal Rights & Vegan (Spanish) Design,"vegan, animal rights, vegan gift, save animals, plant based, cruelty free, animal lover, vegana, identite, animal rights & vegan, funny shirt, typography, minimalist, aesthetic, gift idea, trendy, statement tee",produits/identite/id_vegana_es__dark.png,produits/identite/id_vegana_es__light.png
vegan_loud_en,niches,animals,Animal Rights & Vegan,vegan,en,Vegan & Loud About It | Animal Rights & Vegan (English) Design,"vegan, animal rights, vegan gift, save animals, plant based, cruelty free, animal lover, loud, about, niches, animal rights & vegan, funny shirt, typography, minimalist, aesthetic, gift idea, trendy, statement tee",produits/niches/vegan_loud_en__dark.png,produits/niches/vegan_loud_en__light.png
vegan_powered_plants_en,niches,animals,Animal Rights & Vegan,vegan,en,Powered by Plants | Animal Rights & Vegan (English) Design,"vegan, animal rights, vegan gift, save animals, plant based, cruelty free, animal lover, powered, plants, niches, animal rights & vegan, funny shirt, typography, minimalist, aesthetic, gift idea, trendy, statement tee",produits/niches/vegan_powered_plants_en__dark.png,produits/niches/vegan_powered_plants_en__light.png
vegan_protein_en,niches,animals,Animal Rights & Vegan,vegan,en,But Where Do You Get Your Protein? | Animal Rights & Vegan (English) Design,"vegan, animal rights, vegan gift, save animals, plant based, cruelty free, animal lover, where, protein, niches, animal rights & vegan, funny shirt, typography, minimalist, aesthetic, gift idea, trendy, statement tee",produits/niches/vegan_protein_en__dark.png,produits/niches/vegan_protein_en__light.png
vet_hug_animals_en,niches,animals,Animal Rights & Vegan,vet_tech,en,I Hug Animals for a Living | Animal Rights & Vegan (English) Design,"vegan, animal rights, vegan gift, save animals, plant based, cruelty free, animal lover, animals, living, vet tech, niches, animal rights & vegan, funny shirt, typography, minimalist, aesthetic, gift idea, trendy, statement tee",produits/niches/vet_hug_animals_en__dark.png,produits/niches/vet_hug_animals_en__light.png
pl_abattoir_fr,punchlines,animals,Animal Rights & Vegan,,fr,"Un Cri Dans L'Abattoir, Un Silence Dans L'Assiette | Animal Rights & Vegan (French) Design","vegan, animal rights, vegan gift, save animals, plant based, cruelty free, animal lover, l'abattoir, silence, l'assiette, punchlines, animal rights & vegan, funny shirt, typography, minimalist, aesthetic, gift idea, trendy, statement tee",produits/punchlines/pl_abattoir_fr__dark.png,produits/punchlines/pl_abattoir_fr__light.png
pl_cage_fr,punchlines,animals,Animal Rights & Vegan,,fr,La Cage N'Est Jamais Confortable | Animal Rights & Vegan (French) Design,"vegan, animal rights, vegan gift, save animals, plant based, cruelty free, animal lover, cage, n'est, jamais, confortable, punchlines, animal rights & vegan, funny shirt, typography, minimalist, aesthetic, gift idea, trendy, statement tee",produits/punchlines/pl_cage_fr__dark.png,produits/punchlines/pl_cage_fr__light.png
pl_corrida_fr,punchlines,animals,Animal Rights & Vegan,,fr,La Corrida Est Un Meurtre | Animal Rights & Vegan (French) Design,"vegan, animal rights, vegan gift, save animals, plant based, cruelty free, animal lover, corrida, meurtre, punchlines, animal rights & vegan, funny shirt, typography, minimalist, aesthetic, gift idea, trendy, statement tee",produits/punchlines/pl_corrida_fr__dark.png,produits/punchlines/pl_corrida_fr__light.png
pl_eat_rich_vegan_en,punchlines,animals,Animal Rights & Vegan,,en,"Eat The Rich. Plant-Based, Obviously. | Animal Rights & Vegan (English) Design","vegan, animal rights, vegan gift, save animals, plant based, cruelty free, animal lover, rich, plant, based, obviously, punchlines, animal rights & vegan, funny shirt, typography, minimalist, aesthetic, gift idea, trendy, statement tee",produits/punchlines/pl_eat_rich_vegan_en__dark.png,produits/punchlines/pl_eat_rich_vegan_en__light.png
pl_elevage_crime_fr,punchlines,animals,Animal Rights & Vegan,,fr,L'Élevage Intensif Est Un Crime | Animal Rights & Vegan (French) Design,"vegan, animal rights, vegan gift, save animals, plant based, cruelty free, animal lover, l'élevage, intensif, crime, punchlines, animal rights & vegan, funny shirt, typography, minimalist, aesthetic, gift idea, trendy, statement tee",produits/punchlines/pl_elevage_crime_fr__dark.png,produits/punchlines/pl_elevage_crime_fr__light.png
pl_fourrure_honte_fr,punchlines,animals,Animal Rights & Vegan,,fr,"La Fourrure, C'Est La Honte | Animal Rights & Vegan (French) Design","vegan, animal rights, vegan gift, save animals, plant based, cruelty free, animal lover, fourrure, c'est, honte, punchlines, animal rights & vegan, funny shirt, typography, minimalist, aesthetic, gift idea, trendy, statement tee",produits/punchlines/pl_fourrure_honte_fr__dark.png,produits/punchlines/pl_fourrure_honte_fr__light.png
pl_manteau_fr,punchlines,animals,Animal Rights & Vegan,,fr,Leur Peau N'Est Pas Un Manteau | Animal Rights & Vegan (French) Design,"vegan, animal rights, vegan gift, save animals, plant based, cruelty free, animal lover, peau, n'est, manteau, punchlines, animal rights & vegan, funny shirt, typography, minimalist, aesthetic, gift idea, trendy, statement tee",produits/punchlines/pl_manteau_fr__dark.png,produits/punchlines/pl_manteau_fr__light.png
pl_not_food_en,punchlines,animals,Animal Rights & Vegan,,en,Not Food. Someone. | Animal Rights & Vegan (English) Design,"vegan, animal rights, vegan gift, save animals, plant based, cruelty free, animal lover, food, someone, punchlines, animal rights & vegan, funny shirt, typography, minimalist, aesthetic, gift idea, trendy, statement tee",produits/punchlines/pl_not_food_en__dark.png,produits/punchlines/pl_not_food_en__light.png
pl_specisme_fr,punchlines,animals,Animal Rights & Vegan,,fr,Le Spécisme Est Une Idéologie | Animal Rights & Vegan (French) Design,"vegan, animal rights, vegan gift, save animals, plant based, cruelty free, animal lover, spécisme, idéologie, punchlines, animal rights & vegan, funny shirt, typography, minimalist, aesthetic, gift idea, trendy, statement tee",produits/punchlines/pl_specisme_fr__dark.png,produits/punchlines/pl_specisme_fr__light.png
pl_steak_cadavre_fr,punchlines,animals,Animal Rights & Vegan,,fr,Un Steak = Un Cadavre | Animal Rights & Vegan (French) Design,"vegan, animal rights, vegan gift, save animals, plant based, cruelty free, animal lover, steak, cadavre, punchlines, animal rights & vegan, funny shirt, typography, minimalist, aesthetic, gift idea, trendy, statement tee",produits/punchlines/pl_steak_cadavre_fr__dark.png,produits/punchlines/pl_steak_cadavre_fr__light.png
rev_friends_food_en,revendications,animals,Animal Rights & Vegan,,en,"Animals Are Friends, Not Food | Animal Rights & Vegan (English) Design","vegan, animal rights, vegan gift, save animals, plant based, cruelty free, animal lover, animals, friends, food, revendications, animal rights & vegan, funny shirt, typography, minimalist, aesthetic, gift idea, trendy, statement tee",produits/revendications/rev_friends_food_en__dark.png,produits/revendications/rev_friends_food_en__light.png
rev_vegan_pas_chiant_fr,revendications,animals,Animal Rights & Vegan,,fr,Vegan Et Pas Chiant (Promis) | Animal Rights & Vegan (French) Design,"vegan, animal rights, vegan gift, save animals, plant based, cruelty free, animal lover, chiant, promis, revendications, animal rights & vegan, funny shirt, typography, minimalist, aesthetic, gift idea, trendy, statement tee",produits/revendications/rev_vegan_pas_chiant_fr__dark.png,produits/revendications/rev_vegan_pas_chiant_fr__light.png
an_against_en,anti,antiracism,Anti-Racism,,en,"Against Hate, Greed, Fascism, Pollution, Bigotry, Cruelty, | Anti-Racism (English) Design","anti racism, human rights, social justice, equality, no racism, solidarity, against, hate, greed, fascism, pollution, anti, anti-racism, funny shirt, typography, minimalist, aesthetic, gift idea, trendy, statement tee",produits/anti/an_against_en__dark.png,produits/anti/an_against_en__light.png
an_anti_en,anti,antiracism,Anti-Racism,,en,"Anti Fascism, Capitalism, Billionaires, Polluters, Racism, Patriarchy, | Anti-Racism (English) Design","anti racism, human rights, social justice, equality, no racism, solidarity, anti, fascism, capitalism, billionaires, polluters, anti-racism, funny shirt, typography, minimalist, aesthetic, gift idea, trendy, statement tee",produits/anti/an_anti_en__dark.png,produits/anti/an_anti_en__light.png
an_anticons_fr,anti,antiracism,Anti-Racism,,fr,"Anti Cons, Fachos, Pollueurs, Hypocrites, Lâches, Donneurs | Anti-Racism (French) Design","anti racism, human rights, social justice, equality, no racism, solidarity, anti, cons, fachos, pollueurs, hypocrites, anti-racism, funny shirt, typography, minimalist, aesthetic, gift idea, trendy, statement tee",produits/anti/an_anticons_fr__dark.png,produits/anti/an_anticons_fr__light.png
an_freezone_en,anti,antiracism,Anti-Racism,,en,"Free Of Racism, Homophobia, Sexism, Hate, Fear, Ableism, | Anti-Racism (English) Design","anti racism, human rights, social justice, equality, no racism, solidarity, free, racism, homophobia, sexism, hate, anti, anti-racism, funny shirt, typography, minimalist, aesthetic, gift idea, trendy, statement tee",produits/anti/an_freezone_en__dark.png,produits/anti/an_freezone_en__light.png
ar_not_facho_fr,arrow,antiracism,Anti-Racism,,fr,Pas D'Accord Avec Le Facho | Anti-Racism (French) Design,"anti racism, human rights, social justice, equality, no racism, solidarity, d'accord, facho, arrow, anti-racism, funny shirt, typography, minimalist, aesthetic, gift idea, trendy, statement tee",produits/arrow/ar_not_facho_fr__dark.png,produits/arrow/ar_not_facho_fr__light.png
co_babylon_en,corrige,antiracism,Anti-Racism,,en,Chase The Bag → System (Babylon) | Anti-Racism (English) Design,"anti racism, human rights, social justice, equality, no racism, solidarity, chase, system, babylon, corrige, anti-racism, funny shirt, typography, minimalist, aesthetic, gift idea, trendy, statement tee",produits/corrige/co_babylon_en__dark.png,produits/corrige/co_babylon_en__light.png
co_chat_juge_fr,corrige,antiracism,Anti-Racism,,fr,Mon Chat Juge Tout Le Monde → Surtout Les Fachos | Anti-Racism (French) Design,"anti racism, human rights, social justice, equality, no racism, solidarity, chat, juge, monde, surtout, fachos, corrige, anti-racism, funny shirt, typography, minimalist, aesthetic, gift idea, trendy, statement tee",produits/corrige/co_chat_juge_fr__dark.png,produits/corrige/co_chat_juge_fr__light.png
co_ok_boomer_en,corrige,antiracism,Anti-Racism,,en,Ok Boomer → Bigot | Anti-Racism (English) Design,"anti racism, human rights, social justice, equality, no racism, solidarity, boomer, bigot, corrige, anti-racism, funny shirt, typography, minimalist, aesthetic, gift idea, trendy, statement tee",produits/corrige/co_ok_boomer_en__dark.png,produits/corrige/co_ok_boomer_en__light.png
co_pas_raciste_fr,corrige,antiracism,Anti-Racism,,fr,"Je Suis Pas Raciste Mais... → (Si, En Fait) | Anti-Racism (French) Design","anti racism, human rights, social justice, equality, no racism, solidarity, suis, raciste, corrige, anti-racism, funny shirt, typography, minimalist, aesthetic, gift idea, trendy, statement tee",produits/corrige/co_pas_raciste_fr__dark.png,produits/corrige/co_pas_raciste_fr__light.png
fm_card_fachos_fr,formats,antiracism,Anti-Racism,card,fr,Carton Rouge Aux Fachos | Anti-Racism (French) Design,"anti racism, human rights, social justice, equality, no racism, solidarity, carton, rouge, fachos, card, formats, anti-racism, funny shirt, typography, minimalist, aesthetic, gift idea, trendy, statement tee",produits/formats/fm_card_fachos_fr__dark.png,produits/formats/fm_card_fachos_fr__light.png
fm_card_fascism_en,formats,antiracism,Anti-Racism,card,en,Red Card To Fascism | Anti-Racism (English) Design,"anti racism, human rights, social justice, equality, no racism, solidarity, card, fascism, formats, anti-racism, funny shirt, typography, minimalist, aesthetic, gift idea, trendy, statement tee",produits/formats/fm_card_fascism_en__dark.png,produits/formats/fm_card_fascism_en__light.png
fm_card_racism_en,formats,antiracism,Anti-Racism,card,en,Red Card To Racism | Anti-Racism (English) Design,"anti racism, human rights, social justice, equality, no racism, solidarity, card, racism, formats, anti-racism, funny shirt, typography, minimalist, aesthetic, gift idea, trendy, statement tee",produits/formats/fm_card_racism_en__dark.png,produits/formats/fm_card_racism_en__light.png
fm_card_racisme_fr,formats,antiracism,Anti-Racism,card,fr,Carton Rouge Au Racisme | Anti-Racism (French) Design,"anti racism, human rights, social justice, equality, no racism, solidarity, carton, rouge, racisme, card, formats, anti-racism, funny shirt, typography, minimalist, aesthetic, gift idea, trendy, statement tee",produits/formats/fm_card_racisme_fr__dark.png,produits/formats/fm_card_racisme_fr__light.png
he_immigrants_fr,heart,antiracism,Anti-Racism,,fr,J' love Les (Im)Migrants | Anti-Racism (French) Design,"anti racism, human rights, social justice, equality, no racism, solidarity, love, migrants, heart, anti-racism, funny shirt, typography, minimalist, aesthetic, gift idea, trendy, statement tee",produits/heart/he_immigrants_fr__dark.png,produits/heart/he_immigrants_fr__light.png
ir_facho_neurones_fr,ironique,antiracism,Anti-Racism,,fr,"Toi Et Tes Idées Fachos, Vous Faites Pas Le Poids | Anti-Racism (French) Design","anti racism, human rights, social justice, equality, no racism, solidarity, idées, fachos, faites, poids, ironique, anti-racism, funny shirt, typography, minimalist, aesthetic, gift idea, trendy, statement tee",produits/ironique/ir_facho_neurones_fr__dark.png,produits/ironique/ir_facho_neurones_fr__light.png
ir_great_personality_en,ironique,antiracism,Anti-Racism,,en,You Have A Great Personality For A Bigot | Anti-Racism (English) Design,"anti racism, human rights, social justice, equality, no racism, solidarity, great, personality, bigot, ironique, anti-racism, funny shirt, typography, minimalist, aesthetic, gift idea, trendy, statement tee",produits/ironique/ir_great_personality_en__dark.png,produits/ironique/ir_great_personality_en__light.png
ir_raciste_cul_fr,ironique,antiracism,Anti-Racism,,fr,"Si T'Es Raciste, Je Préfère Encore Parler À Un Cul | Anti-Racism (French) Design","anti racism, human rights, social justice, equality, no racism, solidarity, t'es, raciste, préfère, encore, parler, ironique, anti-racism, funny shirt, typography, minimalist, aesthetic, gift idea, trendy, statement tee",produits/ironique/ir_raciste_cul_fr__dark.png,produits/ironique/ir_raciste_cul_fr__light.png
ir_so_brave_en,ironique,antiracism,Anti-Racism,,en,Being Racist In Current Year? So Brave. | Anti-Racism (English) Design,"anti racism, human rights, social justice, equality, no racism, solidarity, being, racist, current, year, brave, ironique, anti-racism, funny shirt, typography, minimalist, aesthetic, gift idea, trendy, statement tee",produits/ironique/ir_so_brave_en__dark.png,produits/ironique/ir_so_brave_en__light.png
rev_antiraciste_defaut_fr,revendications,antiracism,Anti-Racism,,fr,Antiraciste Par Défaut | Anti-Racism (French) Design,"anti racism, human rights, social justice, equality, no racism, solidarity, antiraciste, défaut, revendications, anti-racism, funny shirt, typography, minimalist, aesthetic, gift idea, trendy, statement tee",produits/revendications/rev_antiraciste_defaut_fr__dark.png,produits/revendications/rev_antiraciste_defaut_fr__light.png
rev_babylon_en,revendications,antiracism,Anti-Racism,,en,Babylon System Is The Vampire | Anti-Racism (English) Design,"anti racism, human rights, social justice, equality, no racism, solidarity, babylon, system, vampire, revendications, anti-racism, funny shirt, typography, minimalist, aesthetic, gift idea, trendy, statement tee",produits/revendications/rev_babylon_en__dark.png,produits/revendications/rev_babylon_en__light.png
rev_babylone_fr,revendications,antiracism,Anti-Racism,,fr,"Babylone Tremble, On Arrive | Anti-Racism (French) Design","anti racism, human rights, social justice, equality, no racism, solidarity, babylone, tremble, arrive, revendications, anti-racism, funny shirt, typography, minimalist, aesthetic, gift idea, trendy, statement tee",produits/revendications/rev_babylone_fr__dark.png,produits/revendications/rev_babylone_fr__light.png
rev_chat_juge_fr,revendications,antiracism,Anti-Racism,,fr,Mon Chat Juge Les Fachos | Anti-Racism (French) Design,"anti racism, human rights, social justice, equality, no racism, solidarity, chat, juge, fachos, revendications, anti-racism, funny shirt, typography, minimalist, aesthetic, gift idea, trendy, statement tee",produits/revendications/rev_chat_juge_fr__dark.png,produits/revendications/rev_chat_juge_fr__light.png
rev_dogs_bigotry_en,revendications,antiracism,Anti-Racism,,en,Dogs Against Bigotry | Anti-Racism (English) Design,"anti racism, human rights, social justice, equality, no racism, solidarity, dogs, against, bigotry, revendications, anti-racism, funny shirt, typography, minimalist, aesthetic, gift idea, trendy, statement tee",produits/revendications/rev_dogs_bigotry_en__dark.png,produits/revendications/rev_dogs_bigotry_en__light.png
rev_fascisme_jamais_fr,revendications,antiracism,Anti-Racism,,fr,"Le Fascisme, Plus Jamais | Anti-Racism (French) Design","anti racism, human rights, social justice, equality, no racism, solidarity, fascisme, jamais, revendications, anti-racism, funny shirt, typography, minimalist, aesthetic, gift idea, trendy, statement tee",produits/revendications/rev_fascisme_jamais_fr__dark.png,produits/revendications/rev_fascisme_jamais_fr__light.png
rev_gamer_fascism_en,revendications,antiracism,Anti-Racism,,en,Gamers Against Fascism | Anti-Racism (English) Design,"anti racism, human rights, social justice, equality, no racism, solidarity, gamers, against, fascism, revendications, anti-racism, funny shirt, typography, minimalist, aesthetic, gift idea, trendy, statement tee",produits/revendications/rev_gamer_fascism_en__dark.png,produits/revendications/rev_gamer_fascism_en__light.png
rev_one_trick_en,revendications,antiracism,Anti-Racism,,en,Racists Hate This Trick: Empathy | Anti-Racism (English) Design,"anti racism, human rights, social justice, equality, no racism, solidarity, racists, hate, trick, empathy, revendications, anti-racism, funny shirt, typography, minimalist, aesthetic, gift idea, trendy, statement tee",produits/revendications/rev_one_trick_en__dark.png,produits/revendications/rev_one_trick_en__light.png
rev_racism_last_century_en,revendications,antiracism,Anti-Racism,,en,Racism Is So Last Century | Anti-Racism (English) Design,"anti racism, human rights, social justice, equality, no racism, solidarity, racism, last, century, revendications, anti-racism, funny shirt, typography, minimalist, aesthetic, gift idea, trendy, statement tee",produits/revendications/rev_racism_last_century_en__dark.png,produits/revendications/rev_racism_last_century_en__light.png
rev_racisme_moche_fr,revendications,antiracism,Anti-Racism,,fr,Le Racisme C'Est Moche. Comme Tes Idées. | Anti-Racism (French) Design,"anti racism, human rights, social justice, equality, no racism, solidarity, racisme, c'est, moche, comme, idées, revendications, anti-racism, funny shirt, typography, minimalist, aesthetic, gift idea, trendy, statement tee",produits/revendications/rev_racisme_moche_fr__dark.png,produits/revendications/rev_racisme_moche_fr__light.png
rev_runners_racism_en,revendications,antiracism,Anti-Racism,,en,Runners Against Racism | Anti-Racism (English) Design,"anti racism, human rights, social justice, equality, no racism, solidarity, runners, against, racism, revendications, anti-racism, funny shirt, typography, minimalist, aesthetic, gift idea, trendy, statement tee",produits/revendications/rev_runners_racism_en__dark.png,produits/revendications/rev_runners_racism_en__light.png
rev_tradition_en,revendications,antiracism,Anti-Racism,,en,Fighting Fascism Is Tradition | Anti-Racism (English) Design,"anti racism, human rights, social justice, equality, no racism, solidarity, fighting, fascism, tradition, revendications, anti-racism, funny shirt, typography, minimalist, aesthetic, gift idea, trendy, statement tee",produits/revendications/rev_tradition_en__dark.png,produits/revendications/rev_tradition_en__light.png
wa_babylone_fr,warning,antiracism,Anti-Racism,,fr,Babylone Tue (À Petit Feu) kills | Anti-Racism (French) Design,"anti racism, human rights, social justice, equality, no racism, solidarity, babylone, petit, kills, warning, anti-racism, funny shirt, typography, minimalist, aesthetic, gift idea, trendy, statement tee",produits/warning/wa_babylone_fr__dark.png,produits/warning/wa_babylone_fr__light.png
wa_racism_en,warning,antiracism,Anti-Racism,,en,Racism Kills (Literally) kills | Anti-Racism (English) Design,"anti racism, human rights, social justice, equality, no racism, solidarity, racism, kills, literally, warning, anti-racism, funny shirt, typography, minimalist, aesthetic, gift idea, trendy, statement tee",produits/warning/wa_racism_en__dark.png,produits/warning/wa_racism_en__light.png
wa_racisme_fr,warning,antiracism,Anti-Racism,,fr,Le Racisme Tue (Vraiment) kills | Anti-Racism (French) Design,"anti racism, human rights, social justice, equality, no racism, solidarity, racisme, vraiment, kills, warning, anti-racism, funny shirt, typography, minimalist, aesthetic, gift idea, trendy, statement tee",produits/warning/wa_racisme_fr__dark.png,produits/warning/wa_racisme_fr__light.png
ar_cat_lady_en,arrow,cats,Cats,,en,I'm With The Cat Lady | Cats (English) Design,"cat lover, cat mom, cat dad, cat lady, crazy cat, kitten, cat gift, lady, arrow, cats, funny shirt, typography, minimalist, aesthetic, gift idea, trendy, statement tee",produits/arrow/ar_cat_lady_en__dark.png,produits/arrow/ar_cat_lady_en__light.png
co_chats_droits_fr,corrige,cats,Cats,,fr,La Nuit Tous Les Chats Sont Gris → Ont Des Droits | Cats (French) Design,"cat lover, cat mom, cat dad, cat lady, crazy cat, kitten, cat gift, nuit, tous, chats, gris, droits, corrige, cats, funny shirt, typography, minimalist, aesthetic, gift idea, trendy, statement tee",produits/corrige/co_chats_droits_fr__dark.png,produits/corrige/co_chats_droits_fr__light.png
co_crazy_cat_en,corrige,cats,Cats,,en,Crazy Cat Lady → Feminist Cat Lady | Cats (English) Design,"cat lover, cat mom, cat dad, cat lady, crazy cat, kitten, cat gift, crazy, lady, feminist, corrige, cats, funny shirt, typography, minimalist, aesthetic, gift idea, trendy, statement tee",produits/corrige/co_crazy_cat_en__dark.png,produits/corrige/co_crazy_cat_en__light.png
fm_caution_catlady_en,formats,cats,Cats,caution,en,Caution Feral Cat Lady | Cats (English) Design,"cat lover, cat mom, cat dad, cat lady, crazy cat, kitten, cat gift, caution, feral, lady, formats, cats, funny shirt, typography, minimalist, aesthetic, gift idea, trendy, statement tee",produits/formats/fm_caution_catlady_en__dark.png,produits/formats/fm_caution_catlady_en__light.png
he_chats_lutte_fr,heart,cats,Cats,,fr,J' love Les Chats Et La Lutte | Cats (French) Design,"cat lover, cat mom, cat dad, cat lady, crazy cat, kitten, cat gift, love, chats, lutte, heart, cats, funny shirt, typography, minimalist, aesthetic, gift idea, trendy, statement tee",produits/heart/he_chats_lutte_fr__dark.png,produits/heart/he_chats_lutte_fr__light.png
he_hommes_chats_fr,heart,cats,Cats,,fr,J' love Hommes not Hommes but Chats | Cats (French) Design,"cat lover, cat mom, cat dad, cat lady, crazy cat, kitten, cat gift, love, hommes, chats, heart, cats, funny shirt, typography, minimalist, aesthetic, gift idea, trendy, statement tee",produits/heart/he_hommes_chats_fr__dark.png,produits/heart/he_hommes_chats_fr__light.png
id_cat_dad_en,identite,cats,Cats,,en,Cat Dad | Cats (English) Design,"cat lover, cat mom, cat dad, cat lady, crazy cat, kitten, cat gift, identite, cats, funny shirt, typography, minimalist, aesthetic, gift idea, trendy, statement tee",produits/identite/id_cat_dad_en__dark.png,produits/identite/id_cat_dad_en__light.png
id_cat_mom_en,identite,cats,Cats,,en,Cat Mom | Cats (English) Design,"cat lover, cat mom, cat dad, cat lady, crazy cat, kitten, cat gift, identite, cats, funny shirt, typography, minimalist, aesthetic, gift idea, trendy, statement tee",produits/identite/id_cat_mom_en__dark.png,produits/identite/id_cat_mom_en__light.png
id_katzenmama_de,identite,cats,Cats,,de,Katzen- Mama | Cats (German) Design,"cat lover, cat mom, cat dad, cat lady, crazy cat, kitten, cat gift, katzen, mama, identite, cats, funny shirt, typography, minimalist, aesthetic, gift idea, trendy, statement tee",produits/identite/id_katzenmama_de__dark.png,produits/identite/id_katzenmama_de__light.png
id_mae_gato_pt,identite,cats,Cats,,pt,Mãe De Gato | Cats (Portuguese) Design,"cat lover, cat mom, cat dad, cat lady, crazy cat, kitten, cat gift, gato, identite, cats, funny shirt, typography, minimalist, aesthetic, gift idea, trendy, statement tee",produits/identite/id_mae_gato_pt__dark.png,produits/identite/id_mae_gato_pt__light.png
id_maman_chat_fr,identite,cats,Cats,,fr,Maman De Chat | Cats (French) Design,"cat lover, cat mom, cat dad, cat lady, crazy cat, kitten, cat gift, maman, chat, identite, cats, funny shirt, typography, minimalist, aesthetic, gift idea, trendy, statement tee",produits/identite/id_maman_chat_fr__dark.png,produits/identite/id_maman_chat_fr__light.png
id_mamanpoule_fr,identite,cats,Cats,,fr,Maman Poule | Cats (French) Design,"cat lover, cat mom, cat dad, cat lady, crazy cat, kitten, cat gift, maman, poule, identite, cats, funny shirt, typography, minimalist, aesthetic, gift idea, trendy, statement tee",produits/identite/id_mamanpoule_fr__dark.png,produits/identite/id_mamanpoule_fr__light.png
id_mamma_gatti_it,identite,cats,Cats,,it,Mamma Di Gatti | Cats (Italian) Design,"cat lover, cat mom, cat dad, cat lady, crazy cat, kitten, cat gift, mamma, gatti, identite, cats, funny shirt, typography, minimalist, aesthetic, gift idea, trendy, statement tee",produits/identite/id_mamma_gatti_it__dark.png,produits/identite/id_mamma_gatti_it__light.png
bc_halloween_en,niches,cats,Cats,black_cats,en,My Cat Looks Like Halloween Year-Round | Cats (English) Design,"cat lover, cat mom, cat dad, cat lady, crazy cat, kitten, cat gift, looks, halloween, year, round, black cats, niches, cats, funny shirt, typography, minimalist, aesthetic, gift idea, trendy, statement tee",produits/niches/bc_halloween_en__dark.png,produits/niches/bc_halloween_en__light.png
bc_lint_roller_en,niches,cats,Cats,black_cats,en,Black Cat Owner Lint Roller Addict | Cats (English) Design,"cat lover, cat mom, cat dad, cat lady, crazy cat, kitten, cat gift, black, owner, lint, roller, addict, black cats, niches, cats, funny shirt, typography, minimalist, aesthetic, gift idea, trendy, statement tee",produits/niches/bc_lint_roller_en__dark.png,produits/niches/bc_lint_roller_en__light.png
cat_distractor_en,niches,cats,Cats,cats,en,Professional Cat Distractor | Cats (English) Design,"cat lover, cat mom, cat dad, cat lady, crazy cat, kitten, cat gift, professional, distractor, cats, niches, funny shirt, typography, minimalist, aesthetic, gift idea, trendy, statement tee",produits/niches/cat_distractor_en__dark.png,produits/niches/cat_distractor_en__light.png
cat_judging_en,niches,cats,Cats,cats,en,My Cat Is Judging You | Cats (English) Design,"cat lover, cat mom, cat dad, cat lady, crazy cat, kitten, cat gift, judging, cats, niches, funny shirt, typography, minimalist, aesthetic, gift idea, trendy, statement tee",produits/niches/cat_judging_en__dark.png,produits/niches/cat_judging_en__light.png
cat_lady_training_en,niches,cats,Cats,cats,en,Crazy Cat Lady in Training | Cats (English) Design,"cat lover, cat mom, cat dad, cat lady, crazy cat, kitten, cat gift, crazy, lady, training, cats, niches, funny shirt, typography, minimalist, aesthetic, gift idea, trendy, statement tee",produits/niches/cat_lady_training_en__dark.png,produits/niches/cat_lady_training_en__light.png
cat_sat_on_me_en,niches,cats,Cats,cats,en,Sorry I'm Late My Cat Sat on Me | Cats (English) Design,"cat lover, cat mom, cat dad, cat lady, crazy cat, kitten, cat gift, sorry, late, cats, niches, funny shirt, typography, minimalist, aesthetic, gift idea, trendy, statement tee",produits/niches/cat_sat_on_me_en__dark.png,produits/niches/cat_sat_on_me_en__light.png
coh_cancel_en,niches,cats,Cats,cat_over_humans,en,I Cancelled Plans to Stay Home with My Cat | Cats (English) Design,"cat lover, cat mom, cat dad, cat lady, crazy cat, kitten, cat gift, cancelled, plans, stay, home, cat over humans, niches, cats, funny shirt, typography, minimalist, aesthetic, gift idea, trendy, statement tee",produits/niches/coh_cancel_en__dark.png,produits/niches/coh_cancel_en__light.png
coh_judge_en,niches,cats,Cats,cat_over_humans,en,My Cat Judges Me But at Least She's Honest | Cats (English) Design,"cat lover, cat mom, cat dad, cat lady, crazy cat, kitten, cat gift, judges, least, she's, honest, cat over humans, niches, cats, funny shirt, typography, minimalist, aesthetic, gift idea, trendy, statement tee",produits/niches/coh_judge_en__dark.png,produits/niches/coh_judge_en__light.png
coh_more_know_en,niches,cats,Cats,cat_over_humans,en,The More I Know People The More I Love My Cat | Cats (English) Design,"cat lover, cat mom, cat dad, cat lady, crazy cat, kitten, cat gift, more, know, people, love, cat over humans, niches, cats, funny shirt, typography, minimalist, aesthetic, gift idea, trendy, statement tee",produits/niches/coh_more_know_en__dark.png,produits/niches/coh_more_know_en__light.png
coh_plus_connais_fr,niches,cats,Cats,cat_over_humans,fr,Plus je connais les gens Plus j'aime mon chat | Cats (French) Design,"cat lover, cat mom, cat dad, cat lady, crazy cat, kitten, cat gift, connais, gens, j'aime, chat, cat over humans, niches, cats, funny shirt, typography, minimalist, aesthetic, gift idea, trendy, statement tee",produits/niches/coh_plus_connais_fr__dark.png,produits/niches/coh_plus_connais_fr__light.png
coh_ronron_fr,niches,cats,Cats,cat_over_humans,fr,Mon chat ronronne Les gens m'épuisent | Cats (French) Design,"cat lover, cat mom, cat dad, cat lady, crazy cat, kitten, cat gift, chat, ronronne, gens, m'épuisent, cat over humans, niches, cats, funny shirt, typography, minimalist, aesthetic, gift idea, trendy, statement tee",produits/niches/coh_ronron_fr__dark.png,produits/niches/coh_ronron_fr__light.png
coh_ronronea_es,niches,cats,Cats,cat_over_humans,es,Mi gato ronronea La gente me cansa | Cats (Spanish) Design,"cat lover, cat mom, cat dad, cat lady, crazy cat, kitten, cat gift, gato, ronronea, gente, cansa, cat over humans, niches, cats, funny shirt, typography, minimalist, aesthetic, gift idea, trendy, statement tee",produits/niches/coh_ronronea_es__dark.png,produits/niches/coh_ronronea_es__light.png
mal_maligator_en,niches,cats,Cats,malinois,en,Maligator Owner | Cats (English) Design,"cat lover, cat mom, cat dad, cat lady, crazy cat, kitten, cat gift, maligator, owner, malinois, niches, cats, funny shirt, typography, minimalist, aesthetic, gift idea, trendy, statement tee",produits/niches/mal_maligator_en__dark.png,produits/niches/mal_maligator_en__light.png
pun_chat_chance_fr,niches,cats,Cats,wordplay_fr,fr,"Le chat de ma vie (pas de bol, c'est un chat) | Cats (French) Design","cat lover, cat mom, cat dad, cat lady, crazy cat, kitten, cat gift, chat, c'est, wordplay fr, niches, cats, funny shirt, typography, minimalist, aesthetic, gift idea, trendy, statement tee",produits/niches/pun_chat_chance_fr__dark.png,produits/niches/pun_chat_chance_fr__light.png
pun_gato_es,niches,cats,Cats,wordplay_es,es,Tengo un gato y muchos problemas | Cats (Spanish) Design,"cat lover, cat mom, cat dad, cat lady, crazy cat, kitten, cat gift, tengo, gato, muchos, problemas, wordplay es, niches, cats, funny shirt, typography, minimalist, aesthetic, gift idea, trendy, statement tee",produits/niches/pun_gato_es__dark.png,produits/niches/pun_gato_es__light.png
pv_chat_parti_fr,proverbes,cats,Cats,,fr,Quand Le Chat N'Est Pas Là Les Souris Télétravaillent | Cats (French) Design,"cat lover, cat mom, cat dad, cat lady, crazy cat, kitten, cat gift, quand, chat, n'est, souris, télétravaillent, proverbes, cats, funny shirt, typography, minimalist, aesthetic, gift idea, trendy, statement tee",produits/proverbes/pv_chat_parti_fr__dark.png,produits/proverbes/pv_chat_parti_fr__light.png
pl_certified_cat_en,punchlines,cats,Cats,,en,Certified By My Cat | Cats (English) Design,"cat lover, cat mom, cat dad, cat lady, crazy cat, kitten, cat gift, certified, punchlines, cats, funny shirt, typography, minimalist, aesthetic, gift idea, trendy, statement tee",produits/punchlines/pl_certified_cat_en__dark.png,produits/punchlines/pl_certified_cat_en__light.png
pl_chat_therapie_fr,punchlines,cats,Cats,,fr,Mon Chat Est Ma Thérapie | Cats (French) Design,"cat lover, cat mom, cat dad, cat lady, crazy cat, kitten, cat gift, chat, thérapie, punchlines, cats, funny shirt, typography, minimalist, aesthetic, gift idea, trendy, statement tee",produits/punchlines/pl_chat_therapie_fr__dark.png,produits/punchlines/pl_chat_therapie_fr__light.png
rev_chats_patriarcat_fr,revendications,cats,Cats,,fr,Chats > Patriarcat | Cats (French) Design,"cat lover, cat mom, cat dad, cat lady, crazy cat, kitten, cat gift, chats, patriarcat, revendications, cats, funny shirt, typography, minimalist, aesthetic, gift idea, trendy, statement tee",produits/revendications/rev_chats_patriarcat_fr__dark.png,produits/revendications/rev_chats_patriarcat_fr__light.png
rev_patriarcat_chat_fr,revendications,cats,Cats,,fr,"Pas De Patriarcat, Même Pour Mon Chat | Cats (French) Design","cat lover, cat mom, cat dad, cat lady, crazy cat, kitten, cat gift, patriarcat, même, chat, revendications, cats, funny shirt, typography, minimalist, aesthetic, gift idea, trendy, statement tee",produits/revendications/rev_patriarcat_chat_fr__dark.png,produits/revendications/rev_patriarcat_chat_fr__light.png
tr_cat_hair_en,trending,cats,Cats,,en,Cat Hair Don't Care | Cats (English) Design,"cat lover, cat mom, cat dad, cat lady, crazy cat, kitten, cat gift, hair, don't, care, trending, cats, funny shirt, typography, minimalist, aesthetic, gift idea, trendy, statement tee",produits/trending/tr_cat_hair_en__dark.png,produits/trending/tr_cat_hair_en__light.png
tr_chat_lover_fr,trending,cats,Cats,,fr,Chat Addict | Cats (French) Design,"cat lover, cat mom, cat dad, cat lady, crazy cat, kitten, cat gift, chat, addict, trending, cats, funny shirt, typography, minimalist, aesthetic, gift idea, trendy, statement tee",produits/trending/tr_chat_lover_fr__dark.png,produits/trending/tr_chat_lover_fr__light.png
an_pro_en,anti,climate,Climate & Ecology,,en,"Pro Equality, Climate, Cats, Naps, Justice, Kindness, | Climate & Ecology (English) Design","climate change, save the planet, ecology, environment, climate activist, earth day, eco friendly, equality, climate, cats, naps, justice, anti, climate & ecology, funny shirt, typography, minimalist, aesthetic, gift idea, trendy, statement tee",produits/anti/an_pro_en__dark.png,produits/anti/an_pro_en__light.png
ar_bees_en,arrow,climate,Climate & Ecology,,en,Ask Them About The Bees | Climate & Ecology (English) Design,"climate change, save the planet, ecology, environment, climate activist, earth day, eco friendly, them, about, bees, arrow, climate & ecology, funny shirt, typography, minimalist, aesthetic, gift idea, trendy, statement tee",produits/arrow/ar_bees_en__dark.png,produits/arrow/ar_bees_en__light.png
ar_climate_en,arrow,climate,Climate & Ecology,,en,I'm With Climate Action | Climate & Ecology (English) Design,"climate change, save the planet, ecology, environment, climate activist, earth day, eco friendly, climate, action, arrow, climate & ecology, funny shirt, typography, minimalist, aesthetic, gift idea, trendy, statement tee",produits/arrow/ar_climate_en__dark.png,produits/arrow/ar_climate_en__light.png
ar_greenwash_fr,arrow,climate,Climate & Ecology,,fr,Lui Il Croit Encore Au Greenwashing | Climate & Ecology (French) Design,"climate change, save the planet, ecology, environment, climate activist, earth day, eco friendly, croit, encore, greenwashing, arrow, climate & ecology, funny shirt, typography, minimalist, aesthetic, gift idea, trendy, statement tee",produits/arrow/ar_greenwash_fr__dark.png,produits/arrow/ar_greenwash_fr__light.png
co_climate_en,corrige,climate,Climate & Ecology,,en,I'm A Climate Skeptic → Climate Stupid | Climate & Ecology (English) Design,"climate change, save the planet, ecology, environment, climate activist, earth day, eco friendly, climate, skeptic, stupid, corrige, climate & ecology, funny shirt, typography, minimalist, aesthetic, gift idea, trendy, statement tee",produits/corrige/co_climate_en__dark.png,produits/corrige/co_climate_en__light.png
co_climato_fr,corrige,climate,Climate & Ecology,,fr,Je Suis Climatosceptique → Climato-Stupide | Climate & Ecology (French) Design,"climate change, save the planet, ecology, environment, climate activist, earth day, eco friendly, suis, climatosceptique, climato, stupide, corrige, climate & ecology, funny shirt, typography, minimalist, aesthetic, gift idea, trendy, statement tee",produits/corrige/co_climato_fr__dark.png,produits/corrige/co_climato_fr__light.png
co_flatearth_en,corrige,climate,Climate & Ecology,,en,Earth Is Flat? Free Thinker → Free Faller | Climate & Ecology (English) Design,"climate change, save the planet, ecology, environment, climate activist, earth day, eco friendly, earth, flat, free, thinker, faller, corrige, climate & ecology, funny shirt, typography, minimalist, aesthetic, gift idea, trendy, statement tee",produits/corrige/co_flatearth_en__dark.png,produits/corrige/co_flatearth_en__light.png
co_houston_en,corrige,climate,Climate & Ecology,,en,"Houston, We Have A Problem → Planet To Save | Climate & Ecology (English) Design","climate change, save the planet, ecology, environment, climate activist, earth day, eco friendly, houston, problem, planet, save, corrige, climate & ecology, funny shirt, typography, minimalist, aesthetic, gift idea, trendy, statement tee",produits/corrige/co_houston_en__dark.png,produits/corrige/co_houston_en__light.png
co_make_earth_en,corrige,climate,Climate & Ecology,,en,Make America Great Again → Earth Livable Again | Climate & Ecology (English) Design,"climate change, save the planet, ecology, environment, climate activist, earth day, eco friendly, make, america, great, again, earth, corrige, climate & ecology, funny shirt, typography, minimalist, aesthetic, gift idea, trendy, statement tee",produits/corrige/co_make_earth_en__dark.png,produits/corrige/co_make_earth_en__light.png
co_make_love_en,corrige,climate,Climate & Ecology,,en,"Make Love, Not War → Carbon | Climate & Ecology (English) Design","climate change, save the planet, ecology, environment, climate activist, earth day, eco friendly, make, love, carbon, corrige, climate & ecology, funny shirt, typography, minimalist, aesthetic, gift idea, trendy, statement tee",produits/corrige/co_make_love_en__dark.png,produits/corrige/co_make_love_en__light.png
co_planet_bee_en,corrige,climate,Climate & Ecology,,en,There Is No Planet B → Planet Bee | Climate & Ecology (English) Design,"climate change, save the planet, ecology, environment, climate activist, earth day, eco friendly, there, planet, corrige, climate & ecology, funny shirt, typography, minimalist, aesthetic, gift idea, trendy, statement tee",produits/corrige/co_planet_bee_en__dark.png,produits/corrige/co_planet_bee_en__light.png
co_save_planet_en,corrige,climate,Climate & Ecology,,en,Save The Date → Planet | Climate & Ecology (English) Design,"climate change, save the planet, ecology, environment, climate activist, earth day, eco friendly, save, date, planet, corrige, climate & ecology, funny shirt, typography, minimalist, aesthetic, gift idea, trendy, statement tee",produits/corrige/co_save_planet_en__dark.png,produits/corrige/co_save_planet_en__light.png
co_swimming_en,corrige,climate,Climate & Ecology,,en,Just Keep Swimming → The Oceans Clean | Climate & Ecology (English) Design,"climate change, save the planet, ecology, environment, climate activist, earth day, eco friendly, keep, swimming, oceans, clean, corrige, climate & ecology, funny shirt, typography, minimalist, aesthetic, gift idea, trendy, statement tee",produits/corrige/co_swimming_en__dark.png,produits/corrige/co_swimming_en__light.png
co_think_bees_en,corrige,climate,Climate & Ecology,,en,Think Globally → Of The Bees | Climate & Ecology (English) Design,"climate change, save the planet, ecology, environment, climate activist, earth day, eco friendly, think, globally, bees, corrige, climate & ecology, funny shirt, typography, minimalist, aesthetic, gift idea, trendy, statement tee",produits/corrige/co_think_bees_en__dark.png,produits/corrige/co_think_bees_en__light.png
he_capitalism_planet_en,heart,climate,Climate & Ecology,,en,I love Capitalism not Capitalism but The Planet | Climate & Ecology (English) Design,"climate change, save the planet, ecology, environment, climate activist, earth day, eco friendly, love, capitalism, planet, heart, climate & ecology, funny shirt, typography, minimalist, aesthetic, gift idea, trendy, statement tee",produits/heart/he_capitalism_planet_en__dark.png,produits/heart/he_capitalism_planet_en__light.png
he_co2_en,heart,climate,Climate & Ecology,,en,I love CO2 | Climate & Ecology (English) Design,"climate change, save the planet, ecology, environment, climate activist, earth day, eco friendly, love, heart, climate & ecology, funny shirt, typography, minimalist, aesthetic, gift idea, trendy, statement tee",produits/heart/he_co2_en__dark.png,produits/heart/he_co2_en__light.png
id_bee_killers_en,identite,climate,Climate & Ecology,,en,Bee Killers Are Humanity's Killers | Climate & Ecology (English) Design,"climate change, save the planet, ecology, environment, climate activist, earth day, eco friendly, killers, humanity's, identite, climate & ecology, funny shirt, typography, minimalist, aesthetic, gift idea, trendy, statement tee",produits/identite/id_bee_killers_en__dark.png,produits/identite/id_bee_killers_en__light.png
id_climate_en,identite,climate,Climate & Ecology,,en,Climate Activist | Climate & Ecology (English) Design,"climate change, save the planet, ecology, environment, climate activist, earth day, eco friendly, climate, activist, identite, climate & ecology, funny shirt, typography, minimalist, aesthetic, gift idea, trendy, statement tee",produits/identite/id_climate_en__dark.png,produits/identite/id_climate_en__light.png
id_no_bees_en,identite,climate,Climate & Ecology,,en,"No Bees, No Us | Climate & Ecology (English) Design","climate change, save the planet, ecology, environment, climate activist, earth day, eco friendly, bees, identite, climate & ecology, funny shirt, typography, minimalist, aesthetic, gift idea, trendy, statement tee",produits/identite/id_no_bees_en__dark.png,produits/identite/id_no_bees_en__light.png
id_pecheur_fr,identite,climate,Climate & Ecology,,fr,Pêcheur | Climate & Ecology (French) Design,"climate change, save the planet, ecology, environment, climate activist, earth day, eco friendly, pêcheur, identite, climate & ecology, funny shirt, typography, minimalist, aesthetic, gift idea, trendy, statement tee",produits/identite/id_pecheur_fr__dark.png,produits/identite/id_pecheur_fr__light.png
id_save_bees_en,identite,climate,Climate & Ecology,,en,Save The Bees | Climate & Ecology (English) Design,"climate change, save the planet, ecology, environment, climate activist, earth day, eco friendly, save, bees, identite, climate & ecology, funny shirt, typography, minimalist, aesthetic, gift idea, trendy, statement tee",produits/identite/id_save_bees_en__dark.png,produits/identite/id_save_bees_en__light.png
aq_co2_en,niches,climate,Climate & Ecology,aquascaping,en,CO2 Off Tank Sad | Climate & Ecology (English) Design,"climate change, save the planet, ecology, environment, climate activist, earth day, eco friendly, tank, aquascaping, niches, climate & ecology, funny shirt, typography, minimalist, aesthetic, gift idea, trendy, statement tee",produits/niches/aq_co2_en__dark.png,produits/niches/aq_co2_en__light.png
bee_frames_en,niches,climate,Climate & Ecology,beekeeping,en,Ten Frames Forty Thousand Opinions | Climate & Ecology (English) Design,"climate change, save the planet, ecology, environment, climate activist, earth day, eco friendly, frames, forty, thousand, opinions, beekeeping, niches, climate & ecology, funny shirt, typography, minimalist, aesthetic, gift idea, trendy, statement tee",produits/niches/bee_frames_en__dark.png,produits/niches/bee_frames_en__light.png
bee_oxalic_en,niches,climate,Climate & Ecology,beekeeping,en,Treated with OA Still Worrying | Climate & Ecology (English) Design,"climate change, save the planet, ecology, environment, climate activist, earth day, eco friendly, treated, still, worrying, beekeeping, niches, climate & ecology, funny shirt, typography, minimalist, aesthetic, gift idea, trendy, statement tee",produits/niches/bee_oxalic_en__dark.png,produits/niches/bee_oxalic_en__light.png
bee_propolis_en,niches,climate,Climate & Ecology,beekeeping,en,Propolis on Everything I Accept This | Climate & Ecology (English) Design,"climate change, save the planet, ecology, environment, climate activist, earth day, eco friendly, propolis, everything, accept, beekeeping, niches, climate & ecology, funny shirt, typography, minimalist, aesthetic, gift idea, trendy, statement tee",produits/niches/bee_propolis_en__dark.png,produits/niches/bee_propolis_en__light.png
bee_queen_hidden_en,niches,climate,Climate & Ecology,beekeeping,en,The Queen Was There I Just Couldn't Find Her | Climate & Ecology (English) Design,"climate change, save the planet, ecology, environment, climate activist, earth day, eco friendly, queen, there, couldn't, find, beekeeping, niches, climate & ecology, funny shirt, typography, minimalist, aesthetic, gift idea, trendy, statement tee",produits/niches/bee_queen_hidden_en__dark.png,produits/niches/bee_queen_hidden_en__light.png
bee_split_en,niches,climate,Climate & Ecology,beekeeping,en,I Split Before They Could Swarm. Mostly. | Climate & Ecology (English) Design,"climate change, save the planet, ecology, environment, climate activist, earth day, eco friendly, split, before, could, swarm, mostly, beekeeping, niches, climate & ecology, funny shirt, typography, minimalist, aesthetic, gift idea, trendy, statement tee",produits/niches/bee_split_en__dark.png,produits/niches/bee_split_en__light.png
bee_swarmed_en,niches,climate,Climate & Ecology,beekeeping,en,Swarmed Out Starting Over. Again. | Climate & Ecology (English) Design,"climate change, save the planet, ecology, environment, climate activist, earth day, eco friendly, swarmed, starting, over, again, beekeeping, niches, climate & ecology, funny shirt, typography, minimalist, aesthetic, gift idea, trendy, statement tee",produits/niches/bee_swarmed_en__dark.png,produits/niches/bee_swarmed_en__light.png
bee_varroa_en,niches,climate,Climate & Ecology,beekeeping,en,My Varroa Count Is My Anxiety Number | Climate & Ecology (English) Design,"climate change, save the planet, ecology, environment, climate activist, earth day, eco friendly, varroa, count, anxiety, number, beekeeping, niches, climate & ecology, funny shirt, typography, minimalist, aesthetic, gift idea, trendy, statement tee",produits/niches/bee_varroa_en__dark.png,produits/niches/bee_varroa_en__light.png
dg_innova_en,niches,climate,Climate & Ecology,disc_golf,en,Innova or Discraft Blood Has Been Spilled | Climate & Ecology (English) Design,"climate change, save the planet, ecology, environment, climate activist, earth day, eco friendly, innova, discraft, blood, been, spilled, disc golf, niches, climate & ecology, funny shirt, typography, minimalist, aesthetic, gift idea, trendy, statement tee",produits/niches/dg_innova_en__dark.png,produits/niches/dg_innova_en__light.png
vegan_turnip_beet_en,niches,climate,Climate & Ecology,vegan,en,Lettuce Turnip the Beet | Climate & Ecology (English) Design,"climate change, save the planet, ecology, environment, climate activist, earth day, eco friendly, lettuce, turnip, beet, vegan, niches, climate & ecology, funny shirt, typography, minimalist, aesthetic, gift idea, trendy, statement tee",produits/niches/vegan_turnip_beet_en__dark.png,produits/niches/vegan_turnip_beet_en__light.png
pv_abeille_pesticide_fr,proverbes,climate,Climate & Ecology,,fr,Une Abeille Vaut Mieux Que Deux Pesticides | Climate & Ecology (French) Design,"climate change, save the planet, ecology, environment, climate activist, earth day, eco friendly, abeille, vaut, mieux, deux, pesticides, proverbes, climate & ecology, funny shirt, typography, minimalist, aesthetic, gift idea, trendy, statement tee",produits/proverbes/pv_abeille_pesticide_fr__dark.png,produits/proverbes/pv_abeille_pesticide_fr__light.png
pv_bee_ecosystem_en,proverbes,climate,Climate & Ecology,,en,A Bee In The Hand Is Worth The Whole Ecosystem | Climate & Ecology (English) Design,"climate change, save the planet, ecology, environment, climate activist, earth day, eco friendly, hand, worth, whole, ecosystem, proverbes, climate & ecology, funny shirt, typography, minimalist, aesthetic, gift idea, trendy, statement tee",produits/proverbes/pv_bee_ecosystem_en__dark.png,produits/proverbes/pv_bee_ecosystem_en__light.png
pl_6e_extinction_fr,punchlines,climate,Climate & Ecology,,fr,6ème Extinction Édition Limitée | Climate & Ecology (French) Design,"climate change, save the planet, ecology, environment, climate activist, earth day, eco friendly, extinction, édition, limitée, punchlines, climate & ecology, funny shirt, typography, minimalist, aesthetic, gift idea, trendy, statement tee",produits/punchlines/pl_6e_extinction_fr__dark.png,produits/punchlines/pl_6e_extinction_fr__light.png
pl_anthropocene_fr,punchlines,climate,Climate & Ecology,,fr,Bienvenue Dans L'Anthropocène (Profitez Bien) | Climate & Ecology (French) Design,"climate change, save the planet, ecology, environment, climate activist, earth day, eco friendly, bienvenue, l'anthropocène, profitez, bien, punchlines, climate & ecology, funny shirt, typography, minimalist, aesthetic, gift idea, trendy, statement tee",produits/punchlines/pl_anthropocene_fr__dark.png,produits/punchlines/pl_anthropocene_fr__light.png
pl_asteroid_en,punchlines,climate,Climate & Ecology,,en,We Are The Asteroid | Climate & Ecology (English) Design,"climate change, save the planet, ecology, environment, climate activist, earth day, eco friendly, asteroid, punchlines, climate & ecology, funny shirt, typography, minimalist, aesthetic, gift idea, trendy, statement tee",produits/punchlines/pl_asteroid_en__dark.png,produits/punchlines/pl_asteroid_en__light.png
pl_auto_extinction_fr,punchlines,climate,Climate & Ecology,,fr,Auto-Extinction En Cours | Climate & Ecology (French) Design,"climate change, save the planet, ecology, environment, climate activist, earth day, eco friendly, auto, extinction, cours, punchlines, climate & ecology, funny shirt, typography, minimalist, aesthetic, gift idea, trendy, statement tee",produits/punchlines/pl_auto_extinction_fr__dark.png,produits/punchlines/pl_auto_extinction_fr__light.png
pl_change_should_en,punchlines,climate,Climate & Ecology,,en,The Climate's Changing. So Should You. | Climate & Ecology (English) Design,"climate change, save the planet, ecology, environment, climate activist, earth day, eco friendly, climate's, changing, should, punchlines, climate & ecology, funny shirt, typography, minimalist, aesthetic, gift idea, trendy, statement tee",produits/punchlines/pl_change_should_en__dark.png,produits/punchlines/pl_change_should_en__light.png
pl_climato_criminels_fr,punchlines,climate,Climate & Ecology,,fr,Les Élites Sont Des Climato-Criminels Conscients | Climate & Ecology (French) Design,"climate change, save the planet, ecology, environment, climate activist, earth day, eco friendly, élites, climato, criminels, conscients, punchlines, climate & ecology, funny shirt, typography, minimalist, aesthetic, gift idea, trendy, statement tee",produits/punchlines/pl_climato_criminels_fr__dark.png,produits/punchlines/pl_climato_criminels_fr__light.png
pl_comete_fr,punchlines,climate,Climate & Ecology,,fr,Nous Sommes La Comète | Climate & Ecology (French) Design,"climate change, save the planet, ecology, environment, climate activist, earth day, eco friendly, sommes, comète, punchlines, climate & ecology, funny shirt, typography, minimalist, aesthetic, gift idea, trendy, statement tee",produits/punchlines/pl_comete_fr__dark.png,produits/punchlines/pl_comete_fr__light.png
pl_oceans_silence_fr,punchlines,climate,Climate & Ecology,,fr,Les Océans Se Taisent. Écoute Quand Même. | Climate & Ecology (French) Design,"climate change, save the planet, ecology, environment, climate activist, earth day, eco friendly, océans, taisent, écoute, quand, même, punchlines, climate & ecology, funny shirt, typography, minimalist, aesthetic, gift idea, trendy, statement tee",produits/punchlines/pl_oceans_silence_fr__dark.png,produits/punchlines/pl_oceans_silence_fr__light.png
pl_ones_waiting_en,punchlines,climate,Climate & Ecology,,en,We Are The Ones We've Been Waiting For | Climate & Ecology (English) Design,"climate change, save the planet, ecology, environment, climate activist, earth day, eco friendly, ones, we've, been, waiting, punchlines, climate & ecology, funny shirt, typography, minimalist, aesthetic, gift idea, trendy, statement tee",produits/punchlines/pl_ones_waiting_en__dark.png,produits/punchlines/pl_ones_waiting_en__light.png
pl_planet_fine_en,punchlines,climate,Climate & Ecology,,en,The Planet Is Fine. We're Doomed. | Climate & Ecology (English) Design,"climate change, save the planet, ecology, environment, climate activist, earth day, eco friendly, planet, fine, we're, doomed, punchlines, climate & ecology, funny shirt, typography, minimalist, aesthetic, gift idea, trendy, statement tee",produits/punchlines/pl_planet_fine_en__dark.png,produits/punchlines/pl_planet_fine_en__light.png
pl_planete_b_fr,punchlines,climate,Climate & Ecology,,fr,Il N'Y A Pas De Planète B | Climate & Ecology (French) Design,"climate change, save the planet, ecology, environment, climate activist, earth day, eco friendly, planète, punchlines, climate & ecology, funny shirt, typography, minimalist, aesthetic, gift idea, trendy, statement tee",produits/punchlines/pl_planete_b_fr__dark.png,produits/punchlines/pl_planete_b_fr__light.png
pl_planete_cassee_fr,punchlines,climate,Climate & Ecology,,fr,On Avait Une Planète. On L'A Cassée. | Climate & Ecology (French) Design,"climate change, save the planet, ecology, environment, climate activist, earth day, eco friendly, avait, planète, cassée, punchlines, climate & ecology, funny shirt, typography, minimalist, aesthetic, gift idea, trendy, statement tee",produits/punchlines/pl_planete_cassee_fr__dark.png,produits/punchlines/pl_planete_cassee_fr__light.png
rev_abeilles_lobbies_fr,revendications,climate,Climate & Ecology,,fr,"Sauvez Les Abeilles, Pas Les Lobbies | Climate & Ecology (French) Design","climate change, save the planet, ecology, environment, climate activist, earth day, eco friendly, sauvez, abeilles, lobbies, revendications, climate & ecology, funny shirt, typography, minimalist, aesthetic, gift idea, trendy, statement tee",produits/revendications/rev_abeilles_lobbies_fr__dark.png,produits/revendications/rev_abeilles_lobbies_fr__light.png
rev_abeilles_pas_riches_fr,revendications,climate,Climate & Ecology,,fr,"Je Sauve Les Abeilles, Pas Les Riches | Climate & Ecology (French) Design","climate change, save the planet, ecology, environment, climate activist, earth day, eco friendly, sauve, abeilles, riches, revendications, climate & ecology, funny shirt, typography, minimalist, aesthetic, gift idea, trendy, statement tee",produits/revendications/rev_abeilles_pas_riches_fr__dark.png,produits/revendications/rev_abeilles_pas_riches_fr__light.png
rev_beekeeper_more_en,revendications,climate,Climate & Ecology,,en,Saving More Than Bees | Climate & Ecology (English) Design,"climate change, save the planet, ecology, environment, climate activist, earth day, eco friendly, saving, more, than, bees, revendications, climate & ecology, funny shirt, typography, minimalist, aesthetic, gift idea, trendy, statement tee",produits/revendications/rev_beekeeper_more_en__dark.png,produits/revendications/rev_beekeeper_more_en__light.png
rev_bees_en,revendications,climate,Climate & Ecology,,en,"Save The Bees, Not The Billionaires | Climate & Ecology (English) Design","climate change, save the planet, ecology, environment, climate activist, earth day, eco friendly, save, bees, billionaires, revendications, climate & ecology, funny shirt, typography, minimalist, aesthetic, gift idea, trendy, statement tee",produits/revendications/rev_bees_en__dark.png,produits/revendications/rev_bees_en__light.png
rev_climate_real_en,revendications,climate,Climate & Ecology,,en,"Climate Change Is Real, Sorry Not Sorry | Climate & Ecology (English) Design","climate change, save the planet, ecology, environment, climate activist, earth day, eco friendly, climate, change, real, sorry, revendications, climate & ecology, funny shirt, typography, minimalist, aesthetic, gift idea, trendy, statement tee",produits/revendications/rev_climate_real_en__dark.png,produits/revendications/rev_climate_real_en__light.png
rev_climato_ocean_fr,revendications,climate,Climate & Ecology,,fr,Climato-Sceptique ? Bois L'Océan Alors | Climate & Ecology (French) Design,"climate change, save the planet, ecology, environment, climate activist, earth day, eco friendly, climato, sceptique, bois, l'océan, alors, revendications, climate & ecology, funny shirt, typography, minimalist, aesthetic, gift idea, trendy, statement tee",produits/revendications/rev_climato_ocean_fr__dark.png,produits/revendications/rev_climato_ocean_fr__light.png
rev_croissance_fr,revendications,climate,Climate & Ecology,,fr,"Croissance Infinie, Planète Finie | Climate & Ecology (French) Design","climate change, save the planet, ecology, environment, climate activist, earth day, eco friendly, croissance, infinie, planète, finie, revendications, climate & ecology, funny shirt, typography, minimalist, aesthetic, gift idea, trendy, statement tee",produits/revendications/rev_croissance_fr__dark.png,produits/revendications/rev_croissance_fr__light.png
rev_deforest_en,revendications,climate,Climate & Ecology,,en,Trees Don't Grow On Quarterly Profits | Climate & Ecology (English) Design,"climate change, save the planet, ecology, environment, climate activist, earth day, eco friendly, trees, don't, grow, quarterly, profits, revendications, climate & ecology, funny shirt, typography, minimalist, aesthetic, gift idea, trendy, statement tee",produits/revendications/rev_deforest_en__dark.png,produits/revendications/rev_deforest_en__light.png
rev_gardener_bees_en,revendications,climate,Climate & Ecology,,en,"Gardening For The Bees, Not The Billionaires | Climate & Ecology (English) Design","climate change, save the planet, ecology, environment, climate activist, earth day, eco friendly, gardening, bees, billionaires, revendications, climate & ecology, funny shirt, typography, minimalist, aesthetic, gift idea, trendy, statement tee",produits/revendications/rev_gardener_bees_en__dark.png,produits/revendications/rev_gardener_bees_en__light.png
rev_greenwash_en,revendications,climate,Climate & Ecology,,en,"Green Is A Color, Not A Strategy | Climate & Ecology (English) Design","climate change, save the planet, ecology, environment, climate activist, earth day, eco friendly, green, color, strategy, revendications, climate & ecology, funny shirt, typography, minimalist, aesthetic, gift idea, trendy, statement tee",produits/revendications/rev_greenwash_en__dark.png,produits/revendications/rev_greenwash_en__light.png
rev_greenwash_fr,revendications,climate,Climate & Ecology,,fr,"Le Vert, C'Est Une Couleur. Pas Un Argument | Climate & Ecology (French) Design","climate change, save the planet, ecology, environment, climate activist, earth day, eco friendly, vert, c'est, couleur, argument, revendications, climate & ecology, funny shirt, typography, minimalist, aesthetic, gift idea, trendy, statement tee",produits/revendications/rev_greenwash_fr__dark.png,produits/revendications/rev_greenwash_fr__light.png
rev_levain_ecolo_fr,revendications,climate,Climate & Ecology,,fr,"Levain Maison, Planète Préservée | Climate & Ecology (French) Design","climate change, save the planet, ecology, environment, climate activist, earth day, eco friendly, levain, maison, planète, préservée, revendications, climate & ecology, funny shirt, typography, minimalist, aesthetic, gift idea, trendy, statement tee",produits/revendications/rev_levain_ecolo_fr__dark.png,produits/revendications/rev_levain_ecolo_fr__light.png
rev_ocean_buffet_fr,revendications,climate,Climate & Ecology,,fr,L'Océan N'Est Pas Un Buffet À Volonté | Climate & Ecology (French) Design,"climate change, save the planet, ecology, environment, climate activist, earth day, eco friendly, l'océan, n'est, buffet, volonté, revendications, climate & ecology, funny shirt, typography, minimalist, aesthetic, gift idea, trendy, statement tee",produits/revendications/rev_ocean_buffet_fr__dark.png,produits/revendications/rev_ocean_buffet_fr__light.png
rev_overfishing_en,revendications,climate,Climate & Ecology,,en,The Ocean Isn't An All-You-Can-Eat | Climate & Ecology (English) Design,"climate change, save the planet, ecology, environment, climate activist, earth day, eco friendly, ocean, isn't, revendications, climate & ecology, funny shirt, typography, minimalist, aesthetic, gift idea, trendy, statement tee",produits/revendications/rev_overfishing_en__dark.png,produits/revendications/rev_overfishing_en__light.png
rev_planet_b_en,revendications,climate,Climate & Ecology,,en,There Is No Planet B | Climate & Ecology (English) Design,"climate change, save the planet, ecology, environment, climate activist, earth day, eco friendly, there, planet, revendications, climate & ecology, funny shirt, typography, minimalist, aesthetic, gift idea, trendy, statement tee",produits/revendications/rev_planet_b_en__dark.png,produits/revendications/rev_planet_b_en__light.png
rev_planete_actionnaires_fr,revendications,climate,Climate & Ecology,,fr,"Sauvez La Planète, Pas Les Actionnaires | Climate & Ecology (French) Design","climate change, save the planet, ecology, environment, climate activist, earth day, eco friendly, sauvez, planète, actionnaires, revendications, climate & ecology, funny shirt, typography, minimalist, aesthetic, gift idea, trendy, statement tee",produits/revendications/rev_planete_actionnaires_fr__dark.png,produits/revendications/rev_planete_actionnaires_fr__light.png
rev_planete_avant_profit_fr,revendications,climate,Climate & Ecology,,fr,La Planète Avant Le Profit | Climate & Ecology (French) Design,"climate change, save the planet, ecology, environment, climate activist, earth day, eco friendly, planète, avant, profit, revendications, climate & ecology, funny shirt, typography, minimalist, aesthetic, gift idea, trendy, statement tee",produits/revendications/rev_planete_avant_profit_fr__dark.png,produits/revendications/rev_planete_avant_profit_fr__light.png
rev_planete_b_fr,revendications,climate,Climate & Ecology,,fr,Y'A Pas De Planète B | Climate & Ecology (French) Design,"climate change, save the planet, ecology, environment, climate activist, earth day, eco friendly, planète, revendications, climate & ecology, funny shirt, typography, minimalist, aesthetic, gift idea, trendy, statement tee",produits/revendications/rev_planete_b_fr__dark.png,produits/revendications/rev_planete_b_fr__light.png
rev_plant_green_en,revendications,climate,Climate & Ecology,,en,Plant Mom For A Greener Planet | Climate & Ecology (English) Design,"climate change, save the planet, ecology, environment, climate activist, earth day, eco friendly, plant, greener, planet, revendications, climate & ecology, funny shirt, typography, minimalist, aesthetic, gift idea, trendy, statement tee",produits/revendications/rev_plant_green_en__dark.png,produits/revendications/rev_plant_green_en__light.png
wa_climate_en,warning,climate,Climate & Ecology,,en,Climate Inaction Kills kills | Climate & Ecology (English) Design,"climate change, save the planet, ecology, environment, climate activist, earth day, eco friendly, climate, inaction, kills, warning, climate & ecology, funny shirt, typography, minimalist, aesthetic, gift idea, trendy, statement tee",produits/warning/wa_climate_en__dark.png,produits/warning/wa_climate_en__light.png
wa_deforestation_en,warning,climate,Climate & Ecology,,en,Deforestation Kills kills | Climate & Ecology (English) Design,"climate change, save the planet, ecology, environment, climate activist, earth day, eco friendly, deforestation, kills, warning, climate & ecology, funny shirt, typography, minimalist, aesthetic, gift idea, trendy, statement tee",produits/warning/wa_deforestation_en__dark.png,produits/warning/wa_deforestation_en__light.png
wa_deforestation_fr,warning,climate,Climate & Ecology,,fr,La Déforestation Tue kills | Climate & Ecology (French) Design,"climate change, save the planet, ecology, environment, climate activist, earth day, eco friendly, déforestation, kills, warning, climate & ecology, funny shirt, typography, minimalist, aesthetic, gift idea, trendy, statement tee",produits/warning/wa_deforestation_fr__dark.png,produits/warning/wa_deforestation_fr__light.png
wa_inaction_fr,warning,climate,Climate & Ecology,,fr,L'Inaction Climatique Tue kills | Climate & Ecology (French) Design,"climate change, save the planet, ecology, environment, climate activist, earth day, eco friendly, l'inaction, climatique, kills, warning, climate & ecology, funny shirt, typography, minimalist, aesthetic, gift idea, trendy, statement tee",produits/warning/wa_inaction_fr__dark.png,produits/warning/wa_inaction_fr__light.png
wa_overfishing_en,warning,climate,Climate & Ecology,,en,Overfishing Kills (The Oceans) kills | Climate & Ecology (English) Design,"climate change, save the planet, ecology, environment, climate activist, earth day, eco friendly, overfishing, kills, oceans, warning, climate & ecology, funny shirt, typography, minimalist, aesthetic, gift idea, trendy, statement tee",produits/warning/wa_overfishing_en__dark.png,produits/warning/wa_overfishing_en__light.png
wa_peche_fr,warning,climate,Climate & Ecology,,fr,La Pêche Intensive Tue (Les Océans) kills | Climate & Ecology (French) Design,"climate change, save the planet, ecology, environment, climate activist, earth day, eco friendly, pêche, intensive, océans, kills, warning, climate & ecology, funny shirt, typography, minimalist, aesthetic, gift idea, trendy, statement tee",produits/warning/wa_peche_fr__dark.png,produits/warning/wa_peche_fr__light.png
pl_adulte_arnaque_fr,punchlines,existential,Existential & Dark Humor,,fr,Être Adulte C'Est Une Arnaque | Existential & Dark Humor (French) Design,"existential, nihilism, dark humor, philosophy, absurd, deep quote, adulte, c'est, arnaque, punchlines, existential & dark humor, funny shirt, typography, minimalist, aesthetic, gift idea, trendy, statement tee",produits/punchlines/pl_adulte_arnaque_fr__dark.png,produits/punchlines/pl_adulte_arnaque_fr__light.png
pl_adulting_en,punchlines,existential,Existential & Dark Humor,,en,Adulting Is A Scam | Existential & Dark Humor (English) Design,"existential, nihilism, dark humor, philosophy, absurd, deep quote, adulting, scam, punchlines, existential & dark humor, funny shirt, typography, minimalist, aesthetic, gift idea, trendy, statement tee",produits/punchlines/pl_adulting_en__dark.png,produits/punchlines/pl_adulting_en__light.png
pl_allergique_lactose_fr,punchlines,existential,Existential & Dark Humor,,fr,Allergique Aux Conneries (Et Au Lactose) | Existential & Dark Humor (French) Design,"existential, nihilism, dark humor, philosophy, absurd, deep quote, allergique, conneries, lactose, punchlines, existential & dark humor, funny shirt, typography, minimalist, aesthetic, gift idea, trendy, statement tee",produits/punchlines/pl_allergique_lactose_fr__dark.png,produits/punchlines/pl_allergique_lactose_fr__light.png
pl_another_world_en,punchlines,existential,Existential & Dark Humor,,en,Another World Is Possible | Existential & Dark Humor (English) Design,"existential, nihilism, dark humor, philosophy, absurd, deep quote, another, world, possible, punchlines, existential & dark humor, funny shirt, typography, minimalist, aesthetic, gift idea, trendy, statement tee",produits/punchlines/pl_another_world_en__dark.png,produits/punchlines/pl_another_world_en__light.png
pl_atoms_en,punchlines,existential,Existential & Dark Humor,,en,We're Just Atoms Pretending | Existential & Dark Humor (English) Design,"existential, nihilism, dark humor, philosophy, absurd, deep quote, we're, atoms, pretending, punchlines, existential & dark humor, funny shirt, typography, minimalist, aesthetic, gift idea, trendy, statement tee",produits/punchlines/pl_atoms_en__dark.png,produits/punchlines/pl_atoms_en__light.png
pl_be_storm_en,punchlines,existential,Existential & Dark Humor,,en,Be The Storm | Existential & Dark Humor (English) Design,"existential, nihilism, dark humor, philosophy, absurd, deep quote, storm, punchlines, existential & dark humor, funny shirt, typography, minimalist, aesthetic, gift idea, trendy, statement tee",produits/punchlines/pl_be_storm_en__dark.png,produits/punchlines/pl_be_storm_en__light.png
pl_beaute_rue_fr,punchlines,existential,Existential & Dark Humor,,fr,La Beauté Est Dans La Rue | Existential & Dark Humor (French) Design,"existential, nihilism, dark humor, philosophy, absurd, deep quote, beauté, punchlines, existential & dark humor, funny shirt, typography, minimalist, aesthetic, gift idea, trendy, statement tee",produits/punchlines/pl_beaute_rue_fr__dark.png,produits/punchlines/pl_beaute_rue_fr__light.png
pl_born_adult_en,punchlines,existential,Existential & Dark Humor,,en,"Born To Die, Forced To Adult | Existential & Dark Humor (English) Design","existential, nihilism, dark humor, philosophy, absurd, deep quote, born, forced, adult, punchlines, existential & dark humor, funny shirt, typography, minimalist, aesthetic, gift idea, trendy, statement tee",produits/punchlines/pl_born_adult_en__dark.png,produits/punchlines/pl_born_adult_en__light.png
pl_brule_style_fr,punchlines,existential,Existential & Dark Humor,,fr,"On Brûle, Mais Avec Style | Existential & Dark Humor (French) Design","existential, nihilism, dark humor, philosophy, absurd, deep quote, brûle, style, punchlines, existential & dark humor, funny shirt, typography, minimalist, aesthetic, gift idea, trendy, statement tee",produits/punchlines/pl_brule_style_fr__dark.png,produits/punchlines/pl_brule_style_fr__light.png
pl_carpe_koi_fr,punchlines,existential,Existential & Dark Humor,,fr,"Carpe Diem, Carpe Koi | Existential & Dark Humor (French) Design","existential, nihilism, dark humor, philosophy, absurd, deep quote, carpe, diem, punchlines, existential & dark humor, funny shirt, typography, minimalist, aesthetic, gift idea, trendy, statement tee",produits/punchlines/pl_carpe_koi_fr__dark.png,produits/punchlines/pl_carpe_koi_fr__light.png
pl_carpe_nope_en,punchlines,existential,Existential & Dark Humor,,en,Carpe Diem? Carpe Nope. | Existential & Dark Humor (English) Design,"existential, nihilism, dark humor, philosophy, absurd, deep quote, carpe, diem, nope, punchlines, existential & dark humor, funny shirt, typography, minimalist, aesthetic, gift idea, trendy, statement tee",produits/punchlines/pl_carpe_nope_en__dark.png,produits/punchlines/pl_carpe_nope_en__light.png
pl_ceci_tshirt_fr,punchlines,existential,Existential & Dark Humor,,fr,Ceci N'Est Pas Un T-Shirt | Existential & Dark Humor (French) Design,"existential, nihilism, dark humor, philosophy, absurd, deep quote, ceci, n'est, shirt, punchlines, existential & dark humor, funny shirt, typography, minimalist, aesthetic, gift idea, trendy, statement tee",produits/punchlines/pl_ceci_tshirt_fr__dark.png,produits/punchlines/pl_ceci_tshirt_fr__light.png
pl_chronically_en,punchlines,existential,Existential & Dark Humor,,en,"Chronically Online, Eternally Tired | Existential & Dark Humor (English) Design","existential, nihilism, dark humor, philosophy, absurd, deep quote, chronically, online, eternally, tired, punchlines, existential & dark humor, funny shirt, typography, minimalist, aesthetic, gift idea, trendy, statement tee",produits/punchlines/pl_chronically_en__dark.png,produits/punchlines/pl_chronically_en__light.png
pl_cogito_bof_fr,punchlines,existential,Existential & Dark Humor,,fr,Cogito Ergo Bof | Existential & Dark Humor (French) Design,"existential, nihilism, dark humor, philosophy, absurd, deep quote, cogito, ergo, punchlines, existential & dark humor, funny shirt, typography, minimalist, aesthetic, gift idea, trendy, statement tee",produits/punchlines/pl_cogito_bof_fr__dark.png,produits/punchlines/pl_cogito_bof_fr__light.png
pl_compassion_en,punchlines,existential,Existential & Dark Humor,,en,Compassion Is Not A Trend | Existential & Dark Humor (English) Design,"existential, nihilism, dark humor, philosophy, absurd, deep quote, compassion, trend, punchlines, existential & dark humor, funny shirt, typography, minimalist, aesthetic, gift idea, trendy, statement tee",produits/punchlines/pl_compassion_en__dark.png,produits/punchlines/pl_compassion_en__light.png
pl_cours_camarade_fr,punchlines,existential,Existential & Dark Humor,,fr,"Cours Camarade, Le Vieux Monde Est Derrière Toi | Existential & Dark Humor (French) Design","existential, nihilism, dark humor, philosophy, absurd, deep quote, cours, camarade, vieux, monde, derrière, punchlines, existential & dark humor, funny shirt, typography, minimalist, aesthetic, gift idea, trendy, statement tee",produits/punchlines/pl_cours_camarade_fr__dark.png,produits/punchlines/pl_cours_camarade_fr__light.png
pl_demain_pire_fr,punchlines,existential,Existential & Dark Humor,,fr,Demain Sera Pire (Mais Ensoleillé) | Existential & Dark Humor (French) Design,"existential, nihilism, dark humor, philosophy, absurd, deep quote, demain, sera, pire, ensoleillé, punchlines, existential & dark humor, funny shirt, typography, minimalist, aesthetic, gift idea, trendy, statement tee",produits/punchlines/pl_demain_pire_fr__dark.png,produits/punchlines/pl_demain_pire_fr__light.png
pl_derniere_foret_fr,punchlines,existential,Existential & Dark Humor,,fr,"Quand La Dernière Forêt Tombera, On Comptera Nos Billets | Existential & Dark Humor (French) Design","existential, nihilism, dark humor, philosophy, absurd, deep quote, quand, dernière, forêt, tombera, comptera, punchlines, existential & dark humor, funny shirt, typography, minimalist, aesthetic, gift idea, trendy, statement tee",produits/punchlines/pl_derniere_foret_fr__dark.png,produits/punchlines/pl_derniere_foret_fr__light.png
pl_disobey_en,punchlines,existential,Existential & Dark Humor,,en,Disobey Beautifully | Existential & Dark Humor (English) Design,"existential, nihilism, dark humor, philosophy, absurd, deep quote, disobey, beautifully, punchlines, existential & dark humor, funny shirt, typography, minimalist, aesthetic, gift idea, trendy, statement tee",produits/punchlines/pl_disobey_en__dark.png,produits/punchlines/pl_disobey_en__light.png
pl_disparition_nous_fr,punchlines,existential,Existential & Dark Humor,,fr,Espèce En Voie De Disparition (Nous) | Existential & Dark Humor (French) Design,"existential, nihilism, dark humor, philosophy, absurd, deep quote, espèce, voie, disparition, punchlines, existential & dark humor, funny shirt, typography, minimalist, aesthetic, gift idea, trendy, statement tee",produits/punchlines/pl_disparition_nous_fr__dark.png,produits/punchlines/pl_disparition_nous_fr__light.png
pl_doomed_aesthetic_en,punchlines,existential,Existential & Dark Humor,,en,"Doomed, But Make It Aesthetic | Existential & Dark Humor (English) Design","existential, nihilism, dark humor, philosophy, absurd, deep quote, doomed, make, aesthetic, punchlines, existential & dark humor, funny shirt, typography, minimalist, gift idea, trendy, statement tee",produits/punchlines/pl_doomed_aesthetic_en__dark.png,produits/punchlines/pl_doomed_aesthetic_en__light.png
pl_droits_acquis_fr,punchlines,existential,Existential & Dark Humor,,fr,Aucun Droit N'Est Acquis | Existential & Dark Humor (French) Design,"existential, nihilism, dark humor, philosophy, absurd, deep quote, aucun, droit, n'est, acquis, punchlines, existential & dark humor, funny shirt, typography, minimalist, aesthetic, gift idea, trendy, statement tee",produits/punchlines/pl_droits_acquis_fr__dark.png,produits/punchlines/pl_droits_acquis_fr__light.png
pl_end_near_en,punchlines,existential,Existential & Dark Humor,,en,The End Is Near (Restrictions Apply) | Existential & Dark Humor (English) Design,"existential, nihilism, dark humor, philosophy, absurd, deep quote, near, restrictions, apply, punchlines, existential & dark humor, funny shirt, typography, minimalist, aesthetic, gift idea, trendy, statement tee",produits/punchlines/pl_end_near_en__dark.png,produits/punchlines/pl_end_near_en__light.png
pl_energie_sociale_fr,punchlines,existential,Existential & Dark Humor,,fr,Énergie Sociale : Épuisée | Existential & Dark Humor (French) Design,"existential, nihilism, dark humor, philosophy, absurd, deep quote, énergie, sociale, épuisée, punchlines, existential & dark humor, funny shirt, typography, minimalist, aesthetic, gift idea, trendy, statement tee",produits/punchlines/pl_energie_sociale_fr__dark.png,produits/punchlines/pl_energie_sociale_fr__light.png
pl_energy_saving_en,punchlines,existential,Existential & Dark Humor,,en,Not Lazy. Energy-Saving Mode. | Existential & Dark Humor (English) Design,"existential, nihilism, dark humor, philosophy, absurd, deep quote, lazy, energy, saving, mode, punchlines, existential & dark humor, funny shirt, typography, minimalist, aesthetic, gift idea, trendy, statement tee",produits/punchlines/pl_energy_saving_en__dark.png,produits/punchlines/pl_energy_saving_en__light.png
pl_enfer_rechauffement_fr,punchlines,existential,Existential & Dark Humor,,fr,Bienvenue En Enfer (Réchauffement Inclus) | Existential & Dark Humor (French) Design,"existential, nihilism, dark humor, philosophy, absurd, deep quote, bienvenue, enfer, réchauffement, inclus, punchlines, existential & dark humor, funny shirt, typography, minimalist, aesthetic, gift idea, trendy, statement tee",produits/punchlines/pl_enfer_rechauffement_fr__dark.png,produits/punchlines/pl_enfer_rechauffement_fr__light.png
pl_espoir_discipline_fr,punchlines,existential,Existential & Dark Humor,,fr,L'Espoir Est Une Discipline | Existential & Dark Humor (French) Design,"existential, nihilism, dark humor, philosophy, absurd, deep quote, l'espoir, discipline, punchlines, existential & dark humor, funny shirt, typography, minimalist, aesthetic, gift idea, trendy, statement tee",produits/punchlines/pl_espoir_discipline_fr__dark.png,produits/punchlines/pl_espoir_discipline_fr__light.png
pl_espoir_fatigue_fr,punchlines,existential,Existential & Dark Humor,,fr,L'Espoir Fait Vivre (Et Mourir Fatigué) | Existential & Dark Humor (French) Design,"existential, nihilism, dark humor, philosophy, absurd, deep quote, l'espoir, vivre, mourir, fatigué, punchlines, existential & dark humor, funny shirt, typography, minimalist, aesthetic, gift idea, trendy, statement tee",produits/punchlines/pl_espoir_fatigue_fr__dark.png,produits/punchlines/pl_espoir_fatigue_fr__light.png
pl_futur_avant_fr,punchlines,existential,Existential & Dark Humor,,fr,Le Futur Était Mieux Avant | Existential & Dark Humor (French) Design,"existential, nihilism, dark humor, philosophy, absurd, deep quote, futur, était, mieux, avant, punchlines, existential & dark humor, funny shirt, typography, minimalist, aesthetic, gift idea, trendy, statement tee",produits/punchlines/pl_futur_avant_fr__dark.png,produits/punchlines/pl_futur_avant_fr__light.png
pl_future_before_en,punchlines,existential,Existential & Dark Humor,,en,The Future Was Better Before | Existential & Dark Humor (English) Design,"existential, nihilism, dark humor, philosophy, absurd, deep quote, future, better, before, punchlines, existential & dark humor, funny shirt, typography, minimalist, aesthetic, gift idea, trendy, statement tee",produits/punchlines/pl_future_before_en__dark.png,produits/punchlines/pl_future_before_en__light.png
pl_future_female_en,punchlines,existential,Existential & Dark Humor,,en,The Future Is Inclusive | Existential & Dark Humor (English) Design,"existential, nihilism, dark humor, philosophy, absurd, deep quote, future, inclusive, punchlines, existential & dark humor, funny shirt, typography, minimalist, aesthetic, gift idea, trendy, statement tee",produits/punchlines/pl_future_female_en__dark.png,produits/punchlines/pl_future_female_en__light.png
pl_game_over_fr,punchlines,existential,Existential & Dark Humor,,fr,Game Over. Insère Une Pièce (On N'En A Plus) | Existential & Dark Humor (French) Design,"existential, nihilism, dark humor, philosophy, absurd, deep quote, game, over, insère, pièce, n'en, punchlines, existential & dark humor, funny shirt, typography, minimalist, aesthetic, gift idea, trendy, statement tee",produits/punchlines/pl_game_over_fr__dark.png,produits/punchlines/pl_game_over_fr__light.png
pl_graines_fr,punchlines,existential,Existential & Dark Humor,,fr,Ils Ont Voulu Nous Enterrer. Ils Ignoraient Qu'On Était Des Graines | Existential & Dark Humor (French) Design,"existential, nihilism, dark humor, philosophy, absurd, deep quote, voulu, enterrer, ignoraient, qu'on, était, punchlines, existential & dark humor, funny shirt, typography, minimalist, aesthetic, gift idea, trendy, statement tee",produits/punchlines/pl_graines_fr__dark.png,produits/punchlines/pl_graines_fr__light.png
pl_hope_dies_en,punchlines,existential,Existential & Dark Humor,,en,Hope Dies Last. But It Dies. | Existential & Dark Humor (English) Design,"existential, nihilism, dark humor, philosophy, absurd, deep quote, hope, dies, last, punchlines, existential & dark humor, funny shirt, typography, minimalist, aesthetic, gift idea, trendy, statement tee",produits/punchlines/pl_hope_dies_en__dark.png,produits/punchlines/pl_hope_dies_en__light.png
pl_hope_discipline_en,punchlines,existential,Existential & Dark Humor,,en,Hope Is A Discipline | Existential & Dark Humor (English) Design,"existential, nihilism, dark humor, philosophy, absurd, deep quote, hope, discipline, punchlines, existential & dark humor, funny shirt, typography, minimalist, aesthetic, gift idea, trendy, statement tee",produits/punchlines/pl_hope_discipline_en__dark.png,produits/punchlines/pl_hope_discipline_en__light.png
pl_huitre_en,punchlines,existential,Existential & Dark Humor,,en,The Oyster Took It Hard | Existential & Dark Humor (English) Design,"existential, nihilism, dark humor, philosophy, absurd, deep quote, oyster, took, hard, punchlines, existential & dark humor, funny shirt, typography, minimalist, aesthetic, gift idea, trendy, statement tee",produits/punchlines/pl_huitre_en__dark.png,produits/punchlines/pl_huitre_en__light.png
pl_huitre_fr,punchlines,existential,Existential & Dark Humor,,fr,L'Huître A Pris Cher | Existential & Dark Humor (French) Design,"existential, nihilism, dark humor, philosophy, absurd, deep quote, l'huître, pris, cher, punchlines, existential & dark humor, funny shirt, typography, minimalist, aesthetic, gift idea, trendy, statement tee",produits/punchlines/pl_huitre_fr__dark.png,produits/punchlines/pl_huitre_fr__light.png
pl_hydrate_anyway_en,punchlines,existential,Existential & Dark Humor,,en,We're All Going To Die (Hydrate Anyway) | Existential & Dark Humor (English) Design,"existential, nihilism, dark humor, philosophy, absurd, deep quote, we're, going, hydrate, anyway, punchlines, existential & dark humor, funny shirt, typography, minimalist, aesthetic, gift idea, trendy, statement tee",produits/punchlines/pl_hydrate_anyway_en__dark.png,produits/punchlines/pl_hydrate_anyway_en__light.png
pl_imagination_fr,punchlines,existential,Existential & Dark Humor,,fr,L'Imagination Au Pouvoir | Existential & Dark Humor (French) Design,"existential, nihilism, dark humor, philosophy, absurd, deep quote, l'imagination, pouvoir, punchlines, existential & dark humor, funny shirt, typography, minimalist, aesthetic, gift idea, trendy, statement tee",produits/punchlines/pl_imagination_fr__dark.png,produits/punchlines/pl_imagination_fr__light.png
pl_insignificant_en,punchlines,existential,Existential & Dark Humor,,en,Cosmically Insignificant And Tired | Existential & Dark Humor (English) Design,"existential, nihilism, dark humor, philosophy, absurd, deep quote, cosmically, insignificant, tired, punchlines, existential & dark humor, funny shirt, typography, minimalist, aesthetic, gift idea, trendy, statement tee",produits/punchlines/pl_insignificant_en__dark.png,produits/punchlines/pl_insignificant_en__light.png
pl_justice_paix_fr,punchlines,existential,Existential & Dark Humor,,fr,"Pas De Justice, Pas De Paix | Existential & Dark Humor (French) Design","existential, nihilism, dark humor, philosophy, absurd, deep quote, justice, paix, punchlines, existential & dark humor, funny shirt, typography, minimalist, aesthetic, gift idea, trendy, statement tee",produits/punchlines/pl_justice_paix_fr__dark.png,produits/punchlines/pl_justice_paix_fr__light.png
pl_last_tree_en,punchlines,existential,Existential & Dark Humor,,en,Only When The Last Tree Falls Will They Learn They Can't Eat Money | Existential & Dark Humor (English) Design,"existential, nihilism, dark humor, philosophy, absurd, deep quote, when, last, tree, falls, will, punchlines, existential & dark humor, funny shirt, typography, minimalist, aesthetic, gift idea, trendy, statement tee",produits/punchlines/pl_last_tree_en__dark.png,produits/punchlines/pl_last_tree_en__light.png
pl_main_villain_en,punchlines,existential,Existential & Dark Humor,,en,Not The Hero. Not The Victim. The Plot Twist. | Existential & Dark Humor (English) Design,"existential, nihilism, dark humor, philosophy, absurd, deep quote, hero, victim, plot, twist, punchlines, existential & dark humor, funny shirt, typography, minimalist, aesthetic, gift idea, trendy, statement tee",produits/punchlines/pl_main_villain_en__dark.png,produits/punchlines/pl_main_villain_en__light.png
pl_metaphysiquement_fr,punchlines,existential,Existential & Dark Humor,,fr,Métaphysiquement Fatigué | Existential & Dark Humor (French) Design,"existential, nihilism, dark humor, philosophy, absurd, deep quote, métaphysiquement, fatigué, punchlines, existential & dark humor, funny shirt, typography, minimalist, aesthetic, gift idea, trendy, statement tee",produits/punchlines/pl_metaphysiquement_fr__dark.png,produits/punchlines/pl_metaphysiquement_fr__light.png
pl_meteo_apocalyptique_fr,punchlines,existential,Existential & Dark Humor,,fr,Météo Du Jour : Apocalyptique | Existential & Dark Humor (French) Design,"existential, nihilism, dark humor, philosophy, absurd, deep quote, météo, jour, apocalyptique, punchlines, existential & dark humor, funny shirt, typography, minimalist, aesthetic, gift idea, trendy, statement tee",produits/punchlines/pl_meteo_apocalyptique_fr__dark.png,produits/punchlines/pl_meteo_apocalyptique_fr__light.png
pl_metro_en,punchlines,existential,Existential & Dark Humor,,en,"Commute, Work, Hammer | Existential & Dark Humor (English) Design","existential, nihilism, dark humor, philosophy, absurd, deep quote, commute, work, hammer, punchlines, existential & dark humor, funny shirt, typography, minimalist, aesthetic, gift idea, trendy, statement tee",produits/punchlines/pl_metro_en__dark.png,produits/punchlines/pl_metro_en__light.png
pl_moins_riz_fr,punchlines,existential,Existential & Dark Humor,,fr,"Plus On Est De Fous, Moins Y'A De Riz | Existential & Dark Humor (French) Design","existential, nihilism, dark humor, philosophy, absurd, deep quote, fous, moins, punchlines, existential & dark humor, funny shirt, typography, minimalist, aesthetic, gift idea, trendy, statement tee",produits/punchlines/pl_moins_riz_fr__dark.png,produits/punchlines/pl_moins_riz_fr__light.png
pl_mortiferes_fr,punchlines,existential,Existential & Dark Humor,,fr,Mort Aux Pratiques Mortifères | Existential & Dark Humor (French) Design,"existential, nihilism, dark humor, philosophy, absurd, deep quote, mort, pratiques, mortifères, punchlines, existential & dark humor, funny shirt, typography, minimalist, aesthetic, gift idea, trendy, statement tee",produits/punchlines/pl_mortiferes_fr__dark.png,produits/punchlines/pl_mortiferes_fr__light.png
pl_motivation_demain_fr,punchlines,existential,Existential & Dark Humor,,fr,Motivation : Reportée À Demain | Existential & Dark Humor (French) Design,"existential, nihilism, dark humor, philosophy, absurd, deep quote, motivation, reportée, demain, punchlines, existential & dark humor, funny shirt, typography, minimalist, aesthetic, gift idea, trendy, statement tee",produits/punchlines/pl_motivation_demain_fr__dark.png,produits/punchlines/pl_motivation_demain_fr__light.png
pl_mouette_fr,punchlines,existential,Existential & Dark Humor,,fr,La Mouette Muette | Existential & Dark Humor (French) Design,"existential, nihilism, dark humor, philosophy, absurd, deep quote, mouette, muette, punchlines, existential & dark humor, funny shirt, typography, minimalist, aesthetic, gift idea, trendy, statement tee",produits/punchlines/pl_mouette_fr__dark.png,produits/punchlines/pl_mouette_fr__light.png
pl_mur_reves_fr,punchlines,existential,Existential & Dark Humor,,fr,Au Bout De Mes Rêves Y'A Un Mur | Existential & Dark Humor (French) Design,"existential, nihilism, dark humor, philosophy, absurd, deep quote, bout, rêves, punchlines, existential & dark humor, funny shirt, typography, minimalist, aesthetic, gift idea, trendy, statement tee",produits/punchlines/pl_mur_reves_fr__dark.png,produits/punchlines/pl_mur_reves_fr__light.png
pl_naitre_mourir_fr,punchlines,existential,Existential & Dark Humor,,fr,"On Naît, On Stresse, On Meurt | Existential & Dark Humor (French) Design","existential, nihilism, dark humor, philosophy, absurd, deep quote, naît, stresse, meurt, punchlines, existential & dark humor, funny shirt, typography, minimalist, aesthetic, gift idea, trendy, statement tee",produits/punchlines/pl_naitre_mourir_fr__dark.png,produits/punchlines/pl_naitre_mourir_fr__light.png
pl_ne_travaillez_fr,punchlines,existential,Existential & Dark Humor,,fr,Ne Travaillez Jamais | Existential & Dark Humor (French) Design,"existential, nihilism, dark humor, philosophy, absurd, deep quote, travaillez, jamais, punchlines, existential & dark humor, funny shirt, typography, minimalist, aesthetic, gift idea, trendy, statement tee",produits/punchlines/pl_ne_travaillez_fr__dark.png,produits/punchlines/pl_ne_travaillez_fr__light.png
pl_neant_salue_fr,punchlines,existential,Existential & Dark Humor,,fr,Le Néant Vous Salue Bien | Existential & Dark Humor (French) Design,"existential, nihilism, dark humor, philosophy, absurd, deep quote, néant, salue, bien, punchlines, existential & dark humor, funny shirt, typography, minimalist, aesthetic, gift idea, trendy, statement tee",produits/punchlines/pl_neant_salue_fr__dark.png,produits/punchlines/pl_neant_salue_fr__light.png
pl_no_one_free_en,punchlines,existential,Existential & Dark Humor,,en,No One Is Free Until We All Are | Existential & Dark Humor (English) Design,"existential, nihilism, dark humor, philosophy, absurd, deep quote, free, until, punchlines, existential & dark humor, funny shirt, typography, minimalist, aesthetic, gift idea, trendy, statement tee",produits/punchlines/pl_no_one_free_en__dark.png,produits/punchlines/pl_no_one_free_en__light.png
pl_non_fr,punchlines,existential,Existential & Dark Humor,,fr,Non. | Existential & Dark Humor (French) Design,"existential, nihilism, dark humor, philosophy, absurd, deep quote, punchlines, existential & dark humor, funny shirt, typography, minimalist, aesthetic, gift idea, trendy, statement tee",produits/punchlines/pl_non_fr__dark.png,produits/punchlines/pl_non_fr__light.png
pl_normal_malade_fr,punchlines,existential,Existential & Dark Humor,,fr,"Être Bien Adapté À Une Société Malade, Non Merci | Existential & Dark Humor (French) Design","existential, nihilism, dark humor, philosophy, absurd, deep quote, bien, adapté, société, malade, merci, punchlines, existential & dark humor, funny shirt, typography, minimalist, aesthetic, gift idea, trendy, statement tee",produits/punchlines/pl_normal_malade_fr__dark.png,produits/punchlines/pl_normal_malade_fr__light.png
pl_nothing_snacks_en,punchlines,existential,Existential & Dark Humor,,en,Nothing Matters (Snacks Help) | Existential & Dark Humor (English) Design,"existential, nihilism, dark humor, philosophy, absurd, deep quote, nothing, matters, snacks, help, punchlines, existential & dark humor, funny shirt, typography, minimalist, aesthetic, gift idea, trendy, statement tee",produits/punchlines/pl_nothing_snacks_en__dark.png,produits/punchlines/pl_nothing_snacks_en__light.png
pl_numero_fr,punchlines,existential,Existential & Dark Humor,,fr,Pas Un Numéro. Un Être Vivant. | Existential & Dark Humor (French) Design,"existential, nihilism, dark humor, philosophy, absurd, deep quote, numéro, vivant, punchlines, existential & dark humor, funny shirt, typography, minimalist, aesthetic, gift idea, trendy, statement tee",produits/punchlines/pl_numero_fr__dark.png,produits/punchlines/pl_numero_fr__light.png
pl_optimism_en,punchlines,existential,Existential & Dark Humor,,en,Optimism: Out Of Stock | Existential & Dark Humor (English) Design,"existential, nihilism, dark humor, philosophy, absurd, deep quote, optimism, stock, punchlines, existential & dark humor, funny shirt, typography, minimalist, aesthetic, gift idea, trendy, statement tee",produits/punchlines/pl_optimism_en__dark.png,produits/punchlines/pl_optimism_en__light.png
pl_optimisme_fr,punchlines,existential,Existential & Dark Humor,,fr,Optimisme : Rupture De Stock | Existential & Dark Humor (French) Design,"existential, nihilism, dark humor, philosophy, absurd, deep quote, optimisme, rupture, stock, punchlines, existential & dark humor, funny shirt, typography, minimalist, aesthetic, gift idea, trendy, statement tee",produits/punchlines/pl_optimisme_fr__dark.png,produits/punchlines/pl_optimisme_fr__light.png
pl_page12_fr,punchlines,existential,Existential & Dark Humor,,fr,Fin Du Monde : Détails En Page 12 | Existential & Dark Humor (French) Design,"existential, nihilism, dark humor, philosophy, absurd, deep quote, monde, détails, page, punchlines, existential & dark humor, funny shirt, typography, minimalist, aesthetic, gift idea, trendy, statement tee",produits/punchlines/pl_page12_fr__dark.png,produits/punchlines/pl_page12_fr__light.png
pl_panem_pain_fr,punchlines,existential,Existential & Dark Humor,,fr,Panem Et Circenses (Surtout Le Pain) | Existential & Dark Humor (French) Design,"existential, nihilism, dark humor, philosophy, absurd, deep quote, panem, circenses, surtout, pain, punchlines, existential & dark humor, funny shirt, typography, minimalist, aesthetic, gift idea, trendy, statement tee",produits/punchlines/pl_panem_pain_fr__dark.png,produits/punchlines/pl_panem_pain_fr__light.png
pl_pas_paranos_fr,punchlines,existential,Existential & Dark Humor,,fr,"On N'Est Pas Parano, On Est Lucides | Existential & Dark Humor (French) Design","existential, nihilism, dark humor, philosophy, absurd, deep quote, n'est, parano, lucides, punchlines, existential & dark humor, funny shirt, typography, minimalist, aesthetic, gift idea, trendy, statement tee",produits/punchlines/pl_pas_paranos_fr__dark.png,produits/punchlines/pl_pas_paranos_fr__light.png
pl_pense_fuis_fr,punchlines,existential,Existential & Dark Humor,,fr,Je Pense Donc Je Fuis | Existential & Dark Humor (French) Design,"existential, nihilism, dark humor, philosophy, absurd, deep quote, pense, donc, fuis, punchlines, existential & dark humor, funny shirt, typography, minimalist, aesthetic, gift idea, trendy, statement tee",produits/punchlines/pl_pense_fuis_fr__dark.png,produits/punchlines/pl_pense_fuis_fr__light.png
pl_persevoler_fr,punchlines,existential,Existential & Dark Humor,,fr,"Errare Humanum Est, Persévérer Diabolique | Existential & Dark Humor (French) Design","existential, nihilism, dark humor, philosophy, absurd, deep quote, errare, humanum, persévérer, diabolique, punchlines, existential & dark humor, funny shirt, typography, minimalist, aesthetic, gift idea, trendy, statement tee",produits/punchlines/pl_persevoler_fr__dark.png,produits/punchlines/pl_persevoler_fr__light.png
pl_pile_charge_fr,punchlines,existential,Existential & Dark Humor,,fr,Batterie Sociale : 0 % | Existential & Dark Humor (French) Design,"existential, nihilism, dark humor, philosophy, absurd, deep quote, batterie, sociale, punchlines, existential & dark humor, funny shirt, typography, minimalist, aesthetic, gift idea, trendy, statement tee",produits/punchlines/pl_pile_charge_fr__dark.png,produits/punchlines/pl_pile_charge_fr__light.png
pl_plot_twist_en,punchlines,existential,Existential & Dark Humor,,en,Plot Twist: Nobody's Coming To Save Us | Existential & Dark Humor (English) Design,"existential, nihilism, dark humor, philosophy, absurd, deep quote, plot, twist, nobody's, coming, save, punchlines, existential & dark humor, funny shirt, typography, minimalist, aesthetic, gift idea, trendy, statement tee",produits/punchlines/pl_plot_twist_en__dark.png,produits/punchlines/pl_plot_twist_en__light.png
pl_plutot_la_vie_fr,punchlines,existential,Existential & Dark Humor,,fr,Plutôt La Vie | Existential & Dark Humor (French) Design,"existential, nihilism, dark humor, philosophy, absurd, deep quote, plutôt, punchlines, existential & dark humor, funny shirt, typography, minimalist, aesthetic, gift idea, trendy, statement tee",produits/punchlines/pl_plutot_la_vie_fr__dark.png,produits/punchlines/pl_plutot_la_vie_fr__light.png
pl_poussiere_fr,punchlines,existential,Existential & Dark Humor,,fr,"Poussière Tu Es, Stressée Tu Resteras | Existential & Dark Humor (French) Design","existential, nihilism, dark humor, philosophy, absurd, deep quote, poussière, stressée, resteras, punchlines, existential & dark humor, funny shirt, typography, minimalist, aesthetic, gift idea, trendy, statement tee",produits/punchlines/pl_poussiere_fr__dark.png,produits/punchlines/pl_poussiere_fr__light.png
pl_pro_disappointment_en,punchlines,existential,Existential & Dark Humor,,en,Professional Disappointment | Existential & Dark Humor (English) Design,"existential, nihilism, dark humor, philosophy, absurd, deep quote, professional, disappointment, punchlines, existential & dark humor, funny shirt, typography, minimalist, aesthetic, gift idea, trendy, statement tee",produits/punchlines/pl_pro_disappointment_en__dark.png,produits/punchlines/pl_pro_disappointment_en__light.png
pl_profitez_fini_fr,punchlines,existential,Existential & Dark Humor,,fr,"Profitez, C'Est Bientôt Fini | Existential & Dark Humor (French) Design","existential, nihilism, dark humor, philosophy, absurd, deep quote, profitez, c'est, bientôt, fini, punchlines, existential & dark humor, funny shirt, typography, minimalist, aesthetic, gift idea, trendy, statement tee",produits/punchlines/pl_profitez_fini_fr__dark.png,produits/punchlines/pl_profitez_fini_fr__light.png
pl_profits_poumons_fr,punchlines,existential,Existential & Dark Humor,,fr,"Vos Profits, Nos Poumons | Existential & Dark Humor (French) Design","existential, nihilism, dark humor, philosophy, absurd, deep quote, profits, poumons, punchlines, existential & dark humor, funny shirt, typography, minimalist, aesthetic, gift idea, trendy, statement tee",produits/punchlines/pl_profits_poumons_fr__dark.png,produits/punchlines/pl_profits_poumons_fr__light.png
pl_quoi_bon_fr,punchlines,existential,Existential & Dark Humor,,fr,À Quoi Bon (Mais Quand Même) | Existential & Dark Humor (French) Design,"existential, nihilism, dark humor, philosophy, absurd, deep quote, quoi, quand, même, punchlines, existential & dark humor, funny shirt, typography, minimalist, aesthetic, gift idea, trendy, statement tee",produits/punchlines/pl_quoi_bon_fr__dark.png,produits/punchlines/pl_quoi_bon_fr__light.png
pl_quouije_fr,punchlines,existential,Existential & Dark Humor,,fr,Qu'Ouïe-Je ? | Existential & Dark Humor (French) Design,"existential, nihilism, dark humor, philosophy, absurd, deep quote, qu'ouïe, punchlines, existential & dark humor, funny shirt, typography, minimalist, aesthetic, gift idea, trendy, statement tee",produits/punchlines/pl_quouije_fr__dark.png,produits/punchlines/pl_quouije_fr__light.png
pl_reve_realite_fr,punchlines,existential,Existential & Dark Humor,,fr,Le Rêve Est Réalité | Existential & Dark Humor (French) Design,"existential, nihilism, dark humor, philosophy, absurd, deep quote, rêve, réalité, punchlines, existential & dark humor, funny shirt, typography, minimalist, aesthetic, gift idea, trendy, statement tee",produits/punchlines/pl_reve_realite_fr__dark.png,produits/punchlines/pl_reve_realite_fr__light.png
pl_reveil_ennemi_fr,punchlines,existential,Existential & Dark Humor,,fr,Mon Réveil Est Mon Ennemi | Existential & Dark Humor (French) Design,"existential, nihilism, dark humor, philosophy, absurd, deep quote, réveil, ennemi, punchlines, existential & dark humor, funny shirt, typography, minimalist, aesthetic, gift idea, trendy, statement tee",produits/punchlines/pl_reveil_ennemi_fr__dark.png,produits/punchlines/pl_reveil_ennemi_fr__light.png
pl_rien_sens_fr,punchlines,existential,Existential & Dark Humor,,fr,Rien N'A De Sens. Souris Quand Même. | Existential & Dark Humor (French) Design,"existential, nihilism, dark humor, philosophy, absurd, deep quote, rien, sens, souris, quand, même, punchlines, existential & dark humor, funny shirt, typography, minimalist, aesthetic, gift idea, trendy, statement tee",produits/punchlines/pl_rien_sens_fr__dark.png,produits/punchlines/pl_rien_sens_fr__light.png
pl_riot_unheard_en,punchlines,existential,Existential & Dark Humor,,en,A Riot Is The Language Of The Unheard | Existential & Dark Humor (English) Design,"existential, nihilism, dark humor, philosophy, absurd, deep quote, riot, language, unheard, punchlines, existential & dark humor, funny shirt, typography, minimalist, aesthetic, gift idea, trendy, statement tee",produits/punchlines/pl_riot_unheard_en__dark.png,produits/punchlines/pl_riot_unheard_en__light.png
pl_seas_day_en,punchlines,existential,Existential & Dark Humor,,en,Seas The Day | Existential & Dark Humor (English) Design,"existential, nihilism, dark humor, philosophy, absurd, deep quote, seas, punchlines, existential & dark humor, funny shirt, typography, minimalist, aesthetic, gift idea, trendy, statement tee",produits/punchlines/pl_seas_day_en__dark.png,produits/punchlines/pl_seas_day_en__light.png
pl_seeds_en,punchlines,existential,Existential & Dark Humor,,en,They Buried Us. They Didn't Know We Were Seeds | Existential & Dark Humor (English) Design,"existential, nihilism, dark humor, philosophy, absurd, deep quote, buried, didn't, know, were, seeds, punchlines, existential & dark humor, funny shirt, typography, minimalist, aesthetic, gift idea, trendy, statement tee",produits/punchlines/pl_seeds_en__dark.png,produits/punchlines/pl_seeds_en__light.png
pl_sersje_fr,punchlines,existential,Existential & Dark Humor,,fr,À Quoi Sers-Je ? | Existential & Dark Humor (French) Design,"existential, nihilism, dark humor, philosophy, absurd, deep quote, quoi, sers, punchlines, existential & dark humor, funny shirt, typography, minimalist, aesthetic, gift idea, trendy, statement tee",produits/punchlines/pl_sersje_fr__dark.png,produits/punchlines/pl_sersje_fr__light.png
pl_silence_complice2_fr,punchlines,existential,Existential & Dark Humor,,fr,"Ne Rien Dire, C'Est Choisir L'Oppresseur | Existential & Dark Humor (French) Design","existential, nihilism, dark humor, philosophy, absurd, deep quote, rien, dire, c'est, choisir, l'oppresseur, punchlines, existential & dark humor, funny shirt, typography, minimalist, aesthetic, gift idea, trendy, statement tee",produits/punchlines/pl_silence_complice2_fr__dark.png,produits/punchlines/pl_silence_complice2_fr__light.png
pl_silence_complice_fr,punchlines,existential,Existential & Dark Humor,,fr,Le Silence Est Complice | Existential & Dark Humor (French) Design,"existential, nihilism, dark humor, philosophy, absurd, deep quote, silence, complice, punchlines, existential & dark humor, funny shirt, typography, minimalist, aesthetic, gift idea, trendy, statement tee",produits/punchlines/pl_silence_complice_fr__dark.png,produits/punchlines/pl_silence_complice_fr__light.png
pl_silence_or_fr,punchlines,existential,Existential & Dark Humor,,fr,Le Silence Est D'Or. Moi Je Suis Fauché. | Existential & Dark Humor (French) Design,"existential, nihilism, dark humor, philosophy, absurd, deep quote, silence, d'or, suis, fauché, punchlines, existential & dark humor, funny shirt, typography, minimalist, aesthetic, gift idea, trendy, statement tee",produits/punchlines/pl_silence_or_fr__dark.png,produits/punchlines/pl_silence_or_fr__light.png
pl_skin_style_en,punchlines,existential,Existential & Dark Humor,,en,Their Skin Is Not Your Style | Existential & Dark Humor (English) Design,"existential, nihilism, dark humor, philosophy, absurd, deep quote, their, skin, style, punchlines, existential & dark humor, funny shirt, typography, minimalist, aesthetic, gift idea, trendy, statement tee",produits/punchlines/pl_skin_style_en__dark.png,produits/punchlines/pl_skin_style_en__light.png
pl_souris_interieur_fr,punchlines,existential,Existential & Dark Humor,,fr,Je Souris. À L'Intérieur C'Est Le Chaos | Existential & Dark Humor (French) Design,"existential, nihilism, dark humor, philosophy, absurd, deep quote, souris, l'intérieur, c'est, chaos, punchlines, existential & dark humor, funny shirt, typography, minimalist, aesthetic, gift idea, trendy, statement tee",produits/punchlines/pl_souris_interieur_fr__dark.png,produits/punchlines/pl_souris_interieur_fr__light.png
pl_stay_soft_en,punchlines,existential,Existential & Dark Humor,,en,"Stay Angry, Stay Soft | Existential & Dark Humor (English) Design","existential, nihilism, dark humor, philosophy, absurd, deep quote, stay, angry, soft, punchlines, existential & dark humor, funny shirt, typography, minimalist, aesthetic, gift idea, trendy, statement tee",produits/punchlines/pl_stay_soft_en__dark.png,produits/punchlines/pl_stay_soft_en__light.png
pl_surviving_en,punchlines,existential,Existential & Dark Humor,,en,"Surviving, Not Thriving (But Make It Cute) | Existential & Dark Humor (English) Design","existential, nihilism, dark humor, philosophy, absurd, deep quote, surviving, thriving, make, cute, punchlines, existential & dark humor, funny shirt, typography, minimalist, aesthetic, gift idea, trendy, statement tee",produits/punchlines/pl_surviving_en__dark.png,produits/punchlines/pl_surviving_en__light.png
pl_terre_heritage_fr,punchlines,existential,Existential & Dark Humor,,fr,"La Terre N'Est Pas Un Héritage, C'Est Un Emprunt | Existential & Dark Humor (French) Design","existential, nihilism, dark humor, philosophy, absurd, deep quote, terre, n'est, héritage, c'est, emprunt, punchlines, existential & dark humor, funny shirt, typography, minimalist, aesthetic, gift idea, trendy, statement tee",produits/punchlines/pl_terre_heritage_fr__dark.png,produits/punchlines/pl_terre_heritage_fr__light.png
pl_terre_temoin_fr,punchlines,existential,Existential & Dark Humor,,fr,La Terre Brûle Et Nous Regardons Ailleurs | Existential & Dark Humor (French) Design,"existential, nihilism, dark humor, philosophy, absurd, deep quote, terre, brûle, regardons, ailleurs, punchlines, existential & dark humor, funny shirt, typography, minimalist, aesthetic, gift idea, trendy, statement tee",produits/punchlines/pl_terre_temoin_fr__dark.png,produits/punchlines/pl_terre_temoin_fr__light.png
pl_this_is_fine_en,punchlines,existential,Existential & Dark Humor,,en,This Is Fine (It Is Not) | Existential & Dark Humor (English) Design,"existential, nihilism, dark humor, philosophy, absurd, deep quote, fine, punchlines, existential & dark humor, funny shirt, typography, minimalist, aesthetic, gift idea, trendy, statement tee",produits/punchlines/pl_this_is_fine_en__dark.png,produits/punchlines/pl_this_is_fine_en__light.png
pl_touche_fond_fr,punchlines,existential,Existential & Dark Humor,,fr,"J'Ai Touché Le Fond. Et Là, Je Creuse. | Existential & Dark Humor (French) Design","existential, nihilism, dark humor, philosophy, absurd, deep quote, j'ai, touché, fond, creuse, punchlines, existential & dark humor, funny shirt, typography, minimalist, aesthetic, gift idea, trendy, statement tee",produits/punchlines/pl_touche_fond_fr__dark.png,produits/punchlines/pl_touche_fond_fr__light.png
pl_tout_a_nous_fr,punchlines,existential,Existential & Dark Humor,,fr,"Tout Est À Nous, Rien N'Est À Eux | Existential & Dark Humor (French) Design","existential, nihilism, dark humor, philosophy, absurd, deep quote, rien, n'est, punchlines, existential & dark humor, funny shirt, typography, minimalist, aesthetic, gift idea, trendy, statement tee",produits/punchlines/pl_tout_a_nous_fr__dark.png,produits/punchlines/pl_tout_a_nous_fr__light.png
pl_tout_passe_fr,punchlines,existential,Existential & Dark Humor,,fr,Tout Passe. Même Ça. | Existential & Dark Humor (French) Design,"existential, nihilism, dark humor, philosophy, absurd, deep quote, passe, même, punchlines, existential & dark humor, funny shirt, typography, minimalist, aesthetic, gift idea, trendy, statement tee",produits/punchlines/pl_tout_passe_fr__dark.png,produits/punchlines/pl_tout_passe_fr__light.png
pl_unbothered_en,punchlines,existential,Existential & Dark Humor,,en,Unbothered. Moisturized. Doomed. | Existential & Dark Humor (English) Design,"existential, nihilism, dark humor, philosophy, absurd, deep quote, unbothered, moisturized, doomed, punchlines, existential & dark humor, funny shirt, typography, minimalist, aesthetic, gift idea, trendy, statement tee",produits/punchlines/pl_unbothered_en__dark.png,produits/punchlines/pl_unbothered_en__light.png
pl_united_en,punchlines,existential,Existential & Dark Humor,,en,The People United Will Never Be Defeated | Existential & Dark Humor (English) Design,"existential, nihilism, dark humor, philosophy, absurd, deep quote, people, united, will, never, defeated, punchlines, existential & dark humor, funny shirt, typography, minimalist, aesthetic, gift idea, trendy, statement tee",produits/punchlines/pl_united_en__dark.png,produits/punchlines/pl_united_en__light.png
pl_valeurs_decouvert_fr,punchlines,existential,Existential & Dark Humor,,fr,"Pas D'Argent, Mais Des Valeurs (Et Un Découvert) | Existential & Dark Humor (French) Design","existential, nihilism, dark humor, philosophy, absurd, deep quote, d'argent, valeurs, découvert, punchlines, existential & dark humor, funny shirt, typography, minimalist, aesthetic, gift idea, trendy, statement tee",produits/punchlines/pl_valeurs_decouvert_fr__dark.png,produits/punchlines/pl_valeurs_decouvert_fr__light.png
pl_veni_vomi_fr,punchlines,existential,Existential & Dark Humor,,fr,"Veni, Vidi, Vomi | Existential & Dark Humor (French) Design","existential, nihilism, dark humor, philosophy, absurd, deep quote, veni, vidi, vomi, punchlines, existential & dark humor, funny shirt, typography, minimalist, aesthetic, gift idea, trendy, statement tee",produits/punchlines/pl_veni_vomi_fr__dark.png,produits/punchlines/pl_veni_vomi_fr__light.png
pl_vide_appele_fr,punchlines,existential,Existential & Dark Humor,,fr,Le Vide A Appelé. J'Ai Pas Répondu. | Existential & Dark Humor (French) Design,"existential, nihilism, dark humor, philosophy, absurd, deep quote, vide, appelé, j'ai, répondu, punchlines, existential & dark humor, funny shirt, typography, minimalist, aesthetic, gift idea, trendy, statement tee",produits/punchlines/pl_vide_appele_fr__dark.png,produits/punchlines/pl_vide_appele_fr__light.png
pl_voice_shakes_en,punchlines,existential,Existential & Dark Humor,,en,"Speak The Truth, Even If Your Voice Shakes | Existential & Dark Humor (English) Design","existential, nihilism, dark humor, philosophy, absurd, deep quote, speak, truth, even, voice, shakes, punchlines, existential & dark humor, funny shirt, typography, minimalist, aesthetic, gift idea, trendy, statement tee",produits/punchlines/pl_voice_shakes_en__dark.png,produits/punchlines/pl_voice_shakes_en__light.png
pl_world_burning_en,punchlines,existential,Existential & Dark Humor,,en,The World Is On Fire And We're Looking Away | Existential & Dark Humor (English) Design,"existential, nihilism, dark humor, philosophy, absurd, deep quote, world, fire, we're, looking, away, punchlines, existential & dark humor, funny shirt, typography, minimalist, aesthetic, gift idea, trendy, statement tee",produits/punchlines/pl_world_burning_en__dark.png,produits/punchlines/pl_world_burning_en__light.png
tr_batterie_sociale_fr,trending,existential,Existential & Dark Humor,,fr,Batterie Sociale Vide | Existential & Dark Humor (French) Design,"existential, nihilism, dark humor, philosophy, absurd, deep quote, batterie, sociale, vide, trending, existential & dark humor, funny shirt, typography, minimalist, aesthetic, gift idea, trendy, statement tee",produits/trending/tr_batterie_sociale_fr__dark.png,produits/trending/tr_batterie_sociale_fr__light.png
an_safe_fr,anti,feminism,Feminist,,fr,"Zone Sans Racisme, Homophobie, Sexisme, Validisme, Haine, Transphobie, | Feminist (French) Design","feminist, feminism, girl power, smash patriarchy, women rights, equal rights, feminist gift, zone, sans, racisme, homophobie, sexisme, anti, funny shirt, typography, minimalist, aesthetic, gift idea, trendy, statement tee",produits/anti/an_safe_fr__dark.png,produits/anti/an_safe_fr__light.png
ar_feministe_fr,arrow,feminism,Feminist,,fr,Lui Aussi Est Féministe | Feminist (French) Design,"feminist, feminism, girl power, smash patriarchy, women rights, equal rights, feminist gift, aussi, féministe, arrow, funny shirt, typography, minimalist, aesthetic, gift idea, trendy, statement tee",produits/arrow/ar_feministe_fr__dark.png,produits/arrow/ar_feministe_fr__light.png
co_after_all_en,corrige,feminism,Feminist,,en,After All This Time? Always. → Still Fighting. | Feminist (English) Design,"feminist, feminism, girl power, smash patriarchy, women rights, equal rights, feminist gift, after, time, always, still, fighting, corrige, funny shirt, typography, minimalist, aesthetic, gift idea, trendy, statement tee",produits/corrige/co_after_all_en__dark.png,produits/corrige/co_after_all_en__light.png
co_all_you_need_en,corrige,feminism,Feminist,,en,All You Need Is Love → Human Rights | Feminist (English) Design,"feminist, feminism, girl power, smash patriarchy, women rights, equal rights, feminist gift, need, love, human, rights, corrige, funny shirt, typography, minimalist, aesthetic, gift idea, trendy, statement tee",produits/corrige/co_all_you_need_en__dark.png,produits/corrige/co_all_you_need_en__light.png
co_another_day_en,corrige,feminism,Feminist,,en,"Another Day, Another Dollar → Another Fight | Feminist (English) Design","feminist, feminism, girl power, smash patriarchy, women rights, equal rights, feminist gift, another, dollar, fight, corrige, funny shirt, typography, minimalist, aesthetic, gift idea, trendy, statement tee",produits/corrige/co_another_day_en__dark.png,produits/corrige/co_another_day_en__light.png
co_apolitique_fr,corrige,feminism,Feminist,,fr,Je Suis Apolitique → Juste Privilégié | Feminist (French) Design,"feminist, feminism, girl power, smash patriarchy, women rights, equal rights, feminist gift, suis, apolitique, juste, privilégié, corrige, funny shirt, typography, minimalist, aesthetic, gift idea, trendy, statement tee",produits/corrige/co_apolitique_fr__dark.png,produits/corrige/co_apolitique_fr__light.png
co_be_change_en,corrige,feminism,Feminist,,en,Be The Change You Wish To See → You Tax | Feminist (English) Design,"feminist, feminism, girl power, smash patriarchy, women rights, equal rights, feminist gift, change, wish, corrige, funny shirt, typography, minimalist, aesthetic, gift idea, trendy, statement tee",produits/corrige/co_be_change_en__dark.png,produits/corrige/co_be_change_en__light.png
co_born_shop_en,corrige,feminism,Feminist,,en,Born To Shop → Adopt | Feminist (English) Design,"feminist, feminism, girl power, smash patriarchy, women rights, equal rights, feminist gift, born, shop, adopt, corrige, funny shirt, typography, minimalist, aesthetic, gift idea, trendy, statement tee",produits/corrige/co_born_shop_en__dark.png,produits/corrige/co_born_shop_en__light.png
co_boys_will_en,corrige,feminism,Feminist,,en,Boys Will Be Boys → Held Accountable | Feminist (English) Design,"feminist, feminism, girl power, smash patriarchy, women rights, equal rights, feminist gift, boys, will, held, accountable, corrige, funny shirt, typography, minimalist, aesthetic, gift idea, trendy, statement tee",produits/corrige/co_boys_will_en__dark.png,produits/corrige/co_boys_will_en__light.png
co_canicule_fr,corrige,feminism,Feminist,,fr,"Il Fait Chaud, C'Est Normal → +1,5°C | Feminist (French) Design","feminist, feminism, girl power, smash patriarchy, women rights, equal rights, feminist gift, chaud, c'est, normal, corrige, funny shirt, typography, minimalist, aesthetic, gift idea, trendy, statement tee",produits/corrige/co_canicule_fr__dark.png,produits/corrige/co_canicule_fr__light.png
co_client_raison_fr,corrige,feminism,Feminist,,fr,Le Client A Toujours Raison → Souvent Tort | Feminist (French) Design,"feminist, feminism, girl power, smash patriarchy, women rights, equal rights, feminist gift, client, toujours, raison, souvent, tort, corrige, funny shirt, typography, minimalist, aesthetic, gift idea, trendy, statement tee",produits/corrige/co_client_raison_fr__dark.png,produits/corrige/co_client_raison_fr__light.png
co_complotiste_fr,corrige,feminism,Feminist,,fr,Je Ne Suis Pas Complotiste → Juste Crédule | Feminist (French) Design,"feminist, feminism, girl power, smash patriarchy, women rights, equal rights, feminist gift, suis, complotiste, juste, crédule, corrige, funny shirt, typography, minimalist, aesthetic, gift idea, trendy, statement tee",produits/corrige/co_complotiste_fr__dark.png,produits/corrige/co_complotiste_fr__light.png
co_cool_story_en,corrige,feminism,Feminist,,en,"Cool Story, Bro → Believe Women | Feminist (English) Design","feminist, feminism, girl power, smash patriarchy, women rights, equal rights, feminist gift, cool, story, believe, women, corrige, funny shirt, typography, minimalist, aesthetic, gift idea, trendy, statement tee",produits/corrige/co_cool_story_en__dark.png,produits/corrige/co_cool_story_en__light.png
co_courage_fr,corrige,feminism,Feminist,,fr,"Le Courage, C'Est D'Obéir → C'Est De Résister | Feminist (French) Design","feminist, feminism, girl power, smash patriarchy, women rights, equal rights, feminist gift, courage, c'est, d'obéir, résister, corrige, funny shirt, typography, minimalist, aesthetic, gift idea, trendy, statement tee",produits/corrige/co_courage_fr__dark.png,produits/corrige/co_courage_fr__light.png
co_croissance_fr,corrige,feminism,Feminist,,fr,La Croissance Infinie → C'Est Fini | Feminist (French) Design,"feminist, feminism, girl power, smash patriarchy, women rights, equal rights, feminist gift, croissance, infinie, c'est, fini, corrige, funny shirt, typography, minimalist, aesthetic, gift idea, trendy, statement tee",produits/corrige/co_croissance_fr__dark.png,produits/corrige/co_croissance_fr__light.png
co_filles_amuser_fr,corrige,feminism,Feminist,,fr,Les Filles Veulent Juste S'Amuser → L'Égalité | Feminist (French) Design,"feminist, feminism, girl power, smash patriarchy, women rights, equal rights, feminist gift, filles, veulent, juste, s'amuser, l'égalité, corrige, funny shirt, typography, minimalist, aesthetic, gift idea, trendy, statement tee",produits/corrige/co_filles_amuser_fr__dark.png,produits/corrige/co_filles_amuser_fr__light.png
co_garcons_fr,corrige,feminism,Feminist,,fr,Les Garçons Resteront Des Garçons → Responsables | Feminist (French) Design,"feminist, feminism, girl power, smash patriarchy, women rights, equal rights, feminist gift, garçons, resteront, responsables, corrige, funny shirt, typography, minimalist, aesthetic, gift idea, trendy, statement tee",produits/corrige/co_garcons_fr__dark.png,produits/corrige/co_garcons_fr__light.png
co_girls_fun_en,corrige,feminism,Feminist,,en,Girls Just Want To Have Fun → Equal Rights | Feminist (English) Design,"feminist, feminism, girl power, smash patriarchy, women rights, equal rights, feminist gift, girls, want, equal, rights, corrige, funny shirt, typography, minimalist, aesthetic, gift idea, trendy, statement tee",produits/corrige/co_girls_fun_en__dark.png,produits/corrige/co_girls_fun_en__light.png
co_good_vibes_en,corrige,feminism,Feminist,,en,Good Vibes Only → And Equal Rights | Feminist (English) Design,"feminist, feminism, girl power, smash patriarchy, women rights, equal rights, feminist gift, good, vibes, equal, rights, corrige, funny shirt, typography, minimalist, aesthetic, gift idea, trendy, statement tee",produits/corrige/co_good_vibes_en__dark.png,produits/corrige/co_good_vibes_en__light.png
co_great_power_en,corrige,feminism,Feminist,,en,With Great Power Comes Great Responsibility → Tax Bills | Feminist (English) Design,"feminist, feminism, girl power, smash patriarchy, women rights, equal rights, feminist gift, great, power, comes, responsibility, bills, corrige, funny shirt, typography, minimalist, aesthetic, gift idea, trendy, statement tee",produits/corrige/co_great_power_en__dark.png,produits/corrige/co_great_power_en__light.png
co_history_en,corrige,feminism,Feminist,,en,History Will Repeat → Judge You | Feminist (English) Design,"feminist, feminism, girl power, smash patriarchy, women rights, equal rights, feminist gift, history, will, repeat, judge, corrige, funny shirt, typography, minimalist, aesthetic, gift idea, trendy, statement tee",produits/corrige/co_history_en__dark.png,produits/corrige/co_history_en__light.png
co_ill_back_en,corrige,feminism,Feminist,,en,I'll Be Back → Voting | Feminist (English) Design,"feminist, feminism, girl power, smash patriarchy, women rights, equal rights, feminist gift, i'll, back, voting, corrige, funny shirt, typography, minimalist, aesthetic, gift idea, trendy, statement tee",produits/corrige/co_ill_back_en__dark.png,produits/corrige/co_ill_back_en__light.png
co_infinity_en,corrige,feminism,Feminist,,en,To Infinity And Beyond → Equal Pay | Feminist (English) Design,"feminist, feminism, girl power, smash patriarchy, women rights, equal rights, feminist gift, infinity, beyond, equal, corrige, funny shirt, typography, minimalist, aesthetic, gift idea, trendy, statement tee",produits/corrige/co_infinity_en__dark.png,produits/corrige/co_infinity_en__light.png
co_je_pense_fr,corrige,feminism,Feminist,,fr,"Je Pense, Donc Je Suis → Vote | Feminist (French) Design","feminist, feminism, girl power, smash patriarchy, women rights, equal rights, feminist gift, pense, donc, suis, vote, corrige, funny shirt, typography, minimalist, aesthetic, gift idea, trendy, statement tee",produits/corrige/co_je_pense_fr__dark.png,produits/corrige/co_je_pense_fr__light.png
co_keep_calm_en,corrige,feminism,Feminist,,en,Keep Calm And Carry On → Smash Patriarchy | Feminist (English) Design,"feminist, feminism, girl power, smash patriarchy, women rights, equal rights, feminist gift, keep, calm, carry, smash, patriarchy, corrige, funny shirt, typography, minimalist, aesthetic, gift idea, trendy, statement tee",produits/corrige/co_keep_calm_en__dark.png,produits/corrige/co_keep_calm_en__light.png
co_liberte_fr,corrige,feminism,Feminist,,fr,"Liberté, Égalité, Fraternité → Sororité | Feminist (French) Design","feminist, feminism, girl power, smash patriarchy, women rights, equal rights, feminist gift, liberté, égalité, fraternité, sororité, corrige, funny shirt, typography, minimalist, aesthetic, gift idea, trendy, statement tee",produits/corrige/co_liberte_fr__dark.png,produits/corrige/co_liberte_fr__light.png
co_life_box_en,corrige,feminism,Feminist,,en,Life Is Like A Box Of Chocolates → Privilege | Feminist (English) Design,"feminist, feminism, girl power, smash patriarchy, women rights, equal rights, feminist gift, life, chocolates, privilege, corrige, funny shirt, typography, minimalist, aesthetic, gift idea, trendy, statement tee",produits/corrige/co_life_box_en__dark.png,produits/corrige/co_life_box_en__light.png
co_mange_prie_fr,corrige,feminism,Feminist,,fr,"Mange, Prie, Aime → Milite | Feminist (French) Design","feminist, feminism, girl power, smash patriarchy, women rights, equal rights, feminist gift, mange, prie, aime, milite, corrige, funny shirt, typography, minimalist, aesthetic, gift idea, trendy, statement tee",produits/corrige/co_mange_prie_fr__dark.png,produits/corrige/co_mange_prie_fr__light.png
co_not_angry_en,corrige,feminism,Feminist,,en,"I'm Not Angry, I'm Just Disappointed → Organizing | Feminist (English) Design","feminist, feminism, girl power, smash patriarchy, women rights, equal rights, feminist gift, angry, disappointed, organizing, corrige, funny shirt, typography, minimalist, aesthetic, gift idea, trendy, statement tee",produits/corrige/co_not_angry_en__dark.png,produits/corrige/co_not_angry_en__light.png
co_not_backyard_en,corrige,feminism,Feminist,,en,Not In My Backyard → Lifetime | Feminist (English) Design,"feminist, feminism, girl power, smash patriarchy, women rights, equal rights, feminist gift, backyard, lifetime, corrige, funny shirt, typography, minimalist, aesthetic, gift idea, trendy, statement tee",produits/corrige/co_not_backyard_en__dark.png,produits/corrige/co_not_backyard_en__light.png
co_not_bossy_en,corrige,feminism,Feminist,,en,I'm Not Bossy → The Boss | Feminist (English) Design,"feminist, feminism, girl power, smash patriarchy, women rights, equal rights, feminist gift, bossy, boss, corrige, funny shirt, typography, minimalist, aesthetic, gift idea, trendy, statement tee",produits/corrige/co_not_bossy_en__dark.png,produits/corrige/co_not_bossy_en__light.png
co_odeur_avenir_fr,corrige,feminism,Feminist,,fr,L'Argent N'A Pas D'Odeur → D'Avenir | Feminist (French) Design,"feminist, feminism, girl power, smash patriarchy, women rights, equal rights, feminist gift, l'argent, d'odeur, d'avenir, corrige, funny shirt, typography, minimalist, aesthetic, gift idea, trendy, statement tee",produits/corrige/co_odeur_avenir_fr__dark.png,produits/corrige/co_odeur_avenir_fr__light.png
co_platiste_fr,corrige,feminism,Feminist,,fr,La Terre Est Plate ? Platiste → Platement Stupide | Feminist (French) Design,"feminist, feminism, girl power, smash patriarchy, women rights, equal rights, feminist gift, terre, plate, platiste, platement, stupide, corrige, funny shirt, typography, minimalist, aesthetic, gift idea, trendy, statement tee",produits/corrige/co_platiste_fr__dark.png,produits/corrige/co_platiste_fr__light.png
co_qui_peut_fr,corrige,feminism,Feminist,,fr,Qui Peut Le Plus Peut Le Moins → Paie Plus D'Impôts | Feminist (French) Design,"feminist, feminism, girl power, smash patriarchy, women rights, equal rights, feminist gift, peut, moins, paie, d'impôts, corrige, funny shirt, typography, minimalist, aesthetic, gift idea, trendy, statement tee",produits/corrige/co_qui_peut_fr__dark.png,produits/corrige/co_qui_peut_fr__light.png
co_recherche_fr,corrige,feminism,Feminist,,fr,J'Ai Fait Mes Recherches → Trois Vidéos | Feminist (French) Design,"feminist, feminism, girl power, smash patriarchy, women rights, equal rights, feminist gift, j'ai, recherches, trois, vidéos, corrige, funny shirt, typography, minimalist, aesthetic, gift idea, trendy, statement tee",produits/corrige/co_recherche_fr__dark.png,produits/corrige/co_recherche_fr__light.png
co_seize_en,corrige,feminism,Feminist,,en,Seize The Day → Means Of Production | Feminist (English) Design,"feminist, feminism, girl power, smash patriarchy, women rights, equal rights, feminist gift, seize, means, production, corrige, funny shirt, typography, minimalist, aesthetic, gift idea, trendy, statement tee",produits/corrige/co_seize_en__dark.png,produits/corrige/co_seize_en__light.png
co_she_said_en,corrige,feminism,Feminist,,en,That's What She Said → Wasn't Believed | Feminist (English) Design,"feminist, feminism, girl power, smash patriarchy, women rights, equal rights, feminist gift, that's, what, said, wasn't, believed, corrige, funny shirt, typography, minimalist, aesthetic, gift idea, trendy, statement tee",produits/corrige/co_she_said_en__dark.png,produits/corrige/co_she_said_en__light.png
co_sois_sage_fr,corrige,feminism,Feminist,,fr,Sois Sage → Rebelle | Feminist (French) Design,"feminist, feminism, girl power, smash patriarchy, women rights, equal rights, feminist gift, sois, sage, rebelle, corrige, funny shirt, typography, minimalist, aesthetic, gift idea, trendy, statement tee",produits/corrige/co_sois_sage_fr__dark.png,produits/corrige/co_sois_sage_fr__light.png
co_stay_lane_en,corrige,feminism,Feminist,,en,Stay In Your Lane → Power | Feminist (English) Design,"feminist, feminism, girl power, smash patriarchy, women rights, equal rights, feminist gift, stay, lane, power, corrige, funny shirt, typography, minimalist, aesthetic, gift idea, trendy, statement tee",produits/corrige/co_stay_lane_en__dark.png,produits/corrige/co_stay_lane_en__light.png
co_think_box_en,corrige,feminism,Feminist,,en,Think Outside The Box → Binary | Feminist (English) Design,"feminist, feminism, girl power, smash patriarchy, women rights, equal rights, feminist gift, think, outside, binary, corrige, funny shirt, typography, minimalist, aesthetic, gift idea, trendy, statement tee",produits/corrige/co_think_box_en__dark.png,produits/corrige/co_think_box_en__light.png
co_veni_fr,corrige,feminism,Feminist,,fr,"Veni, Vidi, Vici → Voté | Feminist (French) Design","feminist, feminism, girl power, smash patriarchy, women rights, equal rights, feminist gift, veni, vidi, vici, voté, corrige, funny shirt, typography, minimalist, aesthetic, gift idea, trendy, statement tee",produits/corrige/co_veni_fr__dark.png,produits/corrige/co_veni_fr__light.png
co_vouloir_militer_fr,corrige,feminism,Feminist,,fr,Vouloir C'Est Pouvoir → Militer | Feminist (French) Design,"feminist, feminism, girl power, smash patriarchy, women rights, equal rights, feminist gift, vouloir, c'est, pouvoir, militer, corrige, funny shirt, typography, minimalist, aesthetic, gift idea, trendy, statement tee",produits/corrige/co_vouloir_militer_fr__dark.png,produits/corrige/co_vouloir_militer_fr__light.png
co_why_serious_en,corrige,feminism,Feminist,,en,Why So Serious? → Complicit? | Feminist (English) Design,"feminist, feminism, girl power, smash patriarchy, women rights, equal rights, feminist gift, serious, complicit, corrige, funny shirt, typography, minimalist, aesthetic, gift idea, trendy, statement tee",produits/corrige/co_why_serious_en__dark.png,produits/corrige/co_why_serious_en__light.png
co_winter_coming_en,corrige,feminism,Feminist,,en,Winter Is Coming → Already Here | Feminist (English) Design,"feminist, feminism, girl power, smash patriarchy, women rights, equal rights, feminist gift, winter, coming, already, here, corrige, funny shirt, typography, minimalist, aesthetic, gift idea, trendy, statement tee",produits/corrige/co_winter_coming_en__dark.png,produits/corrige/co_winter_coming_en__light.png
co_woke_up_en,corrige,feminism,Feminist,,en,I Woke Up Like This → An Activist | Feminist (English) Design,"feminist, feminism, girl power, smash patriarchy, women rights, equal rights, feminist gift, woke, activist, corrige, funny shirt, typography, minimalist, aesthetic, gift idea, trendy, statement tee",produits/corrige/co_woke_up_en__dark.png,produits/corrige/co_woke_up_en__light.png
co_you_are_en,corrige,feminism,Feminist,,en,You Are What You Eat → You Fight For | Feminist (English) Design,"feminist, feminism, girl power, smash patriarchy, women rights, equal rights, feminist gift, what, fight, corrige, funny shirt, typography, minimalist, aesthetic, gift idea, trendy, statement tee",produits/corrige/co_you_are_en__dark.png,produits/corrige/co_you_are_en__light.png
co_you_had_en,corrige,feminism,Feminist,,en,You Had Me At Hello → Feminism | Feminist (English) Design,"feminist, feminism, girl power, smash patriarchy, women rights, equal rights, feminist gift, hello, corrige, funny shirt, typography, minimalist, aesthetic, gift idea, trendy, statement tee",produits/corrige/co_you_had_en__dark.png,produits/corrige/co_you_had_en__light.png
fm_card_patriarchy_en,formats,feminism,Feminist,card,en,Red Card To The Patriarchy | Feminist (English) Design,"feminist, feminism, girl power, smash patriarchy, women rights, equal rights, feminist gift, card, patriarchy, formats, funny shirt, typography, minimalist, aesthetic, gift idea, trendy, statement tee",produits/formats/fm_card_patriarchy_en__dark.png,produits/formats/fm_card_patriarchy_en__light.png
fm_caution_colere_fr,formats,feminism,Feminist,caution,fr,Danger Féministe En Colère | Feminist (French) Design,"feminist, feminism, girl power, smash patriarchy, women rights, equal rights, feminist gift, danger, féministe, colère, caution, formats, funny shirt, typography, minimalist, aesthetic, gift idea, trendy, statement tee",produits/formats/fm_caution_colere_fr__dark.png,produits/formats/fm_caution_colere_fr__light.png
fm_caution_feminist_en,formats,feminism,Feminist,caution,en,Caution Feminist Area | Feminist (English) Design,"feminist, feminism, girl power, smash patriarchy, women rights, equal rights, feminist gift, caution, area, formats, funny shirt, typography, minimalist, aesthetic, gift idea, trendy, statement tee",produits/formats/fm_caution_feminist_en__dark.png,produits/formats/fm_caution_feminist_en__light.png
he_men_women_en,heart,feminism,Feminist,,en,I love Men not Men but Women | Feminist (English) Design,"feminist, feminism, girl power, smash patriarchy, women rights, equal rights, feminist gift, love, women, heart, funny shirt, typography, minimalist, aesthetic, gift idea, trendy, statement tee",produits/heart/he_men_women_en__dark.png,produits/heart/he_men_women_en__light.png
id_feminist_en,identite,feminism,Feminist,,en,Feminist | Feminist (English) Design,"feminist, feminism, girl power, smash patriarchy, women rights, equal rights, feminist gift, identite, funny shirt, typography, minimalist, aesthetic, gift idea, trendy, statement tee",produits/identite/id_feminist_en__dark.png,produits/identite/id_feminist_en__light.png
id_feminista_es,identite,feminism,Feminist,,es,Feminista | Feminist (Spanish) Design,"feminist, feminism, girl power, smash patriarchy, women rights, equal rights, feminist gift, feminista, identite, funny shirt, typography, minimalist, aesthetic, gift idea, trendy, statement tee",produits/identite/id_feminista_es__dark.png,produits/identite/id_feminista_es__light.png
id_feminista_pt,identite,feminism,Feminist,,pt,Feminista | Feminist (Portuguese) Design,"feminist, feminism, girl power, smash patriarchy, women rights, equal rights, feminist gift, feminista, identite, funny shirt, typography, minimalist, aesthetic, gift idea, trendy, statement tee",produits/identite/id_feminista_pt__dark.png,produits/identite/id_feminista_pt__light.png
id_feministe_fr,identite,feminism,Feminist,,fr,Féministe | Feminist (French) Design,"feminist, feminism, girl power, smash patriarchy, women rights, equal rights, feminist gift, féministe, identite, funny shirt, typography, minimalist, aesthetic, gift idea, trendy, statement tee",produits/identite/id_feministe_fr__dark.png,produits/identite/id_feministe_fr__light.png
id_feministin_de,identite,feminism,Feminist,,de,Feministin | Feminist (German) Design,"feminist, feminism, girl power, smash patriarchy, women rights, equal rights, feminist gift, feministin, identite, funny shirt, typography, minimalist, aesthetic, gift idea, trendy, statement tee",produits/identite/id_feministin_de__dark.png,produits/identite/id_feministin_de__light.png
pv_habit_moine_fr,proverbes,feminism,Feminist,,fr,"L'Habit Ne Fait Pas Le Moine, Mais Le Patriarcat Fait Le Sexisme | Feminist (French) Design","feminist, feminism, girl power, smash patriarchy, women rights, equal rights, feminist gift, l'habit, moine, patriarcat, sexisme, proverbes, funny shirt, typography, minimalist, aesthetic, gift idea, trendy, statement tee",produits/proverbes/pv_habit_moine_fr__dark.png,produits/proverbes/pv_habit_moine_fr__light.png
pv_homme_averti_fr,proverbes,feminism,Feminist,,fr,"Un Homme Averti En Vaut Deux. Une Femme, En Vaut Dix. | Feminist (French) Design","feminist, feminism, girl power, smash patriarchy, women rights, equal rights, feminist gift, homme, averti, vaut, deux, femme, proverbes, funny shirt, typography, minimalist, aesthetic, gift idea, trendy, statement tee",produits/proverbes/pv_homme_averti_fr__dark.png,produits/proverbes/pv_homme_averti_fr__light.png
pl_mon_corps_fr,punchlines,feminism,Feminist,,fr,"Mon Corps, Mon Choix | Feminist (French) Design","feminist, feminism, girl power, smash patriarchy, women rights, equal rights, feminist gift, corps, choix, punchlines, funny shirt, typography, minimalist, aesthetic, gift idea, trendy, statement tee",produits/punchlines/pl_mon_corps_fr__dark.png,produits/punchlines/pl_mon_corps_fr__light.png
pl_my_body_en,punchlines,feminism,Feminist,,en,"My Body, My Choice | Feminist (English) Design","feminist, feminism, girl power, smash patriarchy, women rights, equal rights, feminist gift, body, choice, punchlines, funny shirt, typography, minimalist, aesthetic, gift idea, trendy, statement tee",produits/punchlines/pl_my_body_en__dark.png,produits/punchlines/pl_my_body_en__light.png
pl_well_behaved_en,punchlines,feminism,Feminist,,en,Well-Behaved Women Rarely Make History | Feminist (English) Design,"feminist, feminism, girl power, smash patriarchy, women rights, equal rights, feminist gift, well, behaved, women, rarely, make, punchlines, funny shirt, typography, minimalist, aesthetic, gift idea, trendy, statement tee",produits/punchlines/pl_well_behaved_en__dark.png,produits/punchlines/pl_well_behaved_en__light.png
rev_cat_patriarchy_en,revendications,feminism,Feminist,,en,My Cat Smashed The Patriarchy | Feminist (English) Design,"feminist, feminism, girl power, smash patriarchy, women rights, equal rights, feminist gift, smashed, patriarchy, revendications, funny shirt, typography, minimalist, aesthetic, gift idea, trendy, statement tee",produits/revendications/rev_cat_patriarchy_en__dark.png,produits/revendications/rev_cat_patriarchy_en__light.png
rev_chien_feministe_fr,revendications,feminism,Feminist,,fr,Mon Chien Est Féministe | Feminist (French) Design,"feminist, feminism, girl power, smash patriarchy, women rights, equal rights, feminist gift, chien, féministe, revendications, funny shirt, typography, minimalist, aesthetic, gift idea, trendy, statement tee",produits/revendications/rev_chien_feministe_fr__dark.png,produits/revendications/rev_chien_feministe_fr__light.png
rev_crochet_smash_en,revendications,feminism,Feminist,,en,"Crochet Now, Smash Patriarchy Later | Feminist (English) Design","feminist, feminism, girl power, smash patriarchy, women rights, equal rights, feminist gift, crochet, smash, patriarchy, later, revendications, funny shirt, typography, minimalist, aesthetic, gift idea, trendy, statement tee",produits/revendications/rev_crochet_smash_en__dark.png,produits/revendications/rev_crochet_smash_en__light.png
rev_equal_rights_en,revendications,feminism,Feminist,,en,Girls Just Want Equal Rights | Feminist (English) Design,"feminist, feminism, girl power, smash patriarchy, women rights, equal rights, feminist gift, girls, want, equal, rights, revendications, funny shirt, typography, minimalist, aesthetic, gift idea, trendy, statement tee",produits/revendications/rev_equal_rights_en__dark.png,produits/revendications/rev_equal_rights_en__light.png
rev_feministe_quoi_fr,revendications,feminism,Feminist,,fr,Féministe. Et Alors Quoi ? | Feminist (French) Design,"feminist, feminism, girl power, smash patriarchy, women rights, equal rights, feminist gift, féministe, alors, quoi, revendications, funny shirt, typography, minimalist, aesthetic, gift idea, trendy, statement tee",produits/revendications/rev_feministe_quoi_fr__dark.png,produits/revendications/rev_feministe_quoi_fr__light.png
wa_patriarcat_fr,warning,feminism,Feminist,,fr,Le Patriarcat Tue kills | Feminist (French) Design,"feminist, feminism, girl power, smash patriarchy, women rights, equal rights, feminist gift, patriarcat, kills, warning, funny shirt, typography, minimalist, aesthetic, gift idea, trendy, statement tee",produits/warning/wa_patriarcat_fr__dark.png,produits/warning/wa_patriarcat_fr__light.png
wa_patriarchy_en,warning,feminism,Feminist,,en,The Patriarchy Kills kills | Feminist (English) Design,"feminist, feminism, girl power, smash patriarchy, women rights, equal rights, feminist gift, patriarchy, kills, warning, funny shirt, typography, minimalist, aesthetic, gift idea, trendy, statement tee",produits/warning/wa_patriarchy_en__dark.png,produits/warning/wa_patriarchy_en__light.png
ar_allie_fr,arrow,humor,Funny & Sarcastic,,fr,Allié Le Vrai | Funny & Sarcastic (French) Design,"funny saying, sarcastic, sarcasm, humor, meme shirt, funny quote, introvert humor, allié, vrai, arrow, funny & sarcastic, funny shirt, typography, minimalist, aesthetic, gift idea, trendy, statement tee",produits/arrow/ar_allie_fr__dark.png,produits/arrow/ar_allie_fr__light.png
ar_apero_fr,arrow,humor,Funny & Sarcastic,,fr,C'Est Lui Qui Paie L'Apéro | Funny & Sarcastic (French) Design,"funny saying, sarcastic, sarcasm, humor, meme shirt, funny quote, introvert humor, c'est, paie, l'apéro, arrow, funny & sarcastic, funny shirt, typography, minimalist, aesthetic, gift idea, trendy, statement tee",produits/arrow/ar_apero_fr__dark.png,produits/arrow/ar_apero_fr__light.png
ar_good_human_en,arrow,humor,Funny & Sarcastic,,en,Certified Good Human | Funny & Sarcastic (English) Design,"funny saying, sarcastic, sarcasm, humor, meme shirt, funny quote, introvert humor, certified, good, human, arrow, funny & sarcastic, funny shirt, typography, minimalist, aesthetic, gift idea, trendy, statement tee",produits/arrow/ar_good_human_en__dark.png,produits/arrow/ar_good_human_en__light.png
ar_suv_fr,arrow,humor,Funny & Sarcastic,,fr,Il Roule En SUV En Centre-Ville | Funny & Sarcastic (French) Design,"funny saying, sarcastic, sarcasm, humor, meme shirt, funny quote, introvert humor, roule, centre, ville, arrow, funny & sarcastic, funny shirt, typography, minimalist, aesthetic, gift idea, trendy, statement tee",produits/arrow/ar_suv_fr__dark.png,produits/arrow/ar_suv_fr__light.png
ar_therapist_en,arrow,humor,Funny & Sarcastic,,en,Keeps My Therapist In Business | Funny & Sarcastic (English) Design,"funny saying, sarcastic, sarcasm, humor, meme shirt, funny quote, introvert humor, keeps, therapist, business, arrow, funny & sarcastic, funny shirt, typography, minimalist, aesthetic, gift idea, trendy, statement tee",produits/arrow/ar_therapist_en__dark.png,produits/arrow/ar_therapist_en__light.png
co_coffee_en,corrige,humor,Funny & Sarcastic,,en,Coffee Is For Closers → Everyone | Funny & Sarcastic (English) Design,"funny saying, sarcastic, sarcasm, humor, meme shirt, funny quote, introvert humor, coffee, closers, everyone, corrige, funny & sarcastic, funny shirt, typography, minimalist, aesthetic, gift idea, trendy, statement tee",produits/corrige/co_coffee_en__dark.png,produits/corrige/co_coffee_en__light.png
fm_card_fashion_en,formats,humor,Funny & Sarcastic,card,en,Red Card To Fast Fashion | Funny & Sarcastic (English) Design,"funny saying, sarcastic, sarcasm, humor, meme shirt, funny quote, introvert humor, card, fast, fashion, formats, funny & sarcastic, funny shirt, typography, minimalist, aesthetic, gift idea, trendy, statement tee",produits/formats/fm_card_fashion_en__dark.png,produits/formats/fm_card_fashion_en__light.png
fm_care_brain_en,formats,humor,Funny & Sarcastic,care,en,Do Not Wash My Brain | Funny & Sarcastic (English) Design,"funny saying, sarcastic, sarcasm, humor, meme shirt, funny quote, introvert humor, wash, brain, care, formats, funny & sarcastic, funny shirt, typography, minimalist, aesthetic, gift idea, trendy, statement tee",produits/formats/fm_care_brain_en__dark.png,produits/formats/fm_care_brain_en__light.png
fm_care_cerveau_fr,formats,humor,Funny & Sarcastic,care,fr,Ne Pas Laver Mon Cerveau | Funny & Sarcastic (French) Design,"funny saying, sarcastic, sarcasm, humor, meme shirt, funny quote, introvert humor, laver, cerveau, care, formats, funny & sarcastic, funny shirt, typography, minimalist, aesthetic, gift idea, trendy, statement tee",produits/formats/fm_care_cerveau_fr__dark.png,produits/formats/fm_care_cerveau_fr__light.png
fm_care_handle_en,formats,humor,Funny & Sarcastic,care,en,Handle With Care | Funny & Sarcastic (English) Design,"funny saying, sarcastic, sarcasm, humor, meme shirt, funny quote, introvert humor, handle, care, formats, funny & sarcastic, funny shirt, typography, minimalist, aesthetic, gift idea, trendy, statement tee",produits/formats/fm_care_handle_en__dark.png,produits/formats/fm_care_handle_en__light.png
fm_care_patience_en,formats,humor,Funny & Sarcastic,care,en,Do Not Tumble Dry My Patience | Funny & Sarcastic (English) Design,"funny saying, sarcastic, sarcasm, humor, meme shirt, funny quote, introvert humor, tumble, patience, care, formats, funny & sarcastic, funny shirt, typography, minimalist, aesthetic, gift idea, trendy, statement tee",produits/formats/fm_care_patience_en__dark.png,produits/formats/fm_care_patience_en__light.png
fm_care_principes_fr,formats,humor,Funny & Sarcastic,care,fr,Ne Pas Repasser Mes Principes | Funny & Sarcastic (French) Design,"funny saying, sarcastic, sarcasm, humor, meme shirt, funny quote, introvert humor, repasser, principes, care, formats, funny & sarcastic, funny shirt, typography, minimalist, aesthetic, gift idea, trendy, statement tee",produits/formats/fm_care_principes_fr__dark.png,produits/formats/fm_care_principes_fr__light.png
fm_care_vibe_en,formats,humor,Funny & Sarcastic,care,en,Do Not Bleach My Vibe | Funny & Sarcastic (English) Design,"funny saying, sarcastic, sarcasm, humor, meme shirt, funny quote, introvert humor, bleach, vibe, care, formats, funny & sarcastic, funny shirt, typography, minimalist, aesthetic, gift idea, trendy, statement tee",produits/formats/fm_care_vibe_en__dark.png,produits/formats/fm_care_vibe_en__light.png
fm_caution_damage_en,formats,humor,Funny & Sarcastic,caution,en,Caution Emotional Damage Ahead | Funny & Sarcastic (English) Design,"funny saying, sarcastic, sarcasm, humor, meme shirt, funny quote, introvert humor, caution, emotional, damage, ahead, formats, funny & sarcastic, funny shirt, typography, minimalist, aesthetic, gift idea, trendy, statement tee",produits/formats/fm_caution_damage_en__dark.png,produits/formats/fm_caution_damage_en__light.png
fm_caution_opinions_en,formats,humor,Funny & Sarcastic,caution,en,Danger Unfiltered Opinions | Funny & Sarcastic (English) Design,"funny saying, sarcastic, sarcasm, humor, meme shirt, funny quote, introvert humor, danger, unfiltered, opinions, caution, formats, funny & sarcastic, funny shirt, typography, minimalist, aesthetic, gift idea, trendy, statement tee",produits/formats/fm_caution_opinions_en__dark.png,produits/formats/fm_caution_opinions_en__light.png
fm_err_equality_en,formats,humor,Funny & Sarcastic,error,en,Equality Not Found | Funny & Sarcastic (English) Design,"funny saying, sarcastic, sarcasm, humor, meme shirt, funny quote, introvert humor, equality, found, error, formats, funny & sarcastic, funny shirt, typography, minimalist, aesthetic, gift idea, trendy, statement tee",produits/formats/fm_err_equality_en__dark.png,produits/formats/fm_err_equality_en__light.png
fm_err_justice_en,formats,humor,Funny & Sarcastic,error,en,Justice Not Found | Funny & Sarcastic (English) Design,"funny saying, sarcastic, sarcasm, humor, meme shirt, funny quote, introvert humor, justice, found, error, formats, funny & sarcastic, funny shirt, typography, minimalist, aesthetic, gift idea, trendy, statement tee",produits/formats/fm_err_justice_en__dark.png,produits/formats/fm_err_justice_en__light.png
fm_err_justice_fr,formats,humor,Funny & Sarcastic,error,fr,Justice Introuvable | Funny & Sarcastic (French) Design,"funny saying, sarcastic, sarcasm, humor, meme shirt, funny quote, introvert humor, justice, introuvable, error, formats, funny & sarcastic, funny shirt, typography, minimalist, aesthetic, gift idea, trendy, statement tee",produits/formats/fm_err_justice_fr__dark.png,produits/formats/fm_err_justice_fr__light.png
fm_err_patience_en,formats,humor,Funny & Sarcastic,error,en,Patience Not Found | Funny & Sarcastic (English) Design,"funny saying, sarcastic, sarcasm, humor, meme shirt, funny quote, introvert humor, patience, found, error, formats, funny & sarcastic, funny shirt, typography, minimalist, aesthetic, gift idea, trendy, statement tee",produits/formats/fm_err_patience_en__dark.png,produits/formats/fm_err_patience_en__light.png
fm_err_silence_en,formats,humor,Funny & Sarcastic,error,en,Silence Forbidden | Funny & Sarcastic (English) Design,"funny saying, sarcastic, sarcasm, humor, meme shirt, funny quote, introvert humor, silence, forbidden, error, formats, funny & sarcastic, funny shirt, typography, minimalist, aesthetic, gift idea, trendy, statement tee",produits/formats/fm_err_silence_en__dark.png,produits/formats/fm_err_silence_en__light.png
fm_load_changement_fr,formats,humor,Funny & Sarcastic,loading,fr,Changement En Cours… | Funny & Sarcastic (French) Design,"funny saying, sarcastic, sarcasm, humor, meme shirt, funny quote, introvert humor, changement, cours, loading, formats, funny & sarcastic, funny shirt, typography, minimalist, aesthetic, gift idea, trendy, statement tee",produits/formats/fm_load_changement_fr__dark.png,produits/formats/fm_load_changement_fr__light.png
fm_load_equality_en,formats,humor,Funny & Sarcastic,loading,en,Equality Loading… | Funny & Sarcastic (English) Design,"funny saying, sarcastic, sarcasm, humor, meme shirt, funny quote, introvert humor, equality, loading, formats, funny & sarcastic, funny shirt, typography, minimalist, aesthetic, gift idea, trendy, statement tee",produits/formats/fm_load_equality_en__dark.png,produits/formats/fm_load_equality_en__light.png
fm_load_motivation_en,formats,humor,Funny & Sarcastic,loading,en,Motivation Loading… | Funny & Sarcastic (English) Design,"funny saying, sarcastic, sarcasm, humor, meme shirt, funny quote, introvert humor, motivation, loading, formats, funny & sarcastic, funny shirt, typography, minimalist, aesthetic, gift idea, trendy, statement tee",produits/formats/fm_load_motivation_en__dark.png,produits/formats/fm_load_motivation_en__light.png
fm_load_patience_en,formats,humor,Funny & Sarcastic,loading,en,Patience Loading… | Funny & Sarcastic (English) Design,"funny saying, sarcastic, sarcasm, humor, meme shirt, funny quote, introvert humor, patience, loading, formats, funny & sarcastic, funny shirt, typography, minimalist, aesthetic, gift idea, trendy, statement tee",produits/formats/fm_load_patience_en__dark.png,produits/formats/fm_load_patience_en__light.png
fm_nut_chaos_en,formats,humor,Funny & Sarcastic,nutrition,en,Daily Intake Chaos Naps Drama Snacks Vibes | Funny & Sarcastic (English) Design,"funny saying, sarcastic, sarcasm, humor, meme shirt, funny quote, introvert humor, daily, intake, chaos, naps, drama, nutrition, formats, funny & sarcastic, funny shirt, typography, minimalist, aesthetic, gift idea, trendy, statement tee",produits/formats/fm_nut_chaos_en__dark.png,produits/formats/fm_nut_chaos_en__light.png
fm_nut_valeurs_fr,formats,humor,Funny & Sarcastic,nutrition,fr,Valeurs Personnelles Rage Patience Sarcasme Caféine Empathie Filtre | Funny & Sarcastic (French) Design,"funny saying, sarcastic, sarcasm, humor, meme shirt, funny quote, introvert humor, valeurs, personnelles, rage, patience, sarcasme, nutrition, formats, funny & sarcastic, funny shirt, typography, minimalist, aesthetic, gift idea, trendy, statement tee",produits/formats/fm_nut_valeurs_fr__dark.png,produits/formats/fm_nut_valeurs_fr__light.png
fm_nut_values_en,formats,humor,Funny & Sarcastic,nutrition,en,Personal Values Rage Patience Sarcasm Caffeine Empathy Filter | Funny & Sarcastic (English) Design,"funny saying, sarcastic, sarcasm, humor, meme shirt, funny quote, introvert humor, personal, values, rage, patience, nutrition, formats, funny & sarcastic, funny shirt, typography, minimalist, aesthetic, gift idea, trendy, statement tee",produits/formats/fm_nut_values_en__dark.png,produits/formats/fm_nut_values_en__light.png
fm_rx_siestes_fr,formats,humor,Funny & Sarcastic,rx,fr,Ordonnance 2 siestes par jour Café à volonté 0 réunion inutile Limiter les cons | Funny & Sarcastic (French) Design,"funny saying, sarcastic, sarcasm, humor, meme shirt, funny quote, introvert humor, ordonnance, siestes, jour, café, volonté, rx, formats, funny & sarcastic, funny shirt, typography, minimalist, aesthetic, gift idea, trendy, statement tee",produits/formats/fm_rx_siestes_fr__dark.png,produits/formats/fm_rx_siestes_fr__light.png
he_chaos_fr,heart,humor,Funny & Sarcastic,,fr,J' love Le Chaos | Funny & Sarcastic (French) Design,"funny saying, sarcastic, sarcasm, humor, meme shirt, funny quote, introvert humor, love, chaos, heart, funny & sarcastic, funny shirt, typography, minimalist, aesthetic, gift idea, trendy, statement tee",produits/heart/he_chaos_fr__dark.png,produits/heart/he_chaos_fr__light.png
he_drama_en,heart,humor,Funny & Sarcastic,,en,I love Drama | Funny & Sarcastic (English) Design,"funny saying, sarcastic, sarcasm, humor, meme shirt, funny quote, introvert humor, love, drama, heart, funny & sarcastic, funny shirt, typography, minimalist, aesthetic, gift idea, trendy, statement tee",produits/heart/he_drama_en__dark.png,produits/heart/he_drama_en__light.png
he_drama_plants_en,heart,humor,Funny & Sarcastic,,en,I love Drama not Drama but My Plants | Funny & Sarcastic (English) Design,"funny saying, sarcastic, sarcasm, humor, meme shirt, funny quote, introvert humor, love, drama, plants, heart, funny & sarcastic, funny shirt, typography, minimalist, aesthetic, gift idea, trendy, statement tee",produits/heart/he_drama_plants_en__dark.png,produits/heart/he_drama_plants_en__light.png
he_fast_fashion_thrift_en,heart,humor,Funny & Sarcastic,,en,I love Fast Fashion not Fast Fashion but Thrifting | Funny & Sarcastic (English) Design,"funny saying, sarcastic, sarcasm, humor, meme shirt, funny quote, introvert humor, love, fast, fashion, thrifting, heart, funny & sarcastic, funny shirt, typography, minimalist, aesthetic, gift idea, trendy, statement tee",produits/heart/he_fast_fashion_thrift_en__dark.png,produits/heart/he_fast_fashion_thrift_en__light.png
he_foule_canape_fr,heart,humor,Funny & Sarcastic,,fr,J' love La Foule not La Foule but Mon Canapé | Funny & Sarcastic (French) Design,"funny saying, sarcastic, sarcasm, humor, meme shirt, funny quote, introvert humor, love, foule, canapé, heart, funny & sarcastic, funny shirt, typography, minimalist, aesthetic, gift idea, trendy, statement tee",produits/heart/he_foule_canape_fr__dark.png,produits/heart/he_foule_canape_fr__light.png
he_humans_en,heart,humor,Funny & Sarcastic,,en,I love All-Humans | Funny & Sarcastic (English) Design,"funny saying, sarcastic, sarcasm, humor, meme shirt, funny quote, introvert humor, love, humans, heart, funny & sarcastic, funny shirt, typography, minimalist, aesthetic, gift idea, trendy, statement tee",produits/heart/he_humans_en__dark.png,produits/heart/he_humans_en__light.png
he_men_cats_en,heart,humor,Funny & Sarcastic,,en,I love Men not Men but Cats | Funny & Sarcastic (English) Design,"funny saying, sarcastic, sarcasm, humor, meme shirt, funny quote, introvert humor, love, cats, heart, funny & sarcastic, funny shirt, typography, minimalist, aesthetic, gift idea, trendy, statement tee",produits/heart/he_men_cats_en__dark.png,produits/heart/he_men_cats_en__light.png
he_my_rights_en,heart,humor,Funny & Sarcastic,,en,I love My Rights | Funny & Sarcastic (English) Design,"funny saying, sarcastic, sarcasm, humor, meme shirt, funny quote, introvert humor, love, rights, heart, funny & sarcastic, funny shirt, typography, minimalist, aesthetic, gift idea, trendy, statement tee",produits/heart/he_my_rights_en__dark.png,produits/heart/he_my_rights_en__light.png
he_naps_en,heart,humor,Funny & Sarcastic,,en,I love Naps & Justice | Funny & Sarcastic (English) Design,"funny saying, sarcastic, sarcasm, humor, meme shirt, funny quote, introvert humor, love, naps, justice, heart, funny & sarcastic, funny shirt, typography, minimalist, aesthetic, gift idea, trendy, statement tee",produits/heart/he_naps_en__dark.png,produits/heart/he_naps_en__light.png
he_people_naps_en,heart,humor,Funny & Sarcastic,,en,I love People not People but Naps | Funny & Sarcastic (English) Design,"funny saying, sarcastic, sarcasm, humor, meme shirt, funny quote, introvert humor, love, people, naps, heart, funny & sarcastic, funny shirt, typography, minimalist, aesthetic, gift idea, trendy, statement tee",produits/heart/he_people_naps_en__dark.png,produits/heart/he_people_naps_en__light.png
he_petrole_fr,heart,humor,Funny & Sarcastic,,fr,J' love Le Pétrole | Funny & Sarcastic (French) Design,"funny saying, sarcastic, sarcasm, humor, meme shirt, funny quote, introvert humor, love, pétrole, heart, funny & sarcastic, funny shirt, typography, minimalist, aesthetic, gift idea, trendy, statement tee",produits/heart/he_petrole_fr__dark.png,produits/heart/he_petrole_fr__light.png
he_small_talk_silence_en,heart,humor,Funny & Sarcastic,,en,I love Small Talk not Small Talk but Silence | Funny & Sarcastic (English) Design,"funny saying, sarcastic, sarcasm, humor, meme shirt, funny quote, introvert humor, love, small, talk, silence, heart, funny & sarcastic, funny shirt, typography, minimalist, aesthetic, gift idea, trendy, statement tee",produits/heart/he_small_talk_silence_en__dark.png,produits/heart/he_small_talk_silence_en__light.png
id_ally_en,identite,humor,Funny & Sarcastic,,en,Proud Ally | Funny & Sarcastic (English) Design,"funny saying, sarcastic, sarcasm, humor, meme shirt, funny quote, introvert humor, proud, ally, identite, funny & sarcastic, funny shirt, typography, minimalist, aesthetic, gift idea, trendy, statement tee",produits/identite/id_ally_en__dark.png,produits/identite/id_ally_en__light.png
id_angler_de,identite,humor,Funny & Sarcastic,,de,Angler | Funny & Sarcastic (German) Design,"funny saying, sarcastic, sarcasm, humor, meme shirt, funny quote, introvert humor, angler, identite, funny & sarcastic, funny shirt, typography, minimalist, aesthetic, gift idea, trendy, statement tee",produits/identite/id_angler_de__dark.png,produits/identite/id_angler_de__light.png
id_anime_en,identite,humor,Funny & Sarcastic,,en,Anime Nerd | Funny & Sarcastic (English) Design,"funny saying, sarcastic, sarcasm, humor, meme shirt, funny quote, introvert humor, anime, nerd, identite, funny & sarcastic, funny shirt, typography, minimalist, aesthetic, gift idea, trendy, statement tee",produits/identite/id_anime_en__dark.png,produits/identite/id_anime_en__light.png
id_barista_en,identite,humor,Funny & Sarcastic,,en,Barista | Funny & Sarcastic (English) Design,"funny saying, sarcastic, sarcasm, humor, meme shirt, funny quote, introvert humor, barista, identite, funny & sarcastic, funny shirt, typography, minimalist, aesthetic, gift idea, trendy, statement tee",produits/identite/id_barista_en__dark.png,produits/identite/id_barista_en__light.png
id_birder_en,identite,humor,Funny & Sarcastic,,en,Birder | Funny & Sarcastic (English) Design,"funny saying, sarcastic, sarcasm, humor, meme shirt, funny quote, introvert humor, birder, identite, funny & sarcastic, funny shirt, typography, minimalist, aesthetic, gift idea, trendy, statement tee",produits/identite/id_birder_en__dark.png,produits/identite/id_birder_en__light.png
id_booktok_en,identite,humor,Funny & Sarcastic,,en,BookTok Victim | Funny & Sarcastic (English) Design,"funny saying, sarcastic, sarcasm, humor, meme shirt, funny quote, introvert humor, booktok, victim, identite, funny & sarcastic, funny shirt, typography, minimalist, aesthetic, gift idea, trendy, statement tee",produits/identite/id_booktok_en__dark.png,produits/identite/id_booktok_en__light.png
id_bookworm_en,identite,humor,Funny & Sarcastic,,en,Bookworm | Funny & Sarcastic (English) Design,"funny saying, sarcastic, sarcasm, humor, meme shirt, funny quote, introvert humor, bookworm, identite, funny & sarcastic, funny shirt, typography, minimalist, aesthetic, gift idea, trendy, statement tee",produits/identite/id_bookworm_en__dark.png,produits/identite/id_bookworm_en__light.png
id_chicken_mom_en,identite,humor,Funny & Sarcastic,,en,Chicken Mom | Funny & Sarcastic (English) Design,"funny saying, sarcastic, sarcasm, humor, meme shirt, funny quote, introvert humor, chicken, identite, funny & sarcastic, funny shirt, typography, minimalist, aesthetic, gift idea, trendy, statement tee",produits/identite/id_chicken_mom_en__dark.png,produits/identite/id_chicken_mom_en__light.png
id_cinephile_en,identite,humor,Funny & Sarcastic,,en,Cinephile | Funny & Sarcastic (English) Design,"funny saying, sarcastic, sarcasm, humor, meme shirt, funny quote, introvert humor, cinephile, identite, funny & sarcastic, funny shirt, typography, minimalist, aesthetic, gift idea, trendy, statement tee",produits/identite/id_cinephile_en__dark.png,produits/identite/id_cinephile_en__light.png
id_climber_en,identite,humor,Funny & Sarcastic,,en,Climber | Funny & Sarcastic (English) Design,"funny saying, sarcastic, sarcasm, humor, meme shirt, funny quote, introvert humor, climber, identite, funny & sarcastic, funny shirt, typography, minimalist, aesthetic, gift idea, trendy, statement tee",produits/identite/id_climber_en__dark.png,produits/identite/id_climber_en__light.png
id_coffee_en,identite,humor,Funny & Sarcastic,,en,Coffee Addict | Funny & Sarcastic (English) Design,"funny saying, sarcastic, sarcasm, humor, meme shirt, funny quote, introvert humor, coffee, addict, identite, funny & sarcastic, funny shirt, typography, minimalist, aesthetic, gift idea, trendy, statement tee",produits/identite/id_coffee_en__dark.png,produits/identite/id_coffee_en__light.png
id_crochet_en,identite,humor,Funny & Sarcastic,,en,Crochet Addict | Funny & Sarcastic (English) Design,"funny saying, sarcastic, sarcasm, humor, meme shirt, funny quote, introvert humor, crochet, addict, identite, funny & sarcastic, funny shirt, typography, minimalist, aesthetic, gift idea, trendy, statement tee",produits/identite/id_crochet_en__dark.png,produits/identite/id_crochet_en__light.png
id_crystal_en,identite,humor,Funny & Sarcastic,,en,Crystal Girlie | Funny & Sarcastic (English) Design,"funny saying, sarcastic, sarcasm, humor, meme shirt, funny quote, introvert humor, crystal, girlie, identite, funny & sarcastic, funny shirt, typography, minimalist, aesthetic, gift idea, trendy, statement tee",produits/identite/id_crystal_en__dark.png,produits/identite/id_crystal_en__light.png
id_discgolf_en,identite,humor,Funny & Sarcastic,,en,Disc Golfer | Funny & Sarcastic (English) Design,"funny saying, sarcastic, sarcasm, humor, meme shirt, funny quote, introvert humor, disc, golfer, identite, funny & sarcastic, funny shirt, typography, minimalist, aesthetic, gift idea, trendy, statement tee",produits/identite/id_discgolf_en__dark.png,produits/identite/id_discgolf_en__light.png
id_dnd_en,identite,humor,Funny & Sarcastic,,en,D&D Nerd | Funny & Sarcastic (English) Design,"funny saying, sarcastic, sarcasm, humor, meme shirt, funny quote, introvert humor, nerd, identite, funny & sarcastic, funny shirt, typography, minimalist, aesthetic, gift idea, trendy, statement tee",produits/identite/id_dnd_en__dark.png,produits/identite/id_dnd_en__light.png
id_farmer_en,identite,humor,Funny & Sarcastic,,en,Farmer | Funny & Sarcastic (English) Design,"funny saying, sarcastic, sarcasm, humor, meme shirt, funny quote, introvert humor, farmer, identite, funny & sarcastic, funny shirt, typography, minimalist, aesthetic, gift idea, trendy, statement tee",produits/identite/id_farmer_en__dark.png,produits/identite/id_farmer_en__light.png
id_femminista_it,identite,humor,Funny & Sarcastic,,it,Femminista | Funny & Sarcastic (Italian) Design,"funny saying, sarcastic, sarcasm, humor, meme shirt, funny quote, introvert humor, femminista, identite, funny & sarcastic, funny shirt, typography, minimalist, aesthetic, gift idea, trendy, statement tee",produits/identite/id_femminista_it__dark.png,produits/identite/id_femminista_it__light.png
id_firefighter_en,identite,humor,Funny & Sarcastic,,en,Firefighter | Funny & Sarcastic (English) Design,"funny saying, sarcastic, sarcasm, humor, meme shirt, funny quote, introvert humor, firefighter, identite, funny & sarcastic, funny shirt, typography, minimalist, aesthetic, gift idea, trendy, statement tee",produits/identite/id_firefighter_en__dark.png,produits/identite/id_firefighter_en__light.png
id_gardener_en,identite,humor,Funny & Sarcastic,,en,Gardener | Funny & Sarcastic (English) Design,"funny saying, sarcastic, sarcasm, humor, meme shirt, funny quote, introvert humor, gardener, identite, funny & sarcastic, funny shirt, typography, minimalist, aesthetic, gift idea, trendy, statement tee",produits/identite/id_gardener_en__dark.png,produits/identite/id_gardener_en__light.png
id_gymrat_en,identite,humor,Funny & Sarcastic,,en,Gym Rat | Funny & Sarcastic (English) Design,"funny saying, sarcastic, sarcasm, humor, meme shirt, funny quote, introvert humor, identite, funny & sarcastic, funny shirt, typography, minimalist, aesthetic, gift idea, trendy, statement tee",produits/identite/id_gymrat_en__dark.png,produits/identite/id_gymrat_en__light.png
id_humanist_en,identite,humor,Funny & Sarcastic,,en,Humanist | Funny & Sarcastic (English) Design,"funny saying, sarcastic, sarcasm, humor, meme shirt, funny quote, introvert humor, humanist, identite, funny & sarcastic, funny shirt, typography, minimalist, aesthetic, gift idea, trendy, statement tee",produits/identite/id_humanist_en__dark.png,produits/identite/id_humanist_en__light.png
id_infirmiere_fr,identite,humor,Funny & Sarcastic,,fr,Infirmière Épuisée | Funny & Sarcastic (French) Design,"funny saying, sarcastic, sarcasm, humor, meme shirt, funny quote, introvert humor, infirmière, épuisée, identite, funny & sarcastic, funny shirt, typography, minimalist, aesthetic, gift idea, trendy, statement tee",produits/identite/id_infirmiere_fr__dark.png,produits/identite/id_infirmiere_fr__light.png
id_kdrama_en,identite,humor,Funny & Sarcastic,,en,K-Drama Addict | Funny & Sarcastic (English) Design,"funny saying, sarcastic, sarcasm, humor, meme shirt, funny quote, introvert humor, drama, addict, identite, funny & sarcastic, funny shirt, typography, minimalist, aesthetic, gift idea, trendy, statement tee",produits/identite/id_kdrama_en__dark.png,produits/identite/id_kdrama_en__light.png
id_knitter_en,identite,humor,Funny & Sarcastic,,en,Proud Knitter | Funny & Sarcastic (English) Design,"funny saying, sarcastic, sarcasm, humor, meme shirt, funny quote, introvert humor, proud, knitter, identite, funny & sarcastic, funny shirt, typography, minimalist, aesthetic, gift idea, trendy, statement tee",produits/identite/id_knitter_en__dark.png,produits/identite/id_knitter_en__light.png
id_lectrice_fr,identite,humor,Funny & Sarcastic,,fr,Accro Aux Romans | Funny & Sarcastic (French) Design,"funny saying, sarcastic, sarcasm, humor, meme shirt, funny quote, introvert humor, accro, romans, identite, funny & sarcastic, funny shirt, typography, minimalist, aesthetic, gift idea, trendy, statement tee",produits/identite/id_lectrice_fr__dark.png,produits/identite/id_lectrice_fr__light.png
id_mama_gatuna_es,identite,humor,Funny & Sarcastic,,es,Mamá Gatuna | Funny & Sarcastic (Spanish) Design,"funny saying, sarcastic, sarcasm, humor, meme shirt, funny quote, introvert humor, mamá, gatuna, identite, funny & sarcastic, funny shirt, typography, minimalist, aesthetic, gift idea, trendy, statement tee",produits/identite/id_mama_gatuna_es__dark.png,produits/identite/id_mama_gatuna_es__light.png
id_matcha_en,identite,humor,Funny & Sarcastic,,en,Matcha Addict | Funny & Sarcastic (English) Design,"funny saying, sarcastic, sarcasm, humor, meme shirt, funny quote, introvert humor, matcha, addict, identite, funny & sarcastic, funny shirt, typography, minimalist, aesthetic, gift idea, trendy, statement tee",produits/identite/id_matcha_en__dark.png,produits/identite/id_matcha_en__light.png
id_militant_fr,identite,humor,Funny & Sarcastic,,fr,Militant | Funny & Sarcastic (French) Design,"funny saying, sarcastic, sarcasm, humor, meme shirt, funny quote, introvert humor, militant, identite, funny & sarcastic, funny shirt, typography, minimalist, aesthetic, gift idea, trendy, statement tee",produits/identite/id_militant_fr__dark.png,produits/identite/id_militant_fr__light.png
id_nurse_en,identite,humor,Funny & Sarcastic,,en,Nurse Life | Funny & Sarcastic (English) Design,"funny saying, sarcastic, sarcasm, humor, meme shirt, funny quote, introvert humor, nurse, life, identite, funny & sarcastic, funny shirt, typography, minimalist, aesthetic, gift idea, trendy, statement tee",produits/identite/id_nurse_en__dark.png,produits/identite/id_nurse_en__light.png
id_pescador_es,identite,humor,Funny & Sarcastic,,es,Pescador | Funny & Sarcastic (Spanish) Design,"funny saying, sarcastic, sarcasm, humor, meme shirt, funny quote, introvert humor, pescador, identite, funny & sarcastic, funny shirt, typography, minimalist, aesthetic, gift idea, trendy, statement tee",produits/identite/id_pescador_es__dark.png,produits/identite/id_pescador_es__light.png
id_plant_mom_en,identite,humor,Funny & Sarcastic,,en,Plant Mom | Funny & Sarcastic (English) Design,"funny saying, sarcastic, sarcasm, humor, meme shirt, funny quote, introvert humor, plant, identite, funny & sarcastic, funny shirt, typography, minimalist, aesthetic, gift idea, trendy, statement tee",produits/identite/id_plant_mom_en__dark.png,produits/identite/id_plant_mom_en__light.png
id_romantasy_en,identite,humor,Funny & Sarcastic,,en,Romantasy Addict | Funny & Sarcastic (English) Design,"funny saying, sarcastic, sarcasm, humor, meme shirt, funny quote, introvert humor, romantasy, addict, identite, funny & sarcastic, funny shirt, typography, minimalist, aesthetic, gift idea, trendy, statement tee",produits/identite/id_romantasy_en__dark.png,produits/identite/id_romantasy_en__light.png
id_romantasy_es,identite,humor,Funny & Sarcastic,,es,Adicta A La Romantasy | Funny & Sarcastic (Spanish) Design,"funny saying, sarcastic, sarcasm, humor, meme shirt, funny quote, introvert humor, adicta, romantasy, identite, funny & sarcastic, funny shirt, typography, minimalist, aesthetic, gift idea, trendy, statement tee",produits/identite/id_romantasy_es__dark.png,produits/identite/id_romantasy_es__light.png
id_runner_en,identite,humor,Funny & Sarcastic,,en,Trail Runner | Funny & Sarcastic (English) Design,"funny saying, sarcastic, sarcasm, humor, meme shirt, funny quote, introvert humor, trail, runner, identite, funny & sarcastic, funny shirt, typography, minimalist, aesthetic, gift idea, trendy, statement tee",produits/identite/id_runner_en__dark.png,produits/identite/id_runner_en__light.png
id_skater_en,identite,humor,Funny & Sarcastic,,en,Skater | Funny & Sarcastic (English) Design,"funny saying, sarcastic, sarcasm, humor, meme shirt, funny quote, introvert humor, skater, identite, funny & sarcastic, funny shirt, typography, minimalist, aesthetic, gift idea, trendy, statement tee",produits/identite/id_skater_en__dark.png,produits/identite/id_skater_en__light.png
id_smut_en,identite,humor,Funny & Sarcastic,,en,Smut Reader | Funny & Sarcastic (English) Design,"funny saying, sarcastic, sarcasm, humor, meme shirt, funny quote, introvert humor, smut, reader, identite, funny & sarcastic, funny shirt, typography, minimalist, aesthetic, gift idea, trendy, statement tee",produits/identite/id_smut_en__dark.png,produits/identite/id_smut_en__light.png
id_sourdough_en,identite,humor,Funny & Sarcastic,,en,Sourdough Baker | Funny & Sarcastic (English) Design,"funny saying, sarcastic, sarcasm, humor, meme shirt, funny quote, introvert humor, sourdough, baker, identite, funny & sarcastic, funny shirt, typography, minimalist, aesthetic, gift idea, trendy, statement tee",produits/identite/id_sourdough_en__dark.png,produits/identite/id_sourdough_en__light.png
id_surfer_en,identite,humor,Funny & Sarcastic,,en,Surfer | Funny & Sarcastic (English) Design,"funny saying, sarcastic, sarcasm, humor, meme shirt, funny quote, introvert humor, surfer, identite, funny & sarcastic, funny shirt, typography, minimalist, aesthetic, gift idea, trendy, statement tee",produits/identite/id_surfer_en__dark.png,produits/identite/id_surfer_en__light.png
id_tarot_en,identite,humor,Funny & Sarcastic,,en,Tarot Reader | Funny & Sarcastic (English) Design,"funny saying, sarcastic, sarcasm, humor, meme shirt, funny quote, introvert humor, tarot, reader, identite, funny & sarcastic, funny shirt, typography, minimalist, aesthetic, gift idea, trendy, statement tee",produits/identite/id_tarot_en__dark.png,produits/identite/id_tarot_en__light.png
id_teacher_en,identite,humor,Funny & Sarcastic,,en,Tired Teacher | Funny & Sarcastic (English) Design,"funny saying, sarcastic, sarcasm, humor, meme shirt, funny quote, introvert humor, tired, teacher, identite, funny & sarcastic, funny shirt, typography, minimalist, aesthetic, gift idea, trendy, statement tee",produits/identite/id_teacher_en__dark.png,produits/identite/id_teacher_en__light.png
id_vinyl_en,identite,humor,Funny & Sarcastic,,en,Vinyl Collector | Funny & Sarcastic (English) Design,"funny saying, sarcastic, sarcasm, humor, meme shirt, funny quote, introvert humor, vinyl, collector, identite, funny & sarcastic, funny shirt, typography, minimalist, aesthetic, gift idea, trendy, statement tee",produits/identite/id_vinyl_en__dark.png,produits/identite/id_vinyl_en__light.png
id_welder_en,identite,humor,Funny & Sarcastic,,en,Welder | Funny & Sarcastic (English) Design,"funny saying, sarcastic, sarcasm, humor, meme shirt, funny quote, introvert humor, welder, identite, funny & sarcastic, funny shirt, typography, minimalist, aesthetic, gift idea, trendy, statement tee",produits/identite/id_welder_en__dark.png,produits/identite/id_welder_en__light.png
ir_allergique_betise_fr,ironique,humor,Funny & Sarcastic,,fr,Allergique À La Bêtise. On Va Pas S'Entendre | Funny & Sarcastic (French) Design,"funny saying, sarcastic, sarcasm, humor, meme shirt, funny quote, introvert humor, allergique, bêtise, s'entendre, ironique, funny & sarcastic, funny shirt, typography, minimalist, aesthetic, gift idea, trendy, statement tee",produits/ironique/ir_allergique_betise_fr__dark.png,produits/ironique/ir_allergique_betise_fr__light.png
ir_bootstraps_en,ironique,humor,Funny & Sarcastic,,en,« Self-Made » With Daddy's Startup Money | Funny & Sarcastic (English) Design,"funny saying, sarcastic, sarcasm, humor, meme shirt, funny quote, introvert humor, self, made, daddy's, startup, money, ironique, funny & sarcastic, funny shirt, typography, minimalist, aesthetic, gift idea, trendy, statement tee",produits/ironique/ir_bootstraps_en__dark.png,produits/ironique/ir_bootstraps_en__light.png
ir_content_moi_fr,ironique,humor,Funny & Sarcastic,,fr,Je Suis Content D'Être Moi Quand Je Te Vois | Funny & Sarcastic (French) Design,"funny saying, sarcastic, sarcasm, humor, meme shirt, funny quote, introvert humor, suis, content, d'être, quand, vois, ironique, funny & sarcastic, funny shirt, typography, minimalist, aesthetic, gift idea, trendy, statement tee",produits/ironique/ir_content_moi_fr__dark.png,produits/ironique/ir_content_moi_fr__light.png
ir_couldnt_care_en,ironique,humor,Funny & Sarcastic,,en,I Couldn't Care Less. And I've Tried. | Funny & Sarcastic (English) Design,"funny saying, sarcastic, sarcasm, humor, meme shirt, funny quote, introvert humor, couldn't, care, less, i've, tried, ironique, funny & sarcastic, funny shirt, typography, minimalist, aesthetic, gift idea, trendy, statement tee",produits/ironique/ir_couldnt_care_en__dark.png,produits/ironique/ir_couldnt_care_en__light.png
ir_decu_pas_surpris_fr,ironique,humor,Funny & Sarcastic,,fr,Déçu ? Non. Pas Surpris Venant De Toi | Funny & Sarcastic (French) Design,"funny saying, sarcastic, sarcasm, humor, meme shirt, funny quote, introvert humor, déçu, surpris, venant, ironique, funny & sarcastic, funny shirt, typography, minimalist, aesthetic, gift idea, trendy, statement tee",produits/ironique/ir_decu_pas_surpris_fr__dark.png,produits/ironique/ir_decu_pas_surpris_fr__light.png
ir_emotional_support_en,ironique,humor,Funny & Sarcastic,,en,I'm Someone's Emotional Support Menace | Funny & Sarcastic (English) Design,"funny saying, sarcastic, sarcasm, humor, meme shirt, funny quote, introvert humor, someone's, emotional, support, menace, ironique, funny & sarcastic, funny shirt, typography, minimalist, aesthetic, gift idea, trendy, statement tee",produits/ironique/ir_emotional_support_en__dark.png,produits/ironique/ir_emotional_support_en__light.png
ir_iq_room_temp_en,ironique,humor,Funny & Sarcastic,,en,Your Hot Takes Are Cold. Like Your IQ. | Funny & Sarcastic (English) Design,"funny saying, sarcastic, sarcasm, humor, meme shirt, funny quote, introvert humor, takes, cold, ironique, funny & sarcastic, funny shirt, typography, minimalist, aesthetic, gift idea, trendy, statement tee",produits/ironique/ir_iq_room_temp_en__dark.png,produits/ironique/ir_iq_room_temp_en__light.png
ir_main_character_en,ironique,humor,Funny & Sarcastic,,en,You're Not The Main Character. You're The Warning. | Funny & Sarcastic (English) Design,"funny saying, sarcastic, sarcasm, humor, meme shirt, funny quote, introvert humor, you're, main, character, warning, ironique, funny & sarcastic, funny shirt, typography, minimalist, aesthetic, gift idea, trendy, statement tee",produits/ironique/ir_main_character_en__dark.png,produits/ironique/ir_main_character_en__light.png
ir_mechant_gratuit_fr,ironique,humor,Funny & Sarcastic,,fr,"Je Suis Pas Méchant, Je Suis Honnête. Ça Surprend, Hein ? | Funny & Sarcastic (French) Design","funny saying, sarcastic, sarcasm, humor, meme shirt, funny quote, introvert humor, suis, méchant, honnête, surprend, hein, ironique, funny & sarcastic, funny shirt, typography, minimalist, aesthetic, gift idea, trendy, statement tee",produits/ironique/ir_mechant_gratuit_fr__dark.png,produits/ironique/ir_mechant_gratuit_fr__light.png
ir_meme_bateau_fr,ironique,humor,Funny & Sarcastic,,fr,On Est Tous Dans Le Même Bateau (Sauf Ceux Qui Ont Troué La Coque) | Funny & Sarcastic (French) Design,"funny saying, sarcastic, sarcasm, humor, meme shirt, funny quote, introvert humor, tous, même, bateau, sauf, ceux, ironique, funny & sarcastic, funny shirt, typography, minimalist, aesthetic, gift idea, trendy, statement tee",produits/ironique/ir_meme_bateau_fr__dark.png,produits/ironique/ir_meme_bateau_fr__light.png
ir_patience_fr,ironique,humor,Funny & Sarcastic,,fr,J'Ai De La Patience. Elle T'Attend Dehors. | Funny & Sarcastic (French) Design,"funny saying, sarcastic, sarcasm, humor, meme shirt, funny quote, introvert humor, j'ai, patience, elle, t'attend, dehors, ironique, funny & sarcastic, funny shirt, typography, minimalist, aesthetic, gift idea, trendy, statement tee",produits/ironique/ir_patience_fr__dark.png,produits/ironique/ir_patience_fr__light.png
ir_ruissellement_fr,ironique,humor,Funny & Sarcastic,,fr,J'Attends Toujours Le Ruissellement. Il Pleut Pas. | Funny & Sarcastic (French) Design,"funny saying, sarcastic, sarcasm, humor, meme shirt, funny quote, introvert humor, j'attends, toujours, ruissellement, pleut, ironique, funny & sarcastic, funny shirt, typography, minimalist, aesthetic, gift idea, trendy, statement tee",produits/ironique/ir_ruissellement_fr__dark.png,produits/ironique/ir_ruissellement_fr__light.png
ir_same_boat_en,ironique,humor,Funny & Sarcastic,,en,We're All In The Same Boat (Some Just Drilled The Holes) | Funny & Sarcastic (English) Design,"funny saying, sarcastic, sarcasm, humor, meme shirt, funny quote, introvert humor, we're, same, boat, some, drilled, ironique, funny & sarcastic, funny shirt, typography, minimalist, aesthetic, gift idea, trendy, statement tee",produits/ironique/ir_same_boat_en__dark.png,produits/ironique/ir_same_boat_en__light.png
ir_self_made_fr,ironique,humor,Funny & Sarcastic,,fr,« Parti De Rien » Avec L'Entreprise De Papa | Funny & Sarcastic (French) Design,"funny saying, sarcastic, sarcasm, humor, meme shirt, funny quote, introvert humor, parti, rien, l'entreprise, papa, ironique, funny & sarcastic, funny shirt, typography, minimalist, aesthetic, gift idea, trendy, statement tee",produits/ironique/ir_self_made_fr__dark.png,produits/ironique/ir_self_made_fr__light.png
ir_smarter_plants_en,ironique,humor,Funny & Sarcastic,,en,My Plants Have Better Takes Than You | Funny & Sarcastic (English) Design,"funny saying, sarcastic, sarcasm, humor, meme shirt, funny quote, introvert humor, plants, better, takes, than, ironique, funny & sarcastic, funny shirt, typography, minimalist, aesthetic, gift idea, trendy, statement tee",produits/ironique/ir_smarter_plants_en__dark.png,produits/ironique/ir_smarter_plants_en__light.png
ir_sois_toi_meme_fr,ironique,humor,Funny & Sarcastic,,fr,« Sois Toi-Même » Mauvais Conseil Dans Ton Cas | Funny & Sarcastic (French) Design,"funny saying, sarcastic, sarcasm, humor, meme shirt, funny quote, introvert humor, sois, même, mauvais, conseil, ironique, funny & sarcastic, funny shirt, typography, minimalist, aesthetic, gift idea, trendy, statement tee",produits/ironique/ir_sois_toi_meme_fr__dark.png,produits/ironique/ir_sois_toi_meme_fr__light.png
ir_thoughts_quiet_en,ironique,humor,Funny & Sarcastic,,en,Your Opinion Means A Lot. To Nobody. | Funny & Sarcastic (English) Design,"funny saying, sarcastic, sarcasm, humor, meme shirt, funny quote, introvert humor, opinion, means, nobody, ironique, funny & sarcastic, funny shirt, typography, minimalist, aesthetic, gift idea, trendy, statement tee",produits/ironique/ir_thoughts_quiet_en__dark.png,produits/ironique/ir_thoughts_quiet_en__light.png
ir_trickle_down_en,ironique,humor,Funny & Sarcastic,,en,Still Waiting For That Wealth To Trickle Down | Funny & Sarcastic (English) Design,"funny saying, sarcastic, sarcasm, humor, meme shirt, funny quote, introvert humor, still, waiting, wealth, trickle, down, ironique, funny & sarcastic, funny shirt, typography, minimalist, aesthetic, gift idea, trendy, statement tee",produits/ironique/ir_trickle_down_en__dark.png,produits/ironique/ir_trickle_down_en__light.png
ir_two_sides_en,ironique,humor,Funny & Sarcastic,,en,There Aren't Two Sides To Basic Respect | Funny & Sarcastic (English) Design,"funny saying, sarcastic, sarcasm, humor, meme shirt, funny quote, introvert humor, there, aren't, sides, basic, respect, ironique, funny & sarcastic, funny shirt, typography, minimalist, aesthetic, gift idea, trendy, statement tee",produits/ironique/ir_two_sides_en__dark.png,produits/ironique/ir_two_sides_en__light.png
ir_villain_origin_en,ironique,humor,Funny & Sarcastic,,en,Talking To You Is My Villain Origin Story | Funny & Sarcastic (English) Design,"funny saying, sarcastic, sarcasm, humor, meme shirt, funny quote, introvert humor, talking, villain, origin, story, ironique, funny & sarcastic, funny shirt, typography, minimalist, aesthetic, gift idea, trendy, statement tee",produits/ironique/ir_villain_origin_en__dark.png,produits/ironique/ir_villain_origin_en__light.png
3dp_98_fail_en,niches,humor,Funny & Sarcastic,3d_printing,en,Failed at 98% We Don't Talk About It | Funny & Sarcastic (English) Design,"funny saying, sarcastic, sarcasm, humor, meme shirt, funny quote, introvert humor, failed, don't, talk, about, 3d printing, niches, funny & sarcastic, funny shirt, typography, minimalist, aesthetic, gift idea, trendy, statement tee",produits/niches/3dp_98_fail_en__dark.png,produits/niches/3dp_98_fail_en__light.png
3dp_bed_level_en,niches,humor,Funny & Sarcastic,3d_printing,en,Bed Was Level The Print Said Otherwise | Funny & Sarcastic (English) Design,"funny saying, sarcastic, sarcasm, humor, meme shirt, funny quote, introvert humor, level, print, said, otherwise, 3d printing, niches, funny & sarcastic, funny shirt, typography, minimalist, aesthetic, gift idea, trendy, statement tee",produits/niches/3dp_bed_level_en__dark.png,produits/niches/3dp_bed_level_en__light.png
3dp_benchy_en,niches,humor,Funny & Sarcastic,3d_printing,en,My Benchy Strung Like a Harp | Funny & Sarcastic (English) Design,"funny saying, sarcastic, sarcasm, humor, meme shirt, funny quote, introvert humor, benchy, strung, harp, 3d printing, niches, funny & sarcastic, funny shirt, typography, minimalist, aesthetic, gift idea, trendy, statement tee",produits/niches/3dp_benchy_en__dark.png,produits/niches/3dp_benchy_en__light.png
3dp_filament_en,niches,humor,Funny & Sarcastic,3d_printing,en,I Changed Filament 4 Times for One Print | Funny & Sarcastic (English) Design,"funny saying, sarcastic, sarcasm, humor, meme shirt, funny quote, introvert humor, changed, filament, times, print, 3d printing, niches, funny & sarcastic, funny shirt, typography, minimalist, aesthetic, gift idea, trendy, statement tee",produits/niches/3dp_filament_en__dark.png,produits/niches/3dp_filament_en__light.png
3dp_nozzle_clog_en,niches,humor,Funny & Sarcastic,3d_printing,en,Nozzle Clogged Right in the Middle. Classic. | Funny & Sarcastic (English) Design,"funny saying, sarcastic, sarcasm, humor, meme shirt, funny quote, introvert humor, nozzle, clogged, right, middle, classic, 3d printing, niches, funny & sarcastic, funny shirt, typography, minimalist, aesthetic, gift idea, trendy, statement tee",produits/niches/3dp_nozzle_clog_en__dark.png,produits/niches/3dp_nozzle_clog_en__light.png
3dp_pla_petg_en,niches,humor,Funny & Sarcastic,3d_printing,en,PLA or PETG The Only Question That Matters | Funny & Sarcastic (English) Design,"funny saying, sarcastic, sarcasm, humor, meme shirt, funny quote, introvert humor, petg, question, matters, 3d printing, niches, funny & sarcastic, funny shirt, typography, minimalist, aesthetic, gift idea, trendy, statement tee",produits/niches/3dp_pla_petg_en__dark.png,produits/niches/3dp_pla_petg_en__light.png
acct_debit_en,niches,humor,Funny & Sarcastic,accountants,en,In Debit We Trust | Funny & Sarcastic (English) Design,"funny saying, sarcastic, sarcasm, humor, meme shirt, funny quote, introvert humor, debit, trust, accountants, niches, funny & sarcastic, funny shirt, typography, minimalist, aesthetic, gift idea, trendy, statement tee",produits/niches/acct_debit_en__dark.png,produits/niches/acct_debit_en__light.png
acct_numbers_en,niches,humor,Funny & Sarcastic,accountants,en,I Know Numbers You Fear | Funny & Sarcastic (English) Design,"funny saying, sarcastic, sarcasm, humor, meme shirt, funny quote, introvert humor, know, numbers, fear, accountants, niches, funny & sarcastic, funny shirt, typography, minimalist, aesthetic, gift idea, trendy, statement tee",produits/niches/acct_numbers_en__dark.png,produits/niches/acct_numbers_en__light.png
aoh_nature_en,niches,humor,Funny & Sarcastic,plants_over_humans,en,Trees Don't Ghost You I'm Just Saying | Funny & Sarcastic (English) Design,"funny saying, sarcastic, sarcasm, humor, meme shirt, funny quote, introvert humor, trees, don't, ghost, saying, plants over humans, niches, funny & sarcastic, funny shirt, typography, minimalist, aesthetic, gift idea, trendy, statement tee",produits/niches/aoh_nature_en__dark.png,produits/niches/aoh_nature_en__light.png
aoh_nature_fr,niches,humor,Funny & Sarcastic,plants_over_humans,fr,La forêt ne me juge pas Les gens oui | Funny & Sarcastic (French) Design,"funny saying, sarcastic, sarcasm, humor, meme shirt, funny quote, introvert humor, forêt, juge, gens, plants over humans, niches, funny & sarcastic, funny shirt, typography, minimalist, aesthetic, gift idea, trendy, statement tee",produits/niches/aoh_nature_fr__dark.png,produits/niches/aoh_nature_fr__light.png
aoh_plants_en,niches,humor,Funny & Sarcastic,plants_over_humans,en,My Plants Listen People Interrupt | Funny & Sarcastic (English) Design,"funny saying, sarcastic, sarcasm, humor, meme shirt, funny quote, introvert humor, plants, listen, people, interrupt, plants over humans, niches, funny & sarcastic, funny shirt, typography, minimalist, aesthetic, gift idea, trendy, statement tee",produits/niches/aoh_plants_en__dark.png,produits/niches/aoh_plants_en__light.png
aoh_plants_fr,niches,humor,Funny & Sarcastic,plants_over_humans,fr,Mes plantes m'écoutent Les gens m'oublient | Funny & Sarcastic (French) Design,"funny saying, sarcastic, sarcasm, humor, meme shirt, funny quote, introvert humor, plantes, m'écoutent, gens, m'oublient, plants over humans, niches, funny & sarcastic, funny shirt, typography, minimalist, aesthetic, gift idea, trendy, statement tee",produits/niches/aoh_plants_fr__dark.png,produits/niches/aoh_plants_fr__light.png
aq_anubias_en,niches,humor,Funny & Sarcastic,aquascaping,en,Anubias on Driftwood Classic for a Reason | Funny & Sarcastic (English) Design,"funny saying, sarcastic, sarcasm, humor, meme shirt, funny quote, introvert humor, anubias, driftwood, classic, reason, aquascaping, niches, funny & sarcastic, funny shirt, typography, minimalist, aesthetic, gift idea, trendy, statement tee",produits/niches/aq_anubias_en__dark.png,produits/niches/aq_anubias_en__light.png
aq_bba_en,niches,humor,Funny & Sarcastic,aquascaping,en,BBA Is My Personal Nemesis | Funny & Sarcastic (English) Design,"funny saying, sarcastic, sarcasm, humor, meme shirt, funny quote, introvert humor, personal, nemesis, aquascaping, niches, funny & sarcastic, funny shirt, typography, minimalist, aesthetic, gift idea, trendy, statement tee",produits/niches/aq_bba_en__dark.png,produits/niches/aq_bba_en__light.png
aq_dutch_en,niches,humor,Funny & Sarcastic,aquascaping,en,Dutch Style No Half Measures | Funny & Sarcastic (English) Design,"funny saying, sarcastic, sarcasm, humor, meme shirt, funny quote, introvert humor, dutch, style, half, measures, aquascaping, niches, funny & sarcastic, funny shirt, typography, minimalist, aesthetic, gift idea, trendy, statement tee",produits/niches/aq_dutch_en__dark.png,produits/niches/aq_dutch_en__light.png
aq_ei_dosing_en,niches,humor,Funny & Sarcastic,aquascaping,en,EI Dosing & Trusting the Process | Funny & Sarcastic (English) Design,"funny saying, sarcastic, sarcasm, humor, meme shirt, funny quote, introvert humor, dosing, trusting, process, aquascaping, niches, funny & sarcastic, funny shirt, typography, minimalist, aesthetic, gift idea, trendy, statement tee",produits/niches/aq_ei_dosing_en__dark.png,produits/niches/aq_ei_dosing_en__light.png
aq_hardscape_en,niches,humor,Funny & Sarcastic,aquascaping,en,My Hardscape Has Better Composition Than My Life | Funny & Sarcastic (English) Design,"funny saying, sarcastic, sarcasm, humor, meme shirt, funny quote, introvert humor, hardscape, better, composition, than, life, aquascaping, niches, funny & sarcastic, funny shirt, typography, minimalist, aesthetic, gift idea, trendy, statement tee",produits/niches/aq_hardscape_en__dark.png,produits/niches/aq_hardscape_en__light.png
aq_trim_saturday_en,niches,humor,Funny & Sarcastic,aquascaping,en,I Trim Every Saturday Non-Negotiable | Funny & Sarcastic (English) Design,"funny saying, sarcastic, sarcasm, humor, meme shirt, funny quote, introvert humor, trim, every, saturday, negotiable, aquascaping, niches, funny & sarcastic, funny shirt, typography, minimalist, aesthetic, gift idea, trendy, statement tee",produits/niches/aq_trim_saturday_en__dark.png,produits/niches/aq_trim_saturday_en__light.png
astro_just_a_girl_en,niches,humor,Funny & Sarcastic,astronomy,en,Just a Girl Who Loves Stars | Funny & Sarcastic (English) Design,"funny saying, sarcastic, sarcasm, humor, meme shirt, funny quote, introvert humor, girl, loves, stars, astronomy, niches, funny & sarcastic, funny shirt, typography, minimalist, aesthetic, gift idea, trendy, statement tee",produits/niches/astro_just_a_girl_en__dark.png,produits/niches/astro_just_a_girl_en__light.png
astro_keep_looking_up_en,niches,humor,Funny & Sarcastic,astronomy,en,Keep Looking Up | Funny & Sarcastic (English) Design,"funny saying, sarcastic, sarcasm, humor, meme shirt, funny quote, introvert humor, keep, looking, astronomy, niches, funny & sarcastic, funny shirt, typography, minimalist, aesthetic, gift idea, trendy, statement tee",produits/niches/astro_keep_looking_up_en__dark.png,produits/niches/astro_keep_looking_up_en__light.png
astro_more_space_en,niches,humor,Funny & Sarcastic,astronomy,en,I Need More Space | Funny & Sarcastic (English) Design,"funny saying, sarcastic, sarcasm, humor, meme shirt, funny quote, introvert humor, need, more, space, astronomy, niches, funny & sarcastic, funny shirt, typography, minimalist, aesthetic, gift idea, trendy, statement tee",produits/niches/astro_more_space_en__dark.png,produits/niches/astro_more_space_en__light.png
astro_night_owl_en,niches,humor,Funny & Sarcastic,astronomy,en,Stargazer Night Owl | Funny & Sarcastic (English) Design,"funny saying, sarcastic, sarcasm, humor, meme shirt, funny quote, introvert humor, stargazer, night, astronomy, niches, funny & sarcastic, funny shirt, typography, minimalist, aesthetic, gift idea, trendy, statement tee",produits/niches/astro_night_owl_en__dark.png,produits/niches/astro_night_owl_en__light.png
axe_bullseye_en,niches,humor,Funny & Sarcastic,axe_throwing,en,Bullseye or Nothing | Funny & Sarcastic (English) Design,"funny saying, sarcastic, sarcasm, humor, meme shirt, funny quote, introvert humor, bullseye, nothing, axe throwing, niches, funny & sarcastic, funny shirt, typography, minimalist, aesthetic, gift idea, trendy, statement tee",produits/niches/axe_bullseye_en__dark.png,produits/niches/axe_bullseye_en__light.png
axe_stress_relief_en,niches,humor,Funny & Sarcastic,axe_throwing,en,Stress Relief Comes in Sharp | Funny & Sarcastic (English) Design,"funny saying, sarcastic, sarcasm, humor, meme shirt, funny quote, introvert humor, stress, relief, comes, sharp, axe throwing, niches, funny & sarcastic, funny shirt, typography, minimalist, aesthetic, gift idea, trendy, statement tee",produits/niches/axe_stress_relief_en__dark.png,produits/niches/axe_stress_relief_en__light.png
axe_therapy_en,niches,humor,Funny & Sarcastic,axe_throwing,en,Axe Throwing Therapy | Funny & Sarcastic (English) Design,"funny saying, sarcastic, sarcasm, humor, meme shirt, funny quote, introvert humor, throwing, therapy, axe throwing, niches, funny & sarcastic, funny shirt, typography, minimalist, aesthetic, gift idea, trendy, statement tee",produits/niches/axe_therapy_en__dark.png,produits/niches/axe_therapy_en__light.png
axe_whats_your_hobby_en,niches,humor,Funny & Sarcastic,axe_throwing,en,I Throw Axes What's Your Hobby? | Funny & Sarcastic (English) Design,"funny saying, sarcastic, sarcasm, humor, meme shirt, funny quote, introvert humor, throw, axes, what's, hobby, axe throwing, niches, funny & sarcastic, funny shirt, typography, minimalist, aesthetic, gift idea, trendy, statement tee",produits/niches/axe_whats_your_hobby_en__dark.png,produits/niches/axe_whats_your_hobby_en__light.png
bake_better_place_en,niches,humor,Funny & Sarcastic,pastry,en,Bake the World a Better Place | Funny & Sarcastic (English) Design,"funny saying, sarcastic, sarcasm, humor, meme shirt, funny quote, introvert humor, bake, world, better, place, pastry, niches, funny & sarcastic, funny shirt, typography, minimalist, aesthetic, gift idea, trendy, statement tee",produits/niches/bake_better_place_en__dark.png,produits/niches/bake_better_place_en__light.png
bake_butter_trust_en,niches,humor,Funny & Sarcastic,pastry,en,In Butter We Trust | Funny & Sarcastic (English) Design,"funny saying, sarcastic, sarcasm, humor, meme shirt, funny quote, introvert humor, butter, trust, pastry, niches, funny & sarcastic, funny shirt, typography, minimalist, aesthetic, gift idea, trendy, statement tee",produits/niches/bake_butter_trust_en__dark.png,produits/niches/bake_butter_trust_en__light.png
bake_messy_kitchen_en,niches,humor,Funny & Sarcastic,pastry,en,Messy Kitchen Delicious Results | Funny & Sarcastic (English) Design,"funny saying, sarcastic, sarcasm, humor, meme shirt, funny quote, introvert humor, messy, kitchen, delicious, results, pastry, niches, funny & sarcastic, funny shirt, typography, minimalist, aesthetic, gift idea, trendy, statement tee",produits/niches/bake_messy_kitchen_en__dark.png,produits/niches/bake_messy_kitchen_en__light.png
bake_whisked_en,niches,humor,Funny & Sarcastic,pastry,en,Whisked & Ready | Funny & Sarcastic (English) Design,"funny saying, sarcastic, sarcasm, humor, meme shirt, funny quote, introvert humor, whisked, ready, pastry, niches, funny & sarcastic, funny shirt, typography, minimalist, aesthetic, gift idea, trendy, statement tee",produits/niches/bake_whisked_en__dark.png,produits/niches/bake_whisked_en__light.png
barb_fades_cheap_en,niches,humor,Funny & Sarcastic,barbers,en,Talk Is Cheap Good Fades Aren't | Funny & Sarcastic (English) Design,"funny saying, sarcastic, sarcasm, humor, meme shirt, funny quote, introvert humor, talk, cheap, good, fades, aren't, barbers, niches, funny & sarcastic, funny shirt, typography, minimalist, aesthetic, gift idea, trendy, statement tee",produits/niches/barb_fades_cheap_en__dark.png,produits/niches/barb_fades_cheap_en__light.png
barb_life_en,niches,humor,Funny & Sarcastic,barbers,en,Barber Life | Funny & Sarcastic (English) Design,"funny saying, sarcastic, sarcasm, humor, meme shirt, funny quote, introvert humor, barber, life, barbers, niches, funny & sarcastic, funny shirt, typography, minimalist, aesthetic, gift idea, trendy, statement tee",produits/niches/barb_life_en__dark.png,produits/niches/barb_life_en__light.png
barb_sharp_fades_en,niches,humor,Funny & Sarcastic,barbers,en,Sharp Fades Sharp Minds | Funny & Sarcastic (English) Design,"funny saying, sarcastic, sarcasm, humor, meme shirt, funny quote, introvert humor, sharp, fades, minds, barbers, niches, funny & sarcastic, funny shirt, typography, minimalist, aesthetic, gift idea, trendy, statement tee",produits/niches/barb_sharp_fades_en__dark.png,produits/niches/barb_sharp_fades_en__light.png
bbq_grill_sergeant_en,niches,humor,Funny & Sarcastic,bbq,en,Grill Sergeant | Funny & Sarcastic (English) Design,"funny saying, sarcastic, sarcasm, humor, meme shirt, funny quote, introvert humor, grill, sergeant, bbq, niches, funny & sarcastic, funny shirt, typography, minimalist, aesthetic, gift idea, trendy, statement tee",produits/niches/bbq_grill_sergeant_en__dark.png,produits/niches/bbq_grill_sergeant_en__light.png
bbq_low_slow_en,niches,humor,Funny & Sarcastic,bbq,en,Low & Slow | Funny & Sarcastic (English) Design,"funny saying, sarcastic, sarcasm, humor, meme shirt, funny quote, introvert humor, slow, bbq, niches, funny & sarcastic, funny shirt, typography, minimalist, aesthetic, gift idea, trendy, statement tee",produits/niches/bbq_low_slow_en__dark.png,produits/niches/bbq_low_slow_en__light.png
bbq_rub_my_meat_en,niches,humor,Funny & Sarcastic,bbq,en,I Rub My Meat Then Smoke It | Funny & Sarcastic (English) Design,"funny saying, sarcastic, sarcasm, humor, meme shirt, funny quote, introvert humor, meat, then, smoke, bbq, niches, funny & sarcastic, funny shirt, typography, minimalist, aesthetic, gift idea, trendy, statement tee",produits/niches/bbq_rub_my_meat_en__dark.png,produits/niches/bbq_rub_my_meat_en__light.png
bbq_smoke_everything_en,niches,humor,Funny & Sarcastic,bbq,en,Smoke Everything | Funny & Sarcastic (English) Design,"funny saying, sarcastic, sarcasm, humor, meme shirt, funny quote, introvert humor, smoke, everything, bbq, niches, funny & sarcastic, funny shirt, typography, minimalist, aesthetic, gift idea, trendy, statement tee",produits/niches/bbq_smoke_everything_en__dark.png,produits/niches/bbq_smoke_everything_en__light.png
bc_adopt_en,niches,humor,Funny & Sarcastic,black_cats,en,Black Cats Adopt Last Mine Adopted Me First | Funny & Sarcastic (English) Design,"funny saying, sarcastic, sarcasm, humor, meme shirt, funny quote, introvert humor, black, cats, adopt, last, mine, black cats, niches, funny & sarcastic, funny shirt, typography, minimalist, aesthetic, gift idea, trendy, statement tee",produits/niches/bc_adopt_en__dark.png,produits/niches/bc_adopt_en__light.png
bc_brain_en,niches,humor,Funny & Sarcastic,border_collie,en,Border Collie Brain at 6am. Not Ready. | Funny & Sarcastic (English) Design,"funny saying, sarcastic, sarcasm, humor, meme shirt, funny quote, introvert humor, border, collie, brain, ready, border collie, niches, funny & sarcastic, funny shirt, typography, minimalist, aesthetic, gift idea, trendy, statement tee",produits/niches/bc_brain_en__dark.png,produits/niches/bc_brain_en__light.png
bc_eye_en,niches,humor,Funny & Sarcastic,border_collie,en,The Eye Is Not Aggression Educate Yourselves | Funny & Sarcastic (English) Design,"funny saying, sarcastic, sarcasm, humor, meme shirt, funny quote, introvert humor, aggression, educate, yourselves, border collie, niches, funny & sarcastic, funny shirt, typography, minimalist, aesthetic, gift idea, trendy, statement tee",produits/niches/bc_eye_en__dark.png,produits/niches/bc_eye_en__light.png
bc_herds_en,niches,humor,Funny & Sarcastic,border_collie,en,My Collie Herds Children at the Park. I Apologize. | Funny & Sarcastic (English) Design,"funny saying, sarcastic, sarcasm, humor, meme shirt, funny quote, introvert humor, collie, herds, children, park, apologize, border collie, niches, funny & sarcastic, funny shirt, typography, minimalist, aesthetic, gift idea, trendy, statement tee",produits/niches/bc_herds_en__dark.png,produits/niches/bc_herds_en__light.png
bc_panther_en,niches,humor,Funny & Sarcastic,black_cats,en,House Panther Unapologetically | Funny & Sarcastic (English) Design,"funny saying, sarcastic, sarcasm, humor, meme shirt, funny quote, introvert humor, house, panther, unapologetically, black cats, niches, funny & sarcastic, funny shirt, typography, minimalist, aesthetic, gift idea, trendy, statement tee",produits/niches/bc_panther_en__dark.png,produits/niches/bc_panther_en__light.png
bc_shadow_en,niches,humor,Funny & Sarcastic,black_cats,en,I Find Her by Blinking in the Dark | Funny & Sarcastic (English) Design,"funny saying, sarcastic, sarcasm, humor, meme shirt, funny quote, introvert humor, find, blinking, dark, black cats, niches, funny & sarcastic, funny shirt, typography, minimalist, aesthetic, gift idea, trendy, statement tee",produits/niches/bc_shadow_en__dark.png,produits/niches/bc_shadow_en__light.png
bc_smarter_en,niches,humor,Funny & Sarcastic,border_collie,en,My Border Collie Is Smarter Than Both of Us | Funny & Sarcastic (English) Design,"funny saying, sarcastic, sarcasm, humor, meme shirt, funny quote, introvert humor, border, collie, smarter, than, both, border collie, niches, funny & sarcastic, funny shirt, typography, minimalist, aesthetic, gift idea, trendy, statement tee",produits/niches/bc_smarter_en__dark.png,produits/niches/bc_smarter_en__light.png
bc_zoomies_en,niches,humor,Funny & Sarcastic,border_collie,en,The Zoomies Hit There's Nothing I Can Do | Funny & Sarcastic (English) Design,"funny saying, sarcastic, sarcasm, humor, meme shirt, funny quote, introvert humor, zoomies, there's, nothing, border collie, niches, funny & sarcastic, funny shirt, typography, minimalist, aesthetic, gift idea, trendy, statement tee",produits/niches/bc_zoomies_en__dark.png,produits/niches/bc_zoomies_en__light.png
book_one_more_chapter_en,niches,humor,Funny & Sarcastic,book_lovers,en,One More Chapter | Funny & Sarcastic (English) Design,"funny saying, sarcastic, sarcasm, humor, meme shirt, funny quote, introvert humor, more, chapter, book lovers, niches, funny & sarcastic, funny shirt, typography, minimalist, aesthetic, gift idea, trendy, statement tee",produits/niches/book_one_more_chapter_en__dark.png,produits/niches/book_one_more_chapter_en__light.png
book_pause_en,niches,humor,Funny & Sarcastic,book_lovers,en,I Paused My Reading to Be Here | Funny & Sarcastic (English) Design,"funny saying, sarcastic, sarcasm, humor, meme shirt, funny quote, introvert humor, paused, reading, here, book lovers, niches, funny & sarcastic, funny shirt, typography, minimalist, aesthetic, gift idea, trendy, statement tee",produits/niches/book_pause_en__dark.png,produits/niches/book_pause_en__light.png
book_tbr_en,niches,humor,Funny & Sarcastic,book_lovers,en,My TBR Is Taller Than Me | Funny & Sarcastic (English) Design,"funny saying, sarcastic, sarcasm, humor, meme shirt, funny quote, introvert humor, taller, than, book lovers, niches, funny & sarcastic, funny shirt, typography, minimalist, aesthetic, gift idea, trendy, statement tee",produits/niches/book_tbr_en__dark.png,produits/niches/book_tbr_en__light.png
brew_dry_hop_en,niches,humor,Funny & Sarcastic,home_brewing,en,Dry-Hopped at Day 4 Science. | Funny & Sarcastic (English) Design,"funny saying, sarcastic, sarcasm, humor, meme shirt, funny quote, introvert humor, hopped, science, home brewing, niches, funny & sarcastic, funny shirt, typography, minimalist, aesthetic, gift idea, trendy, statement tee",produits/niches/brew_dry_hop_en__dark.png,produits/niches/brew_dry_hop_en__light.png
brew_ibus_en,niches,humor,Funny & Sarcastic,home_brewing,en,I Know My IBUs by Heart | Funny & Sarcastic (English) Design,"funny saying, sarcastic, sarcasm, humor, meme shirt, funny quote, introvert humor, know, ibus, heart, home brewing, niches, funny & sarcastic, funny shirt, typography, minimalist, aesthetic, gift idea, trendy, statement tee",produits/niches/brew_ibus_en__dark.png,produits/niches/brew_ibus_en__light.png
brew_lhbs_en,niches,humor,Funny & Sarcastic,home_brewing,en,LHBS Closed? Crisis Mode. | Funny & Sarcastic (English) Design,"funny saying, sarcastic, sarcasm, humor, meme shirt, funny quote, introvert humor, lhbs, closed, crisis, mode, home brewing, niches, funny & sarcastic, funny shirt, typography, minimalist, aesthetic, gift idea, trendy, statement tee",produits/niches/brew_lhbs_en__dark.png,produits/niches/brew_lhbs_en__light.png
brew_mash_temp_en,niches,humor,Funny & Sarcastic,home_brewing,en,Mash Temp Held 67°C. Perfect. | Funny & Sarcastic (English) Design,"funny saying, sarcastic, sarcasm, humor, meme shirt, funny quote, introvert humor, mash, temp, held, perfect, home brewing, niches, funny & sarcastic, funny shirt, typography, minimalist, aesthetic, gift idea, trendy, statement tee",produits/niches/brew_mash_temp_en__dark.png,produits/niches/brew_mash_temp_en__light.png
brew_og_en,niches,humor,Funny & Sarcastic,home_brewing,en,My OG Was 1.065 Proud of It | Funny & Sarcastic (English) Design,"funny saying, sarcastic, sarcasm, humor, meme shirt, funny quote, introvert humor, proud, home brewing, niches, funny & sarcastic, funny shirt, typography, minimalist, aesthetic, gift idea, trendy, statement tee",produits/niches/brew_og_en__dark.png,produits/niches/brew_og_en__light.png
brew_trub_en,niches,humor,Funny & Sarcastic,home_brewing,en,Trub in the Fermenter Trust the Process | Funny & Sarcastic (English) Design,"funny saying, sarcastic, sarcasm, humor, meme shirt, funny quote, introvert humor, trub, fermenter, trust, process, home brewing, niches, funny & sarcastic, funny shirt, typography, minimalist, aesthetic, gift idea, trendy, statement tee",produits/niches/brew_trub_en__dark.png,produits/niches/brew_trub_en__light.png
bw_bins_en,niches,humor,Funny & Sarcastic,birdwatching,en,My Bins Cost More Than My Phone | Funny & Sarcastic (English) Design,"funny saying, sarcastic, sarcasm, humor, meme shirt, funny quote, introvert humor, bins, cost, more, than, phone, birdwatching, niches, funny & sarcastic, funny shirt, typography, minimalist, aesthetic, gift idea, trendy, statement tee",produits/niches/bw_bins_en__dark.png,produits/niches/bw_bins_en__light.png
bw_lifer_en,niches,humor,Funny & Sarcastic,birdwatching,en,Lifer at Last 299 Species & Counting | Funny & Sarcastic (English) Design,"funny saying, sarcastic, sarcasm, humor, meme shirt, funny quote, introvert humor, lifer, last, species, counting, birdwatching, niches, funny & sarcastic, funny shirt, typography, minimalist, aesthetic, gift idea, trendy, statement tee",produits/niches/bw_lifer_en__dark.png,produits/niches/bw_lifer_en__light.png
bw_patch_en,niches,humor,Funny & Sarcastic,birdwatching,en,Patch Birder Hardcore Since Dawn | Funny & Sarcastic (English) Design,"funny saying, sarcastic, sarcasm, humor, meme shirt, funny quote, introvert humor, patch, birder, hardcore, since, dawn, birdwatching, niches, funny & sarcastic, funny shirt, typography, minimalist, aesthetic, gift idea, trendy, statement tee",produits/niches/bw_patch_en__dark.png,produits/niches/bw_patch_en__light.png
bw_pish_en,niches,humor,Funny & Sarcastic,birdwatching,en,I Pish in Public & I'm Not Ashamed | Funny & Sarcastic (English) Design,"funny saying, sarcastic, sarcasm, humor, meme shirt, funny quote, introvert humor, pish, public, ashamed, birdwatching, niches, funny & sarcastic, funny shirt, typography, minimalist, aesthetic, gift idea, trendy, statement tee",produits/niches/bw_pish_en__dark.png,produits/niches/bw_pish_en__light.png
camp_happy_en,niches,humor,Funny & Sarcastic,camping,en,Happy Camper | Funny & Sarcastic (English) Design,"funny saying, sarcastic, sarcasm, humor, meme shirt, funny quote, introvert humor, happy, camper, camping, niches, funny & sarcastic, funny shirt, typography, minimalist, aesthetic, gift idea, trendy, statement tee",produits/niches/camp_happy_en__dark.png,produits/niches/camp_happy_en__light.png
camp_nature_calls_en,niches,humor,Funny & Sarcastic,camping,en,Nature Calls I Answer | Funny & Sarcastic (English) Design,"funny saying, sarcastic, sarcasm, humor, meme shirt, funny quote, introvert humor, nature, calls, answer, camping, niches, funny & sarcastic, funny shirt, typography, minimalist, aesthetic, gift idea, trendy, statement tee",produits/niches/camp_nature_calls_en__dark.png,produits/niches/camp_nature_calls_en__light.png
camp_repeat_en,niches,humor,Funny & Sarcastic,camping,en,Eat. Sleep. Camp. Repeat. | Funny & Sarcastic (English) Design,"funny saying, sarcastic, sarcasm, humor, meme shirt, funny quote, introvert humor, sleep, camp, repeat, camping, niches, funny & sarcastic, funny shirt, typography, minimalist, aesthetic, gift idea, trendy, statement tee",produits/niches/camp_repeat_en__dark.png,produits/niches/camp_repeat_en__light.png
camp_unplugged_en,niches,humor,Funny & Sarcastic,camping,en,Unplugged & Loving It | Funny & Sarcastic (English) Design,"funny saying, sarcastic, sarcasm, humor, meme shirt, funny quote, introvert humor, unplugged, loving, camping, niches, funny & sarcastic, funny shirt, typography, minimalist, aesthetic, gift idea, trendy, statement tee",produits/niches/camp_unplugged_en__dark.png,produits/niches/camp_unplugged_en__light.png
candle_lit_en,niches,humor,Funny & Sarcastic,candle_making,en,Totally Lit | Funny & Sarcastic (English) Design,"funny saying, sarcastic, sarcasm, humor, meme shirt, funny quote, introvert humor, totally, candle making, niches, funny & sarcastic, funny shirt, typography, minimalist, aesthetic, gift idea, trendy, statement tee",produits/niches/candle_lit_en__dark.png,produits/niches/candle_lit_en__light.png
candle_wax_on_en,niches,humor,Funny & Sarcastic,candle_making,en,Wax On Worry Off | Funny & Sarcastic (English) Design,"funny saying, sarcastic, sarcasm, humor, meme shirt, funny quote, introvert humor, worry, candle making, niches, funny & sarcastic, funny shirt, typography, minimalist, aesthetic, gift idea, trendy, statement tee",produits/niches/candle_wax_on_en__dark.png,produits/niches/candle_wax_on_en__light.png
candle_wickedly_crafty_en,niches,humor,Funny & Sarcastic,candle_making,en,Wickedly Crafty | Funny & Sarcastic (English) Design,"funny saying, sarcastic, sarcasm, humor, meme shirt, funny quote, introvert humor, wickedly, crafty, candle making, niches, funny & sarcastic, funny shirt, typography, minimalist, aesthetic, gift idea, trendy, statement tee",produits/niches/candle_wickedly_crafty_en__dark.png,produits/niches/candle_wickedly_crafty_en__light.png
cf_amrap_en,niches,humor,Funny & Sarcastic,crossfit,en,My AMRAP Is Longer Than Your Workout | Funny & Sarcastic (English) Design,"funny saying, sarcastic, sarcasm, humor, meme shirt, funny quote, introvert humor, amrap, longer, than, workout, crossfit, niches, funny & sarcastic, funny shirt, typography, minimalist, aesthetic, gift idea, trendy, statement tee",produits/niches/cf_amrap_en__dark.png,produits/niches/cf_amrap_en__light.png
cf_chalk_en,niches,humor,Funny & Sarcastic,crossfit,en,Chalk Hands Open Heart | Funny & Sarcastic (English) Design,"funny saying, sarcastic, sarcasm, humor, meme shirt, funny quote, introvert humor, chalk, hands, open, heart, crossfit, niches, funny & sarcastic, funny shirt, typography, minimalist, aesthetic, gift idea, trendy, statement tee",produits/niches/cf_chalk_en__dark.png,produits/niches/cf_chalk_en__light.png
cf_double_unders_en,niches,humor,Funny & Sarcastic,crossfit,en,Double Unders Ended My Last Friendship | Funny & Sarcastic (English) Design,"funny saying, sarcastic, sarcasm, humor, meme shirt, funny quote, introvert humor, double, unders, ended, last, friendship, crossfit, niches, funny & sarcastic, funny shirt, typography, minimalist, aesthetic, gift idea, trendy, statement tee",produits/niches/cf_double_unders_en__dark.png,produits/niches/cf_double_unders_en__light.png
cf_kip_en,niches,humor,Funny & Sarcastic,crossfit,en,I Kip and I'm Not Sorry | Funny & Sarcastic (English) Design,"funny saying, sarcastic, sarcasm, humor, meme shirt, funny quote, introvert humor, sorry, crossfit, niches, funny & sarcastic, funny shirt, typography, minimalist, aesthetic, gift idea, trendy, statement tee",produits/niches/cf_kip_en__dark.png,produits/niches/cf_kip_en__light.png
cf_pr_cried_en,niches,humor,Funny & Sarcastic,crossfit,en,PR'd My Clean and Cried. Loudly. | Funny & Sarcastic (English) Design,"funny saying, sarcastic, sarcasm, humor, meme shirt, funny quote, introvert humor, pr'd, clean, cried, loudly, crossfit, niches, funny & sarcastic, funny shirt, typography, minimalist, aesthetic, gift idea, trendy, statement tee",produits/niches/cf_pr_cried_en__dark.png,produits/niches/cf_pr_cried_en__light.png
cf_scaled_ok_en,niches,humor,Funny & Sarcastic,crossfit,en,Scaled Isn't Weak Ask Me How I Know | Funny & Sarcastic (English) Design,"funny saying, sarcastic, sarcasm, humor, meme shirt, funny quote, introvert humor, scaled, isn't, weak, know, crossfit, niches, funny & sarcastic, funny shirt, typography, minimalist, aesthetic, gift idea, trendy, statement tee",produits/niches/cf_scaled_ok_en__dark.png,produits/niches/cf_scaled_ok_en__light.png
cf_thrusters_hate_en,niches,humor,Funny & Sarcastic,crossfit,en,Thrusters Are Just Hate Made Functional | Funny & Sarcastic (English) Design,"funny saying, sarcastic, sarcasm, humor, meme shirt, funny quote, introvert humor, thrusters, hate, made, functional, crossfit, niches, funny & sarcastic, funny shirt, typography, minimalist, aesthetic, gift idea, trendy, statement tee",produits/niches/cf_thrusters_hate_en__dark.png,produits/niches/cf_thrusters_hate_en__light.png
cf_whiteboard_en,niches,humor,Funny & Sarcastic,crossfit,en,The Whiteboard Never Lies | Funny & Sarcastic (English) Design,"funny saying, sarcastic, sarcasm, humor, meme shirt, funny quote, introvert humor, whiteboard, never, lies, crossfit, niches, funny & sarcastic, funny shirt, typography, minimalist, aesthetic, gift idea, trendy, statement tee",produits/niches/cf_whiteboard_en__dark.png,produits/niches/cf_whiteboard_en__light.png
chi_fawn_or_merle_en,niches,humor,Funny & Sarcastic,chihuahua,en,"Fawn, Merle, Blue? She's Trouble. That's the Color. | Funny & Sarcastic (English) Design","funny saying, sarcastic, sarcasm, humor, meme shirt, funny quote, introvert humor, fawn, merle, blue, she's, trouble, chihuahua, niches, funny & sarcastic, funny shirt, typography, minimalist, aesthetic, gift idea, trendy, statement tee",produits/niches/chi_fawn_or_merle_en__dark.png,produits/niches/chi_fawn_or_merle_en__light.png
chi_pda_en,niches,humor,Funny & Sarcastic,chihuahua,en,My Chihuahua Has PDA Permanent Diva Attitude | Funny & Sarcastic (English) Design,"funny saying, sarcastic, sarcasm, humor, meme shirt, funny quote, introvert humor, chihuahua, permanent, diva, attitude, niches, funny & sarcastic, funny shirt, typography, minimalist, aesthetic, gift idea, trendy, statement tee",produits/niches/chi_pda_en__dark.png,produits/niches/chi_pda_en__light.png
chi_tiny_rage_en,niches,humor,Funny & Sarcastic,chihuahua,en,Pocket-Sized Rage & I Love Her | Funny & Sarcastic (English) Design,"funny saying, sarcastic, sarcasm, humor, meme shirt, funny quote, introvert humor, pocket, sized, rage, love, chihuahua, niches, funny & sarcastic, funny shirt, typography, minimalist, aesthetic, gift idea, trendy, statement tee",produits/niches/chi_tiny_rage_en__dark.png,produits/niches/chi_tiny_rage_en__light.png
chi_trembling_en,niches,humor,Funny & Sarcastic,chihuahua,en,She's Not Cold That's Just Her Personality | Funny & Sarcastic (English) Design,"funny saying, sarcastic, sarcasm, humor, meme shirt, funny quote, introvert humor, she's, cold, that's, personality, chihuahua, niches, funny & sarcastic, funny shirt, typography, minimalist, aesthetic, gift idea, trendy, statement tee",produits/niches/chi_trembling_en__dark.png,produits/niches/chi_trembling_en__light.png
chk_3am_en,niches,humor,Funny & Sarcastic,chickens,en,My Rooster Goes Off at 3am. Every Day. | Funny & Sarcastic (English) Design,"funny saying, sarcastic, sarcasm, humor, meme shirt, funny quote, introvert humor, rooster, goes, every, chickens, niches, funny & sarcastic, funny shirt, typography, minimalist, aesthetic, gift idea, trendy, statement tee",produits/niches/chk_3am_en__dark.png,produits/niches/chk_3am_en__light.png
chk_molt_en,niches,humor,Funny & Sarcastic,chickens,en,"Molting Season Zero Eggs, Maximum Panic | Funny & Sarcastic (English) Design","funny saying, sarcastic, sarcasm, humor, meme shirt, funny quote, introvert humor, molting, season, zero, eggs, maximum, chickens, niches, funny & sarcastic, funny shirt, typography, minimalist, aesthetic, gift idea, trendy, statement tee",produits/niches/chk_molt_en__dark.png,produits/niches/chk_molt_en__light.png
chk_pecking_en,niches,humor,Funny & Sarcastic,chickens,en,Pecking Order I'm at the Bottom | Funny & Sarcastic (English) Design,"funny saying, sarcastic, sarcasm, humor, meme shirt, funny quote, introvert humor, pecking, order, bottom, chickens, niches, funny & sarcastic, funny shirt, typography, minimalist, aesthetic, gift idea, trendy, statement tee",produits/niches/chk_pecking_en__dark.png,produits/niches/chk_pecking_en__light.png
chk_silkie_en,niches,humor,Funny & Sarcastic,chickens,en,Silkie Keeper They're Basically Cats | Funny & Sarcastic (English) Design,"funny saying, sarcastic, sarcasm, humor, meme shirt, funny quote, introvert humor, silkie, keeper, they're, basically, cats, chickens, niches, funny & sarcastic, funny shirt, typography, minimalist, aesthetic, gift idea, trendy, statement tee",produits/niches/chk_silkie_en__dark.png,produits/niches/chk_silkie_en__light.png
chk_vent_glazing_en,niches,humor,Funny & Sarcastic,chickens,en,Vent Check Every Sunday Because I'm That Person | Funny & Sarcastic (English) Design,"funny saying, sarcastic, sarcasm, humor, meme shirt, funny quote, introvert humor, vent, check, every, sunday, because, chickens, niches, funny & sarcastic, funny shirt, typography, minimalist, aesthetic, gift idea, trendy, statement tee",produits/niches/chk_vent_glazing_en__dark.png,produits/niches/chk_vent_glazing_en__light.png
climb_adult_later_en,niches,humor,Funny & Sarcastic,climbing,en,Climb Now Adult Later | Funny & Sarcastic (English) Design,"funny saying, sarcastic, sarcasm, humor, meme shirt, funny quote, introvert humor, climb, adult, later, climbing, niches, funny & sarcastic, funny shirt, typography, minimalist, aesthetic, gift idea, trendy, statement tee",produits/niches/climb_adult_later_en__dark.png,produits/niches/climb_adult_later_en__light.png
climb_chalk_cologne_en,niches,humor,Funny & Sarcastic,climbing,en,Chalk Is My Cologne | Funny & Sarcastic (English) Design,"funny saying, sarcastic, sarcasm, humor, meme shirt, funny quote, introvert humor, chalk, cologne, climbing, niches, funny & sarcastic, funny shirt, typography, minimalist, aesthetic, gift idea, trendy, statement tee",produits/niches/climb_chalk_cologne_en__dark.png,produits/niches/climb_chalk_cologne_en__light.png
climb_into_rocks_en,niches,humor,Funny & Sarcastic,climbing,en,I'm Into Rocks | Funny & Sarcastic (English) Design,"funny saying, sarcastic, sarcasm, humor, meme shirt, funny quote, introvert humor, into, rocks, climbing, niches, funny & sarcastic, funny shirt, typography, minimalist, aesthetic, gift idea, trendy, statement tee",produits/niches/climb_into_rocks_en__dark.png,produits/niches/climb_into_rocks_en__light.png
climb_send_it_en,niches,humor,Funny & Sarcastic,climbing,en,Send It or Bend It | Funny & Sarcastic (English) Design,"funny saying, sarcastic, sarcasm, humor, meme shirt, funny quote, introvert humor, send, bend, climbing, niches, funny & sarcastic, funny shirt, typography, minimalist, aesthetic, gift idea, trendy, statement tee",produits/niches/climb_send_it_en__dark.png,produits/niches/climb_send_it_en__light.png
coffee_blood_type_en,niches,humor,Funny & Sarcastic,coffee,en,My Blood Type Is Espresso | Funny & Sarcastic (English) Design,"funny saying, sarcastic, sarcasm, humor, meme shirt, funny quote, introvert humor, blood, type, espresso, coffee, niches, funny & sarcastic, funny shirt, typography, minimalist, aesthetic, gift idea, trendy, statement tee",produits/niches/coffee_blood_type_en__dark.png,produits/niches/coffee_blood_type_en__light.png
coffee_but_first_en,niches,humor,Funny & Sarcastic,coffee,en,But First Coffee | Funny & Sarcastic (English) Design,"funny saying, sarcastic, sarcasm, humor, meme shirt, funny quote, introvert humor, first, coffee, niches, funny & sarcastic, funny shirt, typography, minimalist, aesthetic, gift idea, trendy, statement tee",produits/niches/coffee_but_first_en__dark.png,produits/niches/coffee_but_first_en__light.png
coffee_espresso_yourself_en,niches,humor,Funny & Sarcastic,coffee,en,Espresso Yourself | Funny & Sarcastic (English) Design,"funny saying, sarcastic, sarcasm, humor, meme shirt, funny quote, introvert humor, espresso, yourself, coffee, niches, funny & sarcastic, funny shirt, typography, minimalist, aesthetic, gift idea, trendy, statement tee",produits/niches/coffee_espresso_yourself_en__dark.png,produits/niches/coffee_espresso_yourself_en__light.png
coffee_powered_beans_en,niches,humor,Funny & Sarcastic,coffee,en,Powered by Beans | Funny & Sarcastic (English) Design,"funny saying, sarcastic, sarcasm, humor, meme shirt, funny quote, introvert humor, powered, beans, coffee, niches, funny & sarcastic, funny shirt, typography, minimalist, aesthetic, gift idea, trendy, statement tee",produits/niches/coffee_powered_beans_en__dark.png,produits/niches/coffee_powered_beans_en__light.png
coh_purr_en,niches,humor,Funny & Sarcastic,cat_over_humans,en,My Cat's Purr Is Better Than Small Talk | Funny & Sarcastic (English) Design,"funny saying, sarcastic, sarcasm, humor, meme shirt, funny quote, introvert humor, cat's, purr, better, than, small, cat over humans, niches, funny & sarcastic, funny shirt, typography, minimalist, aesthetic, gift idea, trendy, statement tee",produits/niches/coh_purr_en__dark.png,produits/niches/coh_purr_en__light.png
coh_schnurrt_de,niches,humor,Funny & Sarcastic,cat_over_humans,de,Meine Katze schnurrt Die Menschen nerven | Funny & Sarcastic (German) Design,"funny saying, sarcastic, sarcasm, humor, meme shirt, funny quote, introvert humor, meine, katze, schnurrt, menschen, nerven, cat over humans, niches, funny & sarcastic, funny shirt, typography, minimalist, aesthetic, gift idea, trendy, statement tee",produits/niches/coh_schnurrt_de__dark.png,produits/niches/coh_schnurrt_de__light.png
cp_37_seconds_en,niches,humor,Funny & Sarcastic,cold_plunge,en,37 Seconds In Mind Went Quiet | Funny & Sarcastic (English) Design,"funny saying, sarcastic, sarcasm, humor, meme shirt, funny quote, introvert humor, seconds, mind, went, quiet, cold plunge, niches, funny & sarcastic, funny shirt, typography, minimalist, aesthetic, gift idea, trendy, statement tee",produits/niches/cp_37_seconds_en__dark.png,produits/niches/cp_37_seconds_en__light.png
cp_ice_bath_en,niches,humor,Funny & Sarcastic,cold_plunge,en,Ice Bath Every Morning Then Coffee. Then Humans. | Funny & Sarcastic (English) Design,"funny saying, sarcastic, sarcasm, humor, meme shirt, funny quote, introvert humor, bath, every, morning, then, coffee, cold plunge, niches, funny & sarcastic, funny shirt, typography, minimalist, aesthetic, gift idea, trendy, statement tee",produits/niches/cp_ice_bath_en__dark.png,produits/niches/cp_ice_bath_en__light.png
cp_wim_en,niches,humor,Funny & Sarcastic,cold_plunge,en,Wim Hof Was Right I Can't Believe It Either | Funny & Sarcastic (English) Design,"funny saying, sarcastic, sarcasm, humor, meme shirt, funny quote, introvert humor, right, can't, believe, either, cold plunge, niches, funny & sarcastic, funny shirt, typography, minimalist, aesthetic, gift idea, trendy, statement tee",produits/niches/cp_wim_en__dark.png,produits/niches/cp_wim_en__light.png
crochet_choke_en,niches,humor,Funny & Sarcastic,crochet,en,I Crochet So I Don't Choke People | Funny & Sarcastic (English) Design,"funny saying, sarcastic, sarcasm, humor, meme shirt, funny quote, introvert humor, crochet, don't, choke, people, niches, funny & sarcastic, funny shirt, typography, minimalist, aesthetic, gift idea, trendy, statement tee",produits/niches/crochet_choke_en__dark.png,produits/niches/crochet_choke_en__light.png
crochet_hooked_en,niches,humor,Funny & Sarcastic,crochet,en,Hooked on Crochet | Funny & Sarcastic (English) Design,"funny saying, sarcastic, sarcasm, humor, meme shirt, funny quote, introvert humor, hooked, crochet, niches, funny & sarcastic, funny shirt, typography, minimalist, aesthetic, gift idea, trendy, statement tee",produits/niches/crochet_hooked_en__dark.png,produits/niches/crochet_hooked_en__light.png
crochet_will_stop_en,niches,humor,Funny & Sarcastic,crochet,en,Will Stop for Yarn | Funny & Sarcastic (English) Design,"funny saying, sarcastic, sarcasm, humor, meme shirt, funny quote, introvert humor, will, stop, yarn, crochet, niches, funny & sarcastic, funny shirt, typography, minimalist, aesthetic, gift idea, trendy, statement tee",produits/niches/crochet_will_stop_en__dark.png,produits/niches/crochet_will_stop_en__light.png
crochet_yarn_cardio_en,niches,humor,Funny & Sarcastic,crochet,en,Yarn Is My Cardio | Funny & Sarcastic (English) Design,"funny saying, sarcastic, sarcasm, humor, meme shirt, funny quote, introvert humor, yarn, cardio, crochet, niches, funny & sarcastic, funny shirt, typography, minimalist, aesthetic, gift idea, trendy, statement tee",produits/niches/crochet_yarn_cardio_en__dark.png,produits/niches/crochet_yarn_cardio_en__light.png
dent_floss_en,niches,humor,Funny & Sarcastic,dental_hygienist,en,Floss More Complain Less | Funny & Sarcastic (English) Design,"funny saying, sarcastic, sarcasm, humor, meme shirt, funny quote, introvert humor, floss, more, complain, less, dental hygienist, niches, funny & sarcastic, funny shirt, typography, minimalist, aesthetic, gift idea, trendy, statement tee",produits/niches/dent_floss_en__dark.png,produits/niches/dent_floss_en__light.png
dent_plaque_en,niches,humor,Funny & Sarcastic,dental_hygienist,en,Fighting Plaque One Mouth at a Time | Funny & Sarcastic (English) Design,"funny saying, sarcastic, sarcasm, humor, meme shirt, funny quote, introvert humor, fighting, plaque, mouth, time, dental hygienist, niches, funny & sarcastic, funny shirt, typography, minimalist, aesthetic, gift idea, trendy, statement tee",produits/niches/dent_plaque_en__dark.png,produits/niches/dent_plaque_en__light.png
dent_spit_rinse_en,niches,humor,Funny & Sarcastic,dental_hygienist,en,Spit. Rinse. Repeat. | Funny & Sarcastic (English) Design,"funny saying, sarcastic, sarcasm, humor, meme shirt, funny quote, introvert humor, spit, rinse, repeat, dental hygienist, niches, funny & sarcastic, funny shirt, typography, minimalist, aesthetic, gift idea, trendy, statement tee",produits/niches/dent_spit_rinse_en__dark.png,produits/niches/dent_spit_rinse_en__light.png
dent_veins_en,niches,humor,Funny & Sarcastic,dental_hygienist,en,I Clean Teeth for a Living | Funny & Sarcastic (English) Design,"funny saying, sarcastic, sarcasm, humor, meme shirt, funny quote, introvert humor, clean, teeth, living, dental hygienist, niches, funny & sarcastic, funny shirt, typography, minimalist, aesthetic, gift idea, trendy, statement tee",produits/niches/dent_veins_en__dark.png,produits/niches/dent_veins_en__light.png
dg_23_discs_en,niches,humor,Funny & Sarcastic,disc_golf,en,I Carry 23 Discs for 9 Holes. Normal. | Funny & Sarcastic (English) Design,"funny saying, sarcastic, sarcasm, humor, meme shirt, funny quote, introvert humor, carry, discs, holes, normal, disc golf, niches, funny & sarcastic, funny shirt, typography, minimalist, aesthetic, gift idea, trendy, statement tee",produits/niches/dg_23_discs_en__dark.png,produits/niches/dg_23_discs_en__light.png
dg_ace_cry_en,niches,humor,Funny & Sarcastic,disc_golf,en,The Day I Ace a Hole I Will Cry | Funny & Sarcastic (English) Design,"funny saying, sarcastic, sarcasm, humor, meme shirt, funny quote, introvert humor, hole, will, disc golf, niches, funny & sarcastic, funny shirt, typography, minimalist, aesthetic, gift idea, trendy, statement tee",produits/niches/dg_ace_cry_en__dark.png,produits/niches/dg_ace_cry_en__light.png
dg_anhyzer_ob_en,niches,humor,Funny & Sarcastic,disc_golf,en,Anhyzer Into OB Every. Time. | Funny & Sarcastic (English) Design,"funny saying, sarcastic, sarcasm, humor, meme shirt, funny quote, introvert humor, anhyzer, into, every, time, disc golf, niches, funny & sarcastic, funny shirt, typography, minimalist, aesthetic, gift idea, trendy, statement tee",produits/niches/dg_anhyzer_ob_en__dark.png,produits/niches/dg_anhyzer_ob_en__light.png
dg_birdie_en,niches,humor,Funny & Sarcastic,disc_golf,en,Birdie Putt Made It. This Time. | Funny & Sarcastic (English) Design,"funny saying, sarcastic, sarcasm, humor, meme shirt, funny quote, introvert humor, birdie, putt, made, time, disc golf, niches, funny & sarcastic, funny shirt, typography, minimalist, aesthetic, gift idea, trendy, statement tee",produits/niches/dg_birdie_en__dark.png,produits/niches/dg_birdie_en__light.png
dg_chains_en,niches,humor,Funny & Sarcastic,disc_golf,en,Chains Are What I Live For | Funny & Sarcastic (English) Design,"funny saying, sarcastic, sarcasm, humor, meme shirt, funny quote, introvert humor, chains, what, live, disc golf, niches, funny & sarcastic, funny shirt, typography, minimalist, aesthetic, gift idea, trendy, statement tee",produits/niches/dg_chains_en__dark.png,produits/niches/dg_chains_en__light.png
dg_hyzer_memory_en,niches,humor,Funny & Sarcastic,disc_golf,en,My Hyzer Is Muscle Memory | Funny & Sarcastic (English) Design,"funny saying, sarcastic, sarcasm, humor, meme shirt, funny quote, introvert humor, hyzer, muscle, memory, disc golf, niches, funny & sarcastic, funny shirt, typography, minimalist, aesthetic, gift idea, trendy, statement tee",produits/niches/dg_hyzer_memory_en__dark.png,produits/niches/dg_hyzer_memory_en__light.png
dg_water_hazard_en,niches,humor,Funny & Sarcastic,disc_golf,en,That Water Hazard Ate 12 of My Discs | Funny & Sarcastic (English) Design,"funny saying, sarcastic, sarcasm, humor, meme shirt, funny quote, introvert humor, water, hazard, discs, disc golf, niches, funny & sarcastic, funny shirt, typography, minimalist, aesthetic, gift idea, trendy, statement tee",produits/niches/dg_water_hazard_en__dark.png,produits/niches/dg_water_hazard_en__light.png
dnd_critical_hit_en,niches,humor,Funny & Sarcastic,tabletop,en,Critical Hit to My Free Time | Funny & Sarcastic (English) Design,"funny saying, sarcastic, sarcasm, humor, meme shirt, funny quote, introvert humor, critical, free, time, tabletop, niches, funny & sarcastic, funny shirt, typography, minimalist, aesthetic, gift idea, trendy, statement tee",produits/niches/dnd_critical_hit_en__dark.png,produits/niches/dnd_critical_hit_en__light.png
dnd_initiative_en,niches,humor,Funny & Sarcastic,tabletop,en,Roll for Initiative | Funny & Sarcastic (English) Design,"funny saying, sarcastic, sarcasm, humor, meme shirt, funny quote, introvert humor, roll, initiative, tabletop, niches, funny & sarcastic, funny shirt, typography, minimalist, aesthetic, gift idea, trendy, statement tee",produits/niches/dnd_initiative_en__dark.png,produits/niches/dnd_initiative_en__light.png
dnd_master_disaster_en,niches,humor,Funny & Sarcastic,tabletop,en,Dungeon Master of Disaster | Funny & Sarcastic (English) Design,"funny saying, sarcastic, sarcasm, humor, meme shirt, funny quote, introvert humor, dungeon, master, disaster, tabletop, niches, funny & sarcastic, funny shirt, typography, minimalist, aesthetic, gift idea, trendy, statement tee",produits/niches/dnd_master_disaster_en__dark.png,produits/niches/dnd_master_disaster_en__light.png
dnd_rather_roll_en,niches,humor,Funny & Sarcastic,tabletop,en,I'd Rather Be Rolling Dice | Funny & Sarcastic (English) Design,"funny saying, sarcastic, sarcasm, humor, meme shirt, funny quote, introvert humor, rather, rolling, dice, tabletop, niches, funny & sarcastic, funny shirt, typography, minimalist, aesthetic, gift idea, trendy, statement tee",produits/niches/dnd_rather_roll_en__dark.png,produits/niches/dnd_rather_roll_en__light.png
elec_lets_get_wired_en,niches,humor,Funny & Sarcastic,electricians,en,Let's Get Wired | Funny & Sarcastic (English) Design,"funny saying, sarcastic, sarcasm, humor, meme shirt, funny quote, introvert humor, let's, wired, electricians, niches, funny & sarcastic, funny shirt, typography, minimalist, aesthetic, gift idea, trendy, statement tee",produits/niches/elec_lets_get_wired_en__dark.png,produits/niches/elec_lets_get_wired_en__light.png
elec_shocking_en,niches,humor,Funny & Sarcastic,electricians,en,Electrician: I Find It Shocking | Funny & Sarcastic (English) Design,"funny saying, sarcastic, sarcasm, humor, meme shirt, funny quote, introvert humor, electrician, find, shocking, electricians, niches, funny & sarcastic, funny shirt, typography, minimalist, aesthetic, gift idea, trendy, statement tee",produits/niches/elec_shocking_en__dark.png,produits/niches/elec_shocking_en__light.png
elec_watts_up_en,niches,humor,Funny & Sarcastic,electricians,en,Watt's Up? | Funny & Sarcastic (English) Design,"funny saying, sarcastic, sarcasm, humor, meme shirt, funny quote, introvert humor, watt's, electricians, niches, funny & sarcastic, funny shirt, typography, minimalist, aesthetic, gift idea, trendy, statement tee",produits/niches/elec_watts_up_en__dark.png,produits/niches/elec_watts_up_en__light.png
embr_care_en,niches,humor,Funny & Sarcastic,embroidery,en,I Stitch Because I Care | Funny & Sarcastic (English) Design,"funny saying, sarcastic, sarcasm, humor, meme shirt, funny quote, introvert humor, stitch, because, care, embroidery, niches, funny & sarcastic, funny shirt, typography, minimalist, aesthetic, gift idea, trendy, statement tee",produits/niches/embr_care_en__dark.png,produits/niches/embr_care_en__light.png
embr_hoop_en,niches,humor,Funny & Sarcastic,embroidery,en,"Hoop, There It Is | Funny & Sarcastic (English) Design","funny saying, sarcastic, sarcasm, humor, meme shirt, funny quote, introvert humor, hoop, there, embroidery, niches, funny & sarcastic, funny shirt, typography, minimalist, aesthetic, gift idea, trendy, statement tee",produits/niches/embr_hoop_en__dark.png,produits/niches/embr_hoop_en__light.png
embr_stitch_en,niches,humor,Funny & Sarcastic,embroidery,en,Cross Stitch Queen | Funny & Sarcastic (English) Design,"funny saying, sarcastic, sarcasm, humor, meme shirt, funny quote, introvert humor, cross, stitch, queen, embroidery, niches, funny & sarcastic, funny shirt, typography, minimalist, aesthetic, gift idea, trendy, statement tee",produits/niches/embr_stitch_en__dark.png,produits/niches/embr_stitch_en__light.png
enc_ask_first_en,niches,humor,Funny & Sarcastic,pregnancy_notouch,en,Belly Belongs to Baby Not to You. Ask First. | Funny & Sarcastic (English) Design,"funny saying, sarcastic, sarcasm, humor, meme shirt, funny quote, introvert humor, belly, belongs, baby, first, pregnancy notouch, niches, funny & sarcastic, funny shirt, typography, minimalist, aesthetic, gift idea, trendy, statement tee",produits/niches/enc_ask_first_en__dark.png,produits/niches/enc_ask_first_en__light.png
enc_barriga_es,niches,humor,Funny & Sarcastic,pregnancy_notouch,es,Embarazada No toques la barriga | Funny & Sarcastic (Spanish) Design,"funny saying, sarcastic, sarcasm, humor, meme shirt, funny quote, introvert humor, embarazada, toques, barriga, pregnancy notouch, niches, funny & sarcastic, funny shirt, typography, minimalist, aesthetic, gift idea, trendy, statement tee",produits/niches/enc_barriga_es__dark.png,produits/niches/enc_barriga_es__light.png
enc_bauch_de,niches,humor,Funny & Sarcastic,pregnancy_notouch,de,Finger weg vom Bauch Das ist keine Einladung | Funny & Sarcastic (German) Design,"funny saying, sarcastic, sarcasm, humor, meme shirt, funny quote, introvert humor, finger, bauch, keine, einladung, pregnancy notouch, niches, funny & sarcastic, funny shirt, typography, minimalist, aesthetic, gift idea, trendy, statement tee",produits/niches/enc_bauch_de__dark.png,produits/niches/enc_bauch_de__light.png
enc_bump_en,niches,humor,Funny & Sarcastic,pregnancy_notouch,en,Touch the Bump Lose the Hand | Funny & Sarcastic (English) Design,"funny saying, sarcastic, sarcasm, humor, meme shirt, funny quote, introvert humor, touch, bump, lose, hand, pregnancy notouch, niches, funny & sarcastic, funny shirt, typography, minimalist, aesthetic, gift idea, trendy, statement tee",produits/niches/enc_bump_en__dark.png,produits/niches/enc_bump_en__light.png
enc_dare_en,niches,humor,Funny & Sarcastic,pregnancy_notouch,en,Pregnant Touch My Belly. I Dare You. | Funny & Sarcastic (English) Design,"funny saying, sarcastic, sarcasm, humor, meme shirt, funny quote, introvert humor, pregnant, touch, belly, dare, pregnancy notouch, niches, funny & sarcastic, funny shirt, typography, minimalist, aesthetic, gift idea, trendy, statement tee",produits/niches/enc_dare_en__dark.png,produits/niches/enc_dare_en__light.png
enc_hands_en,niches,humor,Funny & Sarcastic,pregnancy_notouch,en,Baby Inside Hands Outside | Funny & Sarcastic (English) Design,"funny saying, sarcastic, sarcasm, humor, meme shirt, funny quote, introvert humor, baby, inside, hands, outside, pregnancy notouch, niches, funny & sarcastic, funny shirt, typography, minimalist, aesthetic, gift idea, trendy, statement tee",produits/niches/enc_hands_en__dark.png,produits/niches/enc_hands_en__light.png
enc_oblige_fr,niches,humor,Funny & Sarcastic,pregnancy_notouch,fr,"Enceinte, mais tu n'es vraiment pas obligé de toucher | Funny & Sarcastic (French) Design","funny saying, sarcastic, sarcasm, humor, meme shirt, funny quote, introvert humor, enceinte, n'es, vraiment, obligé, toucher, pregnancy notouch, niches, funny & sarcastic, funny shirt, typography, minimalist, aesthetic, gift idea, trendy, statement tee",produits/niches/enc_oblige_fr__dark.png,produits/niches/enc_oblige_fr__light.png
enc_pas_petting_zoo_fr,niches,humor,Funny & Sarcastic,pregnancy_notouch,fr,Je ne suis pas un zoo de contact | Funny & Sarcastic (French) Design,"funny saying, sarcastic, sarcasm, humor, meme shirt, funny quote, introvert humor, suis, contact, pregnancy notouch, niches, funny & sarcastic, funny shirt, typography, minimalist, aesthetic, gift idea, trendy, statement tee",produits/niches/enc_pas_petting_zoo_fr__dark.png,produits/niches/enc_pas_petting_zoo_fr__light.png
enc_permission_fr,niches,humor,Funny & Sarcastic,pregnancy_notouch,fr,Aucune permission de toucher N'a été accordée | Funny & Sarcastic (French) Design,"funny saying, sarcastic, sarcasm, humor, meme shirt, funny quote, introvert humor, aucune, permission, toucher, accordée, pregnancy notouch, niches, funny & sarcastic, funny shirt, typography, minimalist, aesthetic, gift idea, trendy, statement tee",produits/niches/enc_permission_fr__dark.png,produits/niches/enc_permission_fr__light.png
enc_petting_zoo_en,niches,humor,Funny & Sarcastic,pregnancy_notouch,en,Not a Petting Zoo I'm Just Pregnant | Funny & Sarcastic (English) Design,"funny saying, sarcastic, sarcasm, humor, meme shirt, funny quote, introvert humor, petting, pregnant, pregnancy notouch, niches, funny & sarcastic, funny shirt, typography, minimalist, aesthetic, gift idea, trendy, statement tee",produits/niches/enc_petting_zoo_en__dark.png,produits/niches/enc_petting_zoo_en__light.png
enc_pied_fr,niches,humor,Funny & Sarcastic,pregnancy_notouch,fr,Touche mon ventre et mon pied touche ton c | Funny & Sarcastic (French) Design,"funny saying, sarcastic, sarcasm, humor, meme shirt, funny quote, introvert humor, touche, ventre, pied, pregnancy notouch, niches, funny & sarcastic, funny shirt, typography, minimalist, aesthetic, gift idea, trendy, statement tee",produits/niches/enc_pied_fr__dark.png,produits/niches/enc_pied_fr__light.png
enc_touche_fr,niches,humor,Funny & Sarcastic,pregnancy_notouch,fr,Enceinte Touche et vois ce qui arrive | Funny & Sarcastic (French) Design,"funny saying, sarcastic, sarcasm, humor, meme shirt, funny quote, introvert humor, enceinte, touche, vois, arrive, pregnancy notouch, niches, funny & sarcastic, funny shirt, typography, minimalist, aesthetic, gift idea, trendy, statement tee",produits/niches/enc_touche_fr__dark.png,produits/niches/enc_touche_fr__light.png
farm_dirt_coffee_en,niches,humor,Funny & Sarcastic,farmers,en,Powered by Dirt & Coffee | Funny & Sarcastic (English) Design,"funny saying, sarcastic, sarcasm, humor, meme shirt, funny quote, introvert humor, powered, dirt, coffee, farmers, niches, funny & sarcastic, funny shirt, typography, minimalist, aesthetic, gift idea, trendy, statement tee",produits/niches/farm_dirt_coffee_en__dark.png,produits/niches/farm_dirt_coffee_en__light.png
farm_hair_dont_care_en,niches,humor,Funny & Sarcastic,farmers,en,Farm Hair Don't Care | Funny & Sarcastic (English) Design,"funny saying, sarcastic, sarcasm, humor, meme shirt, funny quote, introvert humor, farm, hair, don't, care, farmers, niches, funny & sarcastic, funny shirt, typography, minimalist, aesthetic, gift idea, trendy, statement tee",produits/niches/farm_hair_dont_care_en__dark.png,produits/niches/farm_hair_dont_care_en__light.png
farm_no_farms_en,niches,humor,Funny & Sarcastic,farmers,en,No Farms No Food | Funny & Sarcastic (English) Design,"funny saying, sarcastic, sarcasm, humor, meme shirt, funny quote, introvert humor, farms, food, farmers, niches, funny & sarcastic, funny shirt, typography, minimalist, aesthetic, gift idea, trendy, statement tee",produits/niches/farm_no_farms_en__dark.png,produits/niches/farm_no_farms_en__light.png
farm_sunrise_hustle_en,niches,humor,Funny & Sarcastic,farmers,en,Sunrise Hustle | Funny & Sarcastic (English) Design,"funny saying, sarcastic, sarcasm, humor, meme shirt, funny quote, introvert humor, sunrise, hustle, farmers, niches, funny & sarcastic, funny shirt, typography, minimalist, aesthetic, gift idea, trendy, statement tee",produits/niches/farm_sunrise_hustle_en__dark.png,produits/niches/farm_sunrise_hustle_en__light.png
ferm_brine_en,niches,humor,Funny & Sarcastic,fermentation,en,My Brine Is 2% My pH Is Fine | Funny & Sarcastic (English) Design,"funny saying, sarcastic, sarcasm, humor, meme shirt, funny quote, introvert humor, brine, fine, fermentation, niches, funny & sarcastic, funny shirt, typography, minimalist, aesthetic, gift idea, trendy, statement tee",produits/niches/ferm_brine_en__dark.png,produits/niches/ferm_brine_en__light.png
ferm_kahm_en,niches,humor,Funny & Sarcastic,fermentation,en,Kahm Yeast Is Not Mold I Promise | Funny & Sarcastic (English) Design,"funny saying, sarcastic, sarcasm, humor, meme shirt, funny quote, introvert humor, kahm, yeast, mold, promise, fermentation, niches, funny & sarcastic, funny shirt, typography, minimalist, aesthetic, gift idea, trendy, statement tee",produits/niches/ferm_kahm_en__dark.png,produits/niches/ferm_kahm_en__light.png
ferm_lacto_en,niches,humor,Funny & Sarcastic,fermentation,en,"Lacto-Fermented by Nature, Obsessed by Choice | Funny & Sarcastic (English) Design","funny saying, sarcastic, sarcasm, humor, meme shirt, funny quote, introvert humor, lacto, fermented, nature, obsessed, choice, fermentation, niches, funny & sarcastic, funny shirt, typography, minimalist, aesthetic, gift idea, trendy, statement tee",produits/niches/ferm_lacto_en__dark.png,produits/niches/ferm_lacto_en__light.png
ferm_listen_en,niches,humor,Funny & Sarcastic,fermentation,en,Every Jar Makes a Sound I Listen | Funny & Sarcastic (English) Design,"funny saying, sarcastic, sarcasm, humor, meme shirt, funny quote, introvert humor, every, makes, sound, listen, fermentation, niches, funny & sarcastic, funny shirt, typography, minimalist, aesthetic, gift idea, trendy, statement tee",produits/niches/ferm_listen_en__dark.png,produits/niches/ferm_listen_en__light.png
ferm_scoby_hotel_en,niches,humor,Funny & Sarcastic,fermentation,en,SCOBY Hotel Population Growing | Funny & Sarcastic (English) Design,"funny saying, sarcastic, sarcasm, humor, meme shirt, funny quote, introvert humor, scoby, hotel, population, growing, fermentation, niches, funny & sarcastic, funny shirt, typography, minimalist, aesthetic, gift idea, trendy, statement tee",produits/niches/ferm_scoby_hotel_en__dark.png,produits/niches/ferm_scoby_hotel_en__light.png
ferm_wild_en,niches,humor,Funny & Sarcastic,fermentation,en,I Wild Ferment Because Control Is an Illusion | Funny & Sarcastic (English) Design,"funny saying, sarcastic, sarcasm, humor, meme shirt, funny quote, introvert humor, wild, ferment, because, control, illusion, fermentation, niches, funny & sarcastic, funny shirt, typography, minimalist, aesthetic, gift idea, trendy, statement tee",produits/niches/ferm_wild_en__dark.png,produits/niches/ferm_wild_en__light.png
ff_dry_fly_en,niches,humor,Funny & Sarcastic,fly_fishing,en,Dry Fly Only I Have Standards | Funny & Sarcastic (English) Design,"funny saying, sarcastic, sarcasm, humor, meme shirt, funny quote, introvert humor, standards, fly fishing, niches, funny & sarcastic, funny shirt, typography, minimalist, aesthetic, gift idea, trendy, statement tee",produits/niches/ff_dry_fly_en__dark.png,produits/niches/ff_dry_fly_en__light.png
ff_euro_en,niches,humor,Funny & Sarcastic,fly_fishing,en,Euro Nymphing Changed Everything | Funny & Sarcastic (English) Design,"funny saying, sarcastic, sarcasm, humor, meme shirt, funny quote, introvert humor, euro, nymphing, changed, everything, fly fishing, niches, funny & sarcastic, funny shirt, typography, minimalist, aesthetic, gift idea, trendy, statement tee",produits/niches/ff_euro_en__dark.png,produits/niches/ff_euro_en__light.png
ff_hatch_started_en,niches,humor,Funny & Sarcastic,fly_fishing,en,The Hatch Started I Was in the Car | Funny & Sarcastic (English) Design,"funny saying, sarcastic, sarcasm, humor, meme shirt, funny quote, introvert humor, hatch, started, fly fishing, niches, funny & sarcastic, funny shirt, typography, minimalist, aesthetic, gift idea, trendy, statement tee",produits/niches/ff_hatch_started_en__dark.png,produits/niches/ff_hatch_started_en__light.png
ff_match_hatch_en,niches,humor,Funny & Sarcastic,fly_fishing,en,Match the Hatch or Go Home | Funny & Sarcastic (English) Design,"funny saying, sarcastic, sarcasm, humor, meme shirt, funny quote, introvert humor, match, hatch, home, fly fishing, niches, funny & sarcastic, funny shirt, typography, minimalist, aesthetic, gift idea, trendy, statement tee",produits/niches/ff_match_hatch_en__dark.png,produits/niches/ff_match_hatch_en__light.png
ff_tippet_en,niches,humor,Funny & Sarcastic,fly_fishing,en,My Tippet Is 5x My Patience Is Thinner | Funny & Sarcastic (English) Design,"funny saying, sarcastic, sarcasm, humor, meme shirt, funny quote, introvert humor, tippet, patience, thinner, fly fishing, niches, funny & sarcastic, funny shirt, typography, minimalist, aesthetic, gift idea, trendy, statement tee",produits/niches/ff_tippet_en__dark.png,produits/niches/ff_tippet_en__light.png
ff_waded_en,niches,humor,Funny & Sarcastic,fly_fishing,en,I Waded In Soaked. Still Fished. | Funny & Sarcastic (English) Design,"funny saying, sarcastic, sarcasm, humor, meme shirt, funny quote, introvert humor, waded, soaked, still, fished, fly fishing, niches, funny & sarcastic, funny shirt, typography, minimalist, aesthetic, gift idea, trendy, statement tee",produits/niches/ff_waded_en__dark.png,produits/niches/ff_waded_en__light.png
fire_hot_stuff_en,niches,humor,Funny & Sarcastic,firefighters,en,Hot Stuff & Proud | Funny & Sarcastic (English) Design,"funny saying, sarcastic, sarcasm, humor, meme shirt, funny quote, introvert humor, stuff, proud, firefighters, niches, funny & sarcastic, funny shirt, typography, minimalist, aesthetic, gift idea, trendy, statement tee",produits/niches/fire_hot_stuff_en__dark.png,produits/niches/fire_hot_stuff_en__light.png
fire_not_sport_en,niches,humor,Funny & Sarcastic,firefighters,en,Firefighting Is Not a Hobby | Funny & Sarcastic (English) Design,"funny saying, sarcastic, sarcasm, humor, meme shirt, funny quote, introvert humor, firefighting, hobby, firefighters, niches, funny & sarcastic, funny shirt, typography, minimalist, aesthetic, gift idea, trendy, statement tee",produits/niches/fire_not_sport_en__dark.png,produits/niches/fire_not_sport_en__light.png
fire_toward_en,niches,humor,Funny & Sarcastic,firefighters,en,Run Toward the Fire | Funny & Sarcastic (English) Design,"funny saying, sarcastic, sarcasm, humor, meme shirt, funny quote, introvert humor, toward, fire, firefighters, niches, funny & sarcastic, funny shirt, typography, minimalist, aesthetic, gift idea, trendy, statement tee",produits/niches/fire_toward_en__dark.png,produits/niches/fire_toward_en__light.png
fpv_drone_car_en,niches,humor,Funny & Sarcastic,fpv_drones,en,My Other Car Is a Drone | Funny & Sarcastic (English) Design,"funny saying, sarcastic, sarcasm, humor, meme shirt, funny quote, introvert humor, other, drone, fpv drones, niches, funny & sarcastic, funny shirt, typography, minimalist, aesthetic, gift idea, trendy, statement tee",produits/niches/fpv_drone_car_en__dark.png,produits/niches/fpv_drone_car_en__light.png
fpv_fly_fast_en,niches,humor,Funny & Sarcastic,fpv_drones,en,FPV Pilot I Fly Fast | Funny & Sarcastic (English) Design,"funny saying, sarcastic, sarcasm, humor, meme shirt, funny quote, introvert humor, pilot, fast, fpv drones, niches, funny & sarcastic, funny shirt, typography, minimalist, aesthetic, gift idea, trendy, statement tee",produits/niches/fpv_fly_fast_en__dark.png,produits/niches/fpv_fly_fast_en__light.png
fpv_up_away_en,niches,humor,Funny & Sarcastic,fpv_drones,en,"Up, Up & Away From My Problems | Funny & Sarcastic (English) Design","funny saying, sarcastic, sarcasm, humor, meme shirt, funny quote, introvert humor, away, problems, fpv drones, niches, funny & sarcastic, funny shirt, typography, minimalist, aesthetic, gift idea, trendy, statement tee",produits/niches/fpv_up_away_en__dark.png,produits/niches/fpv_up_away_en__light.png
gma_abuela_es,niches,humor,Funny & Sarcastic,cool_grandma,es,Abuela Cool La que tú querías tener | Funny & Sarcastic (Spanish) Design,"funny saying, sarcastic, sarcasm, humor, meme shirt, funny quote, introvert humor, abuela, cool, querías, tener, cool grandma, niches, funny & sarcastic, funny shirt, typography, minimalist, aesthetic, gift idea, trendy, statement tee",produits/niches/gma_abuela_es__dark.png,produits/niches/gma_abuela_es__light.png
gma_biscuits_plot_en,niches,humor,Funny & Sarcastic,cool_grandma,en,I Bake Cookies and Plan World Domination | Funny & Sarcastic (English) Design,"funny saying, sarcastic, sarcasm, humor, meme shirt, funny quote, introvert humor, bake, cookies, plan, world, domination, cool grandma, niches, funny & sarcastic, funny shirt, typography, minimalist, aesthetic, gift idea, trendy, statement tee",produits/niches/gma_biscuits_plot_en__dark.png,produits/niches/gma_biscuits_plot_en__light.png
gma_cool_en,niches,humor,Funny & Sarcastic,cool_grandma,en,The Cool Grandma You Were Warned | Funny & Sarcastic (English) Design,"funny saying, sarcastic, sarcasm, humor, meme shirt, funny quote, introvert humor, cool, grandma, were, warned, cool grandma, niches, funny & sarcastic, funny shirt, typography, minimalist, aesthetic, gift idea, trendy, statement tee",produits/niches/gma_cool_en__dark.png,produits/niches/gma_cool_en__light.png
gma_cool_fr,niches,humor,Funny & Sarcastic,cool_grandma,fr,La mamie cool que t'aurais voulu avoir | Funny & Sarcastic (French) Design,"funny saying, sarcastic, sarcasm, humor, meme shirt, funny quote, introvert humor, mamie, cool, t'aurais, voulu, avoir, cool grandma, niches, funny & sarcastic, funny shirt, typography, minimalist, aesthetic, gift idea, trendy, statement tee",produits/niches/gma_cool_fr__dark.png,produits/niches/gma_cool_fr__light.png
gma_gateaux_fr,niches,humor,Funny & Sarcastic,cool_grandma,fr,Je fais des gâteaux et des complots | Funny & Sarcastic (French) Design,"funny saying, sarcastic, sarcasm, humor, meme shirt, funny quote, introvert humor, fais, gâteaux, complots, cool grandma, niches, funny & sarcastic, funny shirt, typography, minimalist, aesthetic, gift idea, trendy, statement tee",produits/niches/gma_gateaux_fr__dark.png,produits/niches/gma_gateaux_fr__light.png
gma_glam_fr,niches,humor,Funny & Sarcastic,cool_grandma,fr,Mamie Glam pas la mamie sage | Funny & Sarcastic (French) Design,"funny saying, sarcastic, sarcasm, humor, meme shirt, funny quote, introvert humor, mamie, glam, sage, cool grandma, niches, funny & sarcastic, funny shirt, typography, minimalist, aesthetic, gift idea, trendy, statement tee",produits/niches/gma_glam_fr__dark.png,produits/niches/gma_glam_fr__light.png
gma_grandmosa_en,niches,humor,Funny & Sarcastic,cool_grandma,en,Grandma-mosa The Fun One | Funny & Sarcastic (English) Design,"funny saying, sarcastic, sarcasm, humor, meme shirt, funny quote, introvert humor, grandma, mosa, cool grandma, niches, funny & sarcastic, funny shirt, typography, minimalist, aesthetic, gift idea, trendy, statement tee",produits/niches/gma_grandmosa_en__dark.png,produits/niches/gma_grandmosa_en__light.png
gma_mamimosa_fr,niches,humor,Funny & Sarcastic,cool_grandma,fr,Mamie-mosa (le mimosa c'est pour moi) | Funny & Sarcastic (French) Design,"funny saying, sarcastic, sarcasm, humor, meme shirt, funny quote, introvert humor, mamie, mosa, mimosa, c'est, cool grandma, niches, funny & sarcastic, funny shirt, typography, minimalist, aesthetic, gift idea, trendy, statement tee",produits/niches/gma_mamimosa_fr__dark.png,produits/niches/gma_mamimosa_fr__light.png
gma_oma_de,niches,humor,Funny & Sarcastic,cool_grandma,de,Oma Glam Nicht die brave Oma | Funny & Sarcastic (German) Design,"funny saying, sarcastic, sarcasm, humor, meme shirt, funny quote, introvert humor, glam, nicht, brave, cool grandma, niches, funny & sarcastic, funny shirt, typography, minimalist, aesthetic, gift idea, trendy, statement tee",produits/niches/gma_oma_de__dark.png,produits/niches/gma_oma_de__light.png
gma_vieille_fr,niches,humor,Funny & Sarcastic,cool_grandma,fr,Vieille? Moi? Je suis millésimée. | Funny & Sarcastic (French) Design,"funny saying, sarcastic, sarcasm, humor, meme shirt, funny quote, introvert humor, vieille, suis, millésimée, cool grandma, niches, funny & sarcastic, funny shirt, typography, minimalist, aesthetic, gift idea, trendy, statement tee",produits/niches/gma_vieille_fr__dark.png,produits/niches/gma_vieille_fr__light.png
gma_vintage_en,niches,humor,Funny & Sarcastic,cool_grandma,en,I'm Not Old I'm Vintage | Funny & Sarcastic (English) Design,"funny saying, sarcastic, sarcasm, humor, meme shirt, funny quote, introvert humor, vintage, cool grandma, niches, funny & sarcastic, funny shirt, typography, minimalist, aesthetic, gift idea, trendy, statement tee",produits/niches/gma_vintage_en__dark.png,produits/niches/gma_vintage_en__light.png
gma_wine_en,niches,humor,Funny & Sarcastic,cool_grandma,en,Grandma Needs Wine Not Advice | Funny & Sarcastic (English) Design,"funny saying, sarcastic, sarcasm, humor, meme shirt, funny quote, introvert humor, grandma, needs, wine, advice, cool grandma, niches, funny & sarcastic, funny shirt, typography, minimalist, aesthetic, gift idea, trendy, statement tee",produits/niches/gma_wine_en__dark.png,produits/niches/gma_wine_en__light.png
goat_better_en,niches,humor,Funny & Sarcastic,goats,en,Life Is Better with Goats | Funny & Sarcastic (English) Design,"funny saying, sarcastic, sarcasm, humor, meme shirt, funny quote, introvert humor, life, better, goats, niches, funny & sarcastic, funny shirt, typography, minimalist, aesthetic, gift idea, trendy, statement tee",produits/niches/goat_better_en__dark.png,produits/niches/goat_better_en__light.png
goat_homework_en,niches,humor,Funny & Sarcastic,goats,en,My Goat Ate My To-Do List | Funny & Sarcastic (English) Design,"funny saying, sarcastic, sarcasm, humor, meme shirt, funny quote, introvert humor, goat, list, goats, niches, funny & sarcastic, funny shirt, typography, minimalist, aesthetic, gift idea, trendy, statement tee",produits/niches/goat_homework_en__dark.png,produits/niches/goat_homework_en__light.png
goat_mom_en,niches,humor,Funny & Sarcastic,goats,en,Goat Mom & Proud | Funny & Sarcastic (English) Design,"funny saying, sarcastic, sarcasm, humor, meme shirt, funny quote, introvert humor, goat, proud, goats, niches, funny & sarcastic, funny shirt, typography, minimalist, aesthetic, gift idea, trendy, statement tee",produits/niches/goat_mom_en__dark.png,produits/niches/goat_mom_en__light.png
golf_bad_day_en,niches,humor,Funny & Sarcastic,golf,en,A Bad Day Golfing Beats a Good Day Working | Funny & Sarcastic (English) Design,"funny saying, sarcastic, sarcasm, humor, meme shirt, funny quote, introvert humor, golfing, beats, good, working, golf, niches, funny & sarcastic, funny shirt, typography, minimalist, aesthetic, gift idea, trendy, statement tee",produits/niches/golf_bad_day_en__dark.png,produits/niches/golf_bad_day_en__light.png
golf_born_forced_en,niches,humor,Funny & Sarcastic,golf,en,Born to Golf Forced to Work | Funny & Sarcastic (English) Design,"funny saying, sarcastic, sarcasm, humor, meme shirt, funny quote, introvert humor, born, golf, forced, work, niches, funny & sarcastic, funny shirt, typography, minimalist, aesthetic, gift idea, trendy, statement tee",produits/niches/golf_born_forced_en__dark.png,produits/niches/golf_born_forced_en__light.png
golf_happy_place_en,niches,humor,Funny & Sarcastic,golf,en,Golf Is My Happy Place | Funny & Sarcastic (English) Design,"funny saying, sarcastic, sarcasm, humor, meme shirt, funny quote, introvert humor, golf, happy, place, niches, funny & sarcastic, funny shirt, typography, minimalist, aesthetic, gift idea, trendy, statement tee",produits/niches/golf_happy_place_en__dark.png,produits/niches/golf_happy_place_en__light.png
gpig_better_en,niches,humor,Funny & Sarcastic,guinea_pigs,en,Life Is Better with Guinea Pigs | Funny & Sarcastic (English) Design,"funny saying, sarcastic, sarcasm, humor, meme shirt, funny quote, introvert humor, life, better, guinea, pigs, guinea pigs, niches, funny & sarcastic, funny shirt, typography, minimalist, aesthetic, gift idea, trendy, statement tee",produits/niches/gpig_better_en__dark.png,produits/niches/gpig_better_en__light.png
gpig_slave_en,niches,humor,Funny & Sarcastic,guinea_pigs,en,Guinea Pig Slave | Funny & Sarcastic (English) Design,"funny saying, sarcastic, sarcasm, humor, meme shirt, funny quote, introvert humor, guinea, slave, guinea pigs, niches, funny & sarcastic, funny shirt, typography, minimalist, aesthetic, gift idea, trendy, statement tee",produits/niches/gpig_slave_en__dark.png,produits/niches/gpig_slave_en__light.png
gpig_wheek_en,niches,humor,Funny & Sarcastic,guinea_pigs,en,Wheek Wheek Feed Me | Funny & Sarcastic (English) Design,"funny saying, sarcastic, sarcasm, humor, meme shirt, funny quote, introvert humor, wheek, feed, guinea pigs, niches, funny & sarcastic, funny shirt, typography, minimalist, aesthetic, gift idea, trendy, statement tee",produits/niches/gpig_wheek_en__dark.png,produits/niches/gpig_wheek_en__light.png
gravel_drop_bars_en,niches,humor,Funny & Sarcastic,gravel_cycling,en,Drop Bars Not Standards | Funny & Sarcastic (English) Design,"funny saying, sarcastic, sarcasm, humor, meme shirt, funny quote, introvert humor, drop, bars, standards, gravel cycling, niches, funny & sarcastic, funny shirt, typography, minimalist, aesthetic, gift idea, trendy, statement tee",produits/niches/gravel_drop_bars_en__dark.png,produits/niches/gravel_drop_bars_en__light.png
gravel_grinder_en,niches,humor,Funny & Sarcastic,gravel_cycling,en,Gravel Grinder | Funny & Sarcastic (English) Design,"funny saying, sarcastic, sarcasm, humor, meme shirt, funny quote, introvert humor, gravel, grinder, gravel cycling, niches, funny & sarcastic, funny shirt, typography, minimalist, aesthetic, gift idea, trendy, statement tee",produits/niches/gravel_grinder_en__dark.png,produits/niches/gravel_grinder_en__light.png
gravel_life_better_en,niches,humor,Funny & Sarcastic,gravel_cycling,en,Life Is Better on Gravel | Funny & Sarcastic (English) Design,"funny saying, sarcastic, sarcasm, humor, meme shirt, funny quote, introvert humor, life, better, gravel, gravel cycling, niches, funny & sarcastic, funny shirt, typography, minimalist, aesthetic, gift idea, trendy, statement tee",produits/niches/gravel_life_better_en__dark.png,produits/niches/gravel_life_better_en__light.png
gravel_one_more_mile_en,niches,humor,Funny & Sarcastic,gravel_cycling,en,One More Mile I Promise | Funny & Sarcastic (English) Design,"funny saying, sarcastic, sarcasm, humor, meme shirt, funny quote, introvert humor, more, mile, promise, gravel cycling, niches, funny & sarcastic, funny shirt, typography, minimalist, aesthetic, gift idea, trendy, statement tee",produits/niches/gravel_one_more_mile_en__dark.png,produits/niches/gravel_one_more_mile_en__light.png
gsd_coat_en,niches,humor,Funny & Sarcastic,german_shepherd,en,My GSD Blows Coat All Twelve Months | Funny & Sarcastic (English) Design,"funny saying, sarcastic, sarcasm, humor, meme shirt, funny quote, introvert humor, blows, coat, twelve, months, german shepherd, niches, funny & sarcastic, funny shirt, typography, minimalist, aesthetic, gift idea, trendy, statement tee",produits/niches/gsd_coat_en__dark.png,produits/niches/gsd_coat_en__light.png
gsd_dm_en,niches,humor,Funny & Sarcastic,german_shepherd,en,DM Aware & Fighting It | Funny & Sarcastic (English) Design,"funny saying, sarcastic, sarcasm, humor, meme shirt, funny quote, introvert humor, aware, fighting, german shepherd, niches, funny & sarcastic, funny shirt, typography, minimalist, aesthetic, gift idea, trendy, statement tee",produits/niches/gsd_dm_en__dark.png,produits/niches/gsd_dm_en__light.png
gsd_lines_en,niches,humor,Funny & Sarcastic,german_shepherd,en,West German or DDR Lines I Have Opinions | Funny & Sarcastic (English) Design,"funny saying, sarcastic, sarcasm, humor, meme shirt, funny quote, introvert humor, west, german, lines, opinions, german shepherd, niches, funny & sarcastic, funny shirt, typography, minimalist, aesthetic, gift idea, trendy, statement tee",produits/niches/gsd_lines_en__dark.png,produits/niches/gsd_lines_en__light.png
gsd_not_wolf_en,niches,humor,Funny & Sarcastic,german_shepherd,en,Not a Wolf Please Stop Asking | Funny & Sarcastic (English) Design,"funny saying, sarcastic, sarcasm, humor, meme shirt, funny quote, introvert humor, wolf, please, stop, asking, german shepherd, niches, funny & sarcastic, funny shirt, typography, minimalist, aesthetic, gift idea, trendy, statement tee",produits/niches/gsd_not_wolf_en__dark.png,produits/niches/gsd_not_wolf_en__light.png
gsd_ofa_en,niches,humor,Funny & Sarcastic,german_shepherd,en,OFA Certified Hips Clear. We're Good. | Funny & Sarcastic (English) Design,"funny saying, sarcastic, sarcasm, humor, meme shirt, funny quote, introvert humor, certified, hips, clear, we're, good, german shepherd, niches, funny & sarcastic, funny shirt, typography, minimalist, aesthetic, gift idea, trendy, statement tee",produits/niches/gsd_ofa_en__dark.png,produits/niches/gsd_ofa_en__light.png
gsd_velcro_en,niches,humor,Funny & Sarcastic,german_shepherd,en,Personal Space? I Have a GSD. | Funny & Sarcastic (English) Design,"funny saying, sarcastic, sarcasm, humor, meme shirt, funny quote, introvert humor, personal, space, german shepherd, niches, funny & sarcastic, funny shirt, typography, minimalist, aesthetic, gift idea, trendy, statement tee",produits/niches/gsd_velcro_en__dark.png,produits/niches/gsd_velcro_en__light.png
hair_cheaper_therapy_en,niches,humor,Funny & Sarcastic,hairdressers,en,I Do Hair It's Cheaper Than Therapy | Funny & Sarcastic (English) Design,"funny saying, sarcastic, sarcasm, humor, meme shirt, funny quote, introvert humor, hair, it's, cheaper, than, therapy, hairdressers, niches, funny & sarcastic, funny shirt, typography, minimalist, aesthetic, gift idea, trendy, statement tee",produits/niches/hair_cheaper_therapy_en__dark.png,produits/niches/hair_cheaper_therapy_en__light.png
hair_coiffeuse_fr,niches,humor,Funny & Sarcastic,hairdressers,fr,Coiffeuse: Pas Psy Mais Presque | Funny & Sarcastic (French) Design,"funny saying, sarcastic, sarcasm, humor, meme shirt, funny quote, introvert humor, coiffeuse, presque, hairdressers, niches, funny & sarcastic, funny shirt, typography, minimalist, aesthetic, gift idea, trendy, statement tee",produits/niches/hair_coiffeuse_fr__dark.png,produits/niches/hair_coiffeuse_fr__light.png
hair_color_me_en,niches,humor,Funny & Sarcastic,hairdressers,en,Color Me Happy | Funny & Sarcastic (English) Design,"funny saying, sarcastic, sarcasm, humor, meme shirt, funny quote, introvert humor, color, happy, hairdressers, niches, funny & sarcastic, funny shirt, typography, minimalist, aesthetic, gift idea, trendy, statement tee",produits/niches/hair_color_me_en__dark.png,produits/niches/hair_color_me_en__light.png
hair_wizard_en,niches,humor,Funny & Sarcastic,hairdressers,en,Hair Wizard | Funny & Sarcastic (English) Design,"funny saying, sarcastic, sarcasm, humor, meme shirt, funny quote, introvert humor, hair, wizard, hairdressers, niches, funny & sarcastic, funny shirt, typography, minimalist, aesthetic, gift idea, trendy, statement tee",produits/niches/hair_wizard_en__dark.png,produits/niches/hair_wizard_en__light.png
hike_born_en,niches,humor,Funny & Sarcastic,hiking,en,Born to Hike | Funny & Sarcastic (English) Design,"funny saying, sarcastic, sarcasm, humor, meme shirt, funny quote, introvert humor, born, hike, hiking, niches, funny & sarcastic, funny shirt, typography, minimalist, aesthetic, gift idea, trendy, statement tee",produits/niches/hike_born_en__dark.png,produits/niches/hike_born_en__light.png
hike_eat_en,niches,humor,Funny & Sarcastic,hiking,en,I Hike Therefore I Eat | Funny & Sarcastic (English) Design,"funny saying, sarcastic, sarcasm, humor, meme shirt, funny quote, introvert humor, hike, therefore, hiking, niches, funny & sarcastic, funny shirt, typography, minimalist, aesthetic, gift idea, trendy, statement tee",produits/niches/hike_eat_en__dark.png,produits/niches/hike_eat_en__light.png
hike_less_worry_en,niches,humor,Funny & Sarcastic,hiking,en,Hike More Worry Less | Funny & Sarcastic (English) Design,"funny saying, sarcastic, sarcasm, humor, meme shirt, funny quote, introvert humor, hike, more, worry, less, hiking, niches, funny & sarcastic, funny shirt, typography, minimalist, aesthetic, gift idea, trendy, statement tee",produits/niches/hike_less_worry_en__dark.png,produits/niches/hike_less_worry_en__light.png
hotsauce_chili_head_en,niches,humor,Funny & Sarcastic,hot_sauce,en,Chili Head & Proud | Funny & Sarcastic (English) Design,"funny saying, sarcastic, sarcasm, humor, meme shirt, funny quote, introvert humor, chili, head, proud, hot sauce, niches, funny & sarcastic, funny shirt, typography, minimalist, aesthetic, gift idea, trendy, statement tee",produits/niches/hotsauce_chili_head_en__dark.png,produits/niches/hotsauce_chili_head_en__light.png
hotsauce_everything_en,niches,humor,Funny & Sarcastic,hot_sauce,en,I Put Hot Sauce on Everything | Funny & Sarcastic (English) Design,"funny saying, sarcastic, sarcasm, humor, meme shirt, funny quote, introvert humor, sauce, everything, hot sauce, niches, funny & sarcastic, funny shirt, typography, minimalist, aesthetic, gift idea, trendy, statement tee",produits/niches/hotsauce_everything_en__dark.png,produits/niches/hotsauce_everything_en__light.png
hotsauce_painful_en,niches,humor,Funny & Sarcastic,hot_sauce,en,Some Like It Hot I Like It Painful | Funny & Sarcastic (English) Design,"funny saying, sarcastic, sarcasm, humor, meme shirt, funny quote, introvert humor, some, painful, hot sauce, niches, funny & sarcastic, funny shirt, typography, minimalist, aesthetic, gift idea, trendy, statement tee",produits/niches/hotsauce_painful_en__dark.png,produits/niches/hotsauce_painful_en__light.png
hotsauce_sweating_en,niches,humor,Funny & Sarcastic,hot_sauce,en,Sweating Is Optional | Funny & Sarcastic (English) Design,"funny saying, sarcastic, sarcasm, humor, meme shirt, funny quote, introvert humor, sweating, optional, hot sauce, niches, funny & sarcastic, funny shirt, typography, minimalist, aesthetic, gift idea, trendy, statement tee",produits/niches/hotsauce_sweating_en__dark.png,produits/niches/hotsauce_sweating_en__light.png
hunt_born_forced_en,niches,humor,Funny & Sarcastic,hunting,en,Born to Hunt Forced to Work | Funny & Sarcastic (English) Design,"funny saying, sarcastic, sarcasm, humor, meme shirt, funny quote, introvert humor, born, hunt, forced, work, hunting, niches, funny & sarcastic, funny shirt, typography, minimalist, aesthetic, gift idea, trendy, statement tee",produits/niches/hunt_born_forced_en__dark.png,produits/niches/hunt_born_forced_en__light.png
hunt_buck_fever_en,niches,humor,Funny & Sarcastic,hunting,en,Buck Fever | Funny & Sarcastic (English) Design,"funny saying, sarcastic, sarcasm, humor, meme shirt, funny quote, introvert humor, buck, fever, hunting, niches, funny & sarcastic, funny shirt, typography, minimalist, aesthetic, gift idea, trendy, statement tee",produits/niches/hunt_buck_fever_en__dark.png,produits/niches/hunt_buck_fever_en__light.png
hunt_camo_color_en,niches,humor,Funny & Sarcastic,hunting,en,Camo Is My Color | Funny & Sarcastic (English) Design,"funny saying, sarcastic, sarcasm, humor, meme shirt, funny quote, introvert humor, camo, color, hunting, niches, funny & sarcastic, funny shirt, typography, minimalist, aesthetic, gift idea, trendy, statement tee",produits/niches/hunt_camo_color_en__dark.png,produits/niches/hunt_camo_color_en__light.png
hunt_rather_woods_en,niches,humor,Funny & Sarcastic,hunting,en,I'd Rather Be in the Woods | Funny & Sarcastic (English) Design,"funny saying, sarcastic, sarcasm, humor, meme shirt, funny quote, introvert humor, rather, woods, hunting, niches, funny & sarcastic, funny shirt, typography, minimalist, aesthetic, gift idea, trendy, statement tee",produits/niches/hunt_rather_woods_en__dark.png,produits/niches/hunt_rather_woods_en__light.png
jewel_gem_en,niches,humor,Funny & Sarcastic,jewelry_making,en,She's a Gem Maker | Funny & Sarcastic (English) Design,"funny saying, sarcastic, sarcasm, humor, meme shirt, funny quote, introvert humor, she's, maker, jewelry making, niches, funny & sarcastic, funny shirt, typography, minimalist, aesthetic, gift idea, trendy, statement tee",produits/niches/jewel_gem_en__dark.png,produits/niches/jewel_gem_en__light.png
jewel_sparkle_en,niches,humor,Funny & Sarcastic,jewelry_making,en,I Make Sparkle | Funny & Sarcastic (English) Design,"funny saying, sarcastic, sarcasm, humor, meme shirt, funny quote, introvert humor, make, sparkle, jewelry making, niches, funny & sarcastic, funny shirt, typography, minimalist, aesthetic, gift idea, trendy, statement tee",produits/niches/jewel_sparkle_en__dark.png,produits/niches/jewel_sparkle_en__light.png
jewel_wire_weaver_en,niches,humor,Funny & Sarcastic,jewelry_making,en,Wire Weaver Stone Lover | Funny & Sarcastic (English) Design,"funny saying, sarcastic, sarcasm, humor, meme shirt, funny quote, introvert humor, wire, weaver, stone, lover, jewelry making, niches, funny & sarcastic, funny shirt, typography, minimalist, aesthetic, gift idea, trendy, statement tee",produits/niches/jewel_wire_weaver_en__dark.png,produits/niches/jewel_wire_weaver_en__light.png
kayak_less_stress_en,niches,humor,Funny & Sarcastic,kayaking,en,Kayak More Stress Less | Funny & Sarcastic (English) Design,"funny saying, sarcastic, sarcasm, humor, meme shirt, funny quote, introvert humor, kayak, more, stress, less, kayaking, niches, funny & sarcastic, funny shirt, typography, minimalist, aesthetic, gift idea, trendy, statement tee",produits/niches/kayak_less_stress_en__dark.png,produits/niches/kayak_less_stress_en__light.png
kayak_rather_paddle_en,niches,humor,Funny & Sarcastic,kayaking,en,I'd Rather Be Paddling | Funny & Sarcastic (English) Design,"funny saying, sarcastic, sarcasm, humor, meme shirt, funny quote, introvert humor, rather, paddling, kayaking, niches, funny & sarcastic, funny shirt, typography, minimalist, aesthetic, gift idea, trendy, statement tee",produits/niches/kayak_rather_paddle_en__dark.png,produits/niches/kayak_rather_paddle_en__light.png
kayak_water_en,niches,humor,Funny & Sarcastic,kayaking,en,Life Is Better on the Water | Funny & Sarcastic (English) Design,"funny saying, sarcastic, sarcasm, humor, meme shirt, funny quote, introvert humor, life, better, water, kayaking, niches, funny & sarcastic, funny shirt, typography, minimalist, aesthetic, gift idea, trendy, statement tee",produits/niches/kayak_water_en__dark.png,produits/niches/kayak_water_en__light.png
kb_group_buy_en,niches,humor,Funny & Sarcastic,mechanical_keyboards,en,Group Buy Shipping 18 Months and Counting | Funny & Sarcastic (English) Design,"funny saying, sarcastic, sarcasm, humor, meme shirt, funny quote, introvert humor, group, shipping, months, counting, mechanical keyboards, niches, funny & sarcastic, funny shirt, typography, minimalist, aesthetic, gift idea, trendy, statement tee",produits/niches/kb_group_buy_en__dark.png,produits/niches/kb_group_buy_en__light.png
kb_holy_panda_en,niches,humor,Funny & Sarcastic,mechanical_keyboards,en,Holy Pandas vs Boba U4 No Middle Ground | Funny & Sarcastic (English) Design,"funny saying, sarcastic, sarcasm, humor, meme shirt, funny quote, introvert humor, holy, pandas, boba, middle, ground, mechanical keyboards, niches, funny & sarcastic, funny shirt, typography, minimalist, aesthetic, gift idea, trendy, statement tee",produits/niches/kb_holy_panda_en__dark.png,produits/niches/kb_holy_panda_en__light.png
kb_hotswap_en,niches,humor,Funny & Sarcastic,mechanical_keyboards,en,Hotswap Board 47 Switch Sets Tried | Funny & Sarcastic (English) Design,"funny saying, sarcastic, sarcasm, humor, meme shirt, funny quote, introvert humor, hotswap, board, switch, sets, tried, mechanical keyboards, niches, funny & sarcastic, funny shirt, typography, minimalist, aesthetic, gift idea, trendy, statement tee",produits/niches/kb_hotswap_en__dark.png,produits/niches/kb_hotswap_en__light.png
kb_lubed_2am_en,niches,humor,Funny & Sarcastic,mechanical_keyboards,en,Lubed My Switches at 2am. Worth It. | Funny & Sarcastic (English) Design,"funny saying, sarcastic, sarcasm, humor, meme shirt, funny quote, introvert humor, lubed, switches, worth, mechanical keyboards, niches, funny & sarcastic, funny shirt, typography, minimalist, aesthetic, gift idea, trendy, statement tee",produits/niches/kb_lubed_2am_en__dark.png,produits/niches/kb_lubed_2am_en__light.png
kb_membrane_sin_en,niches,humor,Funny & Sarcastic,mechanical_keyboards,en,Membrane Keyboards Are a Sin | Funny & Sarcastic (English) Design,"funny saying, sarcastic, sarcasm, humor, meme shirt, funny quote, introvert humor, membrane, keyboards, mechanical keyboards, niches, funny & sarcastic, funny shirt, typography, minimalist, aesthetic, gift idea, trendy, statement tee",produits/niches/kb_membrane_sin_en__dark.png,produits/niches/kb_membrane_sin_en__light.png
kb_thock_en,niches,humor,Funny & Sarcastic,mechanical_keyboards,en,The Thock Is the Point | Funny & Sarcastic (English) Design,"funny saying, sarcastic, sarcasm, humor, meme shirt, funny quote, introvert humor, thock, point, mechanical keyboards, niches, funny & sarcastic, funny shirt, typography, minimalist, aesthetic, gift idea, trendy, statement tee",produits/niches/kb_thock_en__dark.png,produits/niches/kb_thock_en__light.png
kn_12_wips_en,niches,humor,Funny & Sarcastic,knitting,en,12 WIPs Zero Regrets | Funny & Sarcastic (English) Design,"funny saying, sarcastic, sarcasm, humor, meme shirt, funny quote, introvert humor, wips, zero, regrets, knitting, niches, funny & sarcastic, funny shirt, typography, minimalist, aesthetic, gift idea, trendy, statement tee",produits/niches/kn_12_wips_en__dark.png,produits/niches/kn_12_wips_en__light.png
kn_cast_on_en,niches,humor,Funny & Sarcastic,knitting,en,I Cast On When I'm Stressed | Funny & Sarcastic (English) Design,"funny saying, sarcastic, sarcasm, humor, meme shirt, funny quote, introvert humor, cast, when, stressed, knitting, niches, funny & sarcastic, funny shirt, typography, minimalist, aesthetic, gift idea, trendy, statement tee",produits/niches/kn_cast_on_en__dark.png,produits/niches/kn_cast_on_en__light.png
kn_gauge_lied_en,niches,humor,Funny & Sarcastic,knitting,en,My Gauge Swatch Lied I Trusted It | Funny & Sarcastic (English) Design,"funny saying, sarcastic, sarcasm, humor, meme shirt, funny quote, introvert humor, gauge, swatch, lied, trusted, knitting, niches, funny & sarcastic, funny shirt, typography, minimalist, aesthetic, gift idea, trendy, statement tee",produits/niches/kn_gauge_lied_en__dark.png,produits/niches/kn_gauge_lied_en__light.png
kn_ravelry_en,niches,humor,Funny & Sarcastic,knitting,en,Ravelry Queue: 847 Projects 0 Completed | Funny & Sarcastic (English) Design,"funny saying, sarcastic, sarcasm, humor, meme shirt, funny quote, introvert humor, ravelry, queue, projects, completed, knitting, niches, funny & sarcastic, funny shirt, typography, minimalist, aesthetic, gift idea, trendy, statement tee",produits/niches/kn_ravelry_en__dark.png,produits/niches/kn_ravelry_en__light.png
kn_second_sock_en,niches,humor,Funny & Sarcastic,knitting,en,Second Sock Syndrome Is My Diagnosis | Funny & Sarcastic (English) Design,"funny saying, sarcastic, sarcasm, humor, meme shirt, funny quote, introvert humor, second, sock, syndrome, diagnosis, knitting, niches, funny & sarcastic, funny shirt, typography, minimalist, aesthetic, gift idea, trendy, statement tee",produits/niches/kn_second_sock_en__dark.png,produits/niches/kn_second_sock_en__light.png
kn_yarn_swift_en,niches,humor,Funny & Sarcastic,knitting,en,Yarn Swift & No Regrets | Funny & Sarcastic (English) Design,"funny saying, sarcastic, sarcasm, humor, meme shirt, funny quote, introvert humor, yarn, swift, regrets, knitting, niches, funny & sarcastic, funny shirt, typography, minimalist, aesthetic, gift idea, trendy, statement tee",produits/niches/kn_yarn_swift_en__dark.png,produits/niches/kn_yarn_swift_en__light.png
lib_do_it_en,niches,humor,Funny & Sarcastic,librarians,en,Book Nerd & Loving It | Funny & Sarcastic (English) Design,"funny saying, sarcastic, sarcasm, humor, meme shirt, funny quote, introvert humor, book, nerd, loving, librarians, niches, funny & sarcastic, funny shirt, typography, minimalist, aesthetic, gift idea, trendy, statement tee",produits/niches/lib_do_it_en__dark.png,produits/niches/lib_do_it_en__light.png
lib_quiet_rebel_en,niches,humor,Funny & Sarcastic,librarians,en,Quietly Rebellious | Funny & Sarcastic (English) Design,"funny saying, sarcastic, sarcasm, humor, meme shirt, funny quote, introvert humor, quietly, rebellious, librarians, niches, funny & sarcastic, funny shirt, typography, minimalist, aesthetic, gift idea, trendy, statement tee",produits/niches/lib_quiet_rebel_en__dark.png,produits/niches/lib_quiet_rebel_en__light.png
lib_reading_cardio_en,niches,humor,Funny & Sarcastic,librarians,en,Reading Is My Cardio | Funny & Sarcastic (English) Design,"funny saying, sarcastic, sarcasm, humor, meme shirt, funny quote, introvert humor, reading, cardio, librarians, niches, funny & sarcastic, funny shirt, typography, minimalist, aesthetic, gift idea, trendy, statement tee",produits/niches/lib_reading_cardio_en__dark.png,produits/niches/lib_reading_cardio_en__light.png
lib_shh_en,niches,humor,Funny & Sarcastic,librarians,en,Shhh I'm a Librarian | Funny & Sarcastic (English) Design,"funny saying, sarcastic, sarcasm, humor, meme shirt, funny quote, introvert humor, shhh, librarian, librarians, niches, funny & sarcastic, funny shirt, typography, minimalist, aesthetic, gift idea, trendy, statement tee",produits/niches/lib_shh_en__dark.png,produits/niches/lib_shh_en__light.png
lift_gains_goblin_en,niches,humor,Funny & Sarcastic,lifting,en,Gains Goblin | Funny & Sarcastic (English) Design,"funny saying, sarcastic, sarcasm, humor, meme shirt, funny quote, introvert humor, gains, goblin, lifting, niches, funny & sarcastic, funny shirt, typography, minimalist, aesthetic, gift idea, trendy, statement tee",produits/niches/lift_gains_goblin_en__dark.png,produits/niches/lift_gains_goblin_en__light.png
lift_sore_strong_en,niches,humor,Funny & Sarcastic,lifting,en,Sore Today Strong Tomorrow | Funny & Sarcastic (English) Design,"funny saying, sarcastic, sarcasm, humor, meme shirt, funny quote, introvert humor, sore, today, strong, tomorrow, lifting, niches, funny & sarcastic, funny shirt, typography, minimalist, aesthetic, gift idea, trendy, statement tee",produits/niches/lift_sore_strong_en__dark.png,produits/niches/lift_sore_strong_en__light.png
lift_squat_snacks_en,niches,humor,Funny & Sarcastic,lifting,en,Will Squat for Snacks | Funny & Sarcastic (English) Design,"funny saying, sarcastic, sarcasm, humor, meme shirt, funny quote, introvert humor, will, squat, snacks, lifting, niches, funny & sarcastic, funny shirt, typography, minimalist, aesthetic, gift idea, trendy, statement tee",produits/niches/lift_squat_snacks_en__dark.png,produits/niches/lift_squat_snacks_en__light.png
lift_up_down_en,niches,humor,Funny & Sarcastic,lifting,en,I Lift Things Up & Put Them Down | Funny & Sarcastic (English) Design,"funny saying, sarcastic, sarcasm, humor, meme shirt, funny quote, introvert humor, lift, things, them, down, lifting, niches, funny & sarcastic, funny shirt, typography, minimalist, aesthetic, gift idea, trendy, statement tee",produits/niches/lift_up_down_en__dark.png,produits/niches/lift_up_down_en__light.png
mal_bh_en,niches,humor,Funny & Sarcastic,malinois,en,He Passed His BH I Cried in the Ring | Funny & Sarcastic (English) Design,"funny saying, sarcastic, sarcasm, humor, meme shirt, funny quote, introvert humor, passed, cried, ring, malinois, niches, funny & sarcastic, funny shirt, typography, minimalist, aesthetic, gift idea, trendy, statement tee",produits/niches/mal_bh_en__dark.png,produits/niches/mal_bh_en__light.png
mal_bite_work_en,niches,humor,Funny & Sarcastic,malinois,en,Bite Work Is Our Cardio. Both of Us. | Funny & Sarcastic (English) Design,"funny saying, sarcastic, sarcasm, humor, meme shirt, funny quote, introvert humor, bite, work, cardio, both, malinois, niches, funny & sarcastic, funny shirt, typography, minimalist, aesthetic, gift idea, trendy, statement tee",produits/niches/mal_bite_work_en__dark.png,produits/niches/mal_bite_work_en__light.png
mal_drive_en,niches,humor,Funny & Sarcastic,malinois,en,My Mal Has More Drive Than My Car | Funny & Sarcastic (English) Design,"funny saying, sarcastic, sarcasm, humor, meme shirt, funny quote, introvert humor, more, drive, than, malinois, niches, funny & sarcastic, funny shirt, typography, minimalist, aesthetic, gift idea, trendy, statement tee",produits/niches/mal_drive_en__dark.png,produits/niches/mal_drive_en__light.png
mal_esclave_fr,niches,humor,Funny & Sarcastic,malinois,fr,Esclave de Mon Malinois | Funny & Sarcastic (French) Design,"funny saying, sarcastic, sarcasm, humor, meme shirt, funny quote, introvert humor, esclave, malinois, niches, funny & sarcastic, funny shirt, typography, minimalist, aesthetic, gift idea, trendy, statement tee",produits/niches/mal_esclave_fr__dark.png,produits/niches/mal_esclave_fr__light.png
mal_igp_en,niches,humor,Funny & Sarcastic,malinois,en,IGP Trial This Weekend Send Coffee | Funny & Sarcastic (English) Design,"funny saying, sarcastic, sarcasm, humor, meme shirt, funny quote, introvert humor, trial, weekend, send, coffee, malinois, niches, funny & sarcastic, funny shirt, typography, minimalist, aesthetic, gift idea, trendy, statement tee",produits/niches/mal_igp_en__dark.png,produits/niches/mal_igp_en__light.png
mal_knpv_en,niches,humor,Funny & Sarcastic,malinois,en,KNPV Lines That's the Dream | Funny & Sarcastic (English) Design,"funny saying, sarcastic, sarcasm, humor, meme shirt, funny quote, introvert humor, knpv, lines, that's, dream, malinois, niches, funny & sarcastic, funny shirt, typography, minimalist, aesthetic, gift idea, trendy, statement tee",produits/niches/mal_knpv_en__dark.png,produits/niches/mal_knpv_en__light.png
matcha_but_first_en,niches,humor,Funny & Sarcastic,matcha,en,But First Matcha | Funny & Sarcastic (English) Design,"funny saying, sarcastic, sarcasm, humor, meme shirt, funny quote, introvert humor, first, matcha, niches, funny & sarcastic, funny shirt, typography, minimalist, aesthetic, gift idea, trendy, statement tee",produits/niches/matcha_but_first_en__dark.png,produits/niches/matcha_but_first_en__light.png
matcha_made_heaven_en,niches,humor,Funny & Sarcastic,matcha,en,Matcha Made in Heaven | Funny & Sarcastic (English) Design,"funny saying, sarcastic, sarcasm, humor, meme shirt, funny quote, introvert humor, matcha, made, heaven, niches, funny & sarcastic, funny shirt, typography, minimalist, aesthetic, gift idea, trendy, statement tee",produits/niches/matcha_made_heaven_en__dark.png,produits/niches/matcha_made_heaven_en__light.png
matcha_spill_tea_en,niches,humor,Funny & Sarcastic,matcha,en,Spill the Tea Not the Matcha | Funny & Sarcastic (English) Design,"funny saying, sarcastic, sarcasm, humor, meme shirt, funny quote, introvert humor, spill, matcha, niches, funny & sarcastic, funny shirt, typography, minimalist, aesthetic, gift idea, trendy, statement tee",produits/niches/matcha_spill_tea_en__dark.png,produits/niches/matcha_spill_tea_en__light.png
matcha_terrific_en,niches,humor,Funny & Sarcastic,matcha,en,Tea-rrific & Caffeinated | Funny & Sarcastic (English) Design,"funny saying, sarcastic, sarcasm, humor, meme shirt, funny quote, introvert humor, rrific, caffeinated, matcha, niches, funny & sarcastic, funny shirt, typography, minimalist, aesthetic, gift idea, trendy, statement tee",produits/niches/matcha_terrific_en__dark.png,produits/niches/matcha_terrific_en__light.png
mechanic_car_therapy_en,niches,humor,Funny & Sarcastic,mechanics,en,Classic Car Therapy | Funny & Sarcastic (English) Design,"funny saying, sarcastic, sarcasm, humor, meme shirt, funny quote, introvert humor, classic, therapy, mechanics, niches, funny & sarcastic, funny shirt, typography, minimalist, aesthetic, gift idea, trendy, statement tee",produits/niches/mechanic_car_therapy_en__dark.png,produits/niches/mechanic_car_therapy_en__light.png
mechanic_fix_break_en,niches,humor,Funny & Sarcastic,mechanics,en,I Fix What You Break | Funny & Sarcastic (English) Design,"funny saying, sarcastic, sarcasm, humor, meme shirt, funny quote, introvert humor, what, break, mechanics, niches, funny & sarcastic, funny shirt, typography, minimalist, aesthetic, gift idea, trendy, statement tee",produits/niches/mechanic_fix_break_en__dark.png,produits/niches/mechanic_fix_break_en__light.png
mechanic_garage_en,niches,humor,Funny & Sarcastic,mechanics,en,Sorry for What I Said in the Garage | Funny & Sarcastic (English) Design,"funny saying, sarcastic, sarcasm, humor, meme shirt, funny quote, introvert humor, sorry, what, said, garage, mechanics, niches, funny & sarcastic, funny shirt, typography, minimalist, aesthetic, gift idea, trendy, statement tee",produits/niches/mechanic_garage_en__dark.png,produits/niches/mechanic_garage_en__light.png
mechanic_grease_monkey_en,niches,humor,Funny & Sarcastic,mechanics,en,Grease Monkey & Proud | Funny & Sarcastic (English) Design,"funny saying, sarcastic, sarcasm, humor, meme shirt, funny quote, introvert humor, grease, monkey, proud, mechanics, niches, funny & sarcastic, funny shirt, typography, minimalist, aesthetic, gift idea, trendy, statement tee",produits/niches/mechanic_grease_monkey_en__dark.png,produits/niches/mechanic_grease_monkey_en__light.png
medi_breathe_en,niches,humor,Funny & Sarcastic,meditation,en,Breathe Just Breathe | Funny & Sarcastic (English) Design,"funny saying, sarcastic, sarcasm, humor, meme shirt, funny quote, introvert humor, breathe, meditation, niches, funny & sarcastic, funny shirt, typography, minimalist, aesthetic, gift idea, trendy, statement tee",produits/niches/medi_breathe_en__dark.png,produits/niches/medi_breathe_en__light.png
medi_chaos_en,niches,humor,Funny & Sarcastic,meditation,en,Meditating My Way Through Chaos | Funny & Sarcastic (English) Design,"funny saying, sarcastic, sarcasm, humor, meme shirt, funny quote, introvert humor, meditating, through, chaos, meditation, niches, funny & sarcastic, funny shirt, typography, minimalist, aesthetic, gift idea, trendy, statement tee",produits/niches/medi_chaos_en__dark.png,produits/niches/medi_chaos_en__light.png
medi_namaste_en,niches,humor,Funny & Sarcastic,meditation,en,Namaste (Or I'll Meditate on It) | Funny & Sarcastic (English) Design,"funny saying, sarcastic, sarcasm, humor, meme shirt, funny quote, introvert humor, namaste, i'll, meditate, meditation, niches, funny & sarcastic, funny shirt, typography, minimalist, aesthetic, gift idea, trendy, statement tee",produits/niches/medi_namaste_en__dark.png,produits/niches/medi_namaste_en__light.png
mf_chanterelle_en,niches,humor,Funny & Sarcastic,mushroom_foraging,en,Found a Chanterelle Told No One | Funny & Sarcastic (English) Design,"funny saying, sarcastic, sarcasm, humor, meme shirt, funny quote, introvert humor, found, chanterelle, told, mushroom foraging, niches, funny & sarcastic, funny shirt, typography, minimalist, aesthetic, gift idea, trendy, statement tee",produits/niches/mf_chanterelle_en__dark.png,produits/niches/mf_chanterelle_en__light.png
mf_galerina_en,niches,humor,Funny & Sarcastic,mushroom_foraging,en,Galerina Looks Like Honey Fungus Learn the Difference | Funny & Sarcastic (English) Design,"funny saying, sarcastic, sarcasm, humor, meme shirt, funny quote, introvert humor, galerina, looks, honey, fungus, learn, mushroom foraging, niches, funny & sarcastic, funny shirt, typography, minimalist, aesthetic, gift idea, trendy, statement tee",produits/niches/mf_galerina_en__dark.png,produits/niches/mf_galerina_en__light.png
mf_inoculation_en,niches,humor,Funny & Sarcastic,mushroom_foraging,en,I Inoculate Logs on the Weekend | Funny & Sarcastic (English) Design,"funny saying, sarcastic, sarcasm, humor, meme shirt, funny quote, introvert humor, inoculate, logs, weekend, mushroom foraging, niches, funny & sarcastic, funny shirt, typography, minimalist, aesthetic, gift idea, trendy, statement tee",produits/niches/mf_inoculation_en__dark.png,produits/niches/mf_inoculation_en__light.png
mf_spore_print_en,niches,humor,Funny & Sarcastic,mushroom_foraging,en,When in Doubt Take a Spore Print | Funny & Sarcastic (English) Design,"funny saying, sarcastic, sarcasm, humor, meme shirt, funny quote, introvert humor, when, doubt, take, spore, print, mushroom foraging, niches, funny & sarcastic, funny shirt, typography, minimalist, aesthetic, gift idea, trendy, statement tee",produits/niches/mf_spore_print_en__dark.png,produits/niches/mf_spore_print_en__light.png
mf_spot_en,niches,humor,Funny & Sarcastic,mushroom_foraging,en,I Never Reveal My Spot | Funny & Sarcastic (English) Design,"funny saying, sarcastic, sarcasm, humor, meme shirt, funny quote, introvert humor, never, reveal, spot, mushroom foraging, niches, funny & sarcastic, funny shirt, typography, minimalist, aesthetic, gift idea, trendy, statement tee",produits/niches/mf_spot_en__dark.png,produits/niches/mf_spot_en__light.png
mis_bonjour_fr,niches,humor,Funny & Sarcastic,misanthropy,fr,Bonjour (Je mens) | Funny & Sarcastic (French) Design,"funny saying, sarcastic, sarcasm, humor, meme shirt, funny quote, introvert humor, bonjour, mens, misanthropy, niches, funny & sarcastic, funny shirt, typography, minimalist, aesthetic, gift idea, trendy, statement tee",produits/niches/mis_bonjour_fr__dark.png,produits/niches/mis_bonjour_fr__light.png
mis_bruit_fr,niches,humor,Funny & Sarcastic,misanthropy,fr,Le silence est d'or Les gens sont du bruit | Funny & Sarcastic (French) Design,"funny saying, sarcastic, sarcasm, humor, meme shirt, funny quote, introvert humor, silence, d'or, gens, bruit, misanthropy, niches, funny & sarcastic, funny shirt, typography, minimalist, aesthetic, gift idea, trendy, statement tee",produits/niches/mis_bruit_fr__dark.png,produits/niches/mis_bruit_fr__light.png
mis_cancel_en,niches,humor,Funny & Sarcastic,misanthropy,en,My Plans Got Cancelled I Cancelled Them Myself | Funny & Sarcastic (English) Design,"funny saying, sarcastic, sarcasm, humor, meme shirt, funny quote, introvert humor, plans, cancelled, them, myself, misanthropy, niches, funny & sarcastic, funny shirt, typography, minimalist, aesthetic, gift idea, trendy, statement tee",produits/niches/mis_cancel_en__dark.png,produits/niches/mis_cancel_en__light.png
mis_enfer_fr,niches,humor,Funny & Sarcastic,misanthropy,fr,L'enfer c'est les autres mais un peu moi quand même | Funny & Sarcastic (French) Design,"funny saying, sarcastic, sarcasm, humor, meme shirt, funny quote, introvert humor, l'enfer, c'est, autres, quand, même, misanthropy, niches, funny & sarcastic, funny shirt, typography, minimalist, aesthetic, gift idea, trendy, statement tee",produits/niches/mis_enfer_fr__dark.png,produits/niches/mis_enfer_fr__light.png
mis_fine_en,niches,humor,Funny & Sarcastic,misanthropy,en,I'm Fine (I'm Not Talking About It) | Funny & Sarcastic (English) Design,"funny saying, sarcastic, sarcasm, humor, meme shirt, funny quote, introvert humor, fine, talking, about, misanthropy, niches, funny & sarcastic, funny shirt, typography, minimalist, aesthetic, gift idea, trendy, statement tee",produits/niches/mis_fine_en__dark.png,produits/niches/mis_fine_en__light.png
mis_hell_en,niches,humor,Funny & Sarcastic,misanthropy,en,Hell Is Other People (And a Bit Me Too) | Funny & Sarcastic (English) Design,"funny saying, sarcastic, sarcasm, humor, meme shirt, funny quote, introvert humor, hell, other, people, misanthropy, niches, funny & sarcastic, funny shirt, typography, minimalist, aesthetic, gift idea, trendy, statement tee",produits/niches/mis_hell_en__dark.png,produits/niches/mis_hell_en__light.png
mis_hoelle_de,niches,humor,Funny & Sarcastic,misanthropy,de,Die Hölle das sind die anderen Ein bisschen ich auch | Funny & Sarcastic (German) Design,"funny saying, sarcastic, sarcasm, humor, meme shirt, funny quote, introvert humor, hölle, sind, anderen, bisschen, auch, misanthropy, niches, funny & sarcastic, funny shirt, typography, minimalist, aesthetic, gift idea, trendy, statement tee",produits/niches/mis_hoelle_de__dark.png,produits/niches/mis_hoelle_de__light.png
mis_infierno_es,niches,humor,Funny & Sarcastic,misanthropy,es,El infierno son los demás Y un poco yo también | Funny & Sarcastic (Spanish) Design,"funny saying, sarcastic, sarcasm, humor, meme shirt, funny quote, introvert humor, infierno, demás, poco, también, misanthropy, niches, funny & sarcastic, funny shirt, typography, minimalist, aesthetic, gift idea, trendy, statement tee",produits/niches/mis_infierno_es__dark.png,produits/niches/mis_infierno_es__light.png
mis_monde_fr,niches,humor,Funny & Sarcastic,misanthropy,fr,Je ne déteste pas les gens Je déteste les foules | Funny & Sarcastic (French) Design,"funny saying, sarcastic, sarcasm, humor, meme shirt, funny quote, introvert humor, déteste, gens, foules, misanthropy, niches, funny & sarcastic, funny shirt, typography, minimalist, aesthetic, gift idea, trendy, statement tee",produits/niches/mis_monde_fr__dark.png,produits/niches/mis_monde_fr__light.png
mis_morning_en,niches,humor,Funny & Sarcastic,misanthropy,en,Good Morning (I Don't Mean That) | Funny & Sarcastic (English) Design,"funny saying, sarcastic, sarcasm, humor, meme shirt, funny quote, introvert humor, good, morning, don't, mean, misanthropy, niches, funny & sarcastic, funny shirt, typography, minimalist, aesthetic, gift idea, trendy, statement tee",produits/niches/mis_morning_en__dark.png,produits/niches/mis_morning_en__light.png
mis_plan_fr,niches,humor,Funny & Sarcastic,misanthropy,fr,J'ai annulé mes plans Ils n'étaient pas bons de toute façon | Funny & Sarcastic (French) Design,"funny saying, sarcastic, sarcasm, humor, meme shirt, funny quote, introvert humor, j'ai, annulé, plans, n'étaient, bons, misanthropy, niches, funny & sarcastic, funny shirt, typography, minimalist, aesthetic, gift idea, trendy, statement tee",produits/niches/mis_plan_fr__dark.png,produits/niches/mis_plan_fr__light.png
mis_ruhe_de,niches,humor,Funny & Sarcastic,misanthropy,de,Ich brauche Ruhe Keine Menschen | Funny & Sarcastic (German) Design,"funny saying, sarcastic, sarcasm, humor, meme shirt, funny quote, introvert humor, brauche, ruhe, keine, menschen, misanthropy, niches, funny & sarcastic, funny shirt, typography, minimalist, aesthetic, gift idea, trendy, statement tee",produits/niches/mis_ruhe_de__dark.png,produits/niches/mis_ruhe_de__light.png
mis_silenzio_it,niches,humor,Funny & Sarcastic,misanthropy,it,L'inferno sono gli altri E un po' anch'io | Funny & Sarcastic (Italian) Design,"funny saying, sarcastic, sarcasm, humor, meme shirt, funny quote, introvert humor, l'inferno, sono, altri, anch'io, misanthropy, niches, funny & sarcastic, funny shirt, typography, minimalist, aesthetic, gift idea, trendy, statement tee",produits/niches/mis_silenzio_it__dark.png,produits/niches/mis_silenzio_it__light.png
mis_sociable_fr,niches,humor,Funny & Sarcastic,misanthropy,fr,Je suis sociable Avec les gens qui ne me parlent pas | Funny & Sarcastic (French) Design,"funny saying, sarcastic, sarcasm, humor, meme shirt, funny quote, introvert humor, suis, sociable, gens, parlent, misanthropy, niches, funny & sarcastic, funny shirt, typography, minimalist, aesthetic, gift idea, trendy, statement tee",produits/niches/mis_sociable_fr__dark.png,produits/niches/mis_sociable_fr__light.png
mis_travail_fr,niches,humor,Funny & Sarcastic,misanthropy,fr,Le travail c'est la santé Vive les malades | Funny & Sarcastic (French) Design,"funny saying, sarcastic, sarcasm, humor, meme shirt, funny quote, introvert humor, travail, c'est, santé, vive, malades, misanthropy, niches, funny & sarcastic, funny shirt, typography, minimalist, aesthetic, gift idea, trendy, statement tee",produits/niches/mis_travail_fr__dark.png,produits/niches/mis_travail_fr__light.png
moto_born_to_ride_en,niches,humor,Funny & Sarcastic,motorcycle,en,Born to Ride | Funny & Sarcastic (English) Design,"funny saying, sarcastic, sarcasm, humor, meme shirt, funny quote, introvert humor, born, ride, motorcycle, niches, funny & sarcastic, funny shirt, typography, minimalist, aesthetic, gift idea, trendy, statement tee",produits/niches/moto_born_to_ride_en__dark.png,produits/niches/moto_born_to_ride_en__light.png
moto_loud_pipes_en,niches,humor,Funny & Sarcastic,motorcycle,en,Loud Pipes Save Lives | Funny & Sarcastic (English) Design,"funny saying, sarcastic, sarcasm, humor, meme shirt, funny quote, introvert humor, loud, pipes, save, lives, motorcycle, niches, funny & sarcastic, funny shirt, typography, minimalist, aesthetic, gift idea, trendy, statement tee",produits/niches/moto_loud_pipes_en__dark.png,produits/niches/moto_loud_pipes_en__light.png
moto_ride_more_en,niches,humor,Funny & Sarcastic,motorcycle,en,Ride More Worry Less | Funny & Sarcastic (English) Design,"funny saying, sarcastic, sarcasm, humor, meme shirt, funny quote, introvert humor, ride, more, worry, less, motorcycle, niches, funny & sarcastic, funny shirt, typography, minimalist, aesthetic, gift idea, trendy, statement tee",produits/niches/moto_ride_more_en__dark.png,produits/niches/moto_ride_more_en__light.png
moto_two_wheels_en,niches,humor,Funny & Sarcastic,motorcycle,en,Two Wheels One Love | Funny & Sarcastic (English) Design,"funny saying, sarcastic, sarcasm, humor, meme shirt, funny quote, introvert humor, wheels, love, motorcycle, niches, funny & sarcastic, funny shirt, typography, minimalist, aesthetic, gift idea, trendy, statement tee",produits/niches/moto_two_wheels_en__dark.png,produits/niches/moto_two_wheels_en__light.png
nurse_coffee_lives_en,niches,humor,Funny & Sarcastic,nurses,en,Powered by Coffee & Saving Lives | Funny & Sarcastic (English) Design,"funny saying, sarcastic, sarcasm, humor, meme shirt, funny quote, introvert humor, powered, coffee, saving, lives, nurses, niches, funny & sarcastic, funny shirt, typography, minimalist, aesthetic, gift idea, trendy, statement tee",produits/niches/nurse_coffee_lives_en__dark.png,produits/niches/nurse_coffee_lives_en__light.png
nurse_mode_on_en,niches,humor,Funny & Sarcastic,nurses,en,Nurse Mode On | Funny & Sarcastic (English) Design,"funny saying, sarcastic, sarcasm, humor, meme shirt, funny quote, introvert humor, nurse, mode, nurses, niches, funny & sarcastic, funny shirt, typography, minimalist, aesthetic, gift idea, trendy, statement tee",produits/niches/nurse_mode_on_en__dark.png,produits/niches/nurse_mode_on_en__light.png
nurse_sedate_en,niches,humor,Funny & Sarcastic,nurses,en,Can't Fix Stupid But I Can Sedate It | Funny & Sarcastic (English) Design,"funny saying, sarcastic, sarcasm, humor, meme shirt, funny quote, introvert humor, can't, stupid, sedate, nurses, niches, funny & sarcastic, funny shirt, typography, minimalist, aesthetic, gift idea, trendy, statement tee",produits/niches/nurse_sedate_en__dark.png,produits/niches/nurse_sedate_en__light.png
padel_cant_en,niches,humor,Funny & Sarcastic,padel,en,Sorry I Can't I Have Padel | Funny & Sarcastic (English) Design,"funny saying, sarcastic, sarcasm, humor, meme shirt, funny quote, introvert humor, sorry, can't, padel, niches, funny & sarcastic, funny shirt, typography, minimalist, aesthetic, gift idea, trendy, statement tee",produits/niches/padel_cant_en__dark.png,produits/niches/padel_cant_en__light.png
padel_cant_fr,niches,humor,Funny & Sarcastic,padel,fr,Désolé Je Peux Pas J'ai Padel | Funny & Sarcastic (French) Design,"funny saying, sarcastic, sarcasm, humor, meme shirt, funny quote, introvert humor, désolé, peux, j'ai, padel, niches, funny & sarcastic, funny shirt, typography, minimalist, aesthetic, gift idea, trendy, statement tee",produits/niches/padel_cant_fr__dark.png,produits/niches/padel_cant_fr__light.png
padel_life_en,niches,humor,Funny & Sarcastic,padel,en,Padel Is Life | Funny & Sarcastic (English) Design,"funny saying, sarcastic, sarcasm, humor, meme shirt, funny quote, introvert humor, padel, life, niches, funny & sarcastic, funny shirt, typography, minimalist, aesthetic, gift idea, trendy, statement tee",produits/niches/padel_life_en__dark.png,produits/niches/padel_life_en__light.png
paint_accidents_en,niches,humor,Funny & Sarcastic,painting,en,Happy Little Accidents | Funny & Sarcastic (English) Design,"funny saying, sarcastic, sarcasm, humor, meme shirt, funny quote, introvert humor, happy, little, accidents, painting, niches, funny & sarcastic, funny shirt, typography, minimalist, aesthetic, gift idea, trendy, statement tee",produits/niches/paint_accidents_en__dark.png,produits/niches/paint_accidents_en__light.png
paint_mess_en,niches,humor,Funny & Sarcastic,painting,en,I Make Messes on Canvas | Funny & Sarcastic (English) Design,"funny saying, sarcastic, sarcasm, humor, meme shirt, funny quote, introvert humor, make, messes, canvas, painting, niches, funny & sarcastic, funny shirt, typography, minimalist, aesthetic, gift idea, trendy, statement tee",produits/niches/paint_mess_en__dark.png,produits/niches/paint_mess_en__light.png
paint_therapy_en,niches,humor,Funny & Sarcastic,painting,en,Art Is My Therapy | Funny & Sarcastic (English) Design,"funny saying, sarcastic, sarcasm, humor, meme shirt, funny quote, introvert humor, therapy, painting, niches, funny & sarcastic, funny shirt, typography, minimalist, aesthetic, gift idea, trendy, statement tee",produits/niches/paint_therapy_en__dark.png,produits/niches/paint_therapy_en__light.png
phleb_find_veins_en,niches,humor,Funny & Sarcastic,phlebotomist,en,I Find Veins for a Living | Funny & Sarcastic (English) Design,"funny saying, sarcastic, sarcasm, humor, meme shirt, funny quote, introvert humor, find, veins, living, phlebotomist, niches, funny & sarcastic, funny shirt, typography, minimalist, aesthetic, gift idea, trendy, statement tee",produits/niches/phleb_find_veins_en__dark.png,produits/niches/phleb_find_veins_en__light.png
phleb_hard_stick_en,niches,humor,Funny & Sarcastic,phlebotomist,en,Hard Stick? Challenge Accepted | Funny & Sarcastic (English) Design,"funny saying, sarcastic, sarcasm, humor, meme shirt, funny quote, introvert humor, hard, stick, challenge, accepted, phlebotomist, niches, funny & sarcastic, funny shirt, typography, minimalist, aesthetic, gift idea, trendy, statement tee",produits/niches/phleb_hard_stick_en__dark.png,produits/niches/phleb_hard_stick_en__light.png
phleb_here_for_veins_en,niches,humor,Funny & Sarcastic,phlebotomist,en,I'm Just Here for the Veins | Funny & Sarcastic (English) Design,"funny saying, sarcastic, sarcasm, humor, meme shirt, funny quote, introvert humor, here, veins, phlebotomist, niches, funny & sarcastic, funny shirt, typography, minimalist, aesthetic, gift idea, trendy, statement tee",produits/niches/phleb_here_for_veins_en__dark.png,produits/niches/phleb_here_for_veins_en__light.png
phleb_your_type_en,niches,humor,Funny & Sarcastic,phlebotomist,en,Whatever Your Type I'll Find It | Funny & Sarcastic (English) Design,"funny saying, sarcastic, sarcasm, humor, meme shirt, funny quote, introvert humor, whatever, type, i'll, find, phlebotomist, niches, funny & sarcastic, funny shirt, typography, minimalist, aesthetic, gift idea, trendy, statement tee",produits/niches/phleb_your_type_en__dark.png,produits/niches/phleb_your_type_en__light.png
photo_golden_hour_en,niches,humor,Funny & Sarcastic,photography,en,Chasing Golden Hour | Funny & Sarcastic (English) Design,"funny saying, sarcastic, sarcasm, humor, meme shirt, funny quote, introvert humor, chasing, golden, hour, photography, niches, funny & sarcastic, funny shirt, typography, minimalist, aesthetic, gift idea, trendy, statement tee",produits/niches/photo_golden_hour_en__dark.png,produits/niches/photo_golden_hour_en__light.png
photo_lens_en,niches,humor,Funny & Sarcastic,photography,en,Life Through a Lens | Funny & Sarcastic (English) Design,"funny saying, sarcastic, sarcasm, humor, meme shirt, funny quote, introvert humor, life, through, lens, photography, niches, funny & sarcastic, funny shirt, typography, minimalist, aesthetic, gift idea, trendy, statement tee",produits/niches/photo_lens_en__dark.png,produits/niches/photo_lens_en__light.png
photo_shoot_first_en,niches,humor,Funny & Sarcastic,photography,en,Shoot First Ask Later | Funny & Sarcastic (English) Design,"funny saying, sarcastic, sarcasm, humor, meme shirt, funny quote, introvert humor, shoot, first, later, photography, niches, funny & sarcastic, funny shirt, typography, minimalist, aesthetic, gift idea, trendy, statement tee",produits/niches/photo_shoot_first_en__dark.png,produits/niches/photo_shoot_first_en__light.png
pickle_cardio_en,niches,humor,Funny & Sarcastic,pickleball,en,Pickleball Is My Cardio | Funny & Sarcastic (English) Design,"funny saying, sarcastic, sarcasm, humor, meme shirt, funny quote, introvert humor, pickleball, cardio, niches, funny & sarcastic, funny shirt, typography, minimalist, aesthetic, gift idea, trendy, statement tee",produits/niches/pickle_cardio_en__dark.png,produits/niches/pickle_cardio_en__light.png
pickle_dink_responsibly_en,niches,humor,Funny & Sarcastic,pickleball,en,Dink Responsibly | Funny & Sarcastic (English) Design,"funny saying, sarcastic, sarcasm, humor, meme shirt, funny quote, introvert humor, dink, responsibly, pickleball, niches, funny & sarcastic, funny shirt, typography, minimalist, aesthetic, gift idea, trendy, statement tee",produits/niches/pickle_dink_responsibly_en__dark.png,produits/niches/pickle_dink_responsibly_en__light.png
pickle_repeat_en,niches,humor,Funny & Sarcastic,pickleball,en,Eat. Sleep. Dink. Repeat. | Funny & Sarcastic (English) Design,"funny saying, sarcastic, sarcasm, humor, meme shirt, funny quote, introvert humor, sleep, dink, repeat, pickleball, niches, funny & sarcastic, funny shirt, typography, minimalist, aesthetic, gift idea, trendy, statement tee",produits/niches/pickle_repeat_en__dark.png,produits/niches/pickle_repeat_en__light.png
pickle_sorry_cant_en,niches,humor,Funny & Sarcastic,pickleball,en,Sorry I Can't I Have Pickleball | Funny & Sarcastic (English) Design,"funny saying, sarcastic, sarcasm, humor, meme shirt, funny quote, introvert humor, sorry, can't, pickleball, niches, funny & sarcastic, funny shirt, typography, minimalist, aesthetic, gift idea, trendy, statement tee",produits/niches/pickle_sorry_cant_en__dark.png,produits/niches/pickle_sorry_cant_en__light.png
pilates_core_en,niches,humor,Funny & Sarcastic,pilates,en,Core Values: Pilates | Funny & Sarcastic (English) Design,"funny saying, sarcastic, sarcasm, humor, meme shirt, funny quote, introvert humor, core, values, pilates, niches, funny & sarcastic, funny shirt, typography, minimalist, aesthetic, gift idea, trendy, statement tee",produits/niches/pilates_core_en__dark.png,produits/niches/pilates_core_en__light.png
pilates_made_me_en,niches,humor,Funny & Sarcastic,pilates,en,Pilates Made Me Do It | Funny & Sarcastic (English) Design,"funny saying, sarcastic, sarcasm, humor, meme shirt, funny quote, introvert humor, pilates, made, niches, funny & sarcastic, funny shirt, typography, minimalist, aesthetic, gift idea, trendy, statement tee",produits/niches/pilates_made_me_en__dark.png,produits/niches/pilates_made_me_en__light.png
pilates_reformer_en,niches,humor,Funny & Sarcastic,pilates,en,Reformer Girl | Funny & Sarcastic (English) Design,"funny saying, sarcastic, sarcasm, humor, meme shirt, funny quote, introvert humor, reformer, girl, pilates, niches, funny & sarcastic, funny shirt, typography, minimalist, aesthetic, gift idea, trendy, statement tee",produits/niches/pilates_reformer_en__dark.png,produits/niches/pilates_reformer_en__light.png
plants_crazy_lady_en,niches,humor,Funny & Sarcastic,houseplants,en,Crazy Plant Lady | Funny & Sarcastic (English) Design,"funny saying, sarcastic, sarcasm, humor, meme shirt, funny quote, introvert humor, crazy, plant, lady, houseplants, niches, funny & sarcastic, funny shirt, typography, minimalist, aesthetic, gift idea, trendy, statement tee",produits/niches/plants_crazy_lady_en__dark.png,produits/niches/plants_crazy_lady_en__light.png
plants_rooting_for_you_en,niches,humor,Funny & Sarcastic,houseplants,en,I'm Rooting for You | Funny & Sarcastic (English) Design,"funny saying, sarcastic, sarcasm, humor, meme shirt, funny quote, introvert humor, rooting, houseplants, niches, funny & sarcastic, funny shirt, typography, minimalist, aesthetic, gift idea, trendy, statement tee",produits/niches/plants_rooting_for_you_en__dark.png,produits/niches/plants_rooting_for_you_en__light.png
plants_too_many_en,niches,humor,Funny & Sarcastic,houseplants,en,Too Many Plants? Said No One Ever | Funny & Sarcastic (English) Design,"funny saying, sarcastic, sarcasm, humor, meme shirt, funny quote, introvert humor, many, plants, said, ever, houseplants, niches, funny & sarcastic, funny shirt, typography, minimalist, aesthetic, gift idea, trendy, statement tee",produits/niches/plants_too_many_en__dark.png,produits/niches/plants_too_many_en__light.png
pott_center_en,niches,humor,Funny & Sarcastic,pottery,en,Center or Die Trying | Funny & Sarcastic (English) Design,"funny saying, sarcastic, sarcasm, humor, meme shirt, funny quote, introvert humor, center, trying, pottery, niches, funny & sarcastic, funny shirt, typography, minimalist, aesthetic, gift idea, trendy, statement tee",produits/niches/pott_center_en__dark.png,produits/niches/pott_center_en__light.png
pott_cone6_en,niches,humor,Funny & Sarcastic,pottery,en,Cone 6 Not Negotiable | Funny & Sarcastic (English) Design,"funny saying, sarcastic, sarcasm, humor, meme shirt, funny quote, introvert humor, cone, negotiable, pottery, niches, funny & sarcastic, funny shirt, typography, minimalist, aesthetic, gift idea, trendy, statement tee",produits/niches/pott_cone6_en__dark.png,produits/niches/pott_cone6_en__light.png
pott_pull_en,niches,humor,Funny & Sarcastic,pottery,en,Pulling Walls Finding Zen | Funny & Sarcastic (English) Design,"funny saying, sarcastic, sarcasm, humor, meme shirt, funny quote, introvert humor, pulling, walls, finding, pottery, niches, funny & sarcastic, funny shirt, typography, minimalist, aesthetic, gift idea, trendy, statement tee",produits/niches/pott_pull_en__dark.png,produits/niches/pott_pull_en__light.png
pott_reclaim_en,niches,humor,Funny & Sarcastic,pottery,en,Reclaim the Clay Reclaim Your Soul | Funny & Sarcastic (English) Design,"funny saying, sarcastic, sarcasm, humor, meme shirt, funny quote, introvert humor, reclaim, clay, soul, pottery, niches, funny & sarcastic, funny shirt, typography, minimalist, aesthetic, gift idea, trendy, statement tee",produits/niches/pott_reclaim_en__dark.png,produits/niches/pott_reclaim_en__light.png
pott_scrack_en,niches,humor,Funny & Sarcastic,pottery,en,S-Crack Again. Of Course. | Funny & Sarcastic (English) Design,"funny saying, sarcastic, sarcasm, humor, meme shirt, funny quote, introvert humor, crack, again, course, pottery, niches, funny & sarcastic, funny shirt, typography, minimalist, aesthetic, gift idea, trendy, statement tee",produits/niches/pott_scrack_en__dark.png,produits/niches/pott_scrack_en__light.png
pott_wedge_en,niches,humor,Funny & Sarcastic,pottery,en,I Wedge So I Don't Have to Think | Funny & Sarcastic (English) Design,"funny saying, sarcastic, sarcasm, humor, meme shirt, funny quote, introvert humor, wedge, don't, think, pottery, niches, funny & sarcastic, funny shirt, typography, minimalist, aesthetic, gift idea, trendy, statement tee",produits/niches/pott_wedge_en__dark.png,produits/niches/pott_wedge_en__light.png
pt_fix_people_en,niches,humor,Funny & Sarcastic,physical_therapist,en,I Fix People | Funny & Sarcastic (English) Design,"funny saying, sarcastic, sarcasm, humor, meme shirt, funny quote, introvert humor, people, physical therapist, niches, funny & sarcastic, funny shirt, typography, minimalist, aesthetic, gift idea, trendy, statement tee",produits/niches/pt_fix_people_en__dark.png,produits/niches/pt_fix_people_en__light.png
pt_move_it_en,niches,humor,Funny & Sarcastic,physical_therapist,en,Move It or Lose It | Funny & Sarcastic (English) Design,"funny saying, sarcastic, sarcasm, humor, meme shirt, funny quote, introvert humor, move, lose, physical therapist, niches, funny & sarcastic, funny shirt, typography, minimalist, aesthetic, gift idea, trendy, statement tee",produits/niches/pt_move_it_en__dark.png,produits/niches/pt_move_it_en__light.png
pt_pain_tolerance_en,niches,humor,Funny & Sarcastic,physical_therapist,en,PT: Pain Tolerance Trainer | Funny & Sarcastic (English) Design,"funny saying, sarcastic, sarcasm, humor, meme shirt, funny quote, introvert humor, pain, tolerance, trainer, physical therapist, niches, funny & sarcastic, funny shirt, typography, minimalist, aesthetic, gift idea, trendy, statement tee",produits/niches/pt_pain_tolerance_en__dark.png,produits/niches/pt_pain_tolerance_en__light.png
pun_bier_wort_de,niches,humor,Funny & Sarcastic,wordplay_de,de,Bier ist das wichtigste Wort | Funny & Sarcastic (German) Design,"funny saying, sarcastic, sarcasm, humor, meme shirt, funny quote, introvert humor, bier, wichtigste, wort, wordplay de, niches, funny & sarcastic, funny shirt, typography, minimalist, aesthetic, gift idea, trendy, statement tee",produits/niches/pun_bier_wort_de__dark.png,produits/niches/pun_bier_wort_de__light.png
pun_biere_peur_fr,niches,humor,Funny & Sarcastic,wordplay_fr,fr,Sans bière c'est sans pitié | Funny & Sarcastic (French) Design,"funny saying, sarcastic, sarcasm, humor, meme shirt, funny quote, introvert humor, sans, bière, c'est, pitié, wordplay fr, niches, funny & sarcastic, funny shirt, typography, minimalist, aesthetic, gift idea, trendy, statement tee",produits/niches/pun_biere_peur_fr__dark.png,produits/niches/pun_biere_peur_fr__light.png
pun_butter_en,niches,humor,Funny & Sarcastic,wordplay_en,en,I'm on a Roll (Butter Side Up) | Funny & Sarcastic (English) Design,"funny saying, sarcastic, sarcasm, humor, meme shirt, funny quote, introvert humor, roll, butter, side, wordplay en, niches, funny & sarcastic, funny shirt, typography, minimalist, aesthetic, gift idea, trendy, statement tee",produits/niches/pun_butter_en__dark.png,produits/niches/pun_butter_en__light.png
pun_espresso_en,niches,humor,Funny & Sarcastic,wordplay_en,en,I've Bean Thinking About Coffee | Funny & Sarcastic (English) Design,"funny saying, sarcastic, sarcasm, humor, meme shirt, funny quote, introvert humor, i've, bean, thinking, about, coffee, wordplay en, niches, funny & sarcastic, funny shirt, typography, minimalist, aesthetic, gift idea, trendy, statement tee",produits/niches/pun_espresso_en__dark.png,produits/niches/pun_espresso_en__light.png
pun_kale_en,niches,humor,Funny & Sarcastic,wordplay_en,en,Kale Yeah I'm Healthy | Funny & Sarcastic (English) Design,"funny saying, sarcastic, sarcasm, humor, meme shirt, funny quote, introvert humor, kale, yeah, healthy, wordplay en, niches, funny & sarcastic, funny shirt, typography, minimalist, aesthetic, gift idea, trendy, statement tee",produits/niches/pun_kale_en__dark.png,produits/niches/pun_kale_en__light.png
pun_knot_en,niches,humor,Funny & Sarcastic,wordplay_en,en,Knot My Problem I'm Crocheting | Funny & Sarcastic (English) Design,"funny saying, sarcastic, sarcasm, humor, meme shirt, funny quote, introvert humor, knot, problem, crocheting, wordplay en, niches, funny & sarcastic, funny shirt, typography, minimalist, aesthetic, gift idea, trendy, statement tee",produits/niches/pun_knot_en__dark.png,produits/niches/pun_knot_en__light.png
pun_pain_fr,niches,humor,Funny & Sarcastic,wordplay_fr,fr,Sans pain sans gain | Funny & Sarcastic (French) Design,"funny saying, sarcastic, sarcasm, humor, meme shirt, funny quote, introvert humor, sans, pain, gain, wordplay fr, niches, funny & sarcastic, funny shirt, typography, minimalist, aesthetic, gift idea, trendy, statement tee",produits/niches/pun_pain_fr__dark.png,produits/niches/pun_pain_fr__light.png
pun_reel_en,niches,humor,Funny & Sarcastic,wordplay_en,en,I'm Hooked (It's the Fishing) | Funny & Sarcastic (English) Design,"funny saying, sarcastic, sarcasm, humor, meme shirt, funny quote, introvert humor, hooked, it's, fishing, wordplay en, niches, funny & sarcastic, funny shirt, typography, minimalist, aesthetic, gift idea, trendy, statement tee",produits/niches/pun_reel_en__dark.png,produits/niches/pun_reel_en__light.png
pun_soleil_fr,niches,humor,Funny & Sarcastic,wordplay_fr,fr,Après la pluie le bon vin | Funny & Sarcastic (French) Design,"funny saying, sarcastic, sarcasm, humor, meme shirt, funny quote, introvert humor, après, pluie, wordplay fr, niches, funny & sarcastic, funny shirt, typography, minimalist, aesthetic, gift idea, trendy, statement tee",produits/niches/pun_soleil_fr__dark.png,produits/niches/pun_soleil_fr__light.png
pun_vin_vingt_fr,niches,humor,Funny & Sarcastic,wordplay_fr,fr,J'ai vingt problèmes et le vin en règle vingt | Funny & Sarcastic (French) Design,"funny saying, sarcastic, sarcasm, humor, meme shirt, funny quote, introvert humor, j'ai, vingt, problèmes, règle, wordplay fr, niches, funny & sarcastic, funny shirt, typography, minimalist, aesthetic, gift idea, trendy, statement tee",produits/niches/pun_vin_vingt_fr__dark.png,produits/niches/pun_vin_vingt_fr__light.png
pun_vino_es,niches,humor,Funny & Sarcastic,wordplay_es,es,El vino tiene la respuesta Cual era la pregunta? | Funny & Sarcastic (Spanish) Design,"funny saying, sarcastic, sarcasm, humor, meme shirt, funny quote, introvert humor, vino, tiene, respuesta, cual, pregunta, wordplay es, niches, funny & sarcastic, funny shirt, typography, minimalist, aesthetic, gift idea, trendy, statement tee",produits/niches/pun_vino_es__dark.png,produits/niches/pun_vino_es__light.png
pun_vino_it,niches,humor,Funny & Sarcastic,wordplay_it,it,In vino veritas In acqua basta | Funny & Sarcastic (Italian) Design,"funny saying, sarcastic, sarcasm, humor, meme shirt, funny quote, introvert humor, vino, veritas, acqua, basta, wordplay it, niches, funny & sarcastic, funny shirt, typography, minimalist, aesthetic, gift idea, trendy, statement tee",produits/niches/pun_vino_it__dark.png,produits/niches/pun_vino_it__light.png
pun_wine_time_en,niches,humor,Funny & Sarcastic,wordplay_en,en,Wine Time Is Fine Time | Funny & Sarcastic (English) Design,"funny saying, sarcastic, sarcasm, humor, meme shirt, funny quote, introvert humor, wine, time, fine, wordplay en, niches, funny & sarcastic, funny shirt, typography, minimalist, aesthetic, gift idea, trendy, statement tee",produits/niches/pun_wine_time_en__dark.png,produits/niches/pun_wine_time_en__light.png
re_always_open_en,niches,humor,Funny & Sarcastic,real_estate,en,Real Estate Agent Always Open | Funny & Sarcastic (English) Design,"funny saying, sarcastic, sarcasm, humor, meme shirt, funny quote, introvert humor, real, estate, agent, always, open, real estate, niches, funny & sarcastic, funny shirt, typography, minimalist, aesthetic, gift idea, trendy, statement tee",produits/niches/re_always_open_en__dark.png,produits/niches/re_always_open_en__light.png
re_dreams_en,niches,humor,Funny & Sarcastic,real_estate,en,I Don't Sell Homes I Sell Dreams | Funny & Sarcastic (English) Design,"funny saying, sarcastic, sarcasm, humor, meme shirt, funny quote, introvert humor, don't, sell, homes, dreams, real estate, niches, funny & sarcastic, funny shirt, typography, minimalist, aesthetic, gift idea, trendy, statement tee",produits/niches/re_dreams_en__dark.png,produits/niches/re_dreams_en__light.png
re_sanity_en,niches,humor,Funny & Sarcastic,real_estate,en,For Sale: My Sanity | Funny & Sarcastic (English) Design,"funny saying, sarcastic, sarcasm, humor, meme shirt, funny quote, introvert humor, sale, sanity, real estate, niches, funny & sarcastic, funny shirt, typography, minimalist, aesthetic, gift idea, trendy, statement tee",produits/niches/re_sanity_en__dark.png,produits/niches/re_sanity_en__light.png
reef_alk_crash_en,niches,humor,Funny & Sarcastic,reef_tank,en,Alk Crashed at 3am Classic Tuesday | Funny & Sarcastic (English) Design,"funny saying, sarcastic, sarcasm, humor, meme shirt, funny quote, introvert humor, crashed, classic, tuesday, reef tank, niches, funny & sarcastic, funny shirt, typography, minimalist, aesthetic, gift idea, trendy, statement tee",produits/niches/reef_alk_crash_en__dark.png,produits/niches/reef_alk_crash_en__light.png
reef_big3_en,niches,humor,Funny & Sarcastic,reef_tank,en,Alk. Calc. Mag. The Holy Trinity | Funny & Sarcastic (English) Design,"funny saying, sarcastic, sarcasm, humor, meme shirt, funny quote, introvert humor, calc, holy, trinity, reef tank, niches, funny & sarcastic, funny shirt, typography, minimalist, aesthetic, gift idea, trendy, statement tee",produits/niches/reef_big3_en__dark.png,produits/niches/reef_big3_en__light.png
reef_frag_en,niches,humor,Funny & Sarcastic,reef_tank,en,I Frag My Corals They're Fine with It | Funny & Sarcastic (English) Design,"funny saying, sarcastic, sarcasm, humor, meme shirt, funny quote, introvert humor, frag, corals, they're, fine, reef tank, niches, funny & sarcastic, funny shirt, typography, minimalist, aesthetic, gift idea, trendy, statement tee",produits/niches/reef_frag_en__dark.png,produits/niches/reef_frag_en__light.png
reef_rodi_en,niches,humor,Funny & Sarcastic,reef_tank,en,RODI or the Tank Dies. Simple. | Funny & Sarcastic (English) Design,"funny saying, sarcastic, sarcasm, humor, meme shirt, funny quote, introvert humor, rodi, tank, dies, simple, reef tank, niches, funny & sarcastic, funny shirt, typography, minimalist, aesthetic, gift idea, trendy, statement tee",produits/niches/reef_rodi_en__dark.png,produits/niches/reef_rodi_en__light.png
reef_skimmer_en,niches,humor,Funny & Sarcastic,reef_tank,en,Skimmer Overflowed Life Is Pain | Funny & Sarcastic (English) Design,"funny saying, sarcastic, sarcasm, humor, meme shirt, funny quote, introvert humor, skimmer, overflowed, life, pain, reef tank, niches, funny & sarcastic, funny shirt, typography, minimalist, aesthetic, gift idea, trendy, statement tee",produits/niches/reef_skimmer_en__dark.png,produits/niches/reef_skimmer_en__light.png
reef_softies_en,niches,humor,Funny & Sarcastic,reef_tank,en,"SPS, LPS, Softies I Speak All Three | Funny & Sarcastic (English) Design","funny saying, sarcastic, sarcasm, humor, meme shirt, funny quote, introvert humor, softies, speak, three, reef tank, niches, funny & sarcastic, funny shirt, typography, minimalist, aesthetic, gift idea, trendy, statement tee",produits/niches/reef_softies_en__dark.png,produits/niches/reef_softies_en__light.png
reef_sps_flow_en,niches,humor,Funny & Sarcastic,reef_tank,en,My SPS Needs More Flow Than I Do | Funny & Sarcastic (English) Design,"funny saying, sarcastic, sarcasm, humor, meme shirt, funny quote, introvert humor, needs, more, flow, than, reef tank, niches, funny & sarcastic, funny shirt, typography, minimalist, aesthetic, gift idea, trendy, statement tee",produits/niches/reef_sps_flow_en__dark.png,produits/niches/reef_sps_flow_en__light.png
retro_insert_coffee_en,niches,humor,Funny & Sarcastic,retro_gaming,en,Game Over? Insert Coffee | Funny & Sarcastic (English) Design,"funny saying, sarcastic, sarcasm, humor, meme shirt, funny quote, introvert humor, game, over, insert, coffee, retro gaming, niches, funny & sarcastic, funny shirt, typography, minimalist, aesthetic, gift idea, trendy, statement tee",produits/niches/retro_insert_coffee_en__dark.png,produits/niches/retro_insert_coffee_en__light.png
retro_modern_problems_en,niches,humor,Funny & Sarcastic,retro_gaming,en,Retro Gamer Modern Problems | Funny & Sarcastic (English) Design,"funny saying, sarcastic, sarcasm, humor, meme shirt, funny quote, introvert humor, retro, gamer, modern, problems, retro gaming, niches, funny & sarcastic, funny shirt, typography, minimalist, aesthetic, gift idea, trendy, statement tee",produits/niches/retro_modern_problems_en__dark.png,produits/niches/retro_modern_problems_en__light.png
retro_press_start_en,niches,humor,Funny & Sarcastic,retro_gaming,en,Press Start to Adult | Funny & Sarcastic (English) Design,"funny saying, sarcastic, sarcasm, humor, meme shirt, funny quote, introvert humor, press, start, adult, retro gaming, niches, funny & sarcastic, funny shirt, typography, minimalist, aesthetic, gift idea, trendy, statement tee",produits/niches/retro_press_start_en__dark.png,produits/niches/retro_press_start_en__light.png
retro_save_point_en,niches,humor,Funny & Sarcastic,retro_gaming,en,Saved by the Save Point | Funny & Sarcastic (English) Design,"funny saying, sarcastic, sarcasm, humor, meme shirt, funny quote, introvert humor, saved, save, point, retro gaming, niches, funny & sarcastic, funny shirt, typography, minimalist, aesthetic, gift idea, trendy, statement tee",produits/niches/retro_save_point_en__dark.png,produits/niches/retro_save_point_en__light.png
run_26_2_en,niches,humor,Funny & Sarcastic,running,en,13.1 Halfway There | Funny & Sarcastic (English) Design,"funny saying, sarcastic, sarcasm, humor, meme shirt, funny quote, introvert humor, halfway, there, running, niches, funny & sarcastic, funny shirt, typography, minimalist, aesthetic, gift idea, trendy, statement tee",produits/niches/run_26_2_en__dark.png,produits/niches/run_26_2_en__light.png
run_5k_before_en,niches,humor,Funny & Sarcastic,running,en,5K Before Your 5K | Funny & Sarcastic (English) Design,"funny saying, sarcastic, sarcasm, humor, meme shirt, funny quote, introvert humor, before, running, niches, funny & sarcastic, funny shirt, typography, minimalist, aesthetic, gift idea, trendy, statement tee",produits/niches/run_5k_before_en__dark.png,produits/niches/run_5k_before_en__light.png
run_cardio_en,niches,humor,Funny & Sarcastic,running,en,Running Late Is My Cardio | Funny & Sarcastic (English) Design,"funny saying, sarcastic, sarcasm, humor, meme shirt, funny quote, introvert humor, running, late, cardio, niches, funny & sarcastic, funny shirt, typography, minimalist, aesthetic, gift idea, trendy, statement tee",produits/niches/run_cardio_en__dark.png,produits/niches/run_cardio_en__light.png
run_faster_en,niches,humor,Funny & Sarcastic,running,en,I Run Faster Than My Problems | Funny & Sarcastic (English) Design,"funny saying, sarcastic, sarcasm, humor, meme shirt, funny quote, introvert humor, faster, than, problems, running, niches, funny & sarcastic, funny shirt, typography, minimalist, aesthetic, gift idea, trendy, statement tee",produits/niches/run_faster_en__dark.png,produits/niches/run_faster_en__light.png
sail_email_less_en,niches,humor,Funny & Sarcastic,sailing,en,Sail More Email Less | Funny & Sarcastic (English) Design,"funny saying, sarcastic, sarcasm, humor, meme shirt, funny quote, introvert humor, sail, more, email, less, sailing, niches, funny & sarcastic, funny shirt, typography, minimalist, aesthetic, gift idea, trendy, statement tee",produits/niches/sail_email_less_en__dark.png,produits/niches/sail_email_less_en__light.png
sail_prevails_en,niches,humor,Funny & Sarcastic,sailing,en,She Who Sails Prevails | Funny & Sarcastic (English) Design,"funny saying, sarcastic, sarcasm, humor, meme shirt, funny quote, introvert humor, sails, prevails, sailing, niches, funny & sarcastic, funny shirt, typography, minimalist, aesthetic, gift idea, trendy, statement tee",produits/niches/sail_prevails_en__dark.png,produits/niches/sail_prevails_en__light.png
sail_wind_en,niches,humor,Funny & Sarcastic,sailing,en,Wind in My Sails | Funny & Sarcastic (English) Design,"funny saying, sarcastic, sarcasm, humor, meme shirt, funny quote, introvert humor, wind, sails, sailing, niches, funny & sarcastic, funny shirt, typography, minimalist, aesthetic, gift idea, trendy, statement tee",produits/niches/sail_wind_en__dark.png,produits/niches/sail_wind_en__light.png
scuba_rather_underwater_en,niches,humor,Funny & Sarcastic,scuba,en,I'd Rather Be Underwater | Funny & Sarcastic (English) Design,"funny saying, sarcastic, sarcasm, humor, meme shirt, funny quote, introvert humor, rather, underwater, scuba, niches, funny & sarcastic, funny shirt, typography, minimalist, aesthetic, gift idea, trendy, statement tee",produits/niches/scuba_rather_underwater_en__dark.png,produits/niches/scuba_rather_underwater_en__light.png
scuba_repeat_en,niches,humor,Funny & Sarcastic,scuba,en,Eat. Sleep. Dive. Repeat. | Funny & Sarcastic (English) Design,"funny saying, sarcastic, sarcasm, humor, meme shirt, funny quote, introvert humor, sleep, dive, repeat, scuba, niches, funny & sarcastic, funny shirt, typography, minimalist, aesthetic, gift idea, trendy, statement tee",produits/niches/scuba_repeat_en__dark.png,produits/niches/scuba_repeat_en__light.png
sd_75_hydration_en,niches,humor,Funny & Sarcastic,sourdough,en,75% Hydration Was Hubris | Funny & Sarcastic (English) Design,"funny saying, sarcastic, sarcasm, humor, meme shirt, funny quote, introvert humor, hydration, hubris, sourdough, niches, funny & sarcastic, funny shirt, typography, minimalist, aesthetic, gift idea, trendy, statement tee",produits/niches/sd_75_hydration_en__dark.png,produits/niches/sd_75_hydration_en__light.png
sd_alveolage_fr,niches,humor,Funny & Sarcastic,sourdough,fr,L'Alvéolage N'est Jamais Assez Ouvert | Funny & Sarcastic (French) Design,"funny saying, sarcastic, sarcasm, humor, meme shirt, funny quote, introvert humor, l'alvéolage, n'est, jamais, assez, ouvert, sourdough, niches, funny & sarcastic, funny shirt, typography, minimalist, aesthetic, gift idea, trendy, statement tee",produits/niches/sd_alveolage_fr__dark.png,produits/niches/sd_alveolage_fr__light.png
sd_bulk_one_more_hour_en,niches,humor,Funny & Sarcastic,sourdough,en,Bulk Ferment: Just One More Hour | Funny & Sarcastic (English) Design,"funny saying, sarcastic, sarcasm, humor, meme shirt, funny quote, introvert humor, bulk, ferment, more, hour, sourdough, niches, funny & sarcastic, funny shirt, typography, minimalist, aesthetic, gift idea, trendy, statement tee",produits/niches/sd_bulk_one_more_hour_en__dark.png,produits/niches/sd_bulk_one_more_hour_en__light.png
sd_discard_better_life_en,niches,humor,Funny & Sarcastic,sourdough,en,My Discard Has a Better Life Than Me | Funny & Sarcastic (English) Design,"funny saying, sarcastic, sarcasm, humor, meme shirt, funny quote, introvert humor, discard, better, life, than, sourdough, niches, funny & sarcastic, funny shirt, typography, minimalist, aesthetic, gift idea, trendy, statement tee",produits/niches/sd_discard_better_life_en__dark.png,produits/niches/sd_discard_better_life_en__light.png
sd_fed_starter_first_en,niches,humor,Funny & Sarcastic,sourdough,en,Fed My Starter Before Myself. Again. | Funny & Sarcastic (English) Design,"funny saying, sarcastic, sarcasm, humor, meme shirt, funny quote, introvert humor, starter, before, myself, again, sourdough, niches, funny & sarcastic, funny shirt, typography, minimalist, aesthetic, gift idea, trendy, statement tee",produits/niches/sd_fed_starter_first_en__dark.png,produits/niches/sd_fed_starter_first_en__light.png
sd_levain_prenom_fr,niches,humor,Funny & Sarcastic,sourdough,fr,Mon Levain Se Prénomme Jean-Pierre | Funny & Sarcastic (French) Design,"funny saying, sarcastic, sarcasm, humor, meme shirt, funny quote, introvert humor, levain, prénomme, jean, pierre, sourdough, niches, funny & sarcastic, funny shirt, typography, minimalist, aesthetic, gift idea, trendy, statement tee",produits/niches/sd_levain_prenom_fr__dark.png,produits/niches/sd_levain_prenom_fr__light.png
sd_open_crumb_en,niches,humor,Funny & Sarcastic,sourdough,en,Open Crumb or Start Over | Funny & Sarcastic (English) Design,"funny saying, sarcastic, sarcasm, humor, meme shirt, funny quote, introvert humor, open, crumb, start, over, sourdough, niches, funny & sarcastic, funny shirt, typography, minimalist, aesthetic, gift idea, trendy, statement tee",produits/niches/sd_open_crumb_en__dark.png,produits/niches/sd_open_crumb_en__light.png
sew_life_short_en,niches,humor,Funny & Sarcastic,sewing,en,Life Is Too Short for Bad Fabric | Funny & Sarcastic (English) Design,"funny saying, sarcastic, sarcasm, humor, meme shirt, funny quote, introvert humor, life, short, fabric, sewing, niches, funny & sarcastic, funny shirt, typography, minimalist, aesthetic, gift idea, trendy, statement tee",produits/niches/sew_life_short_en__dark.png,produits/niches/sew_life_short_en__light.png
sew_quilt_en,niches,humor,Funny & Sarcastic,sewing,en,Quilts Are Just Fabric Hugs | Funny & Sarcastic (English) Design,"funny saying, sarcastic, sarcasm, humor, meme shirt, funny quote, introvert humor, quilts, fabric, hugs, sewing, niches, funny & sarcastic, funny shirt, typography, minimalist, aesthetic, gift idea, trendy, statement tee",produits/niches/sew_quilt_en__dark.png,produits/niches/sew_quilt_en__light.png
sew_seam_stress_en,niches,humor,Funny & Sarcastic,sewing,en,Seam Stress | Funny & Sarcastic (English) Design,"funny saying, sarcastic, sarcasm, humor, meme shirt, funny quote, introvert humor, seam, stress, sewing, niches, funny & sarcastic, funny shirt, typography, minimalist, aesthetic, gift idea, trendy, statement tee",produits/niches/sew_seam_stress_en__dark.png,produits/niches/sew_seam_stress_en__light.png
sew_stitch_witch_en,niches,humor,Funny & Sarcastic,sewing,en,Stitch Witch | Funny & Sarcastic (English) Design,"funny saying, sarcastic, sarcasm, humor, meme shirt, funny quote, introvert humor, stitch, witch, sewing, niches, funny & sarcastic, funny shirt, typography, minimalist, aesthetic, gift idea, trendy, statement tee",produits/niches/sew_stitch_witch_en__dark.png,produits/niches/sew_stitch_witch_en__light.png
ski_born_forced_en,niches,humor,Funny & Sarcastic,skiing,en,Born to Ski Forced to Work | Funny & Sarcastic (English) Design,"funny saying, sarcastic, sarcasm, humor, meme shirt, funny quote, introvert humor, born, forced, work, skiing, niches, funny & sarcastic, funny shirt, typography, minimalist, aesthetic, gift idea, trendy, statement tee",produits/niches/ski_born_forced_en__dark.png,produits/niches/ski_born_forced_en__light.png
ski_bum_en,niches,humor,Funny & Sarcastic,skiing,en,Ski Bum & Proud | Funny & Sarcastic (English) Design,"funny saying, sarcastic, sarcasm, humor, meme shirt, funny quote, introvert humor, proud, skiing, niches, funny & sarcastic, funny shirt, typography, minimalist, aesthetic, gift idea, trendy, statement tee",produits/niches/ski_bum_en__dark.png,produits/niches/ski_bum_en__light.png
ski_fresh_powder_en,niches,humor,Funny & Sarcastic,skiing,en,Fresh Powder Fresh Mindset | Funny & Sarcastic (English) Design,"funny saying, sarcastic, sarcasm, humor, meme shirt, funny quote, introvert humor, fresh, powder, mindset, skiing, niches, funny & sarcastic, funny shirt, typography, minimalist, aesthetic, gift idea, trendy, statement tee",produits/niches/ski_fresh_powder_en__dark.png,produits/niches/ski_fresh_powder_en__light.png
ski_slopes_en,niches,humor,Funny & Sarcastic,skiing,en,Life Is Better on the Slopes | Funny & Sarcastic (English) Design,"funny saying, sarcastic, sarcasm, humor, meme shirt, funny quote, introvert humor, life, better, slopes, skiing, niches, funny & sarcastic, funny shirt, typography, minimalist, aesthetic, gift idea, trendy, statement tee",produits/niches/ski_slopes_en__dark.png,produits/niches/ski_slopes_en__light.png
slp_find_words_en,niches,humor,Funny & Sarcastic,speech_therapist,en,I Help People Find Their Words | Funny & Sarcastic (English) Design,"funny saying, sarcastic, sarcasm, humor, meme shirt, funny quote, introvert humor, help, people, find, their, words, speech therapist, niches, funny & sarcastic, funny shirt, typography, minimalist, aesthetic, gift idea, trendy, statement tee",produits/niches/slp_find_words_en__dark.png,produits/niches/slp_find_words_en__light.png
slp_proud_en,niches,humor,Funny & Sarcastic,speech_therapist,en,SLP & Proud | Funny & Sarcastic (English) Design,"funny saying, sarcastic, sarcasm, humor, meme shirt, funny quote, introvert humor, proud, speech therapist, niches, funny & sarcastic, funny shirt, typography, minimalist, aesthetic, gift idea, trendy, statement tee",produits/niches/slp_proud_en__dark.png,produits/niches/slp_proud_en__light.png
slp_say_clearly_en,niches,humor,Funny & Sarcastic,speech_therapist,en,Keep Calm & Say It Clearly | Funny & Sarcastic (English) Design,"funny saying, sarcastic, sarcasm, humor, meme shirt, funny quote, introvert humor, keep, calm, clearly, speech therapist, niches, funny & sarcastic, funny shirt, typography, minimalist, aesthetic, gift idea, trendy, statement tee",produits/niches/slp_say_clearly_en__dark.png,produits/niches/slp_say_clearly_en__light.png
slp_word_nerd_en,niches,humor,Funny & Sarcastic,speech_therapist,en,Speech Therapist Word Nerd | Funny & Sarcastic (English) Design,"funny saying, sarcastic, sarcasm, humor, meme shirt, funny quote, introvert humor, speech, therapist, word, nerd, speech therapist, niches, funny & sarcastic, funny shirt, typography, minimalist, aesthetic, gift idea, trendy, statement tee",produits/niches/slp_word_nerd_en__dark.png,produits/niches/slp_word_nerd_en__light.png
snow_powder_en,niches,humor,Funny & Sarcastic,snowboarding,en,Powder Seeker | Funny & Sarcastic (English) Design,"funny saying, sarcastic, sarcasm, humor, meme shirt, funny quote, introvert humor, powder, seeker, snowboarding, niches, funny & sarcastic, funny shirt, typography, minimalist, aesthetic, gift idea, trendy, statement tee",produits/niches/snow_powder_en__dark.png,produits/niches/snow_powder_en__light.png
snow_shred_en,niches,humor,Funny & Sarcastic,snowboarding,en,Shred the Gnar | Funny & Sarcastic (English) Design,"funny saying, sarcastic, sarcasm, humor, meme shirt, funny quote, introvert humor, shred, gnar, snowboarding, niches, funny & sarcastic, funny shirt, typography, minimalist, aesthetic, gift idea, trendy, statement tee",produits/niches/snow_shred_en__dark.png,produits/niches/snow_shred_en__light.png
snow_sideways_en,niches,humor,Funny & Sarcastic,snowboarding,en,Born Sideways | Funny & Sarcastic (English) Design,"funny saying, sarcastic, sarcasm, humor, meme shirt, funny quote, introvert humor, born, sideways, snowboarding, niches, funny & sarcastic, funny shirt, typography, minimalist, aesthetic, gift idea, trendy, statement tee",produits/niches/snow_sideways_en__dark.png,produits/niches/snow_sideways_en__light.png
succ_crazy_plant_lady_en,niches,humor,Funny & Sarcastic,succulents,en,Crazy Succulent Lady | Funny & Sarcastic (English) Design,"funny saying, sarcastic, sarcasm, humor, meme shirt, funny quote, introvert humor, crazy, succulent, lady, succulents, niches, funny & sarcastic, funny shirt, typography, minimalist, aesthetic, gift idea, trendy, statement tee",produits/niches/succ_crazy_plant_lady_en__dark.png,produits/niches/succ_crazy_plant_lady_en__light.png
succ_looking_sharp_en,niches,humor,Funny & Sarcastic,succulents,en,Looking Sharp | Funny & Sarcastic (English) Design,"funny saying, sarcastic, sarcasm, humor, meme shirt, funny quote, introvert humor, looking, sharp, succulents, niches, funny & sarcastic, funny shirt, typography, minimalist, aesthetic, gift idea, trendy, statement tee",produits/niches/succ_looking_sharp_en__dark.png,produits/niches/succ_looking_sharp_en__light.png
succ_no_water_en,niches,humor,Funny & Sarcastic,succulents,en,I Forget to Water Myself Too | Funny & Sarcastic (English) Design,"funny saying, sarcastic, sarcasm, humor, meme shirt, funny quote, introvert humor, forget, water, myself, succulents, niches, funny & sarcastic, funny shirt, typography, minimalist, aesthetic, gift idea, trendy, statement tee",produits/niches/succ_no_water_en__dark.png,produits/niches/succ_no_water_en__light.png
succ_prick_en,niches,humor,Funny & Sarcastic,succulents,en,A Little Prickly | Funny & Sarcastic (English) Design,"funny saying, sarcastic, sarcasm, humor, meme shirt, funny quote, introvert humor, little, prickly, succulents, niches, funny & sarcastic, funny shirt, typography, minimalist, aesthetic, gift idea, trendy, statement tee",produits/niches/succ_prick_en__dark.png,produits/niches/succ_prick_en__light.png
surf_hair_dont_care_en,niches,humor,Funny & Sarcastic,surfing,en,Surf Hair Don't Care | Funny & Sarcastic (English) Design,"funny saying, sarcastic, sarcasm, humor, meme shirt, funny quote, introvert humor, surf, hair, don't, care, surfing, niches, funny & sarcastic, funny shirt, typography, minimalist, aesthetic, gift idea, trendy, statement tee",produits/niches/surf_hair_dont_care_en__dark.png,produits/niches/surf_hair_dont_care_en__light.png
surf_sea_you_en,niches,humor,Funny & Sarcastic,surfing,en,Sea You Out There | Funny & Sarcastic (English) Design,"funny saying, sarcastic, sarcasm, humor, meme shirt, funny quote, introvert humor, there, surfing, niches, funny & sarcastic, funny shirt, typography, minimalist, aesthetic, gift idea, trendy, statement tee",produits/niches/surf_sea_you_en__dark.png,produits/niches/surf_sea_you_en__light.png
swim_chlorine_en,niches,humor,Funny & Sarcastic,swimming,en,Chlorine Is My Perfume | Funny & Sarcastic (English) Design,"funny saying, sarcastic, sarcasm, humor, meme shirt, funny quote, introvert humor, chlorine, perfume, swimming, niches, funny & sarcastic, funny shirt, typography, minimalist, aesthetic, gift idea, trendy, statement tee",produits/niches/swim_chlorine_en__dark.png,produits/niches/swim_chlorine_en__light.png
swim_faster_en,niches,humor,Funny & Sarcastic,swimming,en,Swim Faster Than Yesterday | Funny & Sarcastic (English) Design,"funny saying, sarcastic, sarcasm, humor, meme shirt, funny quote, introvert humor, swim, faster, than, yesterday, swimming, niches, funny & sarcastic, funny shirt, typography, minimalist, aesthetic, gift idea, trendy, statement tee",produits/niches/swim_faster_en__dark.png,produits/niches/swim_faster_en__light.png
tatt_draw_people_en,niches,humor,Funny & Sarcastic,tattoo_artists,en,I Draw on People for a Living | Funny & Sarcastic (English) Design,"funny saying, sarcastic, sarcasm, humor, meme shirt, funny quote, introvert humor, draw, people, living, tattoo artists, niches, funny & sarcastic, funny shirt, typography, minimalist, aesthetic, gift idea, trendy, statement tee",produits/niches/tatt_draw_people_en__dark.png,produits/niches/tatt_draw_people_en__light.png
tatt_ink_soul_en,niches,humor,Funny & Sarcastic,tattoo_artists,en,Ink & Soul | Funny & Sarcastic (English) Design,"funny saying, sarcastic, sarcasm, humor, meme shirt, funny quote, introvert humor, soul, tattoo artists, niches, funny & sarcastic, funny shirt, typography, minimalist, aesthetic, gift idea, trendy, statement tee",produits/niches/tatt_ink_soul_en__dark.png,produits/niches/tatt_ink_soul_en__light.png
tatt_permanent_en,niches,humor,Funny & Sarcastic,tattoo_artists,en,Making Things Permanent Since Ever | Funny & Sarcastic (English) Design,"funny saying, sarcastic, sarcasm, humor, meme shirt, funny quote, introvert humor, making, things, permanent, since, ever, tattoo artists, niches, funny & sarcastic, funny shirt, typography, minimalist, aesthetic, gift idea, trendy, statement tee",produits/niches/tatt_permanent_en__dark.png,produits/niches/tatt_permanent_en__light.png
tatt_story_en,niches,humor,Funny & Sarcastic,tattoo_artists,en,Wear Your Story | Funny & Sarcastic (English) Design,"funny saying, sarcastic, sarcasm, humor, meme shirt, funny quote, introvert humor, wear, story, tattoo artists, niches, funny & sarcastic, funny shirt, typography, minimalist, aesthetic, gift idea, trendy, statement tee",produits/niches/tatt_story_en__dark.png,produits/niches/tatt_story_en__light.png
tc_bodies_en,niches,humor,Funny & Sarcastic,true_crime,en,I Know Where the Bodies Are Hidden | Funny & Sarcastic (English) Design,"funny saying, sarcastic, sarcasm, humor, meme shirt, funny quote, introvert humor, know, where, bodies, hidden, true crime, niches, funny & sarcastic, funny shirt, typography, minimalist, aesthetic, gift idea, trendy, statement tee",produits/niches/tc_bodies_en__dark.png,produits/niches/tc_bodies_en__light.png
tc_cereal_en,niches,humor,Funny & Sarcastic,true_crime,en,Murder Podcasts & Cereal | Funny & Sarcastic (English) Design,"funny saying, sarcastic, sarcasm, humor, meme shirt, funny quote, introvert humor, murder, podcasts, cereal, true crime, niches, funny & sarcastic, funny shirt, typography, minimalist, aesthetic, gift idea, trendy, statement tee",produits/niches/tc_cereal_en__dark.png,produits/niches/tc_cereal_en__light.png
tc_junkie_en,niches,humor,Funny & Sarcastic,true_crime,en,True Crime Junkie | Funny & Sarcastic (English) Design,"funny saying, sarcastic, sarcasm, humor, meme shirt, funny quote, introvert humor, true, crime, junkie, true crime, niches, funny & sarcastic, funny shirt, typography, minimalist, aesthetic, gift idea, trendy, statement tee",produits/niches/tc_junkie_en__dark.png,produits/niches/tc_junkie_en__light.png
teacher_coffee_chaos_en,niches,humor,Funny & Sarcastic,teachers,en,Teacher: Fueled by Coffee & Chaos | Funny & Sarcastic (English) Design,"funny saying, sarcastic, sarcasm, humor, meme shirt, funny quote, introvert humor, teacher, fueled, coffee, chaos, teachers, niches, funny & sarcastic, funny shirt, typography, minimalist, aesthetic, gift idea, trendy, statement tee",produits/niches/teacher_coffee_chaos_en__dark.png,produits/niches/teacher_coffee_chaos_en__light.png
teacher_my_jam_en,niches,humor,Funny & Sarcastic,teachers,en,Teaching Is My Jam | Funny & Sarcastic (English) Design,"funny saying, sarcastic, sarcasm, humor, meme shirt, funny quote, introvert humor, teaching, teachers, niches, funny & sarcastic, funny shirt, typography, minimalist, aesthetic, gift idea, trendy, statement tee",produits/niches/teacher_my_jam_en__dark.png,produits/niches/teacher_my_jam_en__light.png
teacher_sorry_late_en,niches,humor,Funny & Sarcastic,teachers,en,Sorry I'm Late I'm a Teacher | Funny & Sarcastic (English) Design,"funny saying, sarcastic, sarcasm, humor, meme shirt, funny quote, introvert humor, sorry, late, teacher, teachers, niches, funny & sarcastic, funny shirt, typography, minimalist, aesthetic, gift idea, trendy, statement tee",produits/niches/teacher_sorry_late_en__dark.png,produits/niches/teacher_sorry_late_en__light.png
teacher_superpower_en,niches,humor,Funny & Sarcastic,teachers,en,I Teach What's Your Superpower? | Funny & Sarcastic (English) Design,"funny saying, sarcastic, sarcasm, humor, meme shirt, funny quote, introvert humor, teach, what's, superpower, teachers, niches, funny & sarcastic, funny shirt, typography, minimalist, aesthetic, gift idea, trendy, statement tee",produits/niches/teacher_superpower_en__dark.png,produits/niches/teacher_superpower_en__light.png
tennis_deuce_en,niches,humor,Funny & Sarcastic,tennis,en,Deuce Me Up | Funny & Sarcastic (English) Design,"funny saying, sarcastic, sarcasm, humor, meme shirt, funny quote, introvert humor, deuce, tennis, niches, funny & sarcastic, funny shirt, typography, minimalist, aesthetic, gift idea, trendy, statement tee",produits/niches/tennis_deuce_en__dark.png,produits/niches/tennis_deuce_en__light.png
tennis_game_set_nap_en,niches,humor,Funny & Sarcastic,tennis,en,Game. Set. Match. Nap. | Funny & Sarcastic (English) Design,"funny saying, sarcastic, sarcasm, humor, meme shirt, funny quote, introvert humor, game, match, tennis, niches, funny & sarcastic, funny shirt, typography, minimalist, aesthetic, gift idea, trendy, statement tee",produits/niches/tennis_game_set_nap_en__dark.png,produits/niches/tennis_game_set_nap_en__light.png
tennis_mom_en,niches,humor,Funny & Sarcastic,tennis,en,Tennis Mom & Proud | Funny & Sarcastic (English) Design,"funny saying, sarcastic, sarcasm, humor, meme shirt, funny quote, introvert humor, tennis, proud, niches, funny & sarcastic, funny shirt, typography, minimalist, aesthetic, gift idea, trendy, statement tee",produits/niches/tennis_mom_en__dark.png,produits/niches/tennis_mom_en__light.png
thrift_born_en,niches,humor,Funny & Sarcastic,thrifting,en,Born to Thrift | Funny & Sarcastic (English) Design,"funny saying, sarcastic, sarcasm, humor, meme shirt, funny quote, introvert humor, born, thrift, thrifting, niches, funny & sarcastic, funny shirt, typography, minimalist, aesthetic, gift idea, trendy, statement tee",produits/niches/thrift_born_en__dark.png,produits/niches/thrift_born_en__light.png
thrift_queen_en,niches,humor,Funny & Sarcastic,thrifting,en,Thrift Queen | Funny & Sarcastic (English) Design,"funny saying, sarcastic, sarcasm, humor, meme shirt, funny quote, introvert humor, thrift, queen, thrifting, niches, funny & sarcastic, funny shirt, typography, minimalist, aesthetic, gift idea, trendy, statement tee",produits/niches/thrift_queen_en__dark.png,produits/niches/thrift_queen_en__light.png
thrift_treasure_en,niches,humor,Funny & Sarcastic,thrifting,en,One Person's Trash Is My Treasure | Funny & Sarcastic (English) Design,"funny saying, sarcastic, sarcasm, humor, meme shirt, funny quote, introvert humor, person's, trash, treasure, thrifting, niches, funny & sarcastic, funny shirt, typography, minimalist, aesthetic, gift idea, trendy, statement tee",produits/niches/thrift_treasure_en__dark.png,produits/niches/thrift_treasure_en__light.png
thrift_vintage_soul_en,niches,humor,Funny & Sarcastic,thrifting,en,Vintage Soul Modern Problems | Funny & Sarcastic (English) Design,"funny saying, sarcastic, sarcasm, humor, meme shirt, funny quote, introvert humor, vintage, soul, modern, problems, thrifting, niches, funny & sarcastic, funny shirt, typography, minimalist, aesthetic, gift idea, trendy, statement tee",produits/niches/thrift_vintage_soul_en__dark.png,produits/niches/thrift_vintage_soul_en__light.png
trail_over_treadmill_en,niches,humor,Funny & Sarcastic,trail_running,en,Trails Over Treadmills | Funny & Sarcastic (English) Design,"funny saying, sarcastic, sarcasm, humor, meme shirt, funny quote, introvert humor, trails, over, treadmills, trail running, niches, funny & sarcastic, funny shirt, typography, minimalist, aesthetic, gift idea, trendy, statement tee",produits/niches/trail_over_treadmill_en__dark.png,produits/niches/trail_over_treadmill_en__light.png
trail_repeat_en,niches,humor,Funny & Sarcastic,trail_running,en,Eat. Sleep. Run Trails. | Funny & Sarcastic (English) Design,"funny saying, sarcastic, sarcasm, humor, meme shirt, funny quote, introvert humor, sleep, trails, trail running, niches, funny & sarcastic, funny shirt, typography, minimalist, aesthetic, gift idea, trendy, statement tee",produits/niches/trail_repeat_en__dark.png,produits/niches/trail_repeat_en__light.png
trail_stupid_far_en,niches,humor,Funny & Sarcastic,trail_running,en,I Run Stupid Far | Funny & Sarcastic (English) Design,"funny saying, sarcastic, sarcasm, humor, meme shirt, funny quote, introvert humor, stupid, trail running, niches, funny & sarcastic, funny shirt, typography, minimalist, aesthetic, gift idea, trendy, statement tee",produits/niches/trail_stupid_far_en__dark.png,produits/niches/trail_stupid_far_en__light.png
trail_will_run_en,niches,humor,Funny & Sarcastic,trail_running,en,Will Run for Snacks | Funny & Sarcastic (English) Design,"funny saying, sarcastic, sarcasm, humor, meme shirt, funny quote, introvert humor, will, snacks, trail running, niches, funny & sarcastic, funny shirt, typography, minimalist, aesthetic, gift idea, trendy, statement tee",produits/niches/trail_will_run_en__dark.png,produits/niches/trail_will_run_en__light.png
vet_listen_harder_en,niches,humor,Funny & Sarcastic,vet_tech,en,My Patients Can't Speak I Listen Harder | Funny & Sarcastic (English) Design,"funny saying, sarcastic, sarcasm, humor, meme shirt, funny quote, introvert humor, patients, can't, speak, listen, harder, vet tech, niches, funny & sarcastic, funny shirt, typography, minimalist, aesthetic, gift idea, trendy, statement tee",produits/niches/vet_listen_harder_en__dark.png,produits/niches/vet_listen_harder_en__light.png
vl_boondocking_en,niches,humor,Funny & Sarcastic,van_life,en,Boondocking Preferred Campgrounds Are for Tourists | Funny & Sarcastic (English) Design,"funny saying, sarcastic, sarcasm, humor, meme shirt, funny quote, introvert humor, boondocking, preferred, campgrounds, tourists, van life, niches, funny & sarcastic, funny shirt, typography, minimalist, aesthetic, gift idea, trendy, statement tee",produits/niches/vl_boondocking_en__dark.png,produits/niches/vl_boondocking_en__light.png
vl_condensation_en,niches,humor,Funny & Sarcastic,van_life,en,Condensation at Dawn Van Life's Dirty Secret | Funny & Sarcastic (English) Design,"funny saying, sarcastic, sarcasm, humor, meme shirt, funny quote, introvert humor, condensation, dawn, life's, dirty, secret, van life, niches, funny & sarcastic, funny shirt, typography, minimalist, aesthetic, gift idea, trendy, statement tee",produits/niches/vl_condensation_en__dark.png,produits/niches/vl_condensation_en__light.png
vl_free_camping_en,niches,humor,Funny & Sarcastic,van_life,en,Free Camping Only My App Is Freecampsites | Funny & Sarcastic (English) Design,"funny saying, sarcastic, sarcasm, humor, meme shirt, funny quote, introvert humor, free, camping, freecampsites, van life, niches, funny & sarcastic, funny shirt, typography, minimalist, aesthetic, gift idea, trendy, statement tee",produits/niches/vl_free_camping_en__dark.png,produits/niches/vl_free_camping_en__light.png
vl_solar_en,niches,humor,Funny & Sarcastic,van_life,en,400 Watts Solar Still Not Enough | Funny & Sarcastic (English) Design,"funny saying, sarcastic, sarcasm, humor, meme shirt, funny quote, introvert humor, watts, solar, still, enough, van life, niches, funny & sarcastic, funny shirt, typography, minimalist, aesthetic, gift idea, trendy, statement tee",produits/niches/vl_solar_en__dark.png,produits/niches/vl_solar_en__light.png
vl_stealth_en,niches,humor,Funny & Sarcastic,van_life,en,Stealth Camped Outside Your HOA | Funny & Sarcastic (English) Design,"funny saying, sarcastic, sarcasm, humor, meme shirt, funny quote, introvert humor, stealth, camped, outside, van life, niches, funny & sarcastic, funny shirt, typography, minimalist, aesthetic, gift idea, trendy, statement tee",produits/niches/vl_stealth_en__dark.png,produits/niches/vl_stealth_en__light.png
vn_180g_en,niches,humor,Funny & Sarcastic,vinyl,en,180g Pressing or I Wait for a Better Press | Funny & Sarcastic (English) Design,"funny saying, sarcastic, sarcasm, humor, meme shirt, funny quote, introvert humor, pressing, wait, better, press, vinyl, niches, funny & sarcastic, funny shirt, typography, minimalist, aesthetic, gift idea, trendy, statement tee",produits/niches/vn_180g_en__dark.png,produits/niches/vn_180g_en__light.png
vn_clean_needle_en,niches,humor,Funny & Sarcastic,vinyl,en,Clean Your Stylus It's Not That Hard | Funny & Sarcastic (English) Design,"funny saying, sarcastic, sarcasm, humor, meme shirt, funny quote, introvert humor, clean, stylus, it's, hard, vinyl, niches, funny & sarcastic, funny shirt, typography, minimalist, aesthetic, gift idea, trendy, statement tee",produits/niches/vn_clean_needle_en__dark.png,produits/niches/vn_clean_needle_en__light.png
vn_phono_stage_en,niches,humor,Funny & Sarcastic,vinyl,en,My Phono Stage Costs More Than Your Streaming Year | Funny & Sarcastic (English) Design,"funny saying, sarcastic, sarcasm, humor, meme shirt, funny quote, introvert humor, phono, stage, costs, more, than, vinyl, niches, funny & sarcastic, funny shirt, typography, minimalist, aesthetic, gift idea, trendy, statement tee",produits/niches/vn_phono_stage_en__dark.png,produits/niches/vn_phono_stage_en__light.png
vn_pre_listening_en,niches,humor,Funny & Sarcastic,vinyl,en,I Clean Records Before I Listen to Records | Funny & Sarcastic (English) Design,"funny saying, sarcastic, sarcasm, humor, meme shirt, funny quote, introvert humor, clean, records, before, listen, vinyl, niches, funny & sarcastic, funny shirt, typography, minimalist, aesthetic, gift idea, trendy, statement tee",produits/niches/vn_pre_listening_en__dark.png,produits/niches/vn_pre_listening_en__light.png
vn_vta_en,niches,humor,Funny & Sarcastic,vinyl,en,VTA Set. Azimuth Dialed. Just Press Play Already. | Funny & Sarcastic (English) Design,"funny saying, sarcastic, sarcasm, humor, meme shirt, funny quote, introvert humor, azimuth, dialed, press, play, already, vinyl, niches, funny & sarcastic, funny shirt, typography, minimalist, aesthetic, gift idea, trendy, statement tee",produits/niches/vn_vta_en__dark.png,produits/niches/vn_vta_en__light.png
weld_metal_therapy_en,niches,humor,Funny & Sarcastic,welders,en,Metal Is My Therapy | Funny & Sarcastic (English) Design,"funny saying, sarcastic, sarcasm, humor, meme shirt, funny quote, introvert humor, metal, therapy, welders, niches, funny & sarcastic, funny shirt, typography, minimalist, aesthetic, gift idea, trendy, statement tee",produits/niches/weld_metal_therapy_en__dark.png,produits/niches/weld_metal_therapy_en__light.png
weld_professional_sparkler_en,niches,humor,Funny & Sarcastic,welders,en,Professional Sparkler | Funny & Sarcastic (English) Design,"funny saying, sarcastic, sarcasm, humor, meme shirt, funny quote, introvert humor, professional, sparkler, welders, niches, funny & sarcastic, funny shirt, typography, minimalist, aesthetic, gift idea, trendy, statement tee",produits/niches/weld_professional_sparkler_en__dark.png,produits/niches/weld_professional_sparkler_en__light.png
weld_sparks_fly_en,niches,humor,Funny & Sarcastic,welders,en,I Make Sparks Fly | Funny & Sarcastic (English) Design,"funny saying, sarcastic, sarcasm, humor, meme shirt, funny quote, introvert humor, make, sparks, welders, niches, funny & sarcastic, funny shirt, typography, minimalist, aesthetic, gift idea, trendy, statement tee",produits/niches/weld_sparks_fly_en__dark.png,produits/niches/weld_sparks_fly_en__light.png
weld_stick_with_me_en,niches,humor,Funny & Sarcastic,welders,en,Stick With Me I'm a Welder | Funny & Sarcastic (English) Design,"funny saying, sarcastic, sarcasm, humor, meme shirt, funny quote, introvert humor, stick, welder, welders, niches, funny & sarcastic, funny shirt, typography, minimalist, aesthetic, gift idea, trendy, statement tee",produits/niches/weld_stick_with_me_en__dark.png,produits/niches/weld_stick_with_me_en__light.png
wine_cheaper_therapy_en,niches,humor,Funny & Sarcastic,wine,en,Wine Is Cheaper Than Therapy | Funny & Sarcastic (English) Design,"funny saying, sarcastic, sarcasm, humor, meme shirt, funny quote, introvert humor, wine, cheaper, than, therapy, niches, funny & sarcastic, funny shirt, typography, minimalist, aesthetic, gift idea, trendy, statement tee",produits/niches/wine_cheaper_therapy_en__dark.png,produits/niches/wine_cheaper_therapy_en__light.png
wine_not_en,niches,humor,Funny & Sarcastic,wine,en,Wine Not? | Funny & Sarcastic (English) Design,"funny saying, sarcastic, sarcasm, humor, meme shirt, funny quote, introvert humor, wine, niches, funny & sarcastic, funny shirt, typography, minimalist, aesthetic, gift idea, trendy, statement tee",produits/niches/wine_not_en__dark.png,produits/niches/wine_not_en__light.png
wine_rosé_all_day_en,niches,humor,Funny & Sarcastic,wine,en,Rosé All Day | Funny & Sarcastic (English) Design,"funny saying, sarcastic, sarcasm, humor, meme shirt, funny quote, introvert humor, rosé, wine, niches, funny & sarcastic, funny shirt, typography, minimalist, aesthetic, gift idea, trendy, statement tee",produits/niches/wine_rosé_all_day_en__dark.png,produits/niches/wine_rosé_all_day_en__light.png
wine_wisdom_en,niches,humor,Funny & Sarcastic,wine,en,In Wine There Is Wisdom | Funny & Sarcastic (English) Design,"funny saying, sarcastic, sarcasm, humor, meme shirt, funny quote, introvert humor, wine, there, wisdom, niches, funny & sarcastic, funny shirt, typography, minimalist, aesthetic, gift idea, trendy, statement tee",produits/niches/wine_wisdom_en__dark.png,produits/niches/wine_wisdom_en__light.png
wood_confetti_en,niches,humor,Funny & Sarcastic,woodworking,en,Shavings Are My Confetti | Funny & Sarcastic (English) Design,"funny saying, sarcastic, sarcasm, humor, meme shirt, funny quote, introvert humor, shavings, confetti, woodworking, niches, funny & sarcastic, funny shirt, typography, minimalist, aesthetic, gift idea, trendy, statement tee",produits/niches/wood_confetti_en__dark.png,produits/niches/wood_confetti_en__light.png
wood_sawdust_en,niches,humor,Funny & Sarcastic,woodworking,en,I Make Sawdust for Fun | Funny & Sarcastic (English) Design,"funny saying, sarcastic, sarcasm, humor, meme shirt, funny quote, introvert humor, make, sawdust, woodworking, niches, funny & sarcastic, funny shirt, typography, minimalist, aesthetic, gift idea, trendy, statement tee",produits/niches/wood_sawdust_en__dark.png,produits/niches/wood_sawdust_en__light.png
wood_would_you_en,niches,humor,Funny & Sarcastic,woodworking,en,Wood You Believe It? | Funny & Sarcastic (English) Design,"funny saying, sarcastic, sarcasm, humor, meme shirt, funny quote, introvert humor, wood, believe, woodworking, niches, funny & sarcastic, funny shirt, typography, minimalist, aesthetic, gift idea, trendy, statement tee",produits/niches/wood_would_you_en__dark.png,produits/niches/wood_would_you_en__light.png
yoga_bendy_zen_en,niches,humor,Funny & Sarcastic,yoga,en,Bendy & Zen | Funny & Sarcastic (English) Design,"funny saying, sarcastic, sarcasm, humor, meme shirt, funny quote, introvert humor, bendy, yoga, niches, funny & sarcastic, funny shirt, typography, minimalist, aesthetic, gift idea, trendy, statement tee",produits/niches/yoga_bendy_zen_en__dark.png,produits/niches/yoga_bendy_zen_en__light.png
yoga_find_balance_en,niches,humor,Funny & Sarcastic,yoga,en,Find Your Balance | Funny & Sarcastic (English) Design,"funny saying, sarcastic, sarcasm, humor, meme shirt, funny quote, introvert humor, find, balance, yoga, niches, funny & sarcastic, funny shirt, typography, minimalist, aesthetic, gift idea, trendy, statement tee",produits/niches/yoga_find_balance_en__dark.png,produits/niches/yoga_find_balance_en__light.png
yoga_namastay_bed_en,niches,humor,Funny & Sarcastic,yoga,en,Namast'ay in Bed | Funny & Sarcastic (English) Design,"funny saying, sarcastic, sarcasm, humor, meme shirt, funny quote, introvert humor, namast'ay, yoga, niches, funny & sarcastic, funny shirt, typography, minimalist, aesthetic, gift idea, trendy, statement tee",produits/niches/yoga_namastay_bed_en__dark.png,produits/niches/yoga_namastay_bed_en__light.png
yoga_wine_later_en,niches,humor,Funny & Sarcastic,yoga,en,Yoga Now Wine Later | Funny & Sarcastic (English) Design,"funny saying, sarcastic, sarcasm, humor, meme shirt, funny quote, introvert humor, yoga, wine, later, niches, funny & sarcastic, funny shirt, typography, minimalist, aesthetic, gift idea, trendy, statement tee",produits/niches/yoga_wine_later_en__dark.png,produits/niches/yoga_wine_later_en__light.png
pv_actions_prayers_en,proverbes,humor,Funny & Sarcastic,,en,Actions Speak Louder Than Thoughts And Prayers | Funny & Sarcastic (English) Design,"funny saying, sarcastic, sarcasm, humor, meme shirt, funny quote, introvert humor, actions, speak, louder, than, thoughts, proverbes, funny & sarcastic, funny shirt, typography, minimalist, aesthetic, gift idea, trendy, statement tee",produits/proverbes/pv_actions_prayers_en__dark.png,produits/proverbes/pv_actions_prayers_en__light.png
pv_aide_toi_fr,proverbes,humor,Funny & Sarcastic,,fr,Aide-Toi Et Le Ciel... Non. Aide Les Autres. | Funny & Sarcastic (French) Design,"funny saying, sarcastic, sarcasm, humor, meme shirt, funny quote, introvert humor, aide, ciel, autres, proverbes, funny & sarcastic, funny shirt, typography, minimalist, aesthetic, gift idea, trendy, statement tee",produits/proverbes/pv_aide_toi_fr__dark.png,produits/proverbes/pv_aide_toi_fr__light.png
pv_apple_throw_en,proverbes,humor,Funny & Sarcastic,,en,An Apple A Day Keeps Anyone Away If You Throw It Hard | Funny & Sarcastic (English) Design,"funny saying, sarcastic, sarcasm, humor, meme shirt, funny quote, introvert humor, apple, keeps, anyone, away, throw, proverbes, funny & sarcastic, funny shirt, typography, minimalist, aesthetic, gift idea, trendy, statement tee",produits/proverbes/pv_apple_throw_en__dark.png,produits/proverbes/pv_apple_throw_en__light.png
pv_arbre_cache_foret_fr,proverbes,humor,Funny & Sarcastic,,fr,L'Arbre Qui Cache La Forêt Qu'On A Rasée | Funny & Sarcastic (French) Design,"funny saying, sarcastic, sarcasm, humor, meme shirt, funny quote, introvert humor, l'arbre, cache, forêt, qu'on, rasée, proverbes, funny & sarcastic, funny shirt, typography, minimalist, aesthetic, gift idea, trendy, statement tee",produits/proverbes/pv_arbre_cache_foret_fr__dark.png,produits/proverbes/pv_arbre_cache_foret_fr__light.png
pv_cruche_eau_fr,proverbes,humor,Funny & Sarcastic,,fr,Tant Va La Cruche À L'Eau Qu'À La Fin Il N'Y A Plus D'Eau | Funny & Sarcastic (French) Design,"funny saying, sarcastic, sarcasm, humor, meme shirt, funny quote, introvert humor, tant, cruche, l'eau, qu'à, d'eau, proverbes, funny & sarcastic, funny shirt, typography, minimalist, aesthetic, gift idea, trendy, statement tee",produits/proverbes/pv_cruche_eau_fr__dark.png,produits/proverbes/pv_cruche_eau_fr__light.png
pv_curiosity_cat_en,proverbes,humor,Funny & Sarcastic,,en,Curiosity Killed The Cat. Satisfaction Brought It Back | Funny & Sarcastic (English) Design,"funny saying, sarcastic, sarcasm, humor, meme shirt, funny quote, introvert humor, curiosity, killed, satisfaction, brought, back, proverbes, funny & sarcastic, funny shirt, typography, minimalist, aesthetic, gift idea, trendy, statement tee",produits/proverbes/pv_curiosity_cat_en__dark.png,produits/proverbes/pv_curiosity_cat_en__light.png
pv_early_bird_en,proverbes,humor,Funny & Sarcastic,,en,The Early Bird Can Have The Worm. I Want My Sleep. | Funny & Sarcastic (English) Design,"funny saying, sarcastic, sarcasm, humor, meme shirt, funny quote, introvert humor, early, bird, worm, want, sleep, proverbes, funny & sarcastic, funny shirt, typography, minimalist, aesthetic, gift idea, trendy, statement tee",produits/proverbes/pv_early_bird_en__dark.png,produits/proverbes/pv_early_bird_en__light.png
pv_fin_memes_fr,proverbes,humor,Funny & Sarcastic,,fr,La Fin Justifie Les Mèmes | Funny & Sarcastic (French) Design,"funny saying, sarcastic, sarcasm, humor, meme shirt, funny quote, introvert humor, justifie, mèmes, proverbes, funny & sarcastic, funny shirt, typography, minimalist, aesthetic, gift idea, trendy, statement tee",produits/proverbes/pv_fin_memes_fr__dark.png,produits/proverbes/pv_fin_memes_fr__light.png
pv_lemons_supply_en,proverbes,humor,Funny & Sarcastic,,en,"When Life Gives You Lemons, Question The Supply Chain | Funny & Sarcastic (English) Design","funny saying, sarcastic, sarcasm, humor, meme shirt, funny quote, introvert humor, when, life, gives, lemons, question, proverbes, funny & sarcastic, funny shirt, typography, minimalist, aesthetic, gift idea, trendy, statement tee",produits/proverbes/pv_lemons_supply_en__dark.png,produits/proverbes/pv_lemons_supply_en__light.png
pv_loin_yeux_fr,proverbes,humor,Funny & Sarcastic,,fr,"Loin Des Yeux, Près Du Frigo | Funny & Sarcastic (French) Design","funny saying, sarcastic, sarcasm, humor, meme shirt, funny quote, introvert humor, loin, yeux, près, frigo, proverbes, funny & sarcastic, funny shirt, typography, minimalist, aesthetic, gift idea, trendy, statement tee",produits/proverbes/pv_loin_yeux_fr__dark.png,produits/proverbes/pv_loin_yeux_fr__light.png
pv_money_plants_en,proverbes,humor,Funny & Sarcastic,,en,"Money Can't Buy Happiness, But It Buys Plants | Funny & Sarcastic (English) Design","funny saying, sarcastic, sarcasm, humor, meme shirt, funny quote, introvert humor, money, can't, happiness, buys, plants, proverbes, funny & sarcastic, funny shirt, typography, minimalist, aesthetic, gift idea, trendy, statement tee",produits/proverbes/pv_money_plants_en__dark.png,produits/proverbes/pv_money_plants_en__light.png
pv_oiseau_nid_fr,proverbes,humor,Funny & Sarcastic,,fr,"Petit À Petit, L'Oiseau Défend Ses Droits | Funny & Sarcastic (French) Design","funny saying, sarcastic, sarcasm, humor, meme shirt, funny quote, introvert humor, petit, l'oiseau, défend, droits, proverbes, funny & sarcastic, funny shirt, typography, minimalist, aesthetic, gift idea, trendy, statement tee",produits/proverbes/pv_oiseau_nid_fr__dark.png,produits/proverbes/pv_oiseau_nid_fr__light.png
pv_patience_vertu_fr,proverbes,humor,Funny & Sarcastic,,fr,La Patience Est Une Vertu La Révolte Aussi | Funny & Sarcastic (French) Design,"funny saying, sarcastic, sarcasm, humor, meme shirt, funny quote, introvert humor, patience, vertu, révolte, aussi, proverbes, funny & sarcastic, funny shirt, typography, minimalist, aesthetic, gift idea, trendy, statement tee",produits/proverbes/pv_patience_vertu_fr__dark.png,produits/proverbes/pv_patience_vertu_fr__light.png
pv_plastique_tempete_fr,proverbes,humor,Funny & Sarcastic,,fr,Qui Sème Le Plastique Récolte La Tempête | Funny & Sarcastic (French) Design,"funny saying, sarcastic, sarcasm, humor, meme shirt, funny quote, introvert humor, sème, plastique, récolte, tempête, proverbes, funny & sarcastic, funny shirt, typography, minimalist, aesthetic, gift idea, trendy, statement tee",produits/proverbes/pv_plastique_tempete_fr__dark.png,produits/proverbes/pv_plastique_tempete_fr__light.png
pv_prevenir_polluer_fr,proverbes,humor,Funny & Sarcastic,,fr,Mieux Vaut Prévenir Que Polluer | Funny & Sarcastic (French) Design,"funny saying, sarcastic, sarcasm, humor, meme shirt, funny quote, introvert humor, mieux, vaut, prévenir, polluer, proverbes, funny & sarcastic, funny shirt, typography, minimalist, aesthetic, gift idea, trendy, statement tee",produits/proverbes/pv_prevenir_polluer_fr__dark.png,produits/proverbes/pv_prevenir_polluer_fr__light.png
pv_rome_built_en,proverbes,humor,Funny & Sarcastic,,en,"Rome Wasn't Built In A Day, But Burned In One | Funny & Sarcastic (English) Design","funny saying, sarcastic, sarcasm, humor, meme shirt, funny quote, introvert humor, rome, wasn't, built, burned, proverbes, funny & sarcastic, funny shirt, typography, minimalist, aesthetic, gift idea, trendy, statement tee",produits/proverbes/pv_rome_built_en__dark.png,produits/proverbes/pv_rome_built_en__light.png
pv_silence_golden_en,proverbes,humor,Funny & Sarcastic,,en,"Silence Is Golden, Unless It's About Injustice | Funny & Sarcastic (English) Design","funny saying, sarcastic, sarcasm, humor, meme shirt, funny quote, introvert humor, silence, golden, unless, it's, about, proverbes, funny & sarcastic, funny shirt, typography, minimalist, aesthetic, gift idea, trendy, statement tee",produits/proverbes/pv_silence_golden_en__dark.png,produits/proverbes/pv_silence_golden_en__light.png
pv_tel_pere_fr,proverbes,humor,Funny & Sarcastic,,fr,"Tel Père, Tel Fils ? On Brise Le Cycle | Funny & Sarcastic (French) Design","funny saying, sarcastic, sarcasm, humor, meme shirt, funny quote, introvert humor, père, fils, brise, cycle, proverbes, funny & sarcastic, funny shirt, typography, minimalist, aesthetic, gift idea, trendy, statement tee",produits/proverbes/pv_tel_pere_fr__dark.png,produits/proverbes/pv_tel_pere_fr__light.png
pl_awkward_en,punchlines,humor,Funny & Sarcastic,,en,"I Came, I Saw, I Made It Awkward | Funny & Sarcastic (English) Design","funny saying, sarcastic, sarcasm, humor, meme shirt, funny quote, introvert humor, came, made, awkward, punchlines, funny & sarcastic, funny shirt, typography, minimalist, aesthetic, gift idea, trendy, statement tee",produits/punchlines/pl_awkward_en__dark.png,produits/punchlines/pl_awkward_en__light.png
pl_bof_fr,punchlines,humor,Funny & Sarcastic,,fr,Bof. (Mot Du Jour) | Funny & Sarcastic (French) Design,"funny saying, sarcastic, sarcasm, humor, meme shirt, funny quote, introvert humor, jour, punchlines, funny & sarcastic, funny shirt, typography, minimalist, aesthetic, gift idea, trendy, statement tee",produits/punchlines/pl_bof_fr__dark.png,produits/punchlines/pl_bof_fr__light.png
pl_born_coffee_en,punchlines,humor,Funny & Sarcastic,,en,"Born For Nothing, Staying For The Coffee | Funny & Sarcastic (English) Design","funny saying, sarcastic, sarcasm, humor, meme shirt, funny quote, introvert humor, born, nothing, staying, coffee, punchlines, funny & sarcastic, funny shirt, typography, minimalist, aesthetic, gift idea, trendy, statement tee",produits/punchlines/pl_born_coffee_en__dark.png,produits/punchlines/pl_born_coffee_en__light.png
pl_born_nap_en,punchlines,humor,Funny & Sarcastic,,en,"Born To Nap, Forced To Work | Funny & Sarcastic (English) Design","funny saying, sarcastic, sarcasm, humor, meme shirt, funny quote, introvert humor, born, forced, work, punchlines, funny & sarcastic, funny shirt, typography, minimalist, aesthetic, gift idea, trendy, statement tee",produits/punchlines/pl_born_nap_en__dark.png,produits/punchlines/pl_born_nap_en__light.png
pl_caffeine_personality_en,punchlines,humor,Funny & Sarcastic,,en,Caffeine Is A Personality | Funny & Sarcastic (English) Design,"funny saying, sarcastic, sarcasm, humor, meme shirt, funny quote, introvert humor, caffeine, personality, punchlines, funny & sarcastic, funny shirt, typography, minimalist, aesthetic, gift idea, trendy, statement tee",produits/punchlines/pl_caffeine_personality_en__dark.png,produits/punchlines/pl_caffeine_personality_en__light.png
pl_caffeine_spite_en,punchlines,humor,Funny & Sarcastic,,en,Running On Caffeine And Spite | Funny & Sarcastic (English) Design,"funny saying, sarcastic, sarcasm, humor, meme shirt, funny quote, introvert humor, running, caffeine, spite, punchlines, funny & sarcastic, funny shirt, typography, minimalist, aesthetic, gift idea, trendy, statement tee",produits/punchlines/pl_caffeine_spite_en__dark.png,produits/punchlines/pl_caffeine_spite_en__light.png
pl_feral_en,punchlines,humor,Funny & Sarcastic,,en,Mostly Peaceful. Occasionally Feral. | Funny & Sarcastic (English) Design,"funny saying, sarcastic, sarcasm, humor, meme shirt, funny quote, introvert humor, mostly, peaceful, occasionally, feral, punchlines, funny & sarcastic, funny shirt, typography, minimalist, aesthetic, gift idea, trendy, statement tee",produits/punchlines/pl_feral_en__dark.png,produits/punchlines/pl_feral_en__light.png
pl_grandma_hates_en,punchlines,humor,Funny & Sarcastic,,en,My Grandma Hates You | Funny & Sarcastic (English) Design,"funny saying, sarcastic, sarcasm, humor, meme shirt, funny quote, introvert humor, grandma, hates, punchlines, funny & sarcastic, funny shirt, typography, minimalist, aesthetic, gift idea, trendy, statement tee",produits/punchlines/pl_grandma_hates_en__dark.png,produits/punchlines/pl_grandma_hates_en__light.png
pl_kebab_en,punchlines,humor,Funny & Sarcastic,,en,You Are What You Eat. I'm A Kebab. | Funny & Sarcastic (English) Design,"funny saying, sarcastic, sarcasm, humor, meme shirt, funny quote, introvert humor, what, kebab, punchlines, funny & sarcastic, funny shirt, typography, minimalist, aesthetic, gift idea, trendy, statement tee",produits/punchlines/pl_kebab_en__dark.png,produits/punchlines/pl_kebab_en__light.png
pl_kebab_fr,punchlines,humor,Funny & Sarcastic,,fr,On Est Ce Qu'On Mange. Je Suis Un Kebab. | Funny & Sarcastic (French) Design,"funny saying, sarcastic, sarcasm, humor, meme shirt, funny quote, introvert humor, qu'on, mange, suis, kebab, punchlines, funny & sarcastic, funny shirt, typography, minimalist, aesthetic, gift idea, trendy, statement tee",produits/punchlines/pl_kebab_fr__dark.png,produits/punchlines/pl_kebab_fr__light.png
pl_mamie_deteste_fr,punchlines,humor,Funny & Sarcastic,,fr,Ma Mamie Te Déteste | Funny & Sarcastic (French) Design,"funny saying, sarcastic, sarcasm, humor, meme shirt, funny quote, introvert humor, mamie, déteste, punchlines, funny & sarcastic, funny shirt, typography, minimalist, aesthetic, gift idea, trendy, statement tee",produits/punchlines/pl_mamie_deteste_fr__dark.png,produits/punchlines/pl_mamie_deteste_fr__light.png
pl_menace_en,punchlines,humor,Funny & Sarcastic,,en,Someone's Emotional Support Menace | Funny & Sarcastic (English) Design,"funny saying, sarcastic, sarcasm, humor, meme shirt, funny quote, introvert humor, someone's, emotional, support, menace, punchlines, funny & sarcastic, funny shirt, typography, minimalist, aesthetic, gift idea, trendy, statement tee",produits/punchlines/pl_menace_en__dark.png,produits/punchlines/pl_menace_en__light.png
pl_mousquetaire_fr,punchlines,humor,Funny & Sarcastic,,fr,"Tching Tching, Je Suis Un Mousquetaire | Funny & Sarcastic (French) Design","funny saying, sarcastic, sarcasm, humor, meme shirt, funny quote, introvert humor, tching, suis, mousquetaire, punchlines, funny & sarcastic, funny shirt, typography, minimalist, aesthetic, gift idea, trendy, statement tee",produits/punchlines/pl_mousquetaire_fr__dark.png,produits/punchlines/pl_mousquetaire_fr__light.png
pl_nap_queen_en,punchlines,humor,Funny & Sarcastic,,en,Nap Royalty | Funny & Sarcastic (English) Design,"funny saying, sarcastic, sarcasm, humor, meme shirt, funny quote, introvert humor, royalty, punchlines, funny & sarcastic, funny shirt, typography, minimalist, aesthetic, gift idea, trendy, statement tee",produits/punchlines/pl_nap_queen_en__dark.png,produits/punchlines/pl_nap_queen_en__light.png
pl_sarcasm_en,punchlines,humor,Funny & Sarcastic,,en,Emotionally Fluent In Sarcasm | Funny & Sarcastic (English) Design,"funny saying, sarcastic, sarcasm, humor, meme shirt, funny quote, introvert humor, emotionally, fluent, punchlines, funny & sarcastic, funny shirt, typography, minimalist, aesthetic, gift idea, trendy, statement tee",produits/punchlines/pl_sarcasm_en__dark.png,produits/punchlines/pl_sarcasm_en__light.png
pl_sieste_historique_fr,punchlines,humor,Funny & Sarcastic,,fr,Sur Le Point De Faire Une Sieste Historique | Funny & Sarcastic (French) Design,"funny saying, sarcastic, sarcasm, humor, meme shirt, funny quote, introvert humor, point, faire, sieste, historique, punchlines, funny & sarcastic, funny shirt, typography, minimalist, aesthetic, gift idea, trendy, statement tee",produits/punchlines/pl_sieste_historique_fr__dark.png,produits/punchlines/pl_sieste_historique_fr__light.png
pl_snacks_downfall_en,punchlines,humor,Funny & Sarcastic,,en,Here For The Snacks And The Downfall | Funny & Sarcastic (English) Design,"funny saying, sarcastic, sarcasm, humor, meme shirt, funny quote, introvert humor, here, snacks, downfall, punchlines, funny & sarcastic, funny shirt, typography, minimalist, aesthetic, gift idea, trendy, statement tee",produits/punchlines/pl_snacks_downfall_en__dark.png,produits/punchlines/pl_snacks_downfall_en__light.png
pl_spite_snacks_en,punchlines,humor,Funny & Sarcastic,,en,Powered By Spite & Snacks | Funny & Sarcastic (English) Design,"funny saying, sarcastic, sarcasm, humor, meme shirt, funny quote, introvert humor, powered, spite, snacks, punchlines, funny & sarcastic, funny shirt, typography, minimalist, aesthetic, gift idea, trendy, statement tee",produits/punchlines/pl_spite_snacks_en__dark.png,produits/punchlines/pl_spite_snacks_en__light.png
tr_404_motivation_en,trending,humor,Funny & Sarcastic,,en,404 Motivation Not Found | Funny & Sarcastic (English) Design,"funny saying, sarcastic, sarcasm, humor, meme shirt, funny quote, introvert humor, motivation, found, trending, funny & sarcastic, funny shirt, typography, minimalist, aesthetic, gift idea, trendy, statement tee",produits/trending/tr_404_motivation_en__dark.png,produits/trending/tr_404_motivation_en__light.png
tr_adulting_hard_en,trending,humor,Funny & Sarcastic,,en,Adulting Is Hard | Funny & Sarcastic (English) Design,"funny saying, sarcastic, sarcasm, humor, meme shirt, funny quote, introvert humor, adulting, hard, trending, funny & sarcastic, funny shirt, typography, minimalist, aesthetic, gift idea, trendy, statement tee",produits/trending/tr_adulting_hard_en__dark.png,produits/trending/tr_adulting_hard_en__light.png
tr_adventure_awaits_en,trending,humor,Funny & Sarcastic,,en,Adventure Awaits | Funny & Sarcastic (English) Design,"funny saying, sarcastic, sarcasm, humor, meme shirt, funny quote, introvert humor, adventure, awaits, trending, funny & sarcastic, funny shirt, typography, minimalist, aesthetic, gift idea, trendy, statement tee",produits/trending/tr_adventure_awaits_en__dark.png,produits/trending/tr_adventure_awaits_en__light.png
tr_apero_oclock_fr,trending,humor,Funny & Sarcastic,,fr,Apéro O'Clock | Funny & Sarcastic (French) Design,"funny saying, sarcastic, sarcasm, humor, meme shirt, funny quote, introvert humor, apéro, o'clock, trending, funny & sarcastic, funny shirt, typography, minimalist, aesthetic, gift idea, trendy, statement tee",produits/trending/tr_apero_oclock_fr__dark.png,produits/trending/tr_apero_oclock_fr__light.png
tr_beach_hair_en,trending,humor,Funny & Sarcastic,,en,Beach Hair Don't Care | Funny & Sarcastic (English) Design,"funny saying, sarcastic, sarcasm, humor, meme shirt, funny quote, introvert humor, beach, hair, don't, care, trending, funny & sarcastic, funny shirt, typography, minimalist, aesthetic, gift idea, trendy, statement tee",produits/trending/tr_beach_hair_en__dark.png,produits/trending/tr_beach_hair_en__light.png
tr_beast_mode_en,trending,humor,Funny & Sarcastic,,en,Beast Mode (Sometimes) | Funny & Sarcastic (English) Design,"funny saying, sarcastic, sarcasm, humor, meme shirt, funny quote, introvert humor, beast, mode, sometimes, trending, funny & sarcastic, funny shirt, typography, minimalist, aesthetic, gift idea, trendy, statement tee",produits/trending/tr_beast_mode_en__dark.png,produits/trending/tr_beast_mode_en__light.png
tr_belle_reposee_fr,trending,humor,Funny & Sarcastic,,fr,"Belle, Reposée Jamais | Funny & Sarcastic (French) Design","funny saying, sarcastic, sarcasm, humor, meme shirt, funny quote, introvert humor, belle, reposée, jamais, trending, funny & sarcastic, funny shirt, typography, minimalist, aesthetic, gift idea, trendy, statement tee",produits/trending/tr_belle_reposee_fr__dark.png,produits/trending/tr_belle_reposee_fr__light.png
tr_book_lover_en,trending,humor,Funny & Sarcastic,,en,Book Lover Forever | Funny & Sarcastic (English) Design,"funny saying, sarcastic, sarcasm, humor, meme shirt, funny quote, introvert humor, book, lover, forever, trending, funny & sarcastic, funny shirt, typography, minimalist, aesthetic, gift idea, trendy, statement tee",produits/trending/tr_book_lover_en__dark.png,produits/trending/tr_book_lover_en__light.png
tr_booked_napping_en,trending,humor,Funny & Sarcastic,,en,Booked & Busy (Napping) | Funny & Sarcastic (English) Design,"funny saying, sarcastic, sarcasm, humor, meme shirt, funny quote, introvert humor, booked, busy, napping, trending, funny & sarcastic, funny shirt, typography, minimalist, aesthetic, gift idea, trendy, statement tee",produits/trending/tr_booked_napping_en__dark.png,produits/trending/tr_booked_napping_en__light.png
tr_but_first_coffee_en,trending,humor,Funny & Sarcastic,,en,But First Coffee | Funny & Sarcastic (English) Design,"funny saying, sarcastic, sarcasm, humor, meme shirt, funny quote, introvert humor, first, coffee, trending, funny & sarcastic, funny shirt, typography, minimalist, aesthetic, gift idea, trendy, statement tee",produits/trending/tr_but_first_coffee_en__dark.png,produits/trending/tr_but_first_coffee_en__light.png
tr_cafe_avant_parler_fr,trending,humor,Funny & Sarcastic,,fr,Café Avant De Parler | Funny & Sarcastic (French) Design,"funny saying, sarcastic, sarcasm, humor, meme shirt, funny quote, introvert humor, café, avant, parler, trending, funny & sarcastic, funny shirt, typography, minimalist, aesthetic, gift idea, trendy, statement tee",produits/trending/tr_cafe_avant_parler_fr__dark.png,produits/trending/tr_cafe_avant_parler_fr__light.png
tr_cafe_dabord_fr,trending,humor,Funny & Sarcastic,,fr,Café D'Abord | Funny & Sarcastic (French) Design,"funny saying, sarcastic, sarcasm, humor, meme shirt, funny quote, introvert humor, café, d'abord, trending, funny & sarcastic, funny shirt, typography, minimalist, aesthetic, gift idea, trendy, statement tee",produits/trending/tr_cafe_dabord_fr__dark.png,produits/trending/tr_cafe_dabord_fr__light.png
tr_cafe_recommence_fr,trending,humor,Funny & Sarcastic,,fr,"Café, Et On Recommence | Funny & Sarcastic (French) Design","funny saying, sarcastic, sarcasm, humor, meme shirt, funny quote, introvert humor, café, recommence, trending, funny & sarcastic, funny shirt, typography, minimalist, aesthetic, gift idea, trendy, statement tee",produits/trending/tr_cafe_recommence_fr__dark.png,produits/trending/tr_cafe_recommence_fr__light.png
tr_caffeine_chaos_en,trending,humor,Funny & Sarcastic,,en,Running On Caffeine & Chaos | Funny & Sarcastic (English) Design,"funny saying, sarcastic, sarcasm, humor, meme shirt, funny quote, introvert humor, running, caffeine, chaos, trending, funny & sarcastic, funny shirt, typography, minimalist, aesthetic, gift idea, trendy, statement tee",produits/trending/tr_caffeine_chaos_en__dark.png,produits/trending/tr_caffeine_chaos_en__light.png
tr_chaotic_good_en,trending,humor,Funny & Sarcastic,,en,Chaotic Good | Funny & Sarcastic (English) Design,"funny saying, sarcastic, sarcasm, humor, meme shirt, funny quote, introvert humor, chaotic, good, trending, funny & sarcastic, funny shirt, typography, minimalist, aesthetic, gift idea, trendy, statement tee",produits/trending/tr_chaotic_good_en__dark.png,produits/trending/tr_chaotic_good_en__light.png
tr_choco_therapie_fr,trending,humor,Funny & Sarcastic,,fr,Chocolat = Thérapie | Funny & Sarcastic (French) Design,"funny saying, sarcastic, sarcasm, humor, meme shirt, funny quote, introvert humor, chocolat, thérapie, trending, funny & sarcastic, funny shirt, typography, minimalist, aesthetic, gift idea, trendy, statement tee",produits/trending/tr_choco_therapie_fr__dark.png,produits/trending/tr_choco_therapie_fr__light.png
tr_choose_joy_en,trending,humor,Funny & Sarcastic,,en,Choose Joy | Funny & Sarcastic (English) Design,"funny saying, sarcastic, sarcasm, humor, meme shirt, funny quote, introvert humor, choose, trending, funny & sarcastic, funny shirt, typography, minimalist, aesthetic, gift idea, trendy, statement tee",produits/trending/tr_choose_joy_en__dark.png,produits/trending/tr_choose_joy_en__light.png
tr_cozy_season_en,trending,humor,Funny & Sarcastic,,en,Cozy Season | Funny & Sarcastic (English) Design,"funny saying, sarcastic, sarcasm, humor, meme shirt, funny quote, introvert humor, cozy, season, trending, funny & sarcastic, funny shirt, typography, minimalist, aesthetic, gift idea, trendy, statement tee",produits/trending/tr_cozy_season_en__dark.png,produits/trending/tr_cozy_season_en__light.png
tr_créer_soleil_fr,trending,humor,Funny & Sarcastic,,fr,Je Crée Mon Soleil | Funny & Sarcastic (French) Design,"funny saying, sarcastic, sarcasm, humor, meme shirt, funny quote, introvert humor, crée, soleil, trending, funny & sarcastic, funny shirt, typography, minimalist, aesthetic, gift idea, trendy, statement tee",produits/trending/tr_créer_soleil_fr__dark.png,produits/trending/tr_créer_soleil_fr__light.png
tr_delulu_en,trending,humor,Funny & Sarcastic,,en,Delulu Is The Solulu | Funny & Sarcastic (English) Design,"funny saying, sarcastic, sarcasm, humor, meme shirt, funny quote, introvert humor, delulu, solulu, trending, funny & sarcastic, funny shirt, typography, minimalist, aesthetic, gift idea, trendy, statement tee",produits/trending/tr_delulu_en__dark.png,produits/trending/tr_delulu_en__light.png
tr_did_you_die_en,trending,humor,Funny & Sarcastic,,en,But Did You Die? | Funny & Sarcastic (English) Design,"funny saying, sarcastic, sarcasm, humor, meme shirt, funny quote, introvert humor, trending, funny & sarcastic, funny shirt, typography, minimalist, aesthetic, gift idea, trendy, statement tee",produits/trending/tr_did_you_die_en__dark.png,produits/trending/tr_did_you_die_en__light.png
tr_eat_sleep_game_en,trending,humor,Funny & Sarcastic,,en,Eat Sleep Game Repeat | Funny & Sarcastic (English) Design,"funny saying, sarcastic, sarcasm, humor, meme shirt, funny quote, introvert humor, sleep, game, repeat, trending, funny & sarcastic, funny shirt, typography, minimalist, aesthetic, gift idea, trendy, statement tee",produits/trending/tr_eat_sleep_game_en__dark.png,produits/trending/tr_eat_sleep_game_en__light.png
tr_emotional_support_bottle_en,trending,humor,Funny & Sarcastic,,en,Emotional Support Water Bottle | Funny & Sarcastic (English) Design,"funny saying, sarcastic, sarcasm, humor, meme shirt, funny quote, introvert humor, emotional, support, water, bottle, trending, funny & sarcastic, funny shirt, typography, minimalist, aesthetic, gift idea, trendy, statement tee",produits/trending/tr_emotional_support_bottle_en__dark.png,produits/trending/tr_emotional_support_bottle_en__light.png
tr_energy_booked_en,trending,humor,Funny & Sarcastic,,en,My Social Battery Is Dead | Funny & Sarcastic (English) Design,"funny saying, sarcastic, sarcasm, humor, meme shirt, funny quote, introvert humor, social, battery, dead, trending, funny & sarcastic, funny shirt, typography, minimalist, aesthetic, gift idea, trendy, statement tee",produits/trending/tr_energy_booked_en__dark.png,produits/trending/tr_energy_booked_en__light.png
tr_enfer_autres_fr,trending,humor,Funny & Sarcastic,,fr,L'Enfer C'Est Les Autres | Funny & Sarcastic (French) Design,"funny saying, sarcastic, sarcasm, humor, meme shirt, funny quote, introvert humor, l'enfer, c'est, autres, trending, funny & sarcastic, funny shirt, typography, minimalist, aesthetic, gift idea, trendy, statement tee",produits/trending/tr_enfer_autres_fr__dark.png,produits/trending/tr_enfer_autres_fr__light.png
tr_fatiguee_stylee_fr,trending,humor,Funny & Sarcastic,,fr,Fatiguée Mais Stylée | Funny & Sarcastic (French) Design,"funny saying, sarcastic, sarcasm, humor, meme shirt, funny quote, introvert humor, fatiguée, stylée, trending, funny & sarcastic, funny shirt, typography, minimalist, aesthetic, gift idea, trendy, statement tee",produits/trending/tr_fatiguee_stylee_fr__dark.png,produits/trending/tr_fatiguee_stylee_fr__light.png
tr_feral_autumn_en,trending,humor,Funny & Sarcastic,,en,Feral Girl Autumn | Funny & Sarcastic (English) Design,"funny saying, sarcastic, sarcasm, humor, meme shirt, funny quote, introvert humor, feral, girl, autumn, trending, funny & sarcastic, funny shirt, typography, minimalist, aesthetic, gift idea, trendy, statement tee",produits/trending/tr_feral_autumn_en__dark.png,produits/trending/tr_feral_autumn_en__light.png
tr_fueled_spite_en,trending,humor,Funny & Sarcastic,,en,Fueled By Spite | Funny & Sarcastic (English) Design,"funny saying, sarcastic, sarcasm, humor, meme shirt, funny quote, introvert humor, fueled, spite, trending, funny & sarcastic, funny shirt, typography, minimalist, aesthetic, gift idea, trendy, statement tee",produits/trending/tr_fueled_spite_en__dark.png,produits/trending/tr_fueled_spite_en__light.png
tr_goblin_mode_en,trending,humor,Funny & Sarcastic,,en,Goblin Mode Activated | Funny & Sarcastic (English) Design,"funny saying, sarcastic, sarcasm, humor, meme shirt, funny quote, introvert humor, goblin, mode, activated, trending, funny & sarcastic, funny shirt, typography, minimalist, aesthetic, gift idea, trendy, statement tee",produits/trending/tr_goblin_mode_en__dark.png,produits/trending/tr_goblin_mode_en__light.png
tr_grand_coeur_fr,trending,humor,Funny & Sarcastic,,fr,"Grand Cœur, Petite Patience | Funny & Sarcastic (French) Design","funny saying, sarcastic, sarcasm, humor, meme shirt, funny quote, introvert humor, grand, petite, patience, trending, funny & sarcastic, funny shirt, typography, minimalist, aesthetic, gift idea, trendy, statement tee",produits/trending/tr_grand_coeur_fr__dark.png,produits/trending/tr_grand_coeur_fr__light.png
tr_gym_gin_en,trending,humor,Funny & Sarcastic,,en,Gym? I Thought You Said Gin | Funny & Sarcastic (English) Design,"funny saying, sarcastic, sarcasm, humor, meme shirt, funny quote, introvert humor, thought, said, trending, funny & sarcastic, funny shirt, typography, minimalist, aesthetic, gift idea, trendy, statement tee",produits/trending/tr_gym_gin_en__dark.png,produits/trending/tr_gym_gin_en__light.png
tr_je_gere_fr,trending,humor,Funny & Sarcastic,,fr,Je Gère (Presque) | Funny & Sarcastic (French) Design,"funny saying, sarcastic, sarcasm, humor, meme shirt, funny quote, introvert humor, gère, presque, trending, funny & sarcastic, funny shirt, typography, minimalist, aesthetic, gift idea, trendy, statement tee",produits/trending/tr_je_gere_fr__dark.png,produits/trending/tr_je_gere_fr__light.png
tr_just_a_girl_en,trending,humor,Funny & Sarcastic,,en,Just A Girl Who Loves Coffee | Funny & Sarcastic (English) Design,"funny saying, sarcastic, sarcasm, humor, meme shirt, funny quote, introvert humor, girl, loves, coffee, trending, funny & sarcastic, funny shirt, typography, minimalist, aesthetic, gift idea, trendy, statement tee",produits/trending/tr_just_a_girl_en__dark.png,produits/trending/tr_just_a_girl_en__light.png
tr_late_cardio_en,trending,humor,Funny & Sarcastic,,en,Running Late Is My Cardio | Funny & Sarcastic (English) Design,"funny saying, sarcastic, sarcasm, humor, meme shirt, funny quote, introvert humor, running, late, cardio, trending, funny & sarcastic, funny shirt, typography, minimalist, aesthetic, gift idea, trendy, statement tee",produits/trending/tr_late_cardio_en__dark.png,produits/trending/tr_late_cardio_en__light.png
tr_living_my_era_en,trending,humor,Funny & Sarcastic,,en,Living In My Best Era | Funny & Sarcastic (English) Design,"funny saying, sarcastic, sarcasm, humor, meme shirt, funny quote, introvert humor, living, best, trending, funny & sarcastic, funny shirt, typography, minimalist, aesthetic, gift idea, trendy, statement tee",produits/trending/tr_living_my_era_en__dark.png,produits/trending/tr_living_my_era_en__light.png
tr_main_character_en,trending,humor,Funny & Sarcastic,,en,Main Character Energy | Funny & Sarcastic (English) Design,"funny saying, sarcastic, sarcasm, humor, meme shirt, funny quote, introvert humor, main, character, energy, trending, funny & sarcastic, funny shirt, typography, minimalist, aesthetic, gift idea, trendy, statement tee",produits/trending/tr_main_character_en__dark.png,produits/trending/tr_main_character_en__light.png
tr_main_character_fr,trending,humor,Funny & Sarcastic,,fr,Héroïne De Ma Vie | Funny & Sarcastic (French) Design,"funny saying, sarcastic, sarcasm, humor, meme shirt, funny quote, introvert humor, héroïne, trending, funny & sarcastic, funny shirt, typography, minimalist, aesthetic, gift idea, trendy, statement tee",produits/trending/tr_main_character_fr__dark.png,produits/trending/tr_main_character_fr__light.png
tr_mamie_mosa_fr,trending,humor,Funny & Sarcastic,,fr,Mamie- Mosa | Funny & Sarcastic (French) Design,"funny saying, sarcastic, sarcasm, humor, meme shirt, funny quote, introvert humor, mamie, mosa, trending, funny & sarcastic, funny shirt, typography, minimalist, aesthetic, gift idea, trendy, statement tee",produits/trending/tr_mamie_mosa_fr__dark.png,produits/trending/tr_mamie_mosa_fr__light.png
tr_mode_ronchon_fr,trending,humor,Funny & Sarcastic,,fr,Mode Ronchon Activé | Funny & Sarcastic (French) Design,"funny saying, sarcastic, sarcasm, humor, meme shirt, funny quote, introvert humor, mode, ronchon, activé, trending, funny & sarcastic, funny shirt, typography, minimalist, aesthetic, gift idea, trendy, statement tee",produits/trending/tr_mode_ronchon_fr__dark.png,produits/trending/tr_mode_ronchon_fr__light.png
tr_motivation_404_fr,trending,humor,Funny & Sarcastic,,fr,Motivation Introuvable | Funny & Sarcastic (French) Design,"funny saying, sarcastic, sarcasm, humor, meme shirt, funny quote, introvert humor, motivation, introuvable, trending, funny & sarcastic, funny shirt, typography, minimalist, aesthetic, gift idea, trendy, statement tee",produits/trending/tr_motivation_404_fr__dark.png,produits/trending/tr_motivation_404_fr__light.png
tr_namastay_bed_en,trending,humor,Funny & Sarcastic,,en,Namast'ay In Bed | Funny & Sarcastic (English) Design,"funny saying, sarcastic, sarcasm, humor, meme shirt, funny quote, introvert humor, namast'ay, trending, funny & sarcastic, funny shirt, typography, minimalist, aesthetic, gift idea, trendy, statement tee",produits/trending/tr_namastay_bed_en__dark.png,produits/trending/tr_namastay_bed_en__light.png
tr_nap_queen_en,trending,humor,Funny & Sarcastic,,en,Nap Queen | Funny & Sarcastic (English) Design,"funny saying, sarcastic, sarcasm, humor, meme shirt, funny quote, introvert humor, queen, trending, funny & sarcastic, funny shirt, typography, minimalist, aesthetic, gift idea, trendy, statement tee",produits/trending/tr_nap_queen_en__dark.png,produits/trending/tr_nap_queen_en__light.png
tr_occupee_rien_fr,trending,humor,Funny & Sarcastic,,fr,Occupée À Rien Faire | Funny & Sarcastic (French) Design,"funny saying, sarcastic, sarcasm, humor, meme shirt, funny quote, introvert humor, occupée, rien, faire, trending, funny & sarcastic, funny shirt, typography, minimalist, aesthetic, gift idea, trendy, statement tee",produits/trending/tr_occupee_rien_fr__dark.png,produits/trending/tr_occupee_rien_fr__light.png
tr_one_more_chapter_en,trending,humor,Funny & Sarcastic,,en,Just One More Chapter | Funny & Sarcastic (English) Design,"funny saying, sarcastic, sarcasm, humor, meme shirt, funny quote, introvert humor, more, chapter, trending, funny & sarcastic, funny shirt, typography, minimalist, aesthetic, gift idea, trendy, statement tee",produits/trending/tr_one_more_chapter_en__dark.png,produits/trending/tr_one_more_chapter_en__light.png
tr_pas_aujourdhui_fr,trending,humor,Funny & Sarcastic,,fr,Pas Aujourd'hui | Funny & Sarcastic (French) Design,"funny saying, sarcastic, sarcasm, humor, meme shirt, funny quote, introvert humor, aujourd'hui, trending, funny & sarcastic, funny shirt, typography, minimalist, aesthetic, gift idea, trendy, statement tee",produits/trending/tr_pas_aujourdhui_fr__dark.png,produits/trending/tr_pas_aujourdhui_fr__light.png
tr_pas_envie_fr,trending,humor,Funny & Sarcastic,,fr,"Pas Le Temps, Pas L'Envie | Funny & Sarcastic (French) Design","funny saying, sarcastic, sarcasm, humor, meme shirt, funny quote, introvert humor, temps, l'envie, trending, funny & sarcastic, funny shirt, typography, minimalist, aesthetic, gift idea, trendy, statement tee",produits/trending/tr_pas_envie_fr__dark.png,produits/trending/tr_pas_envie_fr__light.png
tr_petite_sieste_fr,trending,humor,Funny & Sarcastic,,fr,Juste Une Petite Sieste | Funny & Sarcastic (French) Design,"funny saying, sarcastic, sarcasm, humor, meme shirt, funny quote, introvert humor, juste, petite, sieste, trending, funny & sarcastic, funny shirt, typography, minimalist, aesthetic, gift idea, trendy, statement tee",produits/trending/tr_petite_sieste_fr__dark.png,produits/trending/tr_petite_sieste_fr__light.png
tr_pizza_cardio_en,trending,humor,Funny & Sarcastic,,en,Pizza Is My Cardio | Funny & Sarcastic (English) Design,"funny saying, sarcastic, sarcasm, humor, meme shirt, funny quote, introvert humor, pizza, cardio, trending, funny & sarcastic, funny shirt, typography, minimalist, aesthetic, gift idea, trendy, statement tee",produits/trending/tr_pizza_cardio_en__dark.png,produits/trending/tr_pizza_cardio_en__light.png
tr_pizza_fr,trending,humor,Funny & Sarcastic,,fr,Pizza Mon Amour | Funny & Sarcastic (French) Design,"funny saying, sarcastic, sarcasm, humor, meme shirt, funny quote, introvert humor, pizza, amour, trending, funny & sarcastic, funny shirt, typography, minimalist, aesthetic, gift idea, trendy, statement tee",produits/trending/tr_pizza_fr__dark.png,produits/trending/tr_pizza_fr__light.png
tr_plant_mom_en,trending,humor,Funny & Sarcastic,,en,Plant Mom (Murderer) | Funny & Sarcastic (English) Design,"funny saying, sarcastic, sarcasm, humor, meme shirt, funny quote, introvert humor, plant, murderer, trending, funny & sarcastic, funny shirt, typography, minimalist, aesthetic, gift idea, trendy, statement tee",produits/trending/tr_plant_mom_en__dark.png,produits/trending/tr_plant_mom_en__light.png
tr_propulsee_cafe_fr,trending,humor,Funny & Sarcastic,,fr,Propulsée Au Café | Funny & Sarcastic (French) Design,"funny saying, sarcastic, sarcasm, humor, meme shirt, funny quote, introvert humor, propulsée, café, trending, funny & sarcastic, funny shirt, typography, minimalist, aesthetic, gift idea, trendy, statement tee",produits/trending/tr_propulsee_cafe_fr__dark.png,produits/trending/tr_propulsee_cafe_fr__light.png
tr_pumpkin_everything_en,trending,humor,Funny & Sarcastic,,en,Pumpkin Everything | Funny & Sarcastic (English) Design,"funny saying, sarcastic, sarcasm, humor, meme shirt, funny quote, introvert humor, pumpkin, everything, trending, funny & sarcastic, funny shirt, typography, minimalist, aesthetic, gift idea, trendy, statement tee",produits/trending/tr_pumpkin_everything_en__dark.png,produits/trending/tr_pumpkin_everything_en__light.png
tr_quiet_era_en,trending,humor,Funny & Sarcastic,,en,In My Quiet Era | Funny & Sarcastic (English) Design,"funny saying, sarcastic, sarcasm, humor, meme shirt, funny quote, introvert humor, quiet, trending, funny & sarcastic, funny shirt, typography, minimalist, aesthetic, gift idea, trendy, statement tee",produits/trending/tr_quiet_era_en__dark.png,produits/trending/tr_quiet_era_en__light.png
tr_reine_sieste_fr,trending,humor,Funny & Sarcastic,,fr,Reine De La Sieste | Funny & Sarcastic (French) Design,"funny saying, sarcastic, sarcasm, humor, meme shirt, funny quote, introvert humor, reine, sieste, trending, funny & sarcastic, funny shirt, typography, minimalist, aesthetic, gift idea, trendy, statement tee",produits/trending/tr_reine_sieste_fr__dark.png,produits/trending/tr_reine_sieste_fr__light.png
tr_relou_assume_fr,trending,humor,Funny & Sarcastic,,fr,Relou Mais Assumé | Funny & Sarcastic (French) Design,"funny saying, sarcastic, sarcasm, humor, meme shirt, funny quote, introvert humor, relou, assumé, trending, funny & sarcastic, funny shirt, typography, minimalist, aesthetic, gift idea, trendy, statement tee",produits/trending/tr_relou_assume_fr__dark.png,produits/trending/tr_relou_assume_fr__light.png
tr_resting_beach_en,trending,humor,Funny & Sarcastic,,en,Resting Beach Face | Funny & Sarcastic (English) Design,"funny saying, sarcastic, sarcasm, humor, meme shirt, funny quote, introvert humor, resting, beach, face, trending, funny & sarcastic, funny shirt, typography, minimalist, aesthetic, gift idea, trendy, statement tee",produits/trending/tr_resting_beach_en__dark.png,produits/trending/tr_resting_beach_en__light.png
tr_sarcasm_loading_en,trending,humor,Funny & Sarcastic,,en,Sarcasm Loading... | Funny & Sarcastic (English) Design,"funny saying, sarcastic, sarcasm, humor, meme shirt, funny quote, introvert humor, loading, trending, funny & sarcastic, funny shirt, typography, minimalist, aesthetic, gift idea, trendy, statement tee",produits/trending/tr_sarcasm_loading_en__dark.png,produits/trending/tr_sarcasm_loading_en__light.png
tr_sarcasme_cours_fr,trending,humor,Funny & Sarcastic,,fr,Sarcasme En Cours | Funny & Sarcastic (French) Design,"funny saying, sarcastic, sarcasm, humor, meme shirt, funny quote, introvert humor, sarcasme, cours, trending, funny & sarcastic, funny shirt, typography, minimalist, aesthetic, gift idea, trendy, statement tee",produits/trending/tr_sarcasme_cours_fr__dark.png,produits/trending/tr_sarcasme_cours_fr__light.png
tr_self_made_en,trending,humor,Funny & Sarcastic,,en,Self- Made | Funny & Sarcastic (English) Design,"funny saying, sarcastic, sarcasm, humor, meme shirt, funny quote, introvert humor, self, made, trending, funny & sarcastic, funny shirt, typography, minimalist, aesthetic, gift idea, trendy, statement tee",produits/trending/tr_self_made_en__dark.png,produits/trending/tr_self_made_en__light.png
tr_sieste_power_fr,trending,humor,Funny & Sarcastic,,fr,Sieste Power | Funny & Sarcastic (French) Design,"funny saying, sarcastic, sarcasm, humor, meme shirt, funny quote, introvert humor, sieste, power, trending, funny & sarcastic, funny shirt, typography, minimalist, aesthetic, gift idea, trendy, statement tee",produits/trending/tr_sieste_power_fr__dark.png,produits/trending/tr_sieste_power_fr__light.png
tr_slay_nap_en,trending,humor,Funny & Sarcastic,,en,I Came To Slay (And Nap) | Funny & Sarcastic (English) Design,"funny saying, sarcastic, sarcasm, humor, meme shirt, funny quote, introvert humor, came, slay, trending, funny & sarcastic, funny shirt, typography, minimalist, aesthetic, gift idea, trendy, statement tee",produits/trending/tr_slay_nap_en__dark.png,produits/trending/tr_slay_nap_en__light.png
tr_snack_dealer_en,trending,humor,Funny & Sarcastic,,en,Professional Snack Dealer | Funny & Sarcastic (English) Design,"funny saying, sarcastic, sarcasm, humor, meme shirt, funny quote, introvert humor, professional, snack, dealer, trending, funny & sarcastic, funny shirt, typography, minimalist, aesthetic, gift idea, trendy, statement tee",produits/trending/tr_snack_dealer_en__dark.png,produits/trending/tr_snack_dealer_en__light.png
tr_spooky_vibes_en,trending,humor,Funny & Sarcastic,,en,Spooky Vibes Only | Funny & Sarcastic (English) Design,"funny saying, sarcastic, sarcasm, humor, meme shirt, funny quote, introvert humor, spooky, vibes, trending, funny & sarcastic, funny shirt, typography, minimalist, aesthetic, gift idea, trendy, statement tee",produits/trending/tr_spooky_vibes_en__dark.png,produits/trending/tr_spooky_vibes_en__light.png
tr_squat_wine_en,trending,humor,Funny & Sarcastic,,en,Squat Now Wine Later | Funny & Sarcastic (English) Design,"funny saying, sarcastic, sarcasm, humor, meme shirt, funny quote, introvert humor, squat, wine, later, trending, funny & sarcastic, funny shirt, typography, minimalist, aesthetic, gift idea, trendy, statement tee",produits/trending/tr_squat_wine_en__dark.png,produits/trending/tr_squat_wine_en__light.png
tr_stay_wild_en,trending,humor,Funny & Sarcastic,,en,Stay Wild | Funny & Sarcastic (English) Design,"funny saying, sarcastic, sarcasm, humor, meme shirt, funny quote, introvert humor, stay, wild, trending, funny & sarcastic, funny shirt, typography, minimalist, aesthetic, gift idea, trendy, statement tee",produits/trending/tr_stay_wild_en__dark.png,produits/trending/tr_stay_wild_en__light.png
tr_stressed_blessed_en,trending,humor,Funny & Sarcastic,,en,"Stressed, Blessed Coffee Obsessed | Funny & Sarcastic (English) Design","funny saying, sarcastic, sarcasm, humor, meme shirt, funny quote, introvert humor, stressed, blessed, coffee, obsessed, trending, funny & sarcastic, funny shirt, typography, minimalist, aesthetic, gift idea, trendy, statement tee",produits/trending/tr_stressed_blessed_en__dark.png,produits/trending/tr_stressed_blessed_en__light.png
tr_tacos_fix_en,trending,humor,Funny & Sarcastic,,en,Tacos Fix Everything | Funny & Sarcastic (English) Design,"funny saying, sarcastic, sarcasm, humor, meme shirt, funny quote, introvert humor, tacos, everything, trending, funny & sarcastic, funny shirt, typography, minimalist, aesthetic, gift idea, trendy, statement tee",produits/trending/tr_tacos_fix_en__dark.png,produits/trending/tr_tacos_fix_en__light.png
tr_team_canape_fr,trending,humor,Funny & Sarcastic,,fr,Team Canapé | Funny & Sarcastic (French) Design,"funny saying, sarcastic, sarcasm, humor, meme shirt, funny quote, introvert humor, team, canapé, trending, funny & sarcastic, funny shirt, typography, minimalist, aesthetic, gift idea, trendy, statement tee",produits/trending/tr_team_canape_fr__dark.png,produits/trending/tr_team_canape_fr__light.png
tr_therapist_fine_en,trending,humor,Funny & Sarcastic,,en,My Therapist Says I'm Fine | Funny & Sarcastic (English) Design,"funny saying, sarcastic, sarcasm, humor, meme shirt, funny quote, introvert humor, therapist, says, fine, trending, funny & sarcastic, funny shirt, typography, minimalist, aesthetic, gift idea, trendy, statement tee",produits/trending/tr_therapist_fine_en__dark.png,produits/trending/tr_therapist_fine_en__light.png
tr_thinking_snacks_en,trending,humor,Funny & Sarcastic,,en,Probably Thinking About Snacks | Funny & Sarcastic (English) Design,"funny saying, sarcastic, sarcasm, humor, meme shirt, funny quote, introvert humor, probably, thinking, about, snacks, trending, funny & sarcastic, funny shirt, typography, minimalist, aesthetic, gift idea, trendy, statement tee",produits/trending/tr_thinking_snacks_en__dark.png,produits/trending/tr_thinking_snacks_en__light.png
tr_touch_grass_en,trending,humor,Funny & Sarcastic,,en,Touch Grass (I Won't) | Funny & Sarcastic (English) Design,"funny saying, sarcastic, sarcasm, humor, meme shirt, funny quote, introvert humor, touch, grass, won't, trending, funny & sarcastic, funny shirt, typography, minimalist, aesthetic, gift idea, trendy, statement tee",produits/trending/tr_touch_grass_en__dark.png,produits/trending/tr_touch_grass_en__light.png
tr_unbothered_en,trending,humor,Funny & Sarcastic,,en,Unbothered. Moisturized. | Funny & Sarcastic (English) Design,"funny saying, sarcastic, sarcasm, humor, meme shirt, funny quote, introvert humor, unbothered, moisturized, trending, funny & sarcastic, funny shirt, typography, minimalist, aesthetic, gift idea, trendy, statement tee",produits/trending/tr_unbothered_en__dark.png,produits/trending/tr_unbothered_en__light.png
tr_vibes_only_en,trending,humor,Funny & Sarcastic,,en,Good Vibes Only | Funny & Sarcastic (English) Design,"funny saying, sarcastic, sarcasm, humor, meme shirt, funny quote, introvert humor, good, vibes, trending, funny & sarcastic, funny shirt, typography, minimalist, aesthetic, gift idea, trendy, statement tee",produits/trending/tr_vibes_only_en__dark.png,produits/trending/tr_vibes_only_en__light.png
tr_vin_compagnie_fr,trending,humor,Funny & Sarcastic,,fr,Vin Et Compagnie | Funny & Sarcastic (French) Design,"funny saying, sarcastic, sarcasm, humor, meme shirt, funny quote, introvert humor, compagnie, trending, funny & sarcastic, funny shirt, typography, minimalist, aesthetic, gift idea, trendy, statement tee",produits/trending/tr_vin_compagnie_fr__dark.png,produits/trending/tr_vin_compagnie_fr__light.png
tr_wander_often_en,trending,humor,Funny & Sarcastic,,en,Wander Often | Funny & Sarcastic (English) Design,"funny saying, sarcastic, sarcasm, humor, meme shirt, funny quote, introvert humor, wander, often, trending, funny & sarcastic, funny shirt, typography, minimalist, aesthetic, gift idea, trendy, statement tee",produits/trending/tr_wander_often_en__dark.png,produits/trending/tr_wander_often_en__light.png
tr_weekend_mood_fr,trending,humor,Funny & Sarcastic,,fr,Mood Week-End | Funny & Sarcastic (French) Design,"funny saying, sarcastic, sarcasm, humor, meme shirt, funny quote, introvert humor, mood, week, trending, funny & sarcastic, funny shirt, typography, minimalist, aesthetic, gift idea, trendy, statement tee",produits/trending/tr_weekend_mood_fr__dark.png,produits/trending/tr_weekend_mood_fr__light.png
tr_weekend_wine_en,trending,humor,Funny & Sarcastic,,en,Weekend Forecast: Wine | Funny & Sarcastic (English) Design,"funny saying, sarcastic, sarcasm, humor, meme shirt, funny quote, introvert humor, weekend, forecast, wine, trending, funny & sarcastic, funny shirt, typography, minimalist, aesthetic, gift idea, trendy, statement tee",produits/trending/tr_weekend_wine_en__dark.png,produits/trending/tr_weekend_wine_en__light.png
tr_wine_oclock_en,trending,humor,Funny & Sarcastic,,en,Wine O'Clock | Funny & Sarcastic (English) Design,"funny saying, sarcastic, sarcasm, humor, meme shirt, funny quote, introvert humor, wine, o'clock, trending, funny & sarcastic, funny shirt, typography, minimalist, aesthetic, gift idea, trendy, statement tee",produits/trending/tr_wine_oclock_en__dark.png,produits/trending/tr_wine_oclock_en__light.png
ar_ask_pronouns_en,arrow,lgbtq,LGBTQ Pride,,en,Ask Them About Their Pronouns | LGBTQ Pride (English) Design,"pride, lgbtq, queer, trans rights, love is love, ally, rainbow flag, them, about, their, pronouns, arrow, lgbtq pride, funny shirt, typography, minimalist, aesthetic, gift idea, trendy, statement tee",produits/arrow/ar_ask_pronouns_en__dark.png,produits/arrow/ar_ask_pronouns_en__light.png
co_rien_perd_fr,corrige,lgbtq,LGBTQ Pride,,fr,"Rien Ne Se Perd, Rien Ne Se Crée, Tout Se Transforme → Délocalise | LGBTQ Pride (French) Design","pride, lgbtq, queer, trans rights, love is love, ally, rainbow flag, rien, perd, crée, transforme, délocalise, corrige, lgbtq pride, funny shirt, typography, minimalist, aesthetic, gift idea, trendy, statement tee",produits/corrige/co_rien_perd_fr__dark.png,produits/corrige/co_rien_perd_fr__light.png
he_thembo_en,heart,lgbtq,LGBTQ Pride,,en,I love (S)He(/Them) | LGBTQ Pride (English) Design,"pride, lgbtq, queer, trans rights, love is love, ally, rainbow flag, love, them, heart, lgbtq pride, funny shirt, typography, minimalist, aesthetic, gift idea, trendy, statement tee",produits/heart/he_thembo_en__dark.png,produits/heart/he_thembo_en__light.png
he_wowmen_en,heart,lgbtq,LGBTQ Pride,,en,I love (Wo)Men | LGBTQ Pride (English) Design,"pride, lgbtq, queer, trans rights, love is love, ally, rainbow flag, love, heart, lgbtq pride, funny shirt, typography, minimalist, aesthetic, gift idea, trendy, statement tee",produits/heart/he_wowmen_en__dark.png,produits/heart/he_wowmen_en__light.png
bw_merlin_en,niches,lgbtq,LGBTQ Pride,birdwatching,en,I Let Merlin ID My Pride | LGBTQ Pride (English) Design,"pride, lgbtq, queer, trans rights, love is love, ally, rainbow flag, merlin, birdwatching, niches, lgbtq pride, funny shirt, typography, minimalist, aesthetic, gift idea, trendy, statement tee",produits/niches/bw_merlin_en__dark.png,produits/niches/bw_merlin_en__light.png
rev_homophobia_showing_en,revendications,lgbtq,LGBTQ Pride,,en,Your Homophobia Is Showing | LGBTQ Pride (English) Design,"pride, lgbtq, queer, trans rights, love is love, ally, rainbow flag, homophobia, showing, revendications, lgbtq pride, funny shirt, typography, minimalist, aesthetic, gift idea, trendy, statement tee",produits/revendications/rev_homophobia_showing_en__dark.png,produits/revendications/rev_homophobia_showing_en__light.png
rev_love_is_love_en,revendications,lgbtq,LGBTQ Pride,,en,Love Is Love | LGBTQ Pride (English) Design,"pride, lgbtq, queer, trans rights, love is love, ally, rainbow flag, love, revendications, lgbtq pride, funny shirt, typography, minimalist, aesthetic, gift idea, trendy, statement tee",produits/revendications/rev_love_is_love_en__dark.png,produits/revendications/rev_love_is_love_en__light.png
rev_pride_en,revendications,lgbtq,LGBTQ Pride,,en,"Proud Ally, Loud Ally | LGBTQ Pride (English) Design","pride, lgbtq, queer, trans rights, love is love, ally, rainbow flag, proud, loud, revendications, lgbtq pride, funny shirt, typography, minimalist, aesthetic, gift idea, trendy, statement tee",produits/revendications/rev_pride_en__dark.png,produits/revendications/rev_pride_en__light.png
rev_some_gay_en,revendications,lgbtq,LGBTQ Pride,,en,Some People Are Gay. Get Over It. | LGBTQ Pride (English) Design,"pride, lgbtq, queer, trans rights, love is love, ally, rainbow flag, some, people, over, revendications, lgbtq pride, funny shirt, typography, minimalist, aesthetic, gift idea, trendy, statement tee",produits/revendications/rev_some_gay_en__dark.png,produits/revendications/rev_some_gay_en__light.png
st_pride_love,stoner,lgbtq,LGBTQ Pride,,en,Love Is Love | LGBTQ Pride (English) Design,"pride, lgbtq, queer, trans rights, love is love, ally, rainbow flag, love, stoner, lgbtq pride, funny shirt, typography, minimalist, aesthetic, gift idea, trendy, statement tee",produits/stoner/st_pride_love__dark.png,produits/stoner/st_pride_love__light.png
fm_caution_overthink_en,formats,mental_health,Mental Health & Neurodivergent,caution,en,Warning Overthinking In Progress | Mental Health & Neurodivergent (English) Design,"mental health, neurodivergent, adhd, autism, anxiety, introvert, self care, neurospicy, warning, overthinking, progress, caution, formats, mental health & neurodivergent, funny shirt, typography, minimalist, aesthetic, gift idea, trendy, statement tee",produits/formats/fm_caution_overthink_en__dark.png,produits/formats/fm_caution_overthink_en__light.png
id_adhd_en,identite,mental_health,Mental Health & Neurodivergent,,en,ADHD Brain | Mental Health & Neurodivergent (English) Design,"mental health, neurodivergent, adhd, autism, anxiety, introvert, self care, neurospicy, brain, identite, mental health & neurodivergent, funny shirt, typography, minimalist, aesthetic, gift idea, trendy, statement tee",produits/identite/id_adhd_en__dark.png,produits/identite/id_adhd_en__light.png
id_autistic_en,identite,mental_health,Mental Health & Neurodivergent,,en,Autistic & Proud | Mental Health & Neurodivergent (English) Design,"mental health, neurodivergent, adhd, autism, anxiety, introvert, self care, neurospicy, autistic, proud, identite, mental health & neurodivergent, funny shirt, typography, minimalist, aesthetic, gift idea, trendy, statement tee",produits/identite/id_autistic_en__dark.png,produits/identite/id_autistic_en__light.png
id_autistisch_de,identite,mental_health,Mental Health & Neurodivergent,,de,Stolz Autistisch | Mental Health & Neurodivergent (German) Design,"mental health, neurodivergent, adhd, autism, anxiety, introvert, self care, neurospicy, stolz, autistisch, identite, mental health & neurodivergent, funny shirt, typography, minimalist, aesthetic, gift idea, trendy, statement tee",produits/identite/id_autistisch_de__dark.png,produits/identite/id_autistisch_de__light.png
id_hypersensible_fr,identite,mental_health,Mental Health & Neurodivergent,,fr,Hypersensible | Mental Health & Neurodivergent (French) Design,"mental health, neurodivergent, adhd, autism, anxiety, introvert, self care, neurospicy, hypersensible, identite, mental health & neurodivergent, funny shirt, typography, minimalist, aesthetic, gift idea, trendy, statement tee",produits/identite/id_hypersensible_fr__dark.png,produits/identite/id_hypersensible_fr__light.png
id_instable_fr,identite,mental_health,Mental Health & Neurodivergent,,fr,Instable Mais Adorable | Mental Health & Neurodivergent (French) Design,"mental health, neurodivergent, adhd, autism, anxiety, introvert, self care, neurospicy, instable, adorable, identite, mental health & neurodivergent, funny shirt, typography, minimalist, aesthetic, gift idea, trendy, statement tee",produits/identite/id_instable_fr__dark.png,produits/identite/id_instable_fr__light.png
id_introvert_en,identite,mental_health,Mental Health & Neurodivergent,,en,Proud Introvert | Mental Health & Neurodivergent (English) Design,"mental health, neurodivergent, adhd, autism, anxiety, introvert, self care, neurospicy, proud, identite, mental health & neurodivergent, funny shirt, typography, minimalist, aesthetic, gift idea, trendy, statement tee",produits/identite/id_introvert_en__dark.png,produits/identite/id_introvert_en__light.png
id_neurospicy_en,identite,mental_health,Mental Health & Neurodivergent,,en,Neurospicy | Mental Health & Neurodivergent (English) Design,"mental health, neurodivergent, adhd, autism, anxiety, introvert, self care, neurospicy, identite, mental health & neurodivergent, funny shirt, typography, minimalist, aesthetic, gift idea, trendy, statement tee",produits/identite/id_neurospicy_en__dark.png,produits/identite/id_neurospicy_en__light.png
id_overthinker_en,identite,mental_health,Mental Health & Neurodivergent,,en,Certified Overthinker | Mental Health & Neurodivergent (English) Design,"mental health, neurodivergent, adhd, autism, anxiety, introvert, self care, neurospicy, certified, overthinker, identite, mental health & neurodivergent, funny shirt, typography, minimalist, aesthetic, gift idea, trendy, statement tee",produits/identite/id_overthinker_en__dark.png,produits/identite/id_overthinker_en__light.png
id_schizo_fr,identite,mental_health,Mental Health & Neurodivergent,,fr,Schizophrène & Charmant | Mental Health & Neurodivergent (French) Design,"mental health, neurodivergent, adhd, autism, anxiety, introvert, self care, neurospicy, schizophrène, charmant, identite, mental health & neurodivergent, funny shirt, typography, minimalist, aesthetic, gift idea, trendy, statement tee",produits/identite/id_schizo_fr__dark.png,produits/identite/id_schizo_fr__light.png
id_spicy_en,identite,mental_health,Mental Health & Neurodivergent,,en,Mentally Spicy | Mental Health & Neurodivergent (English) Design,"mental health, neurodivergent, adhd, autism, anxiety, introvert, self care, neurospicy, mentally, spicy, identite, mental health & neurodivergent, funny shirt, typography, minimalist, aesthetic, gift idea, trendy, statement tee",produits/identite/id_spicy_en__dark.png,produits/identite/id_spicy_en__light.png
ir_neurone_solo_fr,ironique,mental_health,Mental Health & Neurodivergent,,fr,Ton Neurone Doit Se Sentir Bien Seul | Mental Health & Neurodivergent (French) Design,"mental health, neurodivergent, adhd, autism, anxiety, introvert, self care, neurospicy, neurone, doit, sentir, bien, seul, ironique, mental health & neurodivergent, funny shirt, typography, minimalist, aesthetic, gift idea, trendy, statement tee",produits/ironique/ir_neurone_solo_fr__dark.png,produits/ironique/ir_neurone_solo_fr__light.png
ne_adhd_en,neuro,mental_health,Mental Health & Neurodivergent,,en,"ADHD: I Finish Every— Oh, A Bird! | Mental Health & Neurodivergent (English) Design","mental health, neurodivergent, adhd, autism, anxiety, introvert, self care, neurospicy, finish, every, bird, neuro, mental health & neurodivergent, funny shirt, typography, minimalist, aesthetic, gift idea, trendy, statement tee",produits/neuro/ne_adhd_en__dark.png,produits/neuro/ne_adhd_en__light.png
ne_alphabet_fr,neuro,mental_health,Mental Health & Neurodivergent,,fr,Je Connais L'Alphabet Par Cœur : A B D C F E... | Mental Health & Neurodivergent (French) Design,"mental health, neurodivergent, adhd, autism, anxiety, introvert, self care, neurospicy, connais, l'alphabet, neuro, mental health & neurodivergent, funny shirt, typography, minimalist, aesthetic, gift idea, trendy, statement tee",produits/neuro/ne_alphabet_fr__dark.png,produits/neuro/ne_alphabet_fr__light.png
ne_anxiety_en,neuro,mental_health,Mental Health & Neurodivergent,,en,My Anxiety And I Have Decided Everyone Hates Us | Mental Health & Neurodivergent (English) Design,"mental health, neurodivergent, adhd, autism, anxiety, introvert, self care, neurospicy, decided, everyone, hates, neuro, mental health & neurodivergent, funny shirt, typography, minimalist, aesthetic, gift idea, trendy, statement tee",produits/neuro/ne_anxiety_en__dark.png,produits/neuro/ne_anxiety_en__light.png
ne_anxieux_fr,neuro,mental_health,Mental Health & Neurodivergent,,fr,Mon Anxiété Et Moi On A Déjà Prévu Le Pire | Mental Health & Neurodivergent (French) Design,"mental health, neurodivergent, adhd, autism, anxiety, introvert, self care, neurospicy, anxiété, déjà, prévu, pire, neuro, mental health & neurodivergent, funny shirt, typography, minimalist, aesthetic, gift idea, trendy, statement tee",produits/neuro/ne_anxieux_fr__dark.png,produits/neuro/ne_anxieux_fr__light.png
ne_autism_en,neuro,mental_health,Mental Health & Neurodivergent,,en,Autistic & Awesome Ask Me About Trains | Mental Health & Neurodivergent (English) Design,"mental health, neurodivergent, adhd, autism, anxiety, introvert, self care, neurospicy, autistic, awesome, about, trains, neuro, mental health & neurodivergent, funny shirt, typography, minimalist, aesthetic, gift idea, trendy, statement tee",produits/neuro/ne_autism_en__dark.png,produits/neuro/ne_autism_en__light.png
ne_autiste_fr,neuro,mental_health,Mental Health & Neurodivergent,,fr,Autiste Et Fier Demande-Moi Un Truc Précis | Mental Health & Neurodivergent (French) Design,"mental health, neurodivergent, adhd, autism, anxiety, introvert, self care, neurospicy, autiste, fier, demande, truc, précis, neuro, mental health & neurodivergent, funny shirt, typography, minimalist, aesthetic, gift idea, trendy, statement tee",produits/neuro/ne_autiste_fr__dark.png,produits/neuro/ne_autiste_fr__light.png
ne_cerveau_fr,neuro,mental_health,Mental Health & Neurodivergent,,fr,Cerveau Différent. Même Valeur. | Mental Health & Neurodivergent (French) Design,"mental health, neurodivergent, adhd, autism, anxiety, introvert, self care, neurospicy, cerveau, différent, même, valeur, neuro, mental health & neurodivergent, funny shirt, typography, minimalist, aesthetic, gift idea, trendy, statement tee",produits/neuro/ne_cerveau_fr__dark.png,produits/neuro/ne_cerveau_fr__light.png
ne_different_brain_en,neuro,mental_health,Mental Health & Neurodivergent,,en,Different Brain. Same Worth. | Mental Health & Neurodivergent (English) Design,"mental health, neurodivergent, adhd, autism, anxiety, introvert, self care, neurospicy, different, brain, same, worth, neuro, mental health & neurodivergent, funny shirt, typography, minimalist, aesthetic, gift idea, trendy, statement tee",produits/neuro/ne_different_brain_en__dark.png,produits/neuro/ne_different_brain_en__light.png
ne_dys_team_fr,neuro,mental_health,Mental Health & Neurodivergent,,fr,Team Dys On Lit Lentement Mais On Pense Vite | Mental Health & Neurodivergent (French) Design,"mental health, neurodivergent, adhd, autism, anxiety, introvert, self care, neurospicy, team, lentement, pense, vite, neuro, mental health & neurodivergent, funny shirt, typography, minimalist, aesthetic, gift idea, trendy, statement tee",produits/neuro/ne_dys_team_fr__dark.png,produits/neuro/ne_dys_team_fr__light.png
ne_dyscalculia_en,neuro,mental_health,Mental Health & Neurodivergent,,en,Dyscalculic & 100% Sure This Is 200% | Mental Health & Neurodivergent (English) Design,"mental health, neurodivergent, adhd, autism, anxiety, introvert, self care, neurospicy, dyscalculic, sure, neuro, mental health & neurodivergent, funny shirt, typography, minimalist, aesthetic, gift idea, trendy, statement tee",produits/neuro/ne_dyscalculia_en__dark.png,produits/neuro/ne_dyscalculia_en__light.png
ne_dyscalculie_fr,neuro,mental_health,Mental Health & Neurodivergent,,fr,"Dyscalculique, Aussi Sûr Que 1 + 1 Font 3 | Mental Health & Neurodivergent (French) Design","mental health, neurodivergent, adhd, autism, anxiety, introvert, self care, neurospicy, dyscalculique, aussi, font, neuro, mental health & neurodivergent, funny shirt, typography, minimalist, aesthetic, gift idea, trendy, statement tee",produits/neuro/ne_dyscalculie_fr__dark.png,produits/neuro/ne_dyscalculie_fr__light.png
ne_dyslexic_en,neuro,mental_health,Mental Health & Neurodivergent,,en,Proud To Be Dsylexic (See? Fine.) | Mental Health & Neurodivergent (English) Design,"mental health, neurodivergent, adhd, autism, anxiety, introvert, self care, neurospicy, proud, dsylexic, fine, neuro, mental health & neurodivergent, funny shirt, typography, minimalist, aesthetic, gift idea, trendy, statement tee",produits/neuro/ne_dyslexic_en__dark.png,produits/neuro/ne_dyslexic_en__light.png
ne_dyslexique_fr,neuro,mental_health,Mental Health & Neurodivergent,,fr,Fier D'Être Dsylexqiue ! | Mental Health & Neurodivergent (French) Design,"mental health, neurodivergent, adhd, autism, anxiety, introvert, self care, neurospicy, fier, d'être, dsylexqiue, neuro, mental health & neurodivergent, funny shirt, typography, minimalist, aesthetic, gift idea, trendy, statement tee",produits/neuro/ne_dyslexique_fr__dark.png,produits/neuro/ne_dyslexique_fr__light.png
ne_dyspraxie_fr,neuro,mental_health,Mental Health & Neurodivergent,,fr,Dyspraxique : Champion Du Monde Des Bleus | Mental Health & Neurodivergent (French) Design,"mental health, neurodivergent, adhd, autism, anxiety, introvert, self care, neurospicy, dyspraxique, champion, monde, bleus, neuro, mental health & neurodivergent, funny shirt, typography, minimalist, aesthetic, gift idea, trendy, statement tee",produits/neuro/ne_dyspraxie_fr__dark.png,produits/neuro/ne_dyspraxie_fr__light.png
ne_late_en,neuro,mental_health,Mental Health & Neurodivergent,,en,Time Blindness: I'm Always Almost There | Mental Health & Neurodivergent (English) Design,"mental health, neurodivergent, adhd, autism, anxiety, introvert, self care, neurospicy, time, blindness, always, almost, there, neuro, mental health & neurodivergent, funny shirt, typography, minimalist, aesthetic, gift idea, trendy, statement tee",produits/neuro/ne_late_en__dark.png,produits/neuro/ne_late_en__light.png
ne_neuroatypique_fr,neuro,mental_health,Mental Health & Neurodivergent,,fr,Pas Cassé. Juste Neuro- Atypique | Mental Health & Neurodivergent (French) Design,"mental health, neurodivergent, adhd, autism, anxiety, introvert, self care, neurospicy, cassé, juste, neuro, atypique, mental health & neurodivergent, funny shirt, typography, minimalist, aesthetic, gift idea, trendy, statement tee",produits/neuro/ne_neuroatypique_fr__dark.png,produits/neuro/ne_neuroatypique_fr__light.png
ne_neurospicy_en,neuro,mental_health,Mental Health & Neurodivergent,,en,Not Broken. Just Neuro-Spicy | Mental Health & Neurodivergent (English) Design,"mental health, neurodivergent, adhd, autism, anxiety, introvert, self care, neurospicy, broken, neuro, spicy, mental health & neurodivergent, funny shirt, typography, minimalist, aesthetic, gift idea, trendy, statement tee",produits/neuro/ne_neurospicy_en__dark.png,produits/neuro/ne_neurospicy_en__light.png
ne_orgullo_es,neuro,mental_health,Mental Health & Neurodivergent,,es,Orgulloso De Ser Disléxico (O Dixléxico) | Mental Health & Neurodivergent (Spanish) Design,"mental health, neurodivergent, adhd, autism, anxiety, introvert, self care, neurospicy, orgulloso, disléxico, dixléxico, neuro, mental health & neurodivergent, funny shirt, typography, minimalist, aesthetic, gift idea, trendy, statement tee",produits/neuro/ne_orgullo_es__dark.png,produits/neuro/ne_orgullo_es__light.png
ne_overthink_en,neuro,mental_health,Mental Health & Neurodivergent,,en,Professional Overthinker Since Forever | Mental Health & Neurodivergent (English) Design,"mental health, neurodivergent, adhd, autism, anxiety, introvert, self care, neurospicy, professional, overthinker, since, forever, neuro, mental health & neurodivergent, funny shirt, typography, minimalist, aesthetic, gift idea, trendy, statement tee",produits/neuro/ne_overthink_en__dark.png,produits/neuro/ne_overthink_en__light.png
ne_retard_fr,neuro,mental_health,Mental Health & Neurodivergent,,fr,Cécité Temporelle : J'Arrive Dans Cinq Minutes (×10) | Mental Health & Neurodivergent (French) Design,"mental health, neurodivergent, adhd, autism, anxiety, introvert, self care, neurospicy, cécité, temporelle, j'arrive, cinq, minutes, neuro, mental health & neurodivergent, funny shirt, typography, minimalist, aesthetic, gift idea, trendy, statement tee",produits/neuro/ne_retard_fr__dark.png,produits/neuro/ne_retard_fr__light.png
ne_sensory_en,neuro,mental_health,Mental Health & Neurodivergent,,en,Sensory Overload But Make It Fashion | Mental Health & Neurodivergent (English) Design,"mental health, neurodivergent, adhd, autism, anxiety, introvert, self care, neurospicy, sensory, overload, make, fashion, neuro, mental health & neurodivergent, funny shirt, typography, minimalist, aesthetic, gift idea, trendy, statement tee",produits/neuro/ne_sensory_en__dark.png,produits/neuro/ne_sensory_en__light.png
ne_stimming_en,neuro,mental_health,Mental Health & Neurodivergent,,en,"I Stim, Therefore I Am | Mental Health & Neurodivergent (English) Design","mental health, neurodivergent, adhd, autism, anxiety, introvert, self care, neurospicy, stim, therefore, neuro, mental health & neurodivergent, funny shirt, typography, minimalist, aesthetic, gift idea, trendy, statement tee",produits/neuro/ne_stimming_en__dark.png,produits/neuro/ne_stimming_en__light.png
ne_stolz_de,neuro,mental_health,Mental Health & Neurodivergent,,de,Stolz Neurodivergent Zu Sein | Mental Health & Neurodivergent (German) Design,"mental health, neurodivergent, adhd, autism, anxiety, introvert, self care, neurospicy, stolz, sein, neuro, mental health & neurodivergent, funny shirt, typography, minimalist, aesthetic, gift idea, trendy, statement tee",produits/neuro/ne_stolz_de__dark.png,produits/neuro/ne_stolz_de__light.png
ne_surpenseur_fr,neuro,mental_health,Mental Health & Neurodivergent,,fr,Surpenseur Diplômé (3h Sur Ce Texte) | Mental Health & Neurodivergent (French) Design,"mental health, neurodivergent, adhd, autism, anxiety, introvert, self care, neurospicy, surpenseur, diplômé, texte, neuro, mental health & neurodivergent, funny shirt, typography, minimalist, aesthetic, gift idea, trendy, statement tee",produits/neuro/ne_surpenseur_fr__dark.png,produits/neuro/ne_surpenseur_fr__light.png
ne_tdah_fr,neuro,mental_health,Mental Health & Neurodivergent,,fr,TDAH : Je Finis Toujours Mes— Un Chat ! | Mental Health & Neurodivergent (French) Design,"mental health, neurodivergent, adhd, autism, anxiety, introvert, self care, neurospicy, tdah, finis, toujours, chat, neuro, mental health & neurodivergent, funny shirt, typography, minimalist, aesthetic, gift idea, trendy, statement tee",produits/neuro/ne_tdah_fr__dark.png,produits/neuro/ne_tdah_fr__light.png
ne_untie_en,neuro,mental_health,Mental Health & Neurodivergent,,en,"Dyslexics Of The World, Untie ! | Mental Health & Neurodivergent (English) Design","mental health, neurodivergent, adhd, autism, anxiety, introvert, self care, neurospicy, dyslexics, world, untie, neuro, mental health & neurodivergent, funny shirt, typography, minimalist, aesthetic, gift idea, trendy, statement tee",produits/neuro/ne_untie_en__dark.png,produits/neuro/ne_untie_en__light.png
3dp_first_layer_en,niches,mental_health,Mental Health & Neurodivergent,3d_printing,en,First Layer Anxiety Is a Diagnosis | Mental Health & Neurodivergent (English) Design,"mental health, neurodivergent, adhd, autism, anxiety, introvert, self care, neurospicy, first, layer, diagnosis, 3d printing, niches, mental health & neurodivergent, funny shirt, typography, minimalist, aesthetic, gift idea, trendy, statement tee",produits/niches/3dp_first_layer_en__dark.png,produits/niches/3dp_first_layer_en__light.png
pl_introvert_cat_en,punchlines,mental_health,Mental Health & Neurodivergent,,en,Introvert. Except For My Cat | Mental Health & Neurodivergent (English) Design,"mental health, neurodivergent, adhd, autism, anxiety, introvert, self care, neurospicy, except, punchlines, mental health & neurodivergent, funny shirt, typography, minimalist, aesthetic, gift idea, trendy, statement tee",produits/punchlines/pl_introvert_cat_en__dark.png,produits/punchlines/pl_introvert_cat_en__light.png
pl_introvert_loading_en,punchlines,mental_health,Mental Health & Neurodivergent,,en,Social Battery: Critically Low | Mental Health & Neurodivergent (English) Design,"mental health, neurodivergent, adhd, autism, anxiety, introvert, self care, neurospicy, social, battery, critically, punchlines, mental health & neurodivergent, funny shirt, typography, minimalist, aesthetic, gift idea, trendy, statement tee",produits/punchlines/pl_introvert_loading_en__dark.png,produits/punchlines/pl_introvert_loading_en__light.png
rev_empathie_fr,revendications,mental_health,Mental Health & Neurodivergent,,fr,"L'Empathie, Essaie Un Jour | Mental Health & Neurodivergent (French) Design","mental health, neurodivergent, adhd, autism, anxiety, introvert, self care, neurospicy, l'empathie, essaie, jour, revendications, mental health & neurodivergent, funny shirt, typography, minimalist, aesthetic, gift idea, trendy, statement tee",produits/revendications/rev_empathie_fr__dark.png,produits/revendications/rev_empathie_fr__light.png
rev_mental_fr,revendications,mental_health,Mental Health & Neurodivergent,,fr,"La Santé Mentale, C'Est Pas Du Luxe | Mental Health & Neurodivergent (French) Design","mental health, neurodivergent, adhd, autism, anxiety, introvert, self care, neurospicy, santé, mentale, c'est, luxe, revendications, mental health & neurodivergent, funny shirt, typography, minimalist, aesthetic, gift idea, trendy, statement tee",produits/revendications/rev_mental_fr__dark.png,produits/revendications/rev_mental_fr__light.png
tr_coffee_anxiety_en,trending,mental_health,Mental Health & Neurodivergent,,en,Powered By Coffee & Anxiety | Mental Health & Neurodivergent (English) Design,"mental health, neurodivergent, adhd, autism, anxiety, introvert, self care, neurospicy, powered, coffee, trending, mental health & neurodivergent, funny shirt, typography, minimalist, aesthetic, gift idea, trendy, statement tee",produits/trending/tr_coffee_anxiety_en__dark.png,produits/trending/tr_coffee_anxiety_en__light.png
tr_introvert_energy_en,trending,mental_health,Mental Health & Neurodivergent,,en,Introvert Energy | Mental Health & Neurodivergent (English) Design,"mental health, neurodivergent, adhd, autism, anxiety, introvert, self care, neurospicy, energy, trending, mental health & neurodivergent, funny shirt, typography, minimalist, aesthetic, gift idea, trendy, statement tee",produits/trending/tr_introvert_energy_en__dark.png,produits/trending/tr_introvert_energy_en__light.png
tr_introverti_de_party_fr,trending,mental_health,Mental Health & Neurodivergent,,fr,L'Âme De La Fête (À La Maison) | Mental Health & Neurodivergent (French) Design,"mental health, neurodivergent, adhd, autism, anxiety, introvert, self care, neurospicy, l'âme, fête, maison, trending, mental health & neurodivergent, funny shirt, typography, minimalist, aesthetic, gift idea, trendy, statement tee",produits/trending/tr_introverti_de_party_fr__dark.png,produits/trending/tr_introverti_de_party_fr__light.png
tr_introvertie_fr,trending,mental_health,Mental Health & Neurodivergent,,fr,Introvertie En Action | Mental Health & Neurodivergent (French) Design,"mental health, neurodivergent, adhd, autism, anxiety, introvert, self care, neurospicy, introvertie, action, trending, mental health & neurodivergent, funny shirt, typography, minimalist, aesthetic, gift idea, trendy, statement tee",produits/trending/tr_introvertie_fr__dark.png,produits/trending/tr_introvertie_fr__light.png
tr_overstimulated_mom_en,trending,mental_health,Mental Health & Neurodivergent,,en,Overstimulated Mom | Mental Health & Neurodivergent (English) Design,"mental health, neurodivergent, adhd, autism, anxiety, introvert, self care, neurospicy, overstimulated, trending, mental health & neurodivergent, funny shirt, typography, minimalist, aesthetic, gift idea, trendy, statement tee",produits/trending/tr_overstimulated_mom_en__dark.png,produits/trending/tr_overstimulated_mom_en__light.png
tr_pro_overthinker_en,trending,mental_health,Mental Health & Neurodivergent,,en,Professional Overthinker | Mental Health & Neurodivergent (English) Design,"mental health, neurodivergent, adhd, autism, anxiety, introvert, self care, neurospicy, professional, overthinker, trending, mental health & neurodivergent, funny shirt, typography, minimalist, aesthetic, gift idea, trendy, statement tee",produits/trending/tr_pro_overthinker_en__dark.png,produits/trending/tr_pro_overthinker_en__light.png
ar_meilleur_fr,arrow,pets,Pets & Animals Lovers,,fr,Mon Meilleur Ami (Le Chien) | Pets & Animals Lovers (French) Design,"dog mom, pet lover, dog dad, reptile, animal parent, pet gift, meilleur, chien, arrow, pets & animals lovers, funny shirt, typography, minimalist, aesthetic, gift idea, trendy, statement tee",produits/arrow/ar_meilleur_fr__dark.png,produits/arrow/ar_meilleur_fr__light.png
he_gens_chien_fr,heart,pets,Pets & Animals Lovers,,fr,J' love Les Gens not Les Gens but Mon Chien | Pets & Animals Lovers (French) Design,"dog mom, pet lover, dog dad, reptile, animal parent, pet gift, love, gens, chien, heart, pets & animals lovers, funny shirt, typography, minimalist, aesthetic, gift idea, trendy, statement tee",produits/heart/he_gens_chien_fr__dark.png,produits/heart/he_gens_chien_fr__light.png
he_men_dogs_en,heart,pets,Pets & Animals Lovers,,en,I love Men not Men but My Dog | Pets & Animals Lovers (English) Design,"dog mom, pet lover, dog dad, reptile, animal parent, pet gift, love, heart, pets & animals lovers, funny shirt, typography, minimalist, aesthetic, gift idea, trendy, statement tee",produits/heart/he_men_dogs_en__dark.png,produits/heart/he_men_dogs_en__light.png
id_axolotl_mom_en,identite,pets,Pets & Animals Lovers,,en,Axolotl Mom | Pets & Animals Lovers (English) Design,"dog mom, pet lover, dog dad, reptile, animal parent, pet gift, axolotl, identite, pets & animals lovers, funny shirt, typography, minimalist, aesthetic, gift idea, trendy, statement tee",produits/identite/id_axolotl_mom_en__dark.png,produits/identite/id_axolotl_mom_en__light.png
id_bunny_mom_en,identite,pets,Pets & Animals Lovers,,en,Bunny Mom | Pets & Animals Lovers (English) Design,"dog mom, pet lover, dog dad, reptile, animal parent, pet gift, bunny, identite, pets & animals lovers, funny shirt, typography, minimalist, aesthetic, gift idea, trendy, statement tee",produits/identite/id_bunny_mom_en__dark.png,produits/identite/id_bunny_mom_en__light.png
id_dog_dad_en,identite,pets,Pets & Animals Lovers,,en,Dog Dad | Pets & Animals Lovers (English) Design,"dog mom, pet lover, dog dad, reptile, animal parent, pet gift, identite, pets & animals lovers, funny shirt, typography, minimalist, aesthetic, gift idea, trendy, statement tee",produits/identite/id_dog_dad_en__dark.png,produits/identite/id_dog_dad_en__light.png
id_dog_mom_en,identite,pets,Pets & Animals Lovers,,en,Dog Mom | Pets & Animals Lovers (English) Design,"dog mom, pet lover, dog dad, reptile, animal parent, pet gift, identite, pets & animals lovers, funny shirt, typography, minimalist, aesthetic, gift idea, trendy, statement tee",produits/identite/id_dog_mom_en__dark.png,produits/identite/id_dog_mom_en__light.png
id_dragon_dad_en,identite,pets,Pets & Animals Lovers,,en,Bearded Dragon Dad | Pets & Animals Lovers (English) Design,"dog mom, pet lover, dog dad, reptile, animal parent, pet gift, bearded, dragon, identite, pets & animals lovers, funny shirt, typography, minimalist, aesthetic, gift idea, trendy, statement tee",produits/identite/id_dragon_dad_en__dark.png,produits/identite/id_dragon_dad_en__light.png
id_ferret_dad_en,identite,pets,Pets & Animals Lovers,,en,Ferret Dad | Pets & Animals Lovers (English) Design,"dog mom, pet lover, dog dad, reptile, animal parent, pet gift, ferret, identite, pets & animals lovers, funny shirt, typography, minimalist, aesthetic, gift idea, trendy, statement tee",produits/identite/id_ferret_dad_en__dark.png,produits/identite/id_ferret_dad_en__light.png
id_frog_dad_en,identite,pets,Pets & Animals Lovers,,en,Frog Dad | Pets & Animals Lovers (English) Design,"dog mom, pet lover, dog dad, reptile, animal parent, pet gift, frog, identite, pets & animals lovers, funny shirt, typography, minimalist, aesthetic, gift idea, trendy, statement tee",produits/identite/id_frog_dad_en__dark.png,produits/identite/id_frog_dad_en__light.png
id_gecko_dad_en,identite,pets,Pets & Animals Lovers,,en,Gecko Dad | Pets & Animals Lovers (English) Design,"dog mom, pet lover, dog dad, reptile, animal parent, pet gift, gecko, identite, pets & animals lovers, funny shirt, typography, minimalist, aesthetic, gift idea, trendy, statement tee",produits/identite/id_gecko_dad_en__dark.png,produits/identite/id_gecko_dad_en__light.png
id_hamster_dad_en,identite,pets,Pets & Animals Lovers,,en,Hamster Dad | Pets & Animals Lovers (English) Design,"dog mom, pet lover, dog dad, reptile, animal parent, pet gift, hamster, identite, pets & animals lovers, funny shirt, typography, minimalist, aesthetic, gift idea, trendy, statement tee",produits/identite/id_hamster_dad_en__dark.png,produits/identite/id_hamster_dad_en__light.png
id_horse_girl_en,identite,pets,Pets & Animals Lovers,,en,Horse Girl | Pets & Animals Lovers (English) Design,"dog mom, pet lover, dog dad, reptile, animal parent, pet gift, horse, girl, identite, pets & animals lovers, funny shirt, typography, minimalist, aesthetic, gift idea, trendy, statement tee",produits/identite/id_horse_girl_en__dark.png,produits/identite/id_horse_girl_en__light.png
id_papa_chien_fr,identite,pets,Pets & Animals Lovers,,fr,Papa De Chien | Pets & Animals Lovers (French) Design,"dog mom, pet lover, dog dad, reptile, animal parent, pet gift, papa, chien, identite, pets & animals lovers, funny shirt, typography, minimalist, aesthetic, gift idea, trendy, statement tee",produits/identite/id_papa_chien_fr__dark.png,produits/identite/id_papa_chien_fr__light.png
id_parrot_mom_en,identite,pets,Pets & Animals Lovers,,en,Parrot Mom | Pets & Animals Lovers (English) Design,"dog mom, pet lover, dog dad, reptile, animal parent, pet gift, parrot, identite, pets & animals lovers, funny shirt, typography, minimalist, aesthetic, gift idea, trendy, statement tee",produits/identite/id_parrot_mom_en__dark.png,produits/identite/id_parrot_mom_en__light.png
id_rat_dad_en,identite,pets,Pets & Animals Lovers,,en,Rat Dad | Pets & Animals Lovers (English) Design,"dog mom, pet lover, dog dad, reptile, animal parent, pet gift, identite, pets & animals lovers, funny shirt, typography, minimalist, aesthetic, gift idea, trendy, statement tee",produits/identite/id_rat_dad_en__dark.png,produits/identite/id_rat_dad_en__light.png
id_reptile_dad_en,identite,pets,Pets & Animals Lovers,,en,Reptile Dad | Pets & Animals Lovers (English) Design,"dog mom, pet lover, dog dad, reptile, animal parent, pet gift, identite, pets & animals lovers, funny shirt, typography, minimalist, aesthetic, gift idea, trendy, statement tee",produits/identite/id_reptile_dad_en__dark.png,produits/identite/id_reptile_dad_en__light.png
id_snake_mom_en,identite,pets,Pets & Animals Lovers,,en,Snake Mom | Pets & Animals Lovers (English) Design,"dog mom, pet lover, dog dad, reptile, animal parent, pet gift, snake, identite, pets & animals lovers, funny shirt, typography, minimalist, aesthetic, gift idea, trendy, statement tee",produits/identite/id_snake_mom_en__dark.png,produits/identite/id_snake_mom_en__light.png
bc_agility_en,niches,pets,Pets & Animals Lovers,border_collie,en,My Dog Has Agility Titles I Have Snacks | Pets & Animals Lovers (English) Design,"dog mom, pet lover, dog dad, reptile, animal parent, pet gift, agility, titles, snacks, border collie, niches, pets & animals lovers, funny shirt, typography, minimalist, aesthetic, gift idea, trendy, statement tee",produits/niches/bc_agility_en__dark.png,produits/niches/bc_agility_en__light.png
book_dragon_en,niches,pets,Pets & Animals Lovers,book_lovers,en,Book Dragon Not Worm | Pets & Animals Lovers (English) Design,"dog mom, pet lover, dog dad, reptile, animal parent, pet gift, book, dragon, worm, book lovers, niches, pets & animals lovers, funny shirt, typography, minimalist, aesthetic, gift idea, trendy, statement tee",produits/niches/book_dragon_en__dark.png,produits/niches/book_dragon_en__light.png
bunny_fluff_en,niches,pets,Pets & Animals Lovers,rabbits,en,Fluff Addict | Pets & Animals Lovers (English) Design,"dog mom, pet lover, dog dad, reptile, animal parent, pet gift, fluff, addict, rabbits, niches, pets & animals lovers, funny shirt, typography, minimalist, aesthetic, gift idea, trendy, statement tee",produits/niches/bunny_fluff_en__dark.png,produits/niches/bunny_fluff_en__light.png
bunny_mom_en,niches,pets,Pets & Animals Lovers,rabbits,en,Bunny Mom & Loving It | Pets & Animals Lovers (English) Design,"dog mom, pet lover, dog dad, reptile, animal parent, pet gift, bunny, loving, rabbits, niches, pets & animals lovers, funny shirt, typography, minimalist, aesthetic, gift idea, trendy, statement tee",produits/niches/bunny_mom_en__dark.png,produits/niches/bunny_mom_en__light.png
bunny_runs_house_en,niches,pets,Pets & Animals Lovers,rabbits,en,My Rabbit Runs This House | Pets & Animals Lovers (English) Design,"dog mom, pet lover, dog dad, reptile, animal parent, pet gift, rabbit, runs, house, rabbits, niches, pets & animals lovers, funny shirt, typography, minimalist, aesthetic, gift idea, trendy, statement tee",produits/niches/bunny_runs_house_en__dark.png,produits/niches/bunny_runs_house_en__light.png
chi_big_dog_en,niches,pets,Pets & Animals Lovers,chihuahua,en,Thinks She's a Rottweiler She's 2kg | Pets & Animals Lovers (English) Design,"dog mom, pet lover, dog dad, reptile, animal parent, pet gift, thinks, she's, rottweiler, chihuahua, niches, pets & animals lovers, funny shirt, typography, minimalist, aesthetic, gift idea, trendy, statement tee",produits/niches/chi_big_dog_en__dark.png,produits/niches/chi_big_dog_en__light.png
doh_aboyer_fr,niches,pets,Pets & Animals Lovers,dog_over_humans,fr,Je préfère entendre mon chien aboyer que les cons causer | Pets & Animals Lovers (French) Design,"dog mom, pet lover, dog dad, reptile, animal parent, pet gift, préfère, entendre, chien, aboyer, cons, dog over humans, niches, pets & animals lovers, funny shirt, typography, minimalist, aesthetic, gift idea, trendy, statement tee",produits/niches/doh_aboyer_fr__dark.png,produits/niches/doh_aboyer_fr__light.png
doh_annuler_fr,niches,pets,Pets & Animals Lovers,dog_over_humans,fr,J'annule des plans pour mon chien. Pas pour toi. | Pets & Animals Lovers (French) Design,"dog mom, pet lover, dog dad, reptile, animal parent, pet gift, j'annule, plans, chien, dog over humans, niches, pets & animals lovers, funny shirt, typography, minimalist, aesthetic, gift idea, trendy, statement tee",produits/niches/doh_annuler_fr__dark.png,produits/niches/doh_annuler_fr__light.png
doh_bark_en,niches,pets,Pets & Animals Lovers,dog_over_humans,en,I'd Rather Hear My Dog Bark Than People Talk | Pets & Animals Lovers (English) Design,"dog mom, pet lover, dog dad, reptile, animal parent, pet gift, rather, hear, bark, than, people, dog over humans, niches, pets & animals lovers, funny shirt, typography, minimalist, aesthetic, gift idea, trendy, statement tee",produits/niches/doh_bark_en__dark.png,produits/niches/doh_bark_en__light.png
doh_beklagt_de,niches,pets,Pets & Animals Lovers,dog_over_humans,de,Mein Hund beklagt sich weniger als du | Pets & Animals Lovers (German) Design,"dog mom, pet lover, dog dad, reptile, animal parent, pet gift, mein, hund, beklagt, sich, weniger, dog over humans, niches, pets & animals lovers, funny shirt, typography, minimalist, aesthetic, gift idea, trendy, statement tee",produits/niches/doh_beklagt_de__dark.png,produits/niches/doh_beklagt_de__light.png
doh_cancel_en,niches,pets,Pets & Animals Lovers,dog_over_humans,en,I'd Cancel Plans for My Dog. Not for You. | Pets & Animals Lovers (English) Design,"dog mom, pet lover, dog dad, reptile, animal parent, pet gift, cancel, plans, dog over humans, niches, pets & animals lovers, funny shirt, typography, minimalist, aesthetic, gift idea, trendy, statement tee",produits/niches/doh_cancel_en__dark.png,produits/niches/doh_cancel_en__light.png
doh_compagnia_it,niches,pets,Pets & Animals Lovers,dog_over_humans,it,Preferisco il mio cane alla tua compagnia | Pets & Animals Lovers (Italian) Design,"dog mom, pet lover, dog dad, reptile, animal parent, pet gift, preferisco, cane, alla, compagnia, dog over humans, niches, pets & animals lovers, funny shirt, typography, minimalist, aesthetic, gift idea, trendy, statement tee",produits/niches/doh_compagnia_it__dark.png,produits/niches/doh_compagnia_it__light.png
doh_company_en,niches,pets,Pets & Animals Lovers,dog_over_humans,en,My Dog Is Better Company Than Most Humans | Pets & Animals Lovers (English) Design,"dog mom, pet lover, dog dad, reptile, animal parent, pet gift, better, company, than, most, humans, dog over humans, niches, pets & animals lovers, funny shirt, typography, minimalist, aesthetic, gift idea, trendy, statement tee",produits/niches/doh_company_en__dark.png,produits/niches/doh_company_en__light.png
doh_decu_fr,niches,pets,Pets & Animals Lovers,dog_over_humans,fr,Mon chien ne m'a jamais déçu. Les gens si. | Pets & Animals Lovers (French) Design,"dog mom, pet lover, dog dad, reptile, animal parent, pet gift, chien, jamais, déçu, gens, dog over humans, niches, pets & animals lovers, funny shirt, typography, minimalist, aesthetic, gift idea, trendy, statement tee",produits/niches/doh_decu_fr__dark.png,produits/niches/doh_decu_fr__light.png
doh_home_for_en,niches,pets,Pets & Animals Lovers,dog_over_humans,en,I Go Home Early for My Dog | Pets & Animals Lovers (English) Design,"dog mom, pet lover, dog dad, reptile, animal parent, pet gift, home, early, dog over humans, niches, pets & animals lovers, funny shirt, typography, minimalist, aesthetic, gift idea, trendy, statement tee",produits/niches/doh_home_for_en__dark.png,produits/niches/doh_home_for_en__light.png
doh_inviter_fr,niches,pets,Pets & Animals Lovers,dog_over_humans,fr,Si tu n'aimes pas les chiens Ne me parle pas | Pets & Animals Lovers (French) Design,"dog mom, pet lover, dog dad, reptile, animal parent, pet gift, n'aimes, chiens, parle, dog over humans, niches, pets & animals lovers, funny shirt, typography, minimalist, aesthetic, gift idea, trendy, statement tee",produits/niches/doh_inviter_fr__dark.png,produits/niches/doh_inviter_fr__light.png
doh_judge_en,niches,pets,Pets & Animals Lovers,dog_over_humans,en,My Dog Doesn't Judge That's Why I Prefer Him | Pets & Animals Lovers (English) Design,"dog mom, pet lover, dog dad, reptile, animal parent, pet gift, doesn't, judge, that's, prefer, dog over humans, niches, pets & animals lovers, funny shirt, typography, minimalist, aesthetic, gift idea, trendy, statement tee",produits/niches/doh_judge_en__dark.png,produits/niches/doh_judge_en__light.png
doh_juge_fr,niches,pets,Pets & Animals Lovers,dog_over_humans,fr,Mon Chien Ne Me Juge Pas Les Humains Si | Pets & Animals Lovers (French) Design,"dog mom, pet lover, dog dad, reptile, animal parent, pet gift, chien, juge, humains, dog over humans, niches, pets & animals lovers, funny shirt, typography, minimalist, aesthetic, gift idea, trendy, statement tee",produits/niches/doh_juge_fr__dark.png,produits/niches/doh_juge_fr__light.png
doh_kenn_de,niches,pets,Pets & Animals Lovers,dog_over_humans,de,Je mehr Menschen ich kenne Desto mehr liebe ich meinen Hund | Pets & Animals Lovers (German) Design,"dog mom, pet lover, dog dad, reptile, animal parent, pet gift, mehr, menschen, kenne, desto, liebe, dog over humans, niches, pets & animals lovers, funny shirt, typography, minimalist, aesthetic, gift idea, trendy, statement tee",produits/niches/doh_kenn_de__dark.png,produits/niches/doh_kenn_de__light.png
doh_ladridos_es,niches,pets,Pets & Animals Lovers,dog_over_humans,es,Prefiero los ladridos de mi perro a tu conversación | Pets & Animals Lovers (Spanish) Design,"dog mom, pet lover, dog dad, reptile, animal parent, pet gift, prefiero, ladridos, perro, conversación, dog over humans, niches, pets & animals lovers, funny shirt, typography, minimalist, aesthetic, gift idea, trendy, statement tee",produits/niches/doh_ladridos_es__dark.png,produits/niches/doh_ladridos_es__light.png
doh_let_down_en,niches,pets,Pets & Animals Lovers,dog_over_humans,en,My Dog Never Let Me Down People Do | Pets & Animals Lovers (English) Design,"dog mom, pet lover, dog dad, reptile, animal parent, pet gift, never, down, people, dog over humans, niches, pets & animals lovers, funny shirt, typography, minimalist, aesthetic, gift idea, trendy, statement tee",produits/niches/doh_let_down_en__dark.png,produits/niches/doh_let_down_en__light.png
doh_mas_conozco_es,niches,pets,Pets & Animals Lovers,dog_over_humans,es,Cuanto más conozco a la gente Más quiero a mi perro | Pets & Animals Lovers (Spanish) Design,"dog mom, pet lover, dog dad, reptile, animal parent, pet gift, cuanto, conozco, gente, quiero, perro, dog over humans, niches, pets & animals lovers, funny shirt, typography, minimalist, aesthetic, gift idea, trendy, statement tee",produits/niches/doh_mas_conozco_es__dark.png,produits/niches/doh_mas_conozco_es__light.png
doh_meinung_de,niches,pets,Pets & Animals Lovers,dog_over_humans,de,Lieber mein Hund als deine Meinung | Pets & Animals Lovers (German) Design,"dog mom, pet lover, dog dad, reptile, animal parent, pet gift, lieber, mein, hund, deine, meinung, dog over humans, niches, pets & animals lovers, funny shirt, typography, minimalist, aesthetic, gift idea, trendy, statement tee",produits/niches/doh_meinung_de__dark.png,produits/niches/doh_meinung_de__light.png
doh_more_i_know_en,niches,pets,Pets & Animals Lovers,dog_over_humans,en,The More I Know People The More I Love My Dog | Pets & Animals Lovers (English) Design,"dog mom, pet lover, dog dad, reptile, animal parent, pet gift, more, know, people, love, dog over humans, niches, pets & animals lovers, funny shirt, typography, minimalist, aesthetic, gift idea, trendy, statement tee",produits/niches/doh_more_i_know_en__dark.png,produits/niches/doh_more_i_know_en__light.png
doh_nach_hause_de,niches,pets,Pets & Animals Lovers,dog_over_humans,de,Ich gehe nach Hause Mein Hund wartet | Pets & Animals Lovers (German) Design,"dog mom, pet lover, dog dad, reptile, animal parent, pet gift, gehe, nach, hause, mein, hund, dog over humans, niches, pets & animals lovers, funny shirt, typography, minimalist, aesthetic, gift idea, trendy, statement tee",produits/niches/doh_nach_hause_de__dark.png,produits/niches/doh_nach_hause_de__light.png
doh_party_en,niches,pets,Pets & Animals Lovers,dog_over_humans,en,"No Thanks, I'm Going to Be with My Dog | Pets & Animals Lovers (English) Design","dog mom, pet lover, dog dad, reptile, animal parent, pet gift, thanks, going, dog over humans, niches, pets & animals lovers, funny shirt, typography, minimalist, aesthetic, gift idea, trendy, statement tee",produits/niches/doh_party_en__dark.png,produits/niches/doh_party_en__light.png
doh_persone_it,niches,pets,Pets & Animals Lovers,dog_over_humans,it,Più conosco le persone Più amo il mio cane | Pets & Animals Lovers (Italian) Design,"dog mom, pet lover, dog dad, reptile, animal parent, pet gift, conosco, persone, cane, dog over humans, niches, pets & animals lovers, funny shirt, typography, minimalist, aesthetic, gift idea, trendy, statement tee",produits/niches/doh_persone_it__dark.png,produits/niches/doh_persone_it__light.png
doh_planes_es,niches,pets,Pets & Animals Lovers,dog_over_humans,es,Cancelo planes por mi perro. No por ti. | Pets & Animals Lovers (Spanish) Design,"dog mom, pet lover, dog dad, reptile, animal parent, pet gift, cancelo, planes, perro, dog over humans, niches, pets & animals lovers, funny shirt, typography, minimalist, aesthetic, gift idea, trendy, statement tee",produits/niches/doh_planes_es__dark.png,produits/niches/doh_planes_es__light.png
doh_plus_je_connais_fr,niches,pets,Pets & Animals Lovers,dog_over_humans,fr,Plus je connais les gens Plus j'aime mon chien | Pets & Animals Lovers (French) Design,"dog mom, pet lover, dog dad, reptile, animal parent, pet gift, connais, gens, j'aime, chien, dog over humans, niches, pets & animals lovers, funny shirt, typography, minimalist, aesthetic, gift idea, trendy, statement tee",produits/niches/doh_plus_je_connais_fr__dark.png,produits/niches/doh_plus_je_connais_fr__light.png
doh_rentrer_fr,niches,pets,Pets & Animals Lovers,dog_over_humans,fr,Je veux rentrer pour voir mon chien | Pets & Animals Lovers (French) Design,"dog mom, pet lover, dog dad, reptile, animal parent, pet gift, veux, rentrer, voir, chien, dog over humans, niches, pets & animals lovers, funny shirt, typography, minimalist, aesthetic, gift idea, trendy, statement tee",produits/niches/doh_rentrer_fr__dark.png,produits/niches/doh_rentrer_fr__light.png
dw_best_human_en,niches,pets,Pets & Animals Lovers,dog_wit,en,My Dog Thinks I'm the Best Person Low Bar. I'll Take It. | Pets & Animals Lovers (English) Design,"dog mom, pet lover, dog dad, reptile, animal parent, pet gift, thinks, best, person, i'll, take, dog wit, niches, pets & animals lovers, funny shirt, typography, minimalist, aesthetic, gift idea, trendy, statement tee",produits/niches/dw_best_human_en__dark.png,produits/niches/dw_best_human_en__light.png
dw_could_talk_en,niches,pets,Pets & Animals Lovers,dog_wit,en,If My Dog Could Talk He'd Tell You to Stop Barking | Pets & Animals Lovers (English) Design,"dog mom, pet lover, dog dad, reptile, animal parent, pet gift, could, talk, he'd, tell, stop, dog wit, niches, pets & animals lovers, funny shirt, typography, minimalist, aesthetic, gift idea, trendy, statement tee",produits/niches/dw_could_talk_en__dark.png,produits/niches/dw_could_talk_en__light.png
dw_hund_de,niches,pets,Pets & Animals Lovers,dog_wit,de,Ich dachte ich erziehe meinen Hund Er hat mich erzogen | Pets & Animals Lovers (German) Design,"dog mom, pet lover, dog dad, reptile, animal parent, pet gift, dachte, erziehe, meinen, hund, mich, dog wit, niches, pets & animals lovers, funny shirt, typography, minimalist, aesthetic, gift idea, trendy, statement tee",produits/niches/dw_hund_de__dark.png,produits/niches/dw_hund_de__light.png
dw_maitre_fr,niches,pets,Pets & Animals Lovers,dog_wit,fr,Je croyais dresser mon chien C'est lui qui m'a dressé | Pets & Animals Lovers (French) Design,"dog mom, pet lover, dog dad, reptile, animal parent, pet gift, croyais, dresser, chien, c'est, dressé, dog wit, niches, pets & animals lovers, funny shirt, typography, minimalist, aesthetic, gift idea, trendy, statement tee",produits/niches/dw_maitre_fr__dark.png,produits/niches/dw_maitre_fr__light.png
dw_meilleur_ami_fr,niches,pets,Pets & Animals Lovers,dog_wit,fr,Mon chien est mon meilleur ami Il ne me le dit pas mais c'est réciproque | Pets & Animals Lovers (French) Design,"dog mom, pet lover, dog dad, reptile, animal parent, pet gift, chien, meilleur, c'est, réciproque, dog wit, niches, pets & animals lovers, funny shirt, typography, minimalist, aesthetic, gift idea, trendy, statement tee",produits/niches/dw_meilleur_ami_fr__dark.png,produits/niches/dw_meilleur_ami_fr__light.png
dw_parler_fr,niches,pets,Pets & Animals Lovers,dog_wit,fr,Si mon chien pouvait parler c'est lui qui te dirait d'arrêter d'aboyer | Pets & Animals Lovers (French) Design,"dog mom, pet lover, dog dad, reptile, animal parent, pet gift, chien, pouvait, parler, c'est, dirait, dog wit, niches, pets & animals lovers, funny shirt, typography, minimalist, aesthetic, gift idea, trendy, statement tee",produits/niches/dw_parler_fr__dark.png,produits/niches/dw_parler_fr__light.png
dw_patron_fr,niches,pets,Pets & Animals Lovers,dog_wit,fr,Mon chien a plus de sens commun que la plupart des gens que je connais | Pets & Animals Lovers (French) Design,"dog mom, pet lover, dog dad, reptile, animal parent, pet gift, chien, sens, commun, plupart, gens, dog wit, niches, pets & animals lovers, funny shirt, typography, minimalist, aesthetic, gift idea, trendy, statement tee",produits/niches/dw_patron_fr__dark.png,produits/niches/dw_patron_fr__light.png
dw_perro_es,niches,pets,Pets & Animals Lovers,dog_wit,es,Pensé que lo adiestraba Me adestro a mí | Pets & Animals Lovers (Spanish) Design,"dog mom, pet lover, dog dad, reptile, animal parent, pet gift, pensé, adiestraba, adestro, dog wit, niches, pets & animals lovers, funny shirt, typography, minimalist, aesthetic, gift idea, trendy, statement tee",produits/niches/dw_perro_es__dark.png,produits/niches/dw_perro_es__light.png
dw_trained_me_en,niches,pets,Pets & Animals Lovers,dog_wit,en,I Thought I Was Training Him He Was Training Me | Pets & Animals Lovers (English) Design,"dog mom, pet lover, dog dad, reptile, animal parent, pet gift, thought, training, dog wit, niches, pets & animals lovers, funny shirt, typography, minimalist, aesthetic, gift idea, trendy, statement tee",produits/niches/dw_trained_me_en__dark.png,produits/niches/dw_trained_me_en__light.png
dx_ivdd_en,niches,pets,Pets & Animals Lovers,dachshund,en,IVDD Aware My Wiener Is Worth It | Pets & Animals Lovers (English) Design,"dog mom, pet lover, dog dad, reptile, animal parent, pet gift, ivdd, aware, wiener, worth, dachshund, niches, pets & animals lovers, funny shirt, typography, minimalist, aesthetic, gift idea, trendy, statement tee",produits/niches/dx_ivdd_en__dark.png,produits/niches/dx_ivdd_en__light.png
dx_long_short_en,niches,pets,Pets & Animals Lovers,dachshund,en,Long Dog Short Fuse | Pets & Animals Lovers (English) Design,"dog mom, pet lover, dog dad, reptile, animal parent, pet gift, long, short, fuse, dachshund, niches, pets & animals lovers, funny shirt, typography, minimalist, aesthetic, gift idea, trendy, statement tee",produits/niches/dx_long_short_en__dark.png,produits/niches/dx_long_short_en__light.png
dx_low_rider_en,niches,pets,Pets & Animals Lovers,dachshund,en,Low Rider Loud Opinions | Pets & Animals Lovers (English) Design,"dog mom, pet lover, dog dad, reptile, animal parent, pet gift, rider, loud, opinions, dachshund, niches, pets & animals lovers, funny shirt, typography, minimalist, aesthetic, gift idea, trendy, statement tee",produits/niches/dx_low_rider_en__dark.png,produits/niches/dx_low_rider_en__light.png
dx_sausage_en,niches,pets,Pets & Animals Lovers,dachshund,en,Half Dog Half Sausage. All Attitude. | Pets & Animals Lovers (English) Design,"dog mom, pet lover, dog dad, reptile, animal parent, pet gift, half, sausage, attitude, dachshund, niches, pets & animals lovers, funny shirt, typography, minimalist, aesthetic, gift idea, trendy, statement tee",produits/niches/dx_sausage_en__dark.png,produits/niches/dx_sausage_en__light.png
dx_stairs_no_en,niches,pets,Pets & Animals Lovers,dachshund,en,No Stairs Vet's Orders. He Ignores Them. | Pets & Animals Lovers (English) Design,"dog mom, pet lover, dog dad, reptile, animal parent, pet gift, stairs, vet's, orders, ignores, them, dachshund, niches, pets & animals lovers, funny shirt, typography, minimalist, aesthetic, gift idea, trendy, statement tee",produits/niches/dx_stairs_no_en__dark.png,produits/niches/dx_stairs_no_en__light.png
goat_tiny_horse_en,niches,pets,Pets & Animals Lovers,goats,en,Tiny Horses with Opinions | Pets & Animals Lovers (English) Design,"dog mom, pet lover, dog dad, reptile, animal parent, pet gift, tiny, horses, opinions, goats, niches, pets & animals lovers, funny shirt, typography, minimalist, aesthetic, gift idea, trendy, statement tee",produits/niches/goat_tiny_horse_en__dark.png,produits/niches/goat_tiny_horse_en__light.png
horse_born_wrong_century_en,niches,pets,Pets & Animals Lovers,horse_riding,en,Born in the Wrong Century | Pets & Animals Lovers (English) Design,"dog mom, pet lover, dog dad, reptile, animal parent, pet gift, born, wrong, century, horse riding, niches, pets & animals lovers, funny shirt, typography, minimalist, aesthetic, gift idea, trendy, statement tee",produits/niches/horse_born_wrong_century_en__dark.png,produits/niches/horse_born_wrong_century_en__light.png
horse_girl_en,niches,pets,Pets & Animals Lovers,horse_riding,en,Horse Girl Unapologetically | Pets & Animals Lovers (English) Design,"dog mom, pet lover, dog dad, reptile, animal parent, pet gift, horse, girl, unapologetically, horse riding, niches, pets & animals lovers, funny shirt, typography, minimalist, aesthetic, gift idea, trendy, statement tee",produits/niches/horse_girl_en__dark.png,produits/niches/horse_girl_en__light.png
horse_hay_wine_en,niches,pets,Pets & Animals Lovers,horse_riding,en,Hay Is for Horses I Want Wine | Pets & Animals Lovers (English) Design,"dog mom, pet lover, dog dad, reptile, animal parent, pet gift, horses, want, wine, horse riding, niches, pets & animals lovers, funny shirt, typography, minimalist, aesthetic, gift idea, trendy, statement tee",produits/niches/horse_hay_wine_en__dark.png,produits/niches/horse_hay_wine_en__light.png
horse_therapist_en,niches,pets,Pets & Animals Lovers,horse_riding,en,My Therapist Has Four Legs | Pets & Animals Lovers (English) Design,"dog mom, pet lover, dog dad, reptile, animal parent, pet gift, therapist, four, legs, horse riding, niches, pets & animals lovers, funny shirt, typography, minimalist, aesthetic, gift idea, trendy, statement tee",produits/niches/horse_therapist_en__dark.png,produits/niches/horse_therapist_en__light.png
kn_frog_again_en,niches,pets,Pets & Animals Lovers,knitting,en,Frogged It Again. Third Time. | Pets & Animals Lovers (English) Design,"dog mom, pet lover, dog dad, reptile, animal parent, pet gift, frogged, again, third, time, knitting, niches, pets & animals lovers, funny shirt, typography, minimalist, aesthetic, gift idea, trendy, statement tee",produits/niches/kn_frog_again_en__dark.png,produits/niches/kn_frog_again_en__light.png
parr_flock_en,niches,pets,Pets & Animals Lovers,parrots,en,Flock This | Pets & Animals Lovers (English) Design,"dog mom, pet lover, dog dad, reptile, animal parent, pet gift, flock, parrots, niches, pets & animals lovers, funny shirt, typography, minimalist, aesthetic, gift idea, trendy, statement tee",produits/niches/parr_flock_en__dark.png,produits/niches/parr_flock_en__light.png
parr_judges_en,niches,pets,Pets & Animals Lovers,parrots,en,My Parrot Judges You | Pets & Animals Lovers (English) Design,"dog mom, pet lover, dog dad, reptile, animal parent, pet gift, parrot, judges, parrots, niches, pets & animals lovers, funny shirt, typography, minimalist, aesthetic, gift idea, trendy, statement tee",produits/niches/parr_judges_en__dark.png,produits/niches/parr_judges_en__light.png
parr_polly_en,niches,pets,Pets & Animals Lovers,parrots,en,Polly Wants Everything | Pets & Animals Lovers (English) Design,"dog mom, pet lover, dog dad, reptile, animal parent, pet gift, polly, wants, everything, parrots, niches, pets & animals lovers, funny shirt, typography, minimalist, aesthetic, gift idea, trendy, statement tee",produits/niches/parr_polly_en__dark.png,produits/niches/parr_polly_en__light.png
rept_lizard_mom_en,niches,pets,Pets & Animals Lovers,reptiles,en,Lizard Mom & Cold Blooded | Pets & Animals Lovers (English) Design,"dog mom, pet lover, dog dad, reptile, animal parent, pet gift, lizard, cold, blooded, reptiles, niches, pets & animals lovers, funny shirt, typography, minimalist, aesthetic, gift idea, trendy, statement tee",produits/niches/rept_lizard_mom_en__dark.png,produits/niches/rept_lizard_mom_en__light.png
rept_scale_mom_en,niches,pets,Pets & Animals Lovers,reptiles,en,Scale Mom | Pets & Animals Lovers (English) Design,"dog mom, pet lover, dog dad, reptile, animal parent, pet gift, scale, reptiles, niches, pets & animals lovers, funny shirt, typography, minimalist, aesthetic, gift idea, trendy, statement tee",produits/niches/rept_scale_mom_en__dark.png,produits/niches/rept_scale_mom_en__light.png
rept_snek_en,niches,pets,Pets & Animals Lovers,reptiles,en,Danger Noodle Owner | Pets & Animals Lovers (English) Design,"dog mom, pet lover, dog dad, reptile, animal parent, pet gift, danger, noodle, owner, reptiles, niches, pets & animals lovers, funny shirt, typography, minimalist, aesthetic, gift idea, trendy, statement tee",produits/niches/rept_snek_en__dark.png,produits/niches/rept_snek_en__light.png
rev_dog_thinks_en,revendications,pets,Pets & Animals Lovers,,en,Be The Person Your Dog Thinks You Are | Pets & Animals Lovers (English) Design,"dog mom, pet lover, dog dad, reptile, animal parent, pet gift, person, thinks, revendications, pets & animals lovers, funny shirt, typography, minimalist, aesthetic, gift idea, trendy, statement tee",produits/revendications/rev_dog_thinks_en__dark.png,produits/revendications/rev_dog_thinks_en__light.png
tr_calin_chien_fr,trending,pets,Pets & Animals Lovers,,fr,Câlin Avec Mon Chien | Pets & Animals Lovers (French) Design,"dog mom, pet lover, dog dad, reptile, animal parent, pet gift, câlin, chien, trending, pets & animals lovers, funny shirt, typography, minimalist, aesthetic, gift idea, trendy, statement tee",produits/trending/tr_calin_chien_fr__dark.png,produits/trending/tr_calin_chien_fr__light.png
tr_chien_meilleur_fr,trending,pets,Pets & Animals Lovers,,fr,"Mon Chien, Mon Thérapeute | Pets & Animals Lovers (French) Design","dog mom, pet lover, dog dad, reptile, animal parent, pet gift, chien, thérapeute, trending, pets & animals lovers, funny shirt, typography, minimalist, aesthetic, gift idea, trendy, statement tee",produits/trending/tr_chien_meilleur_fr__dark.png,produits/trending/tr_chien_meilleur_fr__light.png
tr_dog_mom_era_en,trending,pets,Pets & Animals Lovers,,en,Dog Mom Era | Pets & Animals Lovers (English) Design,"dog mom, pet lover, dog dad, reptile, animal parent, pet gift, trending, pets & animals lovers, funny shirt, typography, minimalist, aesthetic, gift idea, trendy, statement tee",produits/trending/tr_dog_mom_era_en__dark.png,produits/trending/tr_dog_mom_era_en__light.png
tr_maman_chien_fr,trending,pets,Pets & Animals Lovers,,fr,Maman Chien | Pets & Animals Lovers (French) Design,"dog mom, pet lover, dog dad, reptile, animal parent, pet gift, maman, chien, trending, pets & animals lovers, funny shirt, typography, minimalist, aesthetic, gift idea, trendy, statement tee",produits/trending/tr_maman_chien_fr__dark.png,produits/trending/tr_maman_chien_fr__light.png
an_alergique_fr,anti,politics,Activist & Leftist,,fr,"Allergique Aux Fachos, Patrons, Lundis, Hypocrites, Cons, Menteurs, | Activist & Leftist (French) Design","activist, eat the rich, anti capitalist, leftist, protest, revolution, socialist, class war, allergique, fachos, patrons, lundis, hypocrites, anti, activist & leftist, funny shirt, typography, minimalist, aesthetic, gift idea, trendy, statement tee",produits/anti/an_alergique_fr__dark.png,produits/anti/an_alergique_fr__light.png
an_allergic_en,anti,politics,Activist & Leftist,,en,"Allergic To Racists, Fascists, Bosses, Mondays, Small Talk, Excuses, | Activist & Leftist (English) Design","activist, eat the rich, anti capitalist, leftist, protest, revolution, socialist, class war, allergic, racists, fascists, bosses, mondays, anti, activist & leftist, funny shirt, typography, minimalist, aesthetic, gift idea, trendy, statement tee",produits/anti/an_allergic_en__dark.png,produits/anti/an_allergic_en__light.png
an_anti_fr,anti,politics,Activist & Leftist,,fr,"Anti Fascisme, Capitalisme, Ultra-Riches, Pollueurs, Racisme, Patriarcat, | Activist & Leftist (French) Design","activist, eat the rich, anti capitalist, leftist, protest, revolution, socialist, class war, anti, fascisme, capitalisme, ultra, riches, activist & leftist, funny shirt, typography, minimalist, aesthetic, gift idea, trendy, statement tee",produits/anti/an_anti_fr__dark.png,produits/anti/an_anti_fr__light.png
an_marre_fr,anti,politics,Activist & Leftist,,fr,"Marre Des Milliardaires, Excuses, Pollueurs, Fachos, Mensonges, Burn-Out, | Activist & Leftist (French) Design","activist, eat the rich, anti capitalist, leftist, protest, revolution, socialist, class war, marre, milliardaires, excuses, pollueurs, fachos, anti, activist & leftist, funny shirt, typography, minimalist, aesthetic, gift idea, trendy, statement tee",produits/anti/an_marre_fr__dark.png,produits/anti/an_marre_fr__light.png
an_pro_fr,anti,politics,Activist & Leftist,,fr,"Pour L'Écologie, L'Égalité, Les Chats, Les Droits, La Paix, Le Partage, | Activist & Leftist (French) Design","activist, eat the rich, anti capitalist, leftist, protest, revolution, socialist, class war, l'écologie, l'égalité, chats, droits, paix, anti, activist & leftist, funny shirt, typography, minimalist, aesthetic, gift idea, trendy, statement tee",produits/anti/an_pro_fr__dark.png,produits/anti/an_pro_fr__light.png
an_tired_en,anti,politics,Activist & Leftist,,en,"Tired Of Billionaires, Excuses, Greenwashing, Bigots, Lies, Hustle, | Activist & Leftist (English) Design","activist, eat the rich, anti capitalist, leftist, protest, revolution, socialist, class war, tired, billionaires, excuses, greenwashing, bigots, anti, activist & leftist, funny shirt, typography, minimalist, aesthetic, gift idea, trendy, statement tee",produits/anti/an_tired_en__dark.png,produits/anti/an_tired_en__light.png
ar_antifa_fr,arrow,politics,Activist & Leftist,,fr,Mon Pote Est Antifa | Activist & Leftist (French) Design,"activist, eat the rich, anti capitalist, leftist, protest, revolution, socialist, class war, pote, antifa, arrow, activist & leftist, funny shirt, typography, minimalist, aesthetic, gift idea, trendy, statement tee",produits/arrow/ar_antifa_fr__dark.png,produits/arrow/ar_antifa_fr__light.png
ar_resistance_en,arrow,politics,Activist & Leftist,,en,I'm With The Resistance | Activist & Leftist (English) Design,"activist, eat the rich, anti capitalist, leftist, protest, revolution, socialist, class war, resistance, arrow, activist & leftist, funny shirt, typography, minimalist, aesthetic, gift idea, trendy, statement tee",produits/arrow/ar_resistance_en__dark.png,produits/arrow/ar_resistance_en__light.png
ar_thon_fr,arrow,politics,Activist & Leftist,,fr,Demande-Lui Pourquoi Il Mange Du Thon | Activist & Leftist (French) Design,"activist, eat the rich, anti capitalist, leftist, protest, revolution, socialist, class war, demande, pourquoi, mange, thon, arrow, activist & leftist, funny shirt, typography, minimalist, aesthetic, gift idea, trendy, statement tee",produits/arrow/ar_thon_fr__dark.png,produits/arrow/ar_thon_fr__light.png
ar_trie_pas_fr,arrow,politics,Activist & Leftist,,fr,Demande-Lui Pourquoi Il Trie Pas | Activist & Leftist (French) Design,"activist, eat the rich, anti capitalist, leftist, protest, revolution, socialist, class war, demande, pourquoi, trie, arrow, activist & leftist, funny shirt, typography, minimalist, aesthetic, gift idea, trendy, statement tee",produits/arrow/ar_trie_pas_fr__dark.png,produits/arrow/ar_trie_pas_fr__light.png
ar_voté_fr,arrow,politics,Activist & Leftist,,fr,Il A Voté Pour Ça | Activist & Leftist (French) Design,"activist, eat the rich, anti capitalist, leftist, protest, revolution, socialist, class war, voté, arrow, activist & leftist, funny shirt, typography, minimalist, aesthetic, gift idea, trendy, statement tee",produits/arrow/ar_voté_fr__dark.png,produits/arrow/ar_voté_fr__light.png
co_antiscience_en,corrige,politics,Activist & Leftist,,en,I Did My Own Research → Googling | Activist & Leftist (English) Design,"activist, eat the rich, anti capitalist, leftist, protest, revolution, socialist, class war, research, googling, corrige, activist & leftist, funny shirt, typography, minimalist, aesthetic, gift idea, trendy, statement tee",produits/corrige/co_antiscience_en__dark.png,produits/corrige/co_antiscience_en__light.png
co_cest_capitalisme_fr,corrige,politics,Activist & Leftist,,fr,C'Est La Vie → Faute Du Capitalisme | Activist & Leftist (French) Design,"activist, eat the rich, anti capitalist, leftist, protest, revolution, socialist, class war, c'est, faute, capitalisme, corrige, activist & leftist, funny shirt, typography, minimalist, aesthetic, gift idea, trendy, statement tee",produits/corrige/co_cest_capitalisme_fr__dark.png,produits/corrige/co_cest_capitalisme_fr__light.png
co_eat_sleep_en,corrige,politics,Activist & Leftist,,en,"Eat, Sleep, Consume → Resist, Repeat | Activist & Leftist (English) Design","activist, eat the rich, anti capitalist, leftist, protest, revolution, socialist, class war, sleep, consume, resist, repeat, corrige, activist & leftist, funny shirt, typography, minimalist, aesthetic, gift idea, trendy, statement tee",produits/corrige/co_eat_sleep_en__dark.png,produits/corrige/co_eat_sleep_en__light.png
co_have_nice_en,corrige,politics,Activist & Leftist,,en,Have A Nice Day → Revolution | Activist & Leftist (English) Design,"activist, eat the rich, anti capitalist, leftist, protest, revolution, socialist, class war, nice, corrige, activist & leftist, funny shirt, typography, minimalist, aesthetic, gift idea, trendy, statement tee",produits/corrige/co_have_nice_en__dark.png,produits/corrige/co_have_nice_en__light.png
co_just_do_en,corrige,politics,Activist & Leftist,,en,Just Do It → Your Taxes | Activist & Leftist (English) Design,"activist, eat the rich, anti capitalist, leftist, protest, revolution, socialist, class war, taxes, corrige, activist & leftist, funny shirt, typography, minimalist, aesthetic, gift idea, trendy, statement tee",produits/corrige/co_just_do_en__dark.png,produits/corrige/co_just_do_en__light.png
co_live_laugh_en,corrige,politics,Activist & Leftist,,en,"Live, Laugh, Love → Resist | Activist & Leftist (English) Design","activist, eat the rich, anti capitalist, leftist, protest, revolution, socialist, class war, live, laugh, love, resist, corrige, activist & leftist, funny shirt, typography, minimalist, aesthetic, gift idea, trendy, statement tee",produits/corrige/co_live_laugh_en__dark.png,produits/corrige/co_live_laugh_en__light.png
co_manager_en,corrige,politics,Activist & Leftist,,en,I'd Like To Speak To The Manager → Revolution | Activist & Leftist (English) Design,"activist, eat the rich, anti capitalist, leftist, protest, revolution, socialist, class war, speak, manager, corrige, activist & leftist, funny shirt, typography, minimalist, aesthetic, gift idea, trendy, statement tee",produits/corrige/co_manager_en__dark.png,produits/corrige/co_manager_en__light.png
co_naturel_fr,corrige,politics,Activist & Leftist,,fr,"Chassez Le Naturel, Il Revient Au Galop → Taxez Les Riches | Activist & Leftist (French) Design","activist, eat the rich, anti capitalist, leftist, protest, revolution, socialist, class war, chassez, naturel, revient, galop, taxez, corrige, activist & leftist, funny shirt, typography, minimalist, aesthetic, gift idea, trendy, statement tee",produits/corrige/co_naturel_fr__dark.png,produits/corrige/co_naturel_fr__light.png
co_patron_naif_fr,corrige,politics,Activist & Leftist,,fr,Mon Patron Pense Que Je Suis Loyal → Syndiqué | Activist & Leftist (French) Design,"activist, eat the rich, anti capitalist, leftist, protest, revolution, socialist, class war, patron, pense, suis, loyal, syndiqué, corrige, activist & leftist, funny shirt, typography, minimalist, aesthetic, gift idea, trendy, statement tee",produits/corrige/co_patron_naif_fr__dark.png,produits/corrige/co_patron_naif_fr__light.png
co_temps_argent_fr,corrige,politics,Activist & Leftist,,fr,"Le Temps, C'Est De L'Argent → C'Est Pour Les Riches | Activist & Leftist (French) Design","activist, eat the rich, anti capitalist, leftist, protest, revolution, socialist, class war, temps, c'est, l'argent, riches, corrige, activist & leftist, funny shirt, typography, minimalist, aesthetic, gift idea, trendy, statement tee",produits/corrige/co_temps_argent_fr__dark.png,produits/corrige/co_temps_argent_fr__light.png
co_travaille_chat_fr,corrige,politics,Activist & Leftist,,fr,Je Travaille Dur Pour Que Mon Patron → Chat | Activist & Leftist (French) Design,"activist, eat the rich, anti capitalist, leftist, protest, revolution, socialist, class war, travaille, patron, chat, corrige, activist & leftist, funny shirt, typography, minimalist, aesthetic, gift idea, trendy, statement tee",produits/corrige/co_travaille_chat_fr__dark.png,produits/corrige/co_travaille_chat_fr__light.png
fm_caution_antifa_fr,formats,politics,Activist & Leftist,caution,fr,Attention Zone Antifa | Activist & Leftist (French) Design,"activist, eat the rich, anti capitalist, leftist, protest, revolution, socialist, class war, attention, zone, antifa, caution, formats, activist & leftist, funny shirt, typography, minimalist, aesthetic, gift idea, trendy, statement tee",produits/formats/fm_caution_antifa_fr__dark.png,produits/formats/fm_caution_antifa_fr__light.png
fm_err_system_en,formats,politics,Activist & Leftist,error,en,Capitalism Failed | Activist & Leftist (English) Design,"activist, eat the rich, anti capitalist, leftist, protest, revolution, socialist, class war, capitalism, failed, error, formats, activist & leftist, funny shirt, typography, minimalist, aesthetic, gift idea, trendy, statement tee",produits/formats/fm_err_system_en__dark.png,produits/formats/fm_err_system_en__light.png
fm_load_revolution_en,formats,politics,Activist & Leftist,loading,en,Revolution Loading… | Activist & Leftist (English) Design,"activist, eat the rich, anti capitalist, leftist, protest, revolution, socialist, class war, loading, formats, activist & leftist, funny shirt, typography, minimalist, aesthetic, gift idea, trendy, statement tee",produits/formats/fm_load_revolution_en__dark.png,produits/formats/fm_load_revolution_en__light.png
fm_load_revolution_fr,formats,politics,Activist & Leftist,loading,fr,Révolution En Cours… | Activist & Leftist (French) Design,"activist, eat the rich, anti capitalist, leftist, protest, revolution, socialist, class war, révolution, cours, loading, formats, activist & leftist, funny shirt, typography, minimalist, aesthetic, gift idea, trendy, statement tee",produits/formats/fm_load_revolution_fr__dark.png,produits/formats/fm_load_revolution_fr__light.png
fm_rx_naps_en,formats,politics,Activist & Leftist,rx,en,Prescription 2 naps a day Touch grass Less doomscrolling Tax the rich | Activist & Leftist (English) Design,"activist, eat the rich, anti capitalist, leftist, protest, revolution, socialist, class war, prescription, naps, touch, grass, less, rx, formats, activist & leftist, funny shirt, typography, minimalist, aesthetic, gift idea, trendy, statement tee",produits/formats/fm_rx_naps_en__dark.png,produits/formats/fm_rx_naps_en__light.png
fm_rx_self_en,formats,politics,Activist & Leftist,rx,en,"Prescription Rest, no guilt Set boundaries Block the haters Hydrate & resist | Activist & Leftist (English) Design","activist, eat the rich, anti capitalist, leftist, protest, revolution, socialist, class war, prescription, rest, guilt, boundaries, block, rx, formats, activist & leftist, funny shirt, typography, minimalist, aesthetic, gift idea, trendy, statement tee",produits/formats/fm_rx_self_en__dark.png,produits/formats/fm_rx_self_en__light.png
he_anticapital_en,heart,politics,Activist & Leftist,,en,I love Anti-Capitalism | Activist & Leftist (English) Design,"activist, eat the rich, anti capitalist, leftist, protest, revolution, socialist, class war, love, anti, capitalism, heart, activist & leftist, funny shirt, typography, minimalist, aesthetic, gift idea, trendy, statement tee",produits/heart/he_anticapital_en__dark.png,produits/heart/he_anticapital_en__light.png
he_billionaires_taxes_en,heart,politics,Activist & Leftist,,en,I love Billionaires not Billionaires but Taxes | Activist & Leftist (English) Design,"activist, eat the rich, anti capitalist, leftist, protest, revolution, socialist, class war, love, billionaires, taxes, heart, activist & leftist, funny shirt, typography, minimalist, aesthetic, gift idea, trendy, statement tee",produits/heart/he_billionaires_taxes_en__dark.png,produits/heart/he_billionaires_taxes_en__light.png
he_la_greve_fr,heart,politics,Activist & Leftist,,fr,J' love La Grève | Activist & Leftist (French) Design,"activist, eat the rich, anti capitalist, leftist, protest, revolution, socialist, class war, love, grève, heart, activist & leftist, funny shirt, typography, minimalist, aesthetic, gift idea, trendy, statement tee",produits/heart/he_la_greve_fr__dark.png,produits/heart/he_la_greve_fr__light.png
he_patron_weekend_fr,heart,politics,Activist & Leftist,,fr,J' love Mon Patron not Mon Patron but Le Week-End | Activist & Leftist (French) Design,"activist, eat the rich, anti capitalist, leftist, protest, revolution, socialist, class war, love, patron, week, heart, activist & leftist, funny shirt, typography, minimalist, aesthetic, gift idea, trendy, statement tee",produits/heart/he_patron_weekend_fr__dark.png,produits/heart/he_patron_weekend_fr__light.png
id_antifa_en,identite,politics,Activist & Leftist,,en,Antifa | Activist & Leftist (English) Design,"activist, eat the rich, anti capitalist, leftist, protest, revolution, socialist, class war, antifa, identite, activist & leftist, funny shirt, typography, minimalist, aesthetic, gift idea, trendy, statement tee",produits/identite/id_antifa_en__dark.png,produits/identite/id_antifa_en__light.png
ir_avis_demande_fr,ironique,politics,Activist & Leftist,,fr,Ton Avis Compte. Pour Toi. Garde-Le. | Activist & Leftist (French) Design,"activist, eat the rich, anti capitalist, leftist, protest, revolution, socialist, class war, avis, compte, garde, ironique, activist & leftist, funny shirt, typography, minimalist, aesthetic, gift idea, trendy, statement tee",produits/ironique/ir_avis_demande_fr__dark.png,produits/ironique/ir_avis_demande_fr__light.png
ir_gout_des_autres_fr,ironique,politics,Activist & Leftist,,fr,J'Ai Bon Goût. C'Est Pour Ça Que Tu Me Fuis | Activist & Leftist (French) Design,"activist, eat the rich, anti capitalist, leftist, protest, revolution, socialist, class war, j'ai, goût, c'est, fuis, ironique, activist & leftist, funny shirt, typography, minimalist, aesthetic, gift idea, trendy, statement tee",produits/ironique/ir_gout_des_autres_fr__dark.png,produits/ironique/ir_gout_des_autres_fr__light.png
ir_pas_pour_toi_fr,ironique,politics,Activist & Leftist,,fr,J'Ai Un Sourire Pour Tout Le Monde. Sauf Toi. | Activist & Leftist (French) Design,"activist, eat the rich, anti capitalist, leftist, protest, revolution, socialist, class war, j'ai, sourire, monde, sauf, ironique, activist & leftist, funny shirt, typography, minimalist, aesthetic, gift idea, trendy, statement tee",produits/ironique/ir_pas_pour_toi_fr__dark.png,produits/ironique/ir_pas_pour_toi_fr__light.png
aoh_wifi_fr,niches,politics,Activist & Leftist,plants_over_humans,fr,Mes plantes n'ont pas besoin de WiFi pour pousser | Activist & Leftist (French) Design,"activist, eat the rich, anti capitalist, leftist, protest, revolution, socialist, class war, plantes, n'ont, besoin, wifi, pousser, plants over humans, niches, activist & leftist, funny shirt, typography, minimalist, aesthetic, gift idea, trendy, statement tee",produits/niches/aoh_wifi_fr__dark.png,produits/niches/aoh_wifi_fr__light.png
coh_miaulements_fr,niches,politics,Activist & Leftist,cat_over_humans,fr,Je préfère ses miaulements à vos réunions | Activist & Leftist (French) Design,"activist, eat the rich, anti capitalist, leftist, protest, revolution, socialist, class war, préfère, miaulements, réunions, cat over humans, niches, activist & leftist, funny shirt, typography, minimalist, aesthetic, gift idea, trendy, statement tee",produits/niches/coh_miaulements_fr__dark.png,produits/niches/coh_miaulements_fr__light.png
cp_3min_en,niches,politics,Activist & Leftist,cold_plunge,en,3 Minutes Changed My Nervous System | Activist & Leftist (English) Design,"activist, eat the rich, anti capitalist, leftist, protest, revolution, socialist, class war, minutes, changed, nervous, system, cold plunge, niches, activist & leftist, funny shirt, typography, minimalist, aesthetic, gift idea, trendy, statement tee",produits/niches/cp_3min_en__dark.png,produits/niches/cp_3min_en__light.png
hike_trail_boss_en,niches,politics,Activist & Leftist,hiking,en,Trail Boss | Activist & Leftist (English) Design,"activist, eat the rich, anti capitalist, leftist, protest, revolution, socialist, class war, trail, boss, hiking, niches, activist & leftist, funny shirt, typography, minimalist, aesthetic, gift idea, trendy, statement tee",produits/niches/hike_trail_boss_en__dark.png,produits/niches/hike_trail_boss_en__light.png
mal_bosse_fr,niches,politics,Activist & Leftist,malinois,fr,Mon Malinois Bosse Moi Non | Activist & Leftist (French) Design,"activist, eat the rich, anti capitalist, leftist, protest, revolution, socialist, class war, malinois, bosse, niches, activist & leftist, funny shirt, typography, minimalist, aesthetic, gift idea, trendy, statement tee",produits/niches/mal_bosse_fr__dark.png,produits/niches/mal_bosse_fr__light.png
mis_alone_en,niches,politics,Activist & Leftist,misanthropy,en,Not Antisocial Just Selectively Social | Activist & Leftist (English) Design,"activist, eat the rich, anti capitalist, leftist, protest, revolution, socialist, class war, antisocial, selectively, social, misanthropy, niches, activist & leftist, funny shirt, typography, minimalist, aesthetic, gift idea, trendy, statement tee",produits/niches/mis_alone_en__dark.png,produits/niches/mis_alone_en__light.png
pun_retraite_fr,niches,politics,Activist & Leftist,wordplay_fr,fr,La retraite c'est travailler pour soi enfin | Activist & Leftist (French) Design,"activist, eat the rich, anti capitalist, leftist, protest, revolution, socialist, class war, retraite, c'est, travailler, enfin, wordplay fr, niches, activist & leftist, funny shirt, typography, minimalist, aesthetic, gift idea, trendy, statement tee",produits/niches/pun_retraite_fr__dark.png,produits/niches/pun_retraite_fr__light.png
wood_grain_en,niches,politics,Activist & Leftist,woodworking,en,Go Against the Grain | Activist & Leftist (English) Design,"activist, eat the rich, anti capitalist, leftist, protest, revolution, socialist, class war, against, grain, woodworking, niches, activist & leftist, funny shirt, typography, minimalist, aesthetic, gift idea, trendy, statement tee",produits/niches/wood_grain_en__dark.png,produits/niches/wood_grain_en__light.png
pv_birds_unionize_en,proverbes,politics,Activist & Leftist,,en,Birds Of A Feather Unionize Together | Activist & Leftist (English) Design,"activist, eat the rich, anti capitalist, leftist, protest, revolution, socialist, class war, birds, feather, unionize, together, proverbes, activist & leftist, funny shirt, typography, minimalist, aesthetic, gift idea, trendy, statement tee",produits/proverbes/pv_birds_unionize_en__dark.png,produits/proverbes/pv_birds_unionize_en__light.png
pv_charite_riches_fr,proverbes,politics,Activist & Leftist,,fr,Charité Bien Ordonnée Commence Par Taxer Les Riches | Activist & Leftist (French) Design,"activist, eat the rich, anti capitalist, leftist, protest, revolution, socialist, class war, charité, bien, ordonnée, commence, taxer, proverbes, activist & leftist, funny shirt, typography, minimalist, aesthetic, gift idea, trendy, statement tee",produits/proverbes/pv_charite_riches_fr__dark.png,produits/proverbes/pv_charite_riches_fr__light.png
pv_grass_greener_en,proverbes,politics,Activist & Leftist,,en,The Grass Is Greener Where You Water It (And Tax The Rich) | Activist & Leftist (English) Design,"activist, eat the rich, anti capitalist, leftist, protest, revolution, socialist, class war, grass, greener, where, water, rich, proverbes, activist & leftist, funny shirt, typography, minimalist, aesthetic, gift idea, trendy, statement tee",produits/proverbes/pv_grass_greener_en__dark.png,produits/proverbes/pv_grass_greener_en__light.png
pv_teach_fish_en,proverbes,politics,Activist & Leftist,,en,"Give A Man A Fish, Or Just Fix The Broken System | Activist & Leftist (English) Design","activist, eat the rich, anti capitalist, leftist, protest, revolution, socialist, class war, give, fish, broken, system, proverbes, activist & leftist, funny shirt, typography, minimalist, aesthetic, gift idea, trendy, statement tee",produits/proverbes/pv_teach_fish_en__dark.png,produits/proverbes/pv_teach_fish_en__light.png
pv_voler_oeuf_fr,proverbes,politics,Activist & Leftist,,fr,Qui Vole Un Œuf Vole Moins Que Un Milliardaire | Activist & Leftist (French) Design,"activist, eat the rich, anti capitalist, leftist, protest, revolution, socialist, class war, vole, moins, milliardaire, proverbes, activist & leftist, funny shirt, typography, minimalist, aesthetic, gift idea, trendy, statement tee",produits/proverbes/pv_voler_oeuf_fr__dark.png,produits/proverbes/pv_voler_oeuf_fr__light.png
pl_anti_traditions_fr,punchlines,politics,Activist & Leftist,,fr,Traditionnellement Anti-Traditions | Activist & Leftist (French) Design,"activist, eat the rich, anti capitalist, leftist, protest, revolution, socialist, class war, traditionnellement, anti, traditions, punchlines, activist & leftist, funny shirt, typography, minimalist, aesthetic, gift idea, trendy, statement tee",produits/punchlines/pl_anti_traditions_fr__dark.png,produits/punchlines/pl_anti_traditions_fr__light.png
pl_billionaires_mistake_en,punchlines,politics,Activist & Leftist,,en,Every Billionaire Is A Policy Failure | Activist & Leftist (English) Design,"activist, eat the rich, anti capitalist, leftist, protest, revolution, socialist, class war, every, billionaire, policy, failure, punchlines, activist & leftist, funny shirt, typography, minimalist, aesthetic, gift idea, trendy, statement tee",produits/punchlines/pl_billionaires_mistake_en__dark.png,produits/punchlines/pl_billionaires_mistake_en__light.png
pl_cafe_avant_fr,punchlines,politics,Activist & Leftist,,fr,"Pas De Café, Pas De Révolution | Activist & Leftist (French) Design","activist, eat the rich, anti capitalist, leftist, protest, revolution, socialist, class war, café, révolution, punchlines, activist & leftist, funny shirt, typography, minimalist, aesthetic, gift idea, trendy, statement tee",produits/punchlines/pl_cafe_avant_fr__dark.png,produits/punchlines/pl_cafe_avant_fr__light.png
pl_capitalism_fine_en,punchlines,politics,Activist & Leftist,,en,Late-Stage Capitalism Enthusiast | Activist & Leftist (English) Design,"activist, eat the rich, anti capitalist, leftist, protest, revolution, socialist, class war, late, stage, capitalism, enthusiast, punchlines, activist & leftist, funny shirt, typography, minimalist, aesthetic, gift idea, trendy, statement tee",produits/punchlines/pl_capitalism_fine_en__dark.png,produits/punchlines/pl_capitalism_fine_en__light.png
pl_capitalisme_patience_fr,punchlines,politics,Activist & Leftist,,fr,Le Capitalisme Vous Remercie De Votre Patience | Activist & Leftist (French) Design,"activist, eat the rich, anti capitalist, leftist, protest, revolution, socialist, class war, capitalisme, remercie, votre, patience, punchlines, activist & leftist, funny shirt, typography, minimalist, aesthetic, gift idea, trendy, statement tee",produits/punchlines/pl_capitalisme_patience_fr__dark.png,produits/punchlines/pl_capitalisme_patience_fr__light.png
pl_capitalisme_pause_fr,punchlines,politics,Activist & Leftist,,fr,Le Capitalisme Ne Prend Jamais De Pause. Moi Si. | Activist & Leftist (French) Design,"activist, eat the rich, anti capitalist, leftist, protest, revolution, socialist, class war, capitalisme, prend, jamais, pause, punchlines, activist & leftist, funny shirt, typography, minimalist, aesthetic, gift idea, trendy, statement tee",produits/punchlines/pl_capitalisme_pause_fr__dark.png,produits/punchlines/pl_capitalisme_pause_fr__light.png
pl_capitalisme_terminal_fr,punchlines,politics,Activist & Leftist,,fr,Capitalisme Terminal | Activist & Leftist (French) Design,"activist, eat the rich, anti capitalist, leftist, protest, revolution, socialist, class war, capitalisme, terminal, punchlines, activist & leftist, funny shirt, typography, minimalist, aesthetic, gift idea, trendy, statement tee",produits/punchlines/pl_capitalisme_terminal_fr__dark.png,produits/punchlines/pl_capitalisme_terminal_fr__light.png
pl_demandez_impossible_fr,punchlines,politics,Activist & Leftist,,fr,"Soyez Réalistes, Demandez L'Impossible | Activist & Leftist (French) Design","activist, eat the rich, anti capitalist, leftist, protest, revolution, socialist, class war, soyez, réalistes, demandez, l'impossible, punchlines, activist & leftist, funny shirt, typography, minimalist, aesthetic, gift idea, trendy, statement tee",produits/punchlines/pl_demandez_impossible_fr__dark.png,produits/punchlines/pl_demandez_impossible_fr__light.png
pl_eat_rich_en,punchlines,politics,Activist & Leftist,,en,Eat The Rich (Free-Range Only) | Activist & Leftist (English) Design,"activist, eat the rich, anti capitalist, leftist, protest, revolution, socialist, class war, rich, free, range, punchlines, activist & leftist, funny shirt, typography, minimalist, aesthetic, gift idea, trendy, statement tee",produits/punchlines/pl_eat_rich_en__dark.png,produits/punchlines/pl_eat_rich_en__light.png
pl_elite_know_en,punchlines,politics,Activist & Leftist,,en,The Elite Know Exactly What They're Doing | Activist & Leftist (English) Design,"activist, eat the rich, anti capitalist, leftist, protest, revolution, socialist, class war, elite, know, exactly, what, they're, punchlines, activist & leftist, funny shirt, typography, minimalist, aesthetic, gift idea, trendy, statement tee",produits/punchlines/pl_elite_know_en__dark.png,produits/punchlines/pl_elite_know_en__light.png
pl_interdit_interdire_fr,punchlines,politics,Activist & Leftist,,fr,Il Est Interdit D'Interdire | Activist & Leftist (French) Design,"activist, eat the rich, anti capitalist, leftist, protest, revolution, socialist, class war, interdit, d'interdire, punchlines, activist & leftist, funny shirt, typography, minimalist, aesthetic, gift idea, trendy, statement tee",produits/punchlines/pl_interdit_interdire_fr__dark.png,produits/punchlines/pl_interdit_interdire_fr__light.png
pl_introverti_chat_fr,punchlines,politics,Activist & Leftist,,fr,Introverti. Sauf Pour Mon Chat | Activist & Leftist (French) Design,"activist, eat the rich, anti capitalist, leftist, protest, revolution, socialist, class war, introverti, sauf, chat, punchlines, activist & leftist, funny shirt, typography, minimalist, aesthetic, gift idea, trendy, statement tee",produits/punchlines/pl_introverti_chat_fr__dark.png,produits/punchlines/pl_introverti_chat_fr__light.png
pl_milliardaire_erreur_fr,punchlines,politics,Activist & Leftist,,fr,"Un Milliardaire, C'Est Une Erreur De Société | Activist & Leftist (French) Design","activist, eat the rich, anti capitalist, leftist, protest, revolution, socialist, class war, milliardaire, c'est, erreur, société, punchlines, activist & leftist, funny shirt, typography, minimalist, aesthetic, gift idea, trendy, statement tee",produits/punchlines/pl_milliardaire_erreur_fr__dark.png,produits/punchlines/pl_milliardaire_erreur_fr__light.png
pl_ne_pour_cafe_fr,punchlines,politics,Activist & Leftist,,fr,"Né Pour Rien, Reste Pour Le Café | Activist & Leftist (French) Design","activist, eat the rich, anti capitalist, leftist, protest, revolution, socialist, class war, rien, reste, café, punchlines, activist & leftist, funny shirt, typography, minimalist, aesthetic, gift idea, trendy, statement tee",produits/punchlines/pl_ne_pour_cafe_fr__dark.png,produits/punchlines/pl_ne_pour_cafe_fr__light.png
pl_paves_plage_fr,punchlines,politics,Activist & Leftist,,fr,"Sous Les Pavés, La Plage | Activist & Leftist (French) Design","activist, eat the rich, anti capitalist, leftist, protest, revolution, socialist, class war, sous, pavés, plage, punchlines, activist & leftist, funny shirt, typography, minimalist, aesthetic, gift idea, trendy, statement tee",produits/punchlines/pl_paves_plage_fr__dark.png,produits/punchlines/pl_paves_plage_fr__light.png
pl_peuple_danse_fr,punchlines,politics,Activist & Leftist,,fr,On N'Arrête Pas Un Peuple Qui Danse | Activist & Leftist (French) Design,"activist, eat the rich, anti capitalist, leftist, protest, revolution, socialist, class war, n'arrête, peuple, danse, punchlines, activist & leftist, funny shirt, typography, minimalist, aesthetic, gift idea, trendy, statement tee",produits/punchlines/pl_peuple_danse_fr__dark.png,produits/punchlines/pl_peuple_danse_fr__light.png
pl_pourquoi_simple_fr,punchlines,politics,Activist & Leftist,,fr,Pourquoi Faire Simple Quand On Peut Tout Gâcher | Activist & Leftist (French) Design,"activist, eat the rich, anti capitalist, leftist, protest, revolution, socialist, class war, pourquoi, faire, simple, quand, peut, punchlines, activist & leftist, funny shirt, typography, minimalist, aesthetic, gift idea, trendy, statement tee",produits/punchlines/pl_pourquoi_simple_fr__dark.png,produits/punchlines/pl_pourquoi_simple_fr__light.png
pl_quiet_revolution_en,punchlines,politics,Activist & Leftist,,en,The Revolution Will Not Be Convenient | Activist & Leftist (English) Design,"activist, eat the rich, anti capitalist, leftist, protest, revolution, socialist, class war, will, convenient, punchlines, activist & leftist, funny shirt, typography, minimalist, aesthetic, gift idea, trendy, statement tee",produits/punchlines/pl_quiet_revolution_en__dark.png,produits/punchlines/pl_quiet_revolution_en__light.png
pl_rage_light_en,punchlines,politics,Activist & Leftist,,en,Rage Against The Dying Of The Light | Activist & Leftist (English) Design,"activist, eat the rich, anti capitalist, leftist, protest, revolution, socialist, class war, rage, against, dying, light, punchlines, activist & leftist, funny shirt, typography, minimalist, aesthetic, gift idea, trendy, statement tee",produits/punchlines/pl_rage_light_en__dark.png,produits/punchlines/pl_rage_light_en__light.png
pl_resist_duty_en,punchlines,politics,Activist & Leftist,,en,"When Injustice Is Law, Resistance Is Duty | Activist & Leftist (English) Design","activist, eat the rich, anti capitalist, leftist, protest, revolution, socialist, class war, when, injustice, resistance, duty, punchlines, activist & leftist, funny shirt, typography, minimalist, aesthetic, gift idea, trendy, statement tee",produits/punchlines/pl_resist_duty_en__dark.png,produits/punchlines/pl_resist_duty_en__light.png
pl_resistance_devoir_fr,punchlines,politics,Activist & Leftist,,fr,"Quand L'Injustice Devient Loi, La Résistance Devient Devoir | Activist & Leftist (French) Design","activist, eat the rich, anti capitalist, leftist, protest, revolution, socialist, class war, quand, l'injustice, devient, résistance, devoir, punchlines, activist & leftist, funny shirt, typography, minimalist, aesthetic, gift idea, trendy, statement tee",produits/punchlines/pl_resistance_devoir_fr__dark.png,produits/punchlines/pl_resistance_devoir_fr__light.png
pl_riches_crever_fr,punchlines,politics,Activist & Leftist,,fr,"Riches À En Crever (Nous, Pas Eux) | Activist & Leftist (French) Design","activist, eat the rich, anti capitalist, leftist, protest, revolution, socialist, class war, riches, crever, punchlines, activist & leftist, funny shirt, typography, minimalist, aesthetic, gift idea, trendy, statement tee",produits/punchlines/pl_riches_crever_fr__dark.png,produits/punchlines/pl_riches_crever_fr__light.png
pl_romanticizing_en,punchlines,politics,Activist & Leftist,,en,Currently Romanticizing My Own Collapse | Activist & Leftist (English) Design,"activist, eat the rich, anti capitalist, leftist, protest, revolution, socialist, class war, currently, romanticizing, collapse, punchlines, activist & leftist, funny shirt, typography, minimalist, aesthetic, gift idea, trendy, statement tee",produits/punchlines/pl_romanticizing_en__dark.png,produits/punchlines/pl_romanticizing_en__light.png
pl_sieste_revolution_fr,punchlines,politics,Activist & Leftist,,fr,Je Fais La Révolution. Après Ma Sieste. | Activist & Leftist (French) Design,"activist, eat the rich, anti capitalist, leftist, protest, revolution, socialist, class war, fais, révolution, après, sieste, punchlines, activist & leftist, funny shirt, typography, minimalist, aesthetic, gift idea, trendy, statement tee",produits/punchlines/pl_sieste_revolution_fr__dark.png,produits/punchlines/pl_sieste_revolution_fr__light.png
pl_supplicies_fr,punchlines,politics,Activist & Leftist,,fr,Ainsi S'Insurgèrent Les Suppliciés | Activist & Leftist (French) Design,"activist, eat the rich, anti capitalist, leftist, protest, revolution, socialist, class war, ainsi, s'insurgèrent, suppliciés, punchlines, activist & leftist, funny shirt, typography, minimalist, aesthetic, gift idea, trendy, statement tee",produits/punchlines/pl_supplicies_fr__dark.png,produits/punchlines/pl_supplicies_fr__light.png
pl_systeme_marche_fr,punchlines,politics,Activist & Leftist,,fr,Le Système Marche Très Bien (C'Est Le Problème) | Activist & Leftist (French) Design,"activist, eat the rich, anti capitalist, leftist, protest, revolution, socialist, class war, système, marche, très, bien, c'est, punchlines, activist & leftist, funny shirt, typography, minimalist, aesthetic, gift idea, trendy, statement tee",produits/punchlines/pl_systeme_marche_fr__dark.png,produits/punchlines/pl_systeme_marche_fr__light.png
pl_taxez_fr,punchlines,politics,Activist & Leftist,,fr,Taxez Les Riches Avant Qu'Ils Nous Mangent | Activist & Leftist (French) Design,"activist, eat the rich, anti capitalist, leftist, protest, revolution, socialist, class war, taxez, riches, avant, qu'ils, mangent, punchlines, activist & leftist, funny shirt, typography, minimalist, aesthetic, gift idea, trendy, statement tee",produits/punchlines/pl_taxez_fr__dark.png,produits/punchlines/pl_taxez_fr__light.png
pl_tout_ca_fr,punchlines,politics,Activist & Leftist,,fr,Tout Ça Pour Ça | Activist & Leftist (French) Design,"activist, eat the rich, anti capitalist, leftist, protest, revolution, socialist, class war, punchlines, activist & leftist, funny shirt, typography, minimalist, aesthetic, gift idea, trendy, statement tee",produits/punchlines/pl_tout_ca_fr__dark.png,produits/punchlines/pl_tout_ca_fr__light.png
rev_1945_antifa_en,revendications,politics,Activist & Leftist,,en,1945 Was An Antifa Win | Activist & Leftist (English) Design,"activist, eat the rich, anti capitalist, leftist, protest, revolution, socialist, class war, antifa, revendications, activist & leftist, funny shirt, typography, minimalist, aesthetic, gift idea, trendy, statement tee",produits/revendications/rev_1945_antifa_en__dark.png,produits/revendications/rev_1945_antifa_en__light.png
rev_adopt_shop_en,revendications,politics,Activist & Leftist,,en,Adopt Don't Shop | Activist & Leftist (English) Design,"activist, eat the rich, anti capitalist, leftist, protest, revolution, socialist, class war, adopt, don't, shop, revendications, activist & leftist, funny shirt, typography, minimalist, aesthetic, gift idea, trendy, statement tee",produits/revendications/rev_adopt_shop_en__dark.png,produits/revendications/rev_adopt_shop_en__light.png
rev_adopte_achete_fr,revendications,politics,Activist & Leftist,,fr,"Adopte, N'Achète Pas | Activist & Leftist (French) Design","activist, eat the rich, anti capitalist, leftist, protest, revolution, socialist, class war, adopte, n'achète, revendications, activist & leftist, funny shirt, typography, minimalist, aesthetic, gift idea, trendy, statement tee",produits/revendications/rev_adopte_achete_fr__dark.png,produits/revendications/rev_adopte_achete_fr__light.png
rev_all_human_en,revendications,politics,Activist & Leftist,,en,We're All Human. Deal With It. | Activist & Leftist (English) Design,"activist, eat the rich, anti capitalist, leftist, protest, revolution, socialist, class war, we're, human, deal, revendications, activist & leftist, funny shirt, typography, minimalist, aesthetic, gift idea, trendy, statement tee",produits/revendications/rev_all_human_en__dark.png,produits/revendications/rev_all_human_en__light.png
rev_amour_amour_fr,revendications,politics,Activist & Leftist,,fr,L'Amour Est Amour. Ferme-La. | Activist & Leftist (French) Design,"activist, eat the rich, anti capitalist, leftist, protest, revolution, socialist, class war, l'amour, amour, ferme, revendications, activist & leftist, funny shirt, typography, minimalist, aesthetic, gift idea, trendy, statement tee",produits/revendications/rev_amour_amour_fr__dark.png,produits/revendications/rev_amour_amour_fr__light.png
rev_animaux_produits_fr,revendications,politics,Activist & Leftist,,fr,Les Animaux Pas Des Produits | Activist & Leftist (French) Design,"activist, eat the rich, anti capitalist, leftist, protest, revolution, socialist, class war, animaux, produits, revendications, activist & leftist, funny shirt, typography, minimalist, aesthetic, gift idea, trendy, statement tee",produits/revendications/rev_animaux_produits_fr__dark.png,produits/revendications/rev_animaux_produits_fr__light.png
rev_antifa_always_en,revendications,politics,Activist & Leftist,,en,Antifascist Since Always | Activist & Leftist (English) Design,"activist, eat the rich, anti capitalist, leftist, protest, revolution, socialist, class war, antifascist, since, always, revendications, activist & leftist, funny shirt, typography, minimalist, aesthetic, gift idea, trendy, statement tee",produits/revendications/rev_antifa_always_en__dark.png,produits/revendications/rev_antifa_always_en__light.png
rev_antifa_histoire_fr,revendications,politics,Activist & Leftist,,fr,Fier D'Être Antifa (Relis L'Histoire) | Activist & Leftist (French) Design,"activist, eat the rich, anti capitalist, leftist, protest, revolution, socialist, class war, fier, d'être, antifa, relis, l'histoire, revendications, activist & leftist, funny shirt, typography, minimalist, aesthetic, gift idea, trendy, statement tee",produits/revendications/rev_antifa_histoire_fr__dark.png,produits/revendications/rev_antifa_histoire_fr__light.png
rev_antifa_papy_fr,revendications,politics,Activist & Leftist,,fr,"Antifasciste, Comme Papy En 44 | Activist & Leftist (French) Design","activist, eat the rich, anti capitalist, leftist, protest, revolution, socialist, class war, antifasciste, comme, papy, revendications, activist & leftist, funny shirt, typography, minimalist, aesthetic, gift idea, trendy, statement tee",produits/revendications/rev_antifa_papy_fr__dark.png,produits/revendications/rev_antifa_papy_fr__light.png
rev_apero_egalite_fr,revendications,politics,Activist & Leftist,,fr,Apéro Et Égalité | Activist & Leftist (French) Design,"activist, eat the rich, anti capitalist, leftist, protest, revolution, socialist, class war, apéro, égalité, revendications, activist & leftist, funny shirt, typography, minimalist, aesthetic, gift idea, trendy, statement tee",produits/revendications/rev_apero_egalite_fr__dark.png,produits/revendications/rev_apero_egalite_fr__light.png
rev_assiette_visage_fr,revendications,politics,Activist & Leftist,,fr,Mon Assiette N'A Pas De Visage | Activist & Leftist (French) Design,"activist, eat the rich, anti capitalist, leftist, protest, revolution, socialist, class war, assiette, visage, revendications, activist & leftist, funny shirt, typography, minimalist, aesthetic, gift idea, trendy, statement tee",produits/revendications/rev_assiette_visage_fr__dark.png,produits/revendications/rev_assiette_visage_fr__light.png
rev_avis_sen_fout_fr,revendications,politics,Activist & Leftist,,fr,"L'Amour C'Est L'Amour, Ton Avis On S'En Fout | Activist & Leftist (French) Design","activist, eat the rich, anti capitalist, leftist, protest, revolution, socialist, class war, l'amour, c'est, avis, s'en, fout, revendications, activist & leftist, funny shirt, typography, minimalist, aesthetic, gift idea, trendy, statement tee",produits/revendications/rev_avis_sen_fout_fr__dark.png,produits/revendications/rev_avis_sen_fout_fr__light.png
rev_bienvenue_fr,revendications,politics,Activist & Leftist,,fr,Personne N'Est Illégal | Activist & Leftist (French) Design,"activist, eat the rich, anti capitalist, leftist, protest, revolution, socialist, class war, personne, n'est, illégal, revendications, activist & leftist, funny shirt, typography, minimalist, aesthetic, gift idea, trendy, statement tee",produits/revendications/rev_bienvenue_fr__dark.png,produits/revendications/rev_bienvenue_fr__light.png
rev_books_banned_en,revendications,politics,Activist & Leftist,,en,I Read Banned Books | Activist & Leftist (English) Design,"activist, eat the rich, anti capitalist, leftist, protest, revolution, socialist, class war, read, banned, books, revendications, activist & leftist, funny shirt, typography, minimalist, aesthetic, gift idea, trendy, statement tee",produits/revendications/rev_books_banned_en__dark.png,produits/revendications/rev_books_banned_en__light.png
rev_branche_scies_fr,revendications,politics,Activist & Leftist,,fr,"Coupez Pas La Branche, Bande De Scies | Activist & Leftist (French) Design","activist, eat the rich, anti capitalist, leftist, protest, revolution, socialist, class war, coupez, branche, bande, scies, revendications, activist & leftist, funny shirt, typography, minimalist, aesthetic, gift idea, trendy, statement tee",produits/revendications/rev_branche_scies_fr__dark.png,produits/revendications/rev_branche_scies_fr__light.png
rev_cycliste_ecolo_fr,revendications,politics,Activist & Leftist,,fr,"Cycliste, Donc Écolo | Activist & Leftist (French) Design","activist, eat the rich, anti capitalist, leftist, protest, revolution, socialist, class war, cycliste, donc, écolo, revendications, activist & leftist, funny shirt, typography, minimalist, aesthetic, gift idea, trendy, statement tee",produits/revendications/rev_cycliste_ecolo_fr__dark.png,produits/revendications/rev_cycliste_ecolo_fr__light.png
rev_diversite_force_fr,revendications,politics,Activist & Leftist,,fr,La Diversité C'Est La Force | Activist & Leftist (French) Design,"activist, eat the rich, anti capitalist, leftist, protest, revolution, socialist, class war, diversité, c'est, force, revendications, activist & leftist, funny shirt, typography, minimalist, aesthetic, gift idea, trendy, statement tee",produits/revendications/rev_diversite_force_fr__dark.png,produits/revendications/rev_diversite_force_fr__light.png
rev_droits_pas_menu_fr,revendications,politics,Activist & Leftist,,fr,Mes Droits Pas À La Carte | Activist & Leftist (French) Design,"activist, eat the rich, anti capitalist, leftist, protest, revolution, socialist, class war, droits, carte, revendications, activist & leftist, funny shirt, typography, minimalist, aesthetic, gift idea, trendy, statement tee",produits/revendications/rev_droits_pas_menu_fr__dark.png,produits/revendications/rev_droits_pas_menu_fr__light.png
rev_eat_the_rich_en,revendications,politics,Activist & Leftist,,en,Tax The Rich | Activist & Leftist (English) Design,"activist, eat the rich, anti capitalist, leftist, protest, revolution, socialist, class war, rich, revendications, activist & leftist, funny shirt, typography, minimalist, aesthetic, gift idea, trendy, statement tee",produits/revendications/rev_eat_the_rich_en__dark.png,produits/revendications/rev_eat_the_rich_en__light.png
rev_egalite_fragiles_fr,revendications,politics,Activist & Leftist,,fr,L'Égalité Fait Peur Aux Fragiles | Activist & Leftist (French) Design,"activist, eat the rich, anti capitalist, leftist, protest, revolution, socialist, class war, l'égalité, peur, fragiles, revendications, activist & leftist, funny shirt, typography, minimalist, aesthetic, gift idea, trendy, statement tee",produits/revendications/rev_egalite_fragiles_fr__dark.png,produits/revendications/rev_egalite_fragiles_fr__light.png
rev_fastfashion_fr,revendications,politics,Activist & Leftist,,fr,"Ta Fast Fashion, Mon Cauchemar | Activist & Leftist (French) Design","activist, eat the rich, anti capitalist, leftist, protest, revolution, socialist, class war, fast, fashion, cauchemar, revendications, activist & leftist, funny shirt, typography, minimalist, aesthetic, gift idea, trendy, statement tee",produits/revendications/rev_fastfashion_fr__dark.png,produits/revendications/rev_fastfashion_fr__light.png
rev_future_equal_en,revendications,politics,Activist & Leftist,,en,The Future Is Equal | Activist & Leftist (English) Design,"activist, eat the rich, anti capitalist, leftist, protest, revolution, socialist, class war, future, equal, revendications, activist & leftist, funny shirt, typography, minimalist, aesthetic, gift idea, trendy, statement tee",produits/revendications/rev_future_equal_en__dark.png,produits/revendications/rev_future_equal_en__light.png
rev_grandma_resist_en,revendications,politics,Activist & Leftist,,en,Grandma Knits The Resistance | Activist & Leftist (English) Design,"activist, eat the rich, anti capitalist, leftist, protest, revolution, socialist, class war, grandma, knits, resistance, revendications, activist & leftist, funny shirt, typography, minimalist, aesthetic, gift idea, trendy, statement tee",produits/revendications/rev_grandma_resist_en__dark.png,produits/revendications/rev_grandma_resist_en__light.png
rev_hate_no_home_en,revendications,politics,Activist & Leftist,,en,Hate Has No Home Here | Activist & Leftist (English) Design,"activist, eat the rich, anti capitalist, leftist, protest, revolution, socialist, class war, hate, home, here, revendications, activist & leftist, funny shirt, typography, minimalist, aesthetic, gift idea, trendy, statement tee",produits/revendications/rev_hate_no_home_en__dark.png,produits/revendications/rev_hate_no_home_en__light.png
rev_human_rights_en,revendications,politics,Activist & Leftist,,en,Human Rights Aren't Up For Debate | Activist & Leftist (English) Design,"activist, eat the rich, anti capitalist, leftist, protest, revolution, socialist, class war, human, rights, aren't, debate, revendications, activist & leftist, funny shirt, typography, minimalist, aesthetic, gift idea, trendy, statement tee",produits/revendications/rev_human_rights_en__dark.png,produits/revendications/rev_human_rights_en__light.png
rev_knit_eat_rich_en,revendications,politics,Activist & Leftist,,en,"Knit Fast, Eat The Rich | Activist & Leftist (English) Design","activist, eat the rich, anti capitalist, leftist, protest, revolution, socialist, class war, knit, fast, rich, revendications, activist & leftist, funny shirt, typography, minimalist, aesthetic, gift idea, trendy, statement tee",produits/revendications/rev_knit_eat_rich_en__dark.png,produits/revendications/rev_knit_eat_rich_en__light.png
rev_lire_dangereux_fr,revendications,politics,Activist & Leftist,,fr,Je Lis Des Livres Interdits | Activist & Leftist (French) Design,"activist, eat the rich, anti capitalist, leftist, protest, revolution, socialist, class war, livres, interdits, revendications, activist & leftist, funny shirt, typography, minimalist, aesthetic, gift idea, trendy, statement tee",produits/revendications/rev_lire_dangereux_fr__dark.png,produits/revendications/rev_lire_dangereux_fr__light.png
rev_mer_poubelle_fr,revendications,politics,Activist & Leftist,,fr,La Mer N'Est Pas Ta Poubelle | Activist & Leftist (French) Design,"activist, eat the rich, anti capitalist, leftist, protest, revolution, socialist, class war, n'est, poubelle, revendications, activist & leftist, funny shirt, typography, minimalist, aesthetic, gift idea, trendy, statement tee",produits/revendications/rev_mer_poubelle_fr__dark.png,produits/revendications/rev_mer_poubelle_fr__light.png
rev_no_tolerance_en,revendications,politics,Activist & Leftist,,en,No Tolerance For Intolerance | Activist & Leftist (English) Design,"activist, eat the rich, anti capitalist, leftist, protest, revolution, socialist, class war, tolerance, intolerance, revendications, activist & leftist, funny shirt, typography, minimalist, aesthetic, gift idea, trendy, statement tee",produits/revendications/rev_no_tolerance_en__dark.png,produits/revendications/rev_no_tolerance_en__light.png
rev_placard_place_fr,revendications,politics,Activist & Leftist,,fr,Homophobe ? Le Placard A De La Place | Activist & Leftist (French) Design,"activist, eat the rich, anti capitalist, leftist, protest, revolution, socialist, class war, homophobe, placard, place, revendications, activist & leftist, funny shirt, typography, minimalist, aesthetic, gift idea, trendy, statement tee",produits/revendications/rev_placard_place_fr__dark.png,produits/revendications/rev_placard_place_fr__light.png
rev_plantes_gauche_fr,revendications,politics,Activist & Leftist,,fr,Mes Plantes Votent À Gauche | Activist & Leftist (French) Design,"activist, eat the rich, anti capitalist, leftist, protest, revolution, socialist, class war, plantes, votent, gauche, revendications, activist & leftist, funny shirt, typography, minimalist, aesthetic, gift idea, trendy, statement tee",produits/revendications/rev_plantes_gauche_fr__dark.png,produits/revendications/rev_plantes_gauche_fr__light.png
rev_recycle_takes_en,revendications,politics,Activist & Leftist,,en,Recycle Your Bad Takes | Activist & Leftist (English) Design,"activist, eat the rich, anti capitalist, leftist, protest, revolution, socialist, class war, recycle, takes, revendications, activist & leftist, funny shirt, typography, minimalist, aesthetic, gift idea, trendy, statement tee",produits/revendications/rev_recycle_takes_en__dark.png,produits/revendications/rev_recycle_takes_en__light.png
rev_refugees_welcome_en,revendications,politics,Activist & Leftist,,en,Refugees Welcome | Activist & Leftist (English) Design,"activist, eat the rich, anti capitalist, leftist, protest, revolution, socialist, class war, refugees, welcome, revendications, activist & leftist, funny shirt, typography, minimalist, aesthetic, gift idea, trendy, statement tee",produits/revendications/rev_refugees_welcome_en__dark.png,produits/revendications/rev_refugees_welcome_en__light.png
rev_science_real_en,revendications,politics,Activist & Leftist,,en,"Science Is Real, Sorry | Activist & Leftist (English) Design","activist, eat the rich, anti capitalist, leftist, protest, revolution, socialist, class war, science, real, sorry, revendications, activist & leftist, funny shirt, typography, minimalist, aesthetic, gift idea, trendy, statement tee",produits/revendications/rev_science_real_en__dark.png,produits/revendications/rev_science_real_en__light.png
rev_surveillance_en,revendications,politics,Activist & Leftist,,en,Big Brother Is Watching. Don't Smile Back | Activist & Leftist (English) Design,"activist, eat the rich, anti capitalist, leftist, protest, revolution, socialist, class war, brother, watching, don't, smile, back, revendications, activist & leftist, funny shirt, typography, minimalist, aesthetic, gift idea, trendy, statement tee",produits/revendications/rev_surveillance_en__dark.png,produits/revendications/rev_surveillance_en__light.png
rev_terre_chauffe_fr,revendications,politics,Activist & Leftist,,fr,"La Terre Chauffe, Ton Cerveau Refroidit | Activist & Leftist (French) Design","activist, eat the rich, anti capitalist, leftist, protest, revolution, socialist, class war, terre, chauffe, cerveau, refroidit, revendications, activist & leftist, funny shirt, typography, minimalist, aesthetic, gift idea, trendy, statement tee",produits/revendications/rev_terre_chauffe_fr__dark.png,produits/revendications/rev_terre_chauffe_fr__light.png
rev_toit_droit_fr,revendications,politics,Activist & Leftist,,fr,"Un Toit, C'Est Un Droit. Pas Un Luxe | Activist & Leftist (French) Design","activist, eat the rich, anti capitalist, leftist, protest, revolution, socialist, class war, toit, c'est, droit, luxe, revendications, activist & leftist, funny shirt, typography, minimalist, aesthetic, gift idea, trendy, statement tee",produits/revendications/rev_toit_droit_fr__dark.png,produits/revendications/rev_toit_droit_fr__light.png
rev_tolerance_zero_fr,revendications,politics,Activist & Leftist,,fr,Tolérance Zéro Pour L'Intolérance | Activist & Leftist (French) Design,"activist, eat the rich, anti capitalist, leftist, protest, revolution, socialist, class war, tolérance, zéro, l'intolérance, revendications, activist & leftist, funny shirt, typography, minimalist, aesthetic, gift idea, trendy, statement tee",produits/revendications/rev_tolerance_zero_fr__dark.png,produits/revendications/rev_tolerance_zero_fr__light.png
rev_tous_egaux_cons_fr,revendications,politics,Activist & Leftist,,fr,Tous Égaux. Sauf Les Cons. | Activist & Leftist (French) Design,"activist, eat the rich, anti capitalist, leftist, protest, revolution, socialist, class war, tous, égaux, sauf, cons, revendications, activist & leftist, funny shirt, typography, minimalist, aesthetic, gift idea, trendy, statement tee",produits/revendications/rev_tous_egaux_cons_fr__dark.png,produits/revendications/rev_tous_egaux_cons_fr__light.png
rev_tricoteuse_antifa_fr,revendications,politics,Activist & Leftist,,fr,Tricoteuse Et Antifa | Activist & Leftist (French) Design,"activist, eat the rich, anti capitalist, leftist, protest, revolution, socialist, class war, tricoteuse, antifa, revendications, activist & leftist, funny shirt, typography, minimalist, aesthetic, gift idea, trendy, statement tee",produits/revendications/rev_tricoteuse_antifa_fr__dark.png,produits/revendications/rev_tricoteuse_antifa_fr__light.png
rev_vaccins_fr,revendications,politics,Activist & Leftist,,fr,La Science > Ton Oncle Sur Facebook | Activist & Leftist (French) Design,"activist, eat the rich, anti capitalist, leftist, protest, revolution, socialist, class war, science, oncle, facebook, revendications, activist & leftist, funny shirt, typography, minimalist, aesthetic, gift idea, trendy, statement tee",produits/revendications/rev_vaccins_fr__dark.png,produits/revendications/rev_vaccins_fr__light.png
rev_water_business_fr,revendications,politics,Activist & Leftist,,fr,"L'Eau, C'Est La Vie. Pas Un Business | Activist & Leftist (French) Design","activist, eat the rich, anti capitalist, leftist, protest, revolution, socialist, class war, l'eau, c'est, business, revendications, activist & leftist, funny shirt, typography, minimalist, aesthetic, gift idea, trendy, statement tee",produits/revendications/rev_water_business_fr__dark.png,produits/revendications/rev_water_business_fr__light.png
rev_yoga_revolution_fr,revendications,politics,Activist & Leftist,,fr,"Yoga Le Matin, Révolution L'Aprèm | Activist & Leftist (French) Design","activist, eat the rich, anti capitalist, leftist, protest, revolution, socialist, class war, yoga, matin, révolution, l'aprèm, revendications, activist & leftist, funny shirt, typography, minimalist, aesthetic, gift idea, trendy, statement tee",produits/revendications/rev_yoga_revolution_fr__dark.png,produits/revendications/rev_yoga_revolution_fr__light.png
so_place_libre_fr,solidaire,politics,Activist & Leftist,,fr,Cette Place Est Toujours Libre Pour Toi | Activist & Leftist (French) Design,"activist, eat the rich, anti capitalist, leftist, protest, revolution, socialist, class war, place, toujours, libre, solidaire, activist & leftist, funny shirt, typography, minimalist, aesthetic, gift idea, trendy, statement tee",produits/solidaire/so_place_libre_fr__dark.png,produits/solidaire/so_place_libre_fr__light.png
tr_allergic_mornings_en,trending,politics,Activist & Leftist,,en,Allergic To Mornings | Activist & Leftist (English) Design,"activist, eat the rich, anti capitalist, leftist, protest, revolution, socialist, class war, allergic, mornings, trending, activist & leftist, funny shirt, typography, minimalist, aesthetic, gift idea, trendy, statement tee",produits/trending/tr_allergic_mornings_en__dark.png,produits/trending/tr_allergic_mornings_en__light.png
tr_antisocial_butterfly_en,trending,politics,Activist & Leftist,,en,Anti-Social Butterfly | Activist & Leftist (English) Design,"activist, eat the rich, anti capitalist, leftist, protest, revolution, socialist, class war, anti, social, butterfly, trending, activist & leftist, funny shirt, typography, minimalist, aesthetic, gift idea, trendy, statement tee",produits/trending/tr_antisocial_butterfly_en__dark.png,produits/trending/tr_antisocial_butterfly_en__light.png
tr_boss_energy_en,trending,politics,Activist & Leftist,,en,Boss Energy | Activist & Leftist (English) Design,"activist, eat the rich, anti capitalist, leftist, protest, revolution, socialist, class war, boss, energy, trending, activist & leftist, funny shirt, typography, minimalist, aesthetic, gift idea, trendy, statement tee",produits/trending/tr_boss_energy_en__dark.png,produits/trending/tr_boss_energy_en__light.png
tr_chat_patron_fr,trending,politics,Activist & Leftist,,fr,Mon Chat Est Le Patron | Activist & Leftist (French) Design,"activist, eat the rich, anti capitalist, leftist, protest, revolution, socialist, class war, chat, patron, trending, activist & leftist, funny shirt, typography, minimalist, aesthetic, gift idea, trendy, statement tee",produits/trending/tr_chat_patron_fr__dark.png,produits/trending/tr_chat_patron_fr__light.png
tr_trop_mignonne_fr,trending,politics,Activist & Leftist,,fr,Trop Mignonne Pour Lundi | Activist & Leftist (French) Design,"activist, eat the rich, anti capitalist, leftist, protest, revolution, socialist, class war, trop, mignonne, lundi, trending, activist & leftist, funny shirt, typography, minimalist, aesthetic, gift idea, trendy, statement tee",produits/trending/tr_trop_mignonne_fr__dark.png,produits/trending/tr_trop_mignonne_fr__light.png
wa_betise_fr,warning,politics,Activist & Leftist,,fr,La Bêtise Tue (Et Se Reproduit) kills | Activist & Leftist (French) Design,"activist, eat the rich, anti capitalist, leftist, protest, revolution, socialist, class war, bêtise, reproduit, kills, warning, activist & leftist, funny shirt, typography, minimalist, aesthetic, gift idea, trendy, statement tee",produits/warning/wa_betise_fr__dark.png,produits/warning/wa_betise_fr__light.png
wa_capitalism_en,warning,politics,Activist & Leftist,,en,Capitalism Kills (And Knows It) kills | Activist & Leftist (English) Design,"activist, eat the rich, anti capitalist, leftist, protest, revolution, socialist, class war, capitalism, kills, knows, warning, activist & leftist, funny shirt, typography, minimalist, aesthetic, gift idea, trendy, statement tee",produits/warning/wa_capitalism_en__dark.png,produits/warning/wa_capitalism_en__light.png
wa_capitalisme_fr,warning,politics,Activist & Leftist,,fr,Le Capitalisme Tue (Et Le Sait) kills | Activist & Leftist (French) Design,"activist, eat the rich, anti capitalist, leftist, protest, revolution, socialist, class war, capitalisme, sait, kills, warning, activist & leftist, funny shirt, typography, minimalist, aesthetic, gift idea, trendy, statement tee",produits/warning/wa_capitalisme_fr__dark.png,produits/warning/wa_capitalisme_fr__light.png
wa_fastfashion_en,warning,politics,Activist & Leftist,,en,Fast Fashion Kills kills | Activist & Leftist (English) Design,"activist, eat the rich, anti capitalist, leftist, protest, revolution, socialist, class war, fast, fashion, kills, warning, activist & leftist, funny shirt, typography, minimalist, aesthetic, gift idea, trendy, statement tee",produits/warning/wa_fastfashion_en__dark.png,produits/warning/wa_fastfashion_en__light.png
wa_fastfashion_fr,warning,politics,Activist & Leftist,,fr,La Fast Fashion Tue kills | Activist & Leftist (French) Design,"activist, eat the rich, anti capitalist, leftist, protest, revolution, socialist, class war, fast, fashion, kills, warning, activist & leftist, funny shirt, typography, minimalist, aesthetic, gift idea, trendy, statement tee",produits/warning/wa_fastfashion_fr__dark.png,produits/warning/wa_fastfashion_fr__light.png
wa_indifference_fr,warning,politics,Activist & Leftist,,fr,L'Indifférence Tue kills | Activist & Leftist (French) Design,"activist, eat the rich, anti capitalist, leftist, protest, revolution, socialist, class war, l'indifférence, kills, warning, activist & leftist, funny shirt, typography, minimalist, aesthetic, gift idea, trendy, statement tee",produits/warning/wa_indifference_fr__dark.png,produits/warning/wa_indifference_fr__light.png
wa_peter_fr,warning,politics,Activist & Leftist,,fr,Péter Ne Tue Pas (Mais Ça Pue) kills | Activist & Leftist (French) Design,"activist, eat the rich, anti capitalist, leftist, protest, revolution, socialist, class war, péter, kills, warning, activist & leftist, funny shirt, typography, minimalist, aesthetic, gift idea, trendy, statement tee",produits/warning/wa_peter_fr__dark.png,produits/warning/wa_peter_fr__light.png
wa_pub_fr,warning,politics,Activist & Leftist,,fr,La Publicité Tue (Le Cerveau) kills | Activist & Leftist (French) Design,"activist, eat the rich, anti capitalist, leftist, protest, revolution, socialist, class war, publicité, cerveau, kills, warning, activist & leftist, funny shirt, typography, minimalist, aesthetic, gift idea, trendy, statement tee",produits/warning/wa_pub_fr__dark.png,produits/warning/wa_pub_fr__light.png
wa_reunion_fr,warning,politics,Activist & Leftist,,fr,Cette Réunion Tue (Du Temps) kills | Activist & Leftist (French) Design,"activist, eat the rich, anti capitalist, leftist, protest, revolution, socialist, class war, réunion, temps, kills, warning, activist & leftist, funny shirt, typography, minimalist, aesthetic, gift idea, trendy, statement tee",produits/warning/wa_reunion_fr__dark.png,produits/warning/wa_reunion_fr__light.png
wa_scroll_en,warning,politics,Activist & Leftist,,en,Doomscrolling Kills (Your Time) kills | Activist & Leftist (English) Design,"activist, eat the rich, anti capitalist, leftist, protest, revolution, socialist, class war, doomscrolling, kills, time, warning, activist & leftist, funny shirt, typography, minimalist, aesthetic, gift idea, trendy, statement tee",produits/warning/wa_scroll_en__dark.png,produits/warning/wa_scroll_en__light.png
wa_silence_en,warning,politics,Activist & Leftist,,en,Silence Kills kills | Activist & Leftist (English) Design,"activist, eat the rich, anti capitalist, leftist, protest, revolution, socialist, class war, silence, kills, warning, activist & leftist, funny shirt, typography, minimalist, aesthetic, gift idea, trendy, statement tee",produits/warning/wa_silence_en__dark.png,produits/warning/wa_silence_en__light.png
wa_silence_fr,warning,politics,Activist & Leftist,,fr,Le Silence Tue (Face À L'Injustice) kills | Activist & Leftist (French) Design,"activist, eat the rich, anti capitalist, leftist, protest, revolution, socialist, class war, silence, face, l'injustice, kills, warning, activist & leftist, funny shirt, typography, minimalist, aesthetic, gift idea, trendy, statement tee",produits/warning/wa_silence_fr__dark.png,produits/warning/wa_silence_fr__light.png
wa_smalltalk_en,warning,politics,Activist & Leftist,,en,Small Talk Kills (Slowly) kills | Activist & Leftist (English) Design,"activist, eat the rich, anti capitalist, leftist, protest, revolution, socialist, class war, small, talk, kills, slowly, warning, activist & leftist, funny shirt, typography, minimalist, aesthetic, gift idea, trendy, statement tee",produits/warning/wa_smalltalk_en__dark.png,produits/warning/wa_smalltalk_en__light.png
wa_ultrariches_fr,warning,politics,Activist & Leftist,,fr,L'Ultra-Richesse Tue (La Démocratie) kills | Activist & Leftist (French) Design,"activist, eat the rich, anti capitalist, leftist, protest, revolution, socialist, class war, l'ultra, richesse, démocratie, kills, warning, activist & leftist, funny shirt, typography, minimalist, aesthetic, gift idea, trendy, statement tee",produits/warning/wa_ultrariches_fr__dark.png,produits/warning/wa_ultrariches_fr__light.png
ar_future_ex_en,arrow,relationship,Relationship & Single,,en,Future Ex | Relationship & Single (English) Design,"single, dating, anti valentine, divorce, relationship humor, couple, future, arrow, relationship & single, funny shirt, typography, minimalist, aesthetic, gift idea, trendy, statement tee",produits/arrow/ar_future_ex_en__dark.png,produits/arrow/ar_future_ex_en__light.png
ar_single_fr,arrow,relationship,Relationship & Single,,fr,Célibataire Et Fier | Relationship & Single (French) Design,"single, dating, anti valentine, divorce, relationship humor, couple, célibataire, fier, arrow, relationship & single, funny shirt, typography, minimalist, aesthetic, gift idea, trendy, statement tee",produits/arrow/ar_single_fr__dark.png,produits/arrow/ar_single_fr__light.png
fm_card_excuses_en,formats,relationship,Relationship & Single,card,en,Yellow Card To Your Excuses | Relationship & Single (English) Design,"single, dating, anti valentine, divorce, relationship humor, couple, yellow, card, excuses, formats, relationship & single, funny shirt, typography, minimalist, aesthetic, gift idea, trendy, statement tee",produits/formats/fm_card_excuses_en__dark.png,produits/formats/fm_card_excuses_en__light.png
id_celibataire_fr,identite,relationship,Relationship & Single,,fr,Célibataire & Heureux | Relationship & Single (French) Design,"single, dating, anti valentine, divorce, relationship humor, couple, célibataire, heureux, identite, relationship & single, funny shirt, typography, minimalist, aesthetic, gift idea, trendy, statement tee",produits/identite/id_celibataire_fr__dark.png,produits/identite/id_celibataire_fr__light.png
id_divorced_en,identite,relationship,Relationship & Single,,en,Divorced & Thriving | Relationship & Single (English) Design,"single, dating, anti valentine, divorce, relationship humor, couple, divorced, thriving, identite, relationship & single, funny shirt, typography, minimalist, aesthetic, gift idea, trendy, statement tee",produits/identite/id_divorced_en__dark.png,produits/identite/id_divorced_en__light.png
id_single_de,identite,relationship,Relationship & Single,,de,Single & Glücklich | Relationship & Single (German) Design,"single, dating, anti valentine, divorce, relationship humor, couple, glücklich, identite, relationship & single, funny shirt, typography, minimalist, aesthetic, gift idea, trendy, statement tee",produits/identite/id_single_de__dark.png,produits/identite/id_single_de__light.png
id_single_feral_en,identite,relationship,Relationship & Single,,en,Single & Feral | Relationship & Single (English) Design,"single, dating, anti valentine, divorce, relationship humor, couple, feral, identite, relationship & single, funny shirt, typography, minimalist, aesthetic, gift idea, trendy, statement tee",produits/identite/id_single_feral_en__dark.png,produits/identite/id_single_feral_en__light.png
id_soltera_es,identite,relationship,Relationship & Single,,es,Soltera Y Feliz | Relationship & Single (Spanish) Design,"single, dating, anti valentine, divorce, relationship humor, couple, soltera, feliz, identite, relationship & single, funny shirt, typography, minimalist, aesthetic, gift idea, trendy, statement tee",produits/identite/id_soltera_es__dark.png,produits/identite/id_soltera_es__light.png
id_taken_en,identite,relationship,Relationship & Single,,en,Happily Taken | Relationship & Single (English) Design,"single, dating, anti valentine, divorce, relationship humor, couple, happily, taken, identite, relationship & single, funny shirt, typography, minimalist, aesthetic, gift idea, trendy, statement tee",produits/identite/id_taken_en__dark.png,produits/identite/id_taken_en__light.png
id_unavailable_en,identite,relationship,Relationship & Single,,en,Emotionally Unavailable | Relationship & Single (English) Design,"single, dating, anti valentine, divorce, relationship humor, couple, emotionally, unavailable, identite, relationship & single, funny shirt, typography, minimalist, aesthetic, gift idea, trendy, statement tee",produits/identite/id_unavailable_en__dark.png,produits/identite/id_unavailable_en__light.png
ir_block_button_en,ironique,relationship,Relationship & Single,,en,You're The Reason The Block Button Exists | Relationship & Single (English) Design,"single, dating, anti valentine, divorce, relationship humor, couple, you're, reason, block, button, exists, ironique, relationship & single, funny shirt, typography, minimalist, aesthetic, gift idea, trendy, statement tee",produits/ironique/ir_block_button_en__dark.png,produits/ironique/ir_block_button_en__light.png
ir_not_for_you_en,ironique,relationship,Relationship & Single,,en,I Have A Smile For Everyone. Except You. | Relationship & Single (English) Design,"single, dating, anti valentine, divorce, relationship humor, couple, smile, everyone, except, ironique, relationship & single, funny shirt, typography, minimalist, aesthetic, gift idea, trendy, statement tee",produits/ironique/ir_not_for_you_en__dark.png,produits/ironique/ir_not_for_you_en__light.png
acct_april_en,niches,relationship,Relationship & Single,accountants,en,April Is Just My Valentine's Day | Relationship & Single (English) Design,"single, dating, anti valentine, divorce, relationship humor, couple, april, valentine's, accountants, niches, relationship & single, funny shirt, typography, minimalist, aesthetic, gift idea, trendy, statement tee",produits/niches/acct_april_en__dark.png,produits/niches/acct_april_en__light.png
chk_roo_en,niches,relationship,Relationship & Single,chickens,en,"Straight Run: Expected Hens, Got Roosters | Relationship & Single (English) Design","single, dating, anti valentine, divorce, relationship humor, couple, straight, expected, hens, roosters, chickens, niches, relationship & single, funny shirt, typography, minimalist, aesthetic, gift idea, trendy, statement tee",produits/niches/chk_roo_en__dark.png,produits/niches/chk_roo_en__light.png
pott_exploded_kiln_en,niches,relationship,Relationship & Single,pottery,en,Exploded in the Kiln Character Building | Relationship & Single (English) Design,"single, dating, anti valentine, divorce, relationship humor, couple, exploded, kiln, character, building, pottery, niches, relationship & single, funny shirt, typography, minimalist, aesthetic, gift idea, trendy, statement tee",produits/niches/pott_exploded_kiln_en__dark.png,produits/niches/pott_exploded_kiln_en__light.png
pv_fish_extinct_en,proverbes,relationship,Relationship & Single,,en,Don't Count Your Fish Before They're Extinct | Relationship & Single (English) Design,"single, dating, anti valentine, divorce, relationship humor, couple, don't, count, fish, before, they're, proverbes, relationship & single, funny shirt, typography, minimalist, aesthetic, gift idea, trendy, statement tee",produits/proverbes/pv_fish_extinct_en__dark.png,produits/proverbes/pv_fish_extinct_en__light.png
pl_desobeir_exister_fr,punchlines,relationship,Relationship & Single,,fr,"Désobéir, C'Est Exister | Relationship & Single (French) Design","single, dating, anti valentine, divorce, relationship humor, couple, désobéir, c'est, exister, punchlines, relationship & single, funny shirt, typography, minimalist, aesthetic, gift idea, trendy, statement tee",produits/punchlines/pl_desobeir_exister_fr__dark.png,produits/punchlines/pl_desobeir_exister_fr__light.png
pl_dread_party_en,punchlines,relationship,Relationship & Single,,en,"Existential Dread, Party Of One | Relationship & Single (English) Design","single, dating, anti valentine, divorce, relationship humor, couple, existential, dread, party, punchlines, relationship & single, funny shirt, typography, minimalist, aesthetic, gift idea, trendy, statement tee",produits/punchlines/pl_dread_party_en__dark.png,produits/punchlines/pl_dread_party_en__light.png
pl_rights_fight_en,punchlines,relationship,Relationship & Single,,en,Rights Aren't Given. They're Taken. | Relationship & Single (English) Design,"single, dating, anti valentine, divorce, relationship humor, couple, rights, aren't, given, they're, taken, punchlines, relationship & single, funny shirt, typography, minimalist, aesthetic, gift idea, trendy, statement tee",produits/punchlines/pl_rights_fight_en__dark.png,produits/punchlines/pl_rights_fight_en__light.png
rev_birds_real_en,revendications,relationship,Relationship & Single,,en,"Birds Are Real, Unlike Your Excuses | Relationship & Single (English) Design","single, dating, anti valentine, divorce, relationship humor, couple, birds, real, unlike, excuses, revendications, relationship & single, funny shirt, typography, minimalist, aesthetic, gift idea, trendy, statement tee",produits/revendications/rev_birds_real_en__dark.png,produits/revendications/rev_birds_real_en__light.png
so_check_friends_en,solidaire,relationship,Relationship & Single,,en,Text Your Friends First | Relationship & Single (English) Design,"single, dating, anti valentine, divorce, relationship humor, couple, text, friends, first, solidaire, relationship & single, funny shirt, typography, minimalist, aesthetic, gift idea, trendy, statement tee",produits/solidaire/so_check_friends_en__dark.png,produits/solidaire/so_check_friends_en__light.png
so_gentillesse_fr,solidaire,relationship,Relationship & Single,,fr,Sois Gentil. Fort. Et Exprès. | Relationship & Single (French) Design,"single, dating, anti valentine, divorce, relationship humor, couple, sois, gentil, fort, exprès, solidaire, relationship & single, funny shirt, typography, minimalist, aesthetic, gift idea, trendy, statement tee",produits/solidaire/so_gentillesse_fr__dark.png,produits/solidaire/so_gentillesse_fr__light.png
tr_hot_mess_en,trending,relationship,Relationship & Single,,en,Hot Mess Express | Relationship & Single (English) Design,"single, dating, anti valentine, divorce, relationship humor, couple, mess, express, trending, relationship & single, funny shirt, typography, minimalist, aesthetic, gift idea, trendy, statement tee",produits/trending/tr_hot_mess_en__dark.png,produits/trending/tr_hot_mess_en__light.png
pun_cafe_confiance_fr,niches,solidarity,Solidarity & Kindness,wordplay_fr,fr,Caféine le seul C que je valide | Solidarity & Kindness (French) Design,"be kind, you matter, solidarity, anti bullying, mental health support, kindness, caféine, seul, valide, wordplay fr, niches, solidarity & kindness, funny shirt, typography, minimalist, aesthetic, gift idea, trendy, statement tee",produits/niches/pun_cafe_confiance_fr__dark.png,produits/niches/pun_cafe_confiance_fr__light.png
pl_gentil_limite_fr,punchlines,solidarity,Solidarity & Kindness,,fr,Gentil. Mais Y'A Une Limite. | Solidarity & Kindness (French) Design,"be kind, you matter, solidarity, anti bullying, mental health support, kindness, gentil, limite, punchlines, solidarity & kindness, funny shirt, typography, minimalist, aesthetic, gift idea, trendy, statement tee",produits/punchlines/pl_gentil_limite_fr__dark.png,produits/punchlines/pl_gentil_limite_fr__light.png
rev_be_kind_quiet_en,revendications,solidarity,Solidarity & Kindness,,en,Be Kind Or Be Quiet | Solidarity & Kindness (English) Design,"be kind, you matter, solidarity, anti bullying, mental health support, kindness, kind, quiet, revendications, solidarity & kindness, funny shirt, typography, minimalist, aesthetic, gift idea, trendy, statement tee",produits/revendications/rev_be_kind_quiet_en__dark.png,produits/revendications/rev_be_kind_quiet_en__light.png
rev_gentil_gratuit_fr,revendications,solidarity,Solidarity & Kindness,,fr,"Sois Gentil, C'Est Gratuit | Solidarity & Kindness (French) Design","be kind, you matter, solidarity, anti bullying, mental health support, kindness, sois, gentil, c'est, gratuit, revendications, solidarity & kindness, funny shirt, typography, minimalist, aesthetic, gift idea, trendy, statement tee",produits/revendications/rev_gentil_gratuit_fr__dark.png,produits/revendications/rev_gentil_gratuit_fr__light.png
so_ask_for_help_en,solidaire,solidarity,Solidarity & Kindness,,en,Asking For Help Is Brave | Solidarity & Kindness (English) Design,"be kind, you matter, solidarity, anti bullying, mental health support, kindness, asking, help, brave, solidaire, solidarity & kindness, funny shirt, typography, minimalist, aesthetic, gift idea, trendy, statement tee",produits/solidaire/so_ask_for_help_en__dark.png,produits/solidaire/so_ask_for_help_en__light.png
so_bad_day_en,solidaire,solidarity,Solidarity & Kindness,,en,Bad Day? I've Got You | Solidarity & Kindness (English) Design,"be kind, you matter, solidarity, anti bullying, mental health support, kindness, i've, solidaire, solidarity & kindness, funny shirt, typography, minimalist, aesthetic, gift idea, trendy, statement tee",produits/solidaire/so_bad_day_en__dark.png,produits/solidaire/so_bad_day_en__light.png
so_demander_aide_fr,solidaire,solidarity,Solidarity & Kindness,,fr,"Demander De L'Aide, C'Est Du Courage | Solidarity & Kindness (French) Design","be kind, you matter, solidarity, anti bullying, mental health support, kindness, demander, l'aide, c'est, courage, solidaire, solidarity & kindness, funny shirt, typography, minimalist, aesthetic, gift idea, trendy, statement tee",produits/solidaire/so_demander_aide_fr__dark.png,produits/solidaire/so_demander_aide_fr__light.png
so_harcelement_fr,solidaire,solidarity,Solidarity & Kindness,,fr,Le Harcèlement S'Arrête Avec Moi | Solidarity & Kindness (French) Design,"be kind, you matter, solidarity, anti bullying, mental health support, kindness, harcèlement, s'arrête, solidaire, solidarity & kindness, funny shirt, typography, minimalist, aesthetic, gift idea, trendy, statement tee",produits/solidaire/so_harcelement_fr__dark.png,produits/solidaire/so_harcelement_fr__light.png
so_jamais_seul_fr,solidaire,solidarity,Solidarity & Kindness,,fr,Personne Ne Lutte Tout Seul | Solidarity & Kindness (French) Design,"be kind, you matter, solidarity, anti bullying, mental health support, kindness, personne, lutte, seul, solidaire, solidarity & kindness, funny shirt, typography, minimalist, aesthetic, gift idea, trendy, statement tee",produits/solidaire/so_jamais_seul_fr__dark.png,produits/solidaire/so_jamais_seul_fr__light.png
so_je_marche_fr,solidaire,solidarity,Solidarity & Kindness,,fr,Besoin ? Je Marche Avec Toi | Solidarity & Kindness (French) Design,"be kind, you matter, solidarity, anti bullying, mental health support, kindness, besoin, marche, solidaire, solidarity & kindness, funny shirt, typography, minimalist, aesthetic, gift idea, trendy, statement tee",produits/solidaire/so_je_marche_fr__dark.png,produits/solidaire/so_je_marche_fr__light.png
so_kind_loud_en,solidaire,solidarity,Solidarity & Kindness,,en,Be Kind. Out Loud. On Purpose. | Solidarity & Kindness (English) Design,"be kind, you matter, solidarity, anti bullying, mental health support, kindness, kind, loud, purpose, solidaire, solidarity & kindness, funny shirt, typography, minimalist, aesthetic, gift idea, trendy, statement tee",produits/solidaire/so_kind_loud_en__dark.png,produits/solidaire/so_kind_loud_en__light.png
so_lonely_talk_en,solidaire,solidarity,Solidarity & Kindness,,en,Lonely? Talk To Me | Solidarity & Kindness (English) Design,"be kind, you matter, solidarity, anti bullying, mental health support, kindness, lonely, talk, solidaire, solidarity & kindness, funny shirt, typography, minimalist, aesthetic, gift idea, trendy, statement tee",produits/solidaire/so_lonely_talk_en__dark.png,produits/solidaire/so_lonely_talk_en__light.png
so_mauvais_jour_fr,solidaire,solidarity,Solidarity & Kindness,,fr,Pas La Forme ? Je Suis Là | Solidarity & Kindness (French) Design,"be kind, you matter, solidarity, anti bullying, mental health support, kindness, forme, suis, solidaire, solidarity & kindness, funny shirt, typography, minimalist, aesthetic, gift idea, trendy, statement tee",produits/solidaire/so_mauvais_jour_fr__dark.png,produits/solidaire/so_mauvais_jour_fr__light.png
so_no_harass_en,solidaire,solidarity,Solidarity & Kindness,,en,Harassment Stops With Me | Solidarity & Kindness (English) Design,"be kind, you matter, solidarity, anti bullying, mental health support, kindness, harassment, stops, solidaire, solidarity & kindness, funny shirt, typography, minimalist, aesthetic, gift idea, trendy, statement tee",produits/solidaire/so_no_harass_en__dark.png,produits/solidaire/so_no_harass_en__light.png
so_no_one_alone_en,solidaire,solidarity,Solidarity & Kindness,,en,No One Fights Alone | Solidarity & Kindness (English) Design,"be kind, you matter, solidarity, anti bullying, mental health support, kindness, fights, alone, solidaire, solidarity & kindness, funny shirt, typography, minimalist, aesthetic, gift idea, trendy, statement tee",produits/solidaire/so_no_one_alone_en__dark.png,produits/solidaire/so_no_one_alone_en__light.png
so_personne_safe_fr,solidaire,solidarity,Solidarity & Kindness,,fr,"Avec Moi, Tu Es En Sécurité | Solidarity & Kindness (French) Design","be kind, you matter, solidarity, anti bullying, mental health support, kindness, sécurité, solidaire, solidarity & kindness, funny shirt, typography, minimalist, aesthetic, gift idea, trendy, statement tee",produits/solidaire/so_personne_safe_fr__dark.png,produits/solidaire/so_personne_safe_fr__light.png
so_prends_des_nouvelles_fr,solidaire,solidarity,Solidarity & Kindness,,fr,Prends Des Nouvelles De Tes Potes | Solidarity & Kindness (French) Design,"be kind, you matter, solidarity, anti bullying, mental health support, kindness, prends, nouvelles, potes, solidaire, solidarity & kindness, funny shirt, typography, minimalist, aesthetic, gift idea, trendy, statement tee",produits/solidaire/so_prends_des_nouvelles_fr__dark.png,produits/solidaire/so_prends_des_nouvelles_fr__light.png
so_safe_person_en,solidaire,solidarity,Solidarity & Kindness,,en,You're Safe With Me | Solidarity & Kindness (English) Design,"be kind, you matter, solidarity, anti bullying, mental health support, kindness, you're, safe, solidaire, solidarity & kindness, funny shirt, typography, minimalist, aesthetic, gift idea, trendy, statement tee",produits/solidaire/so_safe_person_en__dark.png,produits/solidaire/so_safe_person_en__light.png
so_seul_parle_fr,solidaire,solidarity,Solidarity & Kindness,,fr,Seul(e) ? Viens Me Parler | Solidarity & Kindness (French) Design,"be kind, you matter, solidarity, anti bullying, mental health support, kindness, seul, viens, parler, solidaire, solidarity & kindness, funny shirt, typography, minimalist, aesthetic, gift idea, trendy, statement tee",produits/solidaire/so_seul_parle_fr__dark.png,produits/solidaire/so_seul_parle_fr__light.png
so_sit_here_en,solidaire,solidarity,Solidarity & Kindness,,en,This Seat Is Always Free For You | Solidarity & Kindness (English) Design,"be kind, you matter, solidarity, anti bullying, mental health support, kindness, seat, always, free, solidaire, solidarity & kindness, funny shirt, typography, minimalist, aesthetic, gift idea, trendy, statement tee",produits/solidaire/so_sit_here_en__dark.png,produits/solidaire/so_sit_here_en__light.png
so_still_here_en,solidaire,solidarity,Solidarity & Kindness,,en,Still Here. Still Rooting For You | Solidarity & Kindness (English) Design,"be kind, you matter, solidarity, anti bullying, mental health support, kindness, still, here, rooting, solidaire, solidarity & kindness, funny shirt, typography, minimalist, aesthetic, gift idea, trendy, statement tee",produits/solidaire/so_still_here_en__dark.png,produits/solidaire/so_still_here_en__light.png
so_tiens_bon_fr,solidaire,solidarity,Solidarity & Kindness,,fr,Tiens Bon. On Est Plus Forts Ensemble | Solidarity & Kindness (French) Design,"be kind, you matter, solidarity, anti bullying, mental health support, kindness, tiens, forts, ensemble, solidaire, solidarity & kindness, funny shirt, typography, minimalist, aesthetic, gift idea, trendy, statement tee",produits/solidaire/so_tiens_bon_fr__dark.png,produits/solidaire/so_tiens_bon_fr__light.png
so_tu_comptes_fr,solidaire,solidarity,Solidarity & Kindness,,fr,"Tu Comptes. Oui, Toi. | Solidarity & Kindness (French) Design","be kind, you matter, solidarity, anti bullying, mental health support, kindness, comptes, solidaire, solidarity & kindness, funny shirt, typography, minimalist, aesthetic, gift idea, trendy, statement tee",produits/solidaire/so_tu_comptes_fr__dark.png,produits/solidaire/so_tu_comptes_fr__light.png
so_walk_with_you_en,solidaire,solidarity,Solidarity & Kindness,,en,Need Someone? I'll Walk With You | Solidarity & Kindness (English) Design,"be kind, you matter, solidarity, anti bullying, mental health support, kindness, need, someone, i'll, walk, solidaire, solidarity & kindness, funny shirt, typography, minimalist, aesthetic, gift idea, trendy, statement tee",produits/solidaire/so_walk_with_you_en__dark.png,produits/solidaire/so_walk_with_you_en__light.png
so_you_matter_en,solidaire,solidarity,Solidarity & Kindness,,en,"You Matter. Yes, You. | Solidarity & Kindness (English) Design","be kind, you matter, solidarity, anti bullying, mental health support, kindness, matter, solidaire, solidarity & kindness, funny shirt, typography, minimalist, aesthetic, gift idea, trendy, statement tee",produits/solidaire/so_you_matter_en__dark.png,produits/solidaire/so_you_matter_en__light.png
cp_vagal_en,niches,stoner,Stoner & Festival,cold_plunge,en,Vagal Tone High Tolerance Higher | Stoner & Festival (English) Design,"420, weed, stoner, cannabis, festival, high vibes, rasta, vagal, tone, high, tolerance, higher, cold plunge, niches, stoner & festival, funny shirt, typography, minimalist, aesthetic, gift idea, trendy, statement tee",produits/niches/cp_vagal_en__dark.png,produits/niches/cp_vagal_en__light.png
golf_bogey_life_en,niches,stoner,Stoner & Festival,golf,en,Bogey Golfer Champion Attitude | Stoner & Festival (English) Design,"420, weed, stoner, cannabis, festival, high vibes, rasta, bogey, golfer, champion, attitude, golf, niches, stoner & festival, funny shirt, typography, minimalist, aesthetic, gift idea, trendy, statement tee",produits/niches/golf_bogey_life_en__dark.png,produits/niches/golf_bogey_life_en__light.png
sd_float_test_en,niches,stoner,Stoner & Festival,sourdough,en,My Float Test Lied Baked Anyway | Stoner & Festival (English) Design,"420, weed, stoner, cannabis, festival, high vibes, rasta, float, test, lied, baked, anyway, sourdough, niches, stoner & festival, funny shirt, typography, minimalist, aesthetic, gift idea, trendy, statement tee",produits/niches/sd_float_test_en__dark.png,produits/niches/sd_float_test_en__light.png
st_420_friendly_rasta,stoner,stoner,Stoner & Festival,,en,420 Friendly | Stoner & Festival (English) Design,"420, weed, stoner, cannabis, festival, high vibes, rasta, friendly, stoner & festival, funny shirt, typography, minimalist, aesthetic, gift idea, trendy, statement tee",produits/stoner/st_420_friendly_rasta__dark.png,produits/stoner/st_420_friendly_rasta__light.png
st_420_rasta,stoner,stoner,Stoner & Festival,,xx,420 | Stoner & Festival Design,"420, weed, stoner, cannabis, festival, high vibes, rasta, stoner & festival, funny shirt, typography, minimalist, aesthetic, gift idea, trendy, statement tee",produits/stoner/st_420_rasta__dark.png,produits/stoner/st_420_rasta__light.png
st_arrose_fr,stoner,stoner,Stoner & Festival,,fr,J'Arrose Mes Plantes Et Elles Me Le Rendent Bien | Stoner & Festival (French) Design,"420, weed, stoner, cannabis, festival, high vibes, rasta, j'arrose, plantes, elles, rendent, bien, stoner & festival, funny shirt, typography, minimalist, aesthetic, gift idea, trendy, statement tee",produits/stoner/st_arrose_fr__dark.png,produits/stoner/st_arrose_fr__light.png
st_baked_en,stoner,stoner,Stoner & Festival,,en,I Love Baking (Wink) | Stoner & Festival (English) Design,"420, weed, stoner, cannabis, festival, high vibes, rasta, love, baking, wink, stoner & festival, funny shirt, typography, minimalist, aesthetic, gift idea, trendy, statement tee",produits/stoner/st_baked_en__dark.png,produits/stoner/st_baked_en__light.png
st_blaze_jamaica,stoner,stoner,Stoner & Festival,,en,Blaze It | Stoner & Festival (English) Design,"420, weed, stoner, cannabis, festival, high vibes, rasta, blaze, stoner & festival, funny shirt, typography, minimalist, aesthetic, gift idea, trendy, statement tee",produits/stoner/st_blaze_jamaica__dark.png,produits/stoner/st_blaze_jamaica__light.png
st_brownie_fr,stoner,stoner,Stoner & Festival,,fr,Mes Brownies Sont Un Peu Spéciaux | Stoner & Festival (French) Design,"420, weed, stoner, cannabis, festival, high vibes, rasta, brownies, spéciaux, stoner & festival, funny shirt, typography, minimalist, aesthetic, gift idea, trendy, statement tee",produits/stoner/st_brownie_fr__dark.png,produits/stoner/st_brownie_fr__light.png
st_brownies_en,stoner,stoner,Stoner & Festival,,en,My Brownies Hit Different | Stoner & Festival (English) Design,"420, weed, stoner, cannabis, festival, high vibes, rasta, brownies, different, stoner & festival, funny shirt, typography, minimalist, aesthetic, gift idea, trendy, statement tee",produits/stoner/st_brownies_en__dark.png,produits/stoner/st_brownies_en__light.png
st_camping_fr,stoner,stoner,Stoner & Festival,,fr,En Camping Spirituel | Stoner & Festival (French) Design,"420, weed, stoner, cannabis, festival, high vibes, rasta, camping, spirituel, stoner & festival, funny shirt, typography, minimalist, aesthetic, gift idea, trendy, statement tee",produits/stoner/st_camping_fr__dark.png,produits/stoner/st_camping_fr__light.png
st_champis_fr,stoner,stoner,Stoner & Festival,,fr,J'Aime Les Champis Mais Je Parle Pas De Morilles | Stoner & Festival (French) Design,"420, weed, stoner, cannabis, festival, high vibes, rasta, j'aime, champis, parle, morilles, stoner & festival, funny shirt, typography, minimalist, aesthetic, gift idea, trendy, statement tee",produits/stoner/st_champis_fr__dark.png,produits/stoner/st_champis_fr__light.png
st_festival_mode_en,stoner,stoner,Stoner & Festival,,en,Festival Mode: Brain Offline | Stoner & Festival (English) Design,"420, weed, stoner, cannabis, festival, high vibes, rasta, mode, brain, offline, stoner & festival, funny shirt, typography, minimalist, aesthetic, gift idea, trendy, statement tee",produits/stoner/st_festival_mode_en__dark.png,produits/stoner/st_festival_mode_en__light.png
st_gardening_en,stoner,stoner,Stoner & Festival,,en,I Love Gardening One Plant In Particular | Stoner & Festival (English) Design,"420, weed, stoner, cannabis, festival, high vibes, rasta, love, gardening, plant, particular, stoner & festival, funny shirt, typography, minimalist, aesthetic, gift idea, trendy, statement tee",produits/stoner/st_gardening_en__dark.png,produits/stoner/st_gardening_en__light.png
st_good_trip_rasta,stoner,stoner,Stoner & Festival,,en,Good Trip | Stoner & Festival (English) Design,"420, weed, stoner, cannabis, festival, high vibes, rasta, good, trip, stoner & festival, funny shirt, typography, minimalist, aesthetic, gift idea, trendy, statement tee",produits/stoner/st_good_trip_rasta__dark.png,produits/stoner/st_good_trip_rasta__light.png
st_greens_en,stoner,stoner,Stoner & Festival,,en,Doctor Said I Need More Greens | Stoner & Festival (English) Design,"420, weed, stoner, cannabis, festival, high vibes, rasta, doctor, said, need, more, greens, stoner & festival, funny shirt, typography, minimalist, aesthetic, gift idea, trendy, statement tee",produits/stoner/st_greens_en__dark.png,produits/stoner/st_greens_en__light.png
st_herbal_en,stoner,stoner,Stoner & Festival,,en,Certified Herbal Enthusiast | Stoner & Festival (English) Design,"420, weed, stoner, cannabis, festival, high vibes, rasta, certified, herbal, enthusiast, stoner & festival, funny shirt, typography, minimalist, aesthetic, gift idea, trendy, statement tee",produits/stoner/st_herbal_en__dark.png,produits/stoner/st_herbal_en__light.png
st_high_on_life_en,stoner,stoner,Stoner & Festival,,en,High On Life (And A Couple Other Things) | Stoner & Festival (English) Design,"420, weed, stoner, cannabis, festival, high vibes, rasta, high, life, couple, other, things, stoner & festival, funny shirt, typography, minimalist, aesthetic, gift idea, trendy, statement tee",produits/stoner/st_high_on_life_en__dark.png,produits/stoner/st_high_on_life_en__light.png
st_high_vibes_rasta,stoner,stoner,Stoner & Festival,,en,High Vibes | Stoner & Festival (English) Design,"420, weed, stoner, cannabis, festival, high vibes, rasta, high, vibes, stoner & festival, funny shirt, typography, minimalist, aesthetic, gift idea, trendy, statement tee",produits/stoner/st_high_vibes_rasta__dark.png,produits/stoner/st_high_vibes_rasta__light.png
st_jardinage_fr,stoner,stoner,Stoner & Festival,,fr,J'Aime Le Jardinage Surtout Une Certaine Herbe | Stoner & Festival (French) Design,"420, weed, stoner, cannabis, festival, high vibes, rasta, j'aime, jardinage, surtout, certaine, herbe, stoner & festival, funny shirt, typography, minimalist, aesthetic, gift idea, trendy, statement tee",produits/stoner/st_jardinage_fr__dark.png,produits/stoner/st_jardinage_fr__light.png
st_legalize_en,stoner,stoner,Stoner & Festival,,en,Legalize Good Vibes | Stoner & Festival (English) Design,"420, weed, stoner, cannabis, festival, high vibes, rasta, legalize, good, vibes, stoner & festival, funny shirt, typography, minimalist, aesthetic, gift idea, trendy, statement tee",produits/stoner/st_legalize_en__dark.png,produits/stoner/st_legalize_en__light.png
st_medite_fr,stoner,stoner,Stoner & Festival,,fr,Je Médite Avec Un Petit Coup De Main | Stoner & Festival (French) Design,"420, weed, stoner, cannabis, festival, high vibes, rasta, médite, petit, coup, main, stoner & festival, funny shirt, typography, minimalist, aesthetic, gift idea, trendy, statement tee",produits/stoner/st_medite_fr__dark.png,produits/stoner/st_medite_fr__light.png
st_one_love_rasta,stoner,stoner,Stoner & Festival,,en,One Love | Stoner & Festival (English) Design,"420, weed, stoner, cannabis, festival, high vibes, rasta, love, stoner & festival, funny shirt, typography, minimalist, aesthetic, gift idea, trendy, statement tee",produits/stoner/st_one_love_rasta__dark.png,produits/stoner/st_one_love_rasta__light.png
st_peace_jamaica,stoner,stoner,Stoner & Festival,,en,Peace & Love | Stoner & Festival (English) Design,"420, weed, stoner, cannabis, festival, high vibes, rasta, peace, love, stoner & festival, funny shirt, typography, minimalist, aesthetic, gift idea, trendy, statement tee",produits/stoner/st_peace_jamaica__dark.png,produits/stoner/st_peace_jamaica__light.png
st_plant_parent_en,stoner,stoner,Stoner & Festival,,en,Proud Plant Parent (You Know The One) | Stoner & Festival (English) Design,"420, weed, stoner, cannabis, festival, high vibes, rasta, proud, plant, parent, know, stoner & festival, funny shirt, typography, minimalist, aesthetic, gift idea, trendy, statement tee",produits/stoner/st_plant_parent_en__dark.png,produits/stoner/st_plant_parent_en__light.png
st_plante_verte_fr,stoner,stoner,Stoner & Festival,,fr,Amateur De Plantes Vertes (Une En Particulier) | Stoner & Festival (French) Design,"420, weed, stoner, cannabis, festival, high vibes, rasta, amateur, plantes, vertes, particulier, stoner & festival, funny shirt, typography, minimalist, aesthetic, gift idea, trendy, statement tee",produits/stoner/st_plante_verte_fr__dark.png,produits/stoner/st_plante_verte_fr__light.png
st_roule_fr,stoner,stoner,Stoner & Festival,,fr,Je Roule... Mes Cigarettes Moi-Même | Stoner & Festival (French) Design,"420, weed, stoner, cannabis, festival, high vibes, rasta, roule, cigarettes, même, stoner & festival, funny shirt, typography, minimalist, aesthetic, gift idea, trendy, statement tee",produits/stoner/st_roule_fr__dark.png,produits/stoner/st_roule_fr__light.png
st_stay_high_rasta,stoner,stoner,Stoner & Festival,,en,Stay High | Stoner & Festival (English) Design,"420, weed, stoner, cannabis, festival, high vibes, rasta, stay, high, stoner & festival, funny shirt, typography, minimalist, aesthetic, gift idea, trendy, statement tee",produits/stoner/st_stay_high_rasta__dark.png,produits/stoner/st_stay_high_rasta__light.png
st_sunset_session_en,stoner,stoner,Stoner & Festival,,en,Sunset Session Enthusiast | Stoner & Festival (English) Design,"420, weed, stoner, cannabis, festival, high vibes, rasta, sunset, session, enthusiast, stoner & festival, funny shirt, typography, minimalist, aesthetic, gift idea, trendy, statement tee",produits/stoner/st_sunset_session_en__dark.png,produits/stoner/st_sunset_session_en__light.png
st_tisane_fr,stoner,stoner,Stoner & Festival,,fr,Soirée Tisane (C'Est Pas De La Tisane) | Stoner & Festival (French) Design,"420, weed, stoner, cannabis, festival, high vibes, rasta, soirée, tisane, c'est, stoner & festival, funny shirt, typography, minimalist, aesthetic, gift idea, trendy, statement tee",produits/stoner/st_tisane_fr__dark.png,produits/stoner/st_tisane_fr__light.png
tr_highly_caffeinated_en,trending,stoner,Stoner & Festival,,en,Highly Caffeinated | Stoner & Festival (English) Design,"420, weed, stoner, cannabis, festival, high vibes, rasta, highly, caffeinated, trending, stoner & festival, funny shirt, typography, minimalist, aesthetic, gift idea, trendy, statement tee",produits/trending/tr_highly_caffeinated_en__dark.png,produits/trending/tr_highly_caffeinated_en__light.png
tr_quiet_quitting_en,trending,stoner,Stoner & Festival,,en,Quiet Quitting Champion | Stoner & Festival (English) Design,"420, weed, stoner, cannabis, festival, high vibes, rasta, quiet, quitting, champion, trending, stoner & festival, funny shirt, typography, minimalist, aesthetic, gift idea, trendy, statement tee",produits/trending/tr_quiet_quitting_en__dark.png,produits/trending/tr_quiet_quitting_en__light.png
he_monday_coffee_en,heart,work,Work & Office Humor,,en,I love Mondays not Mondays but Coffee | Work & Office Humor (English) Design,"office humor, work shirt, coworker gift, monday, sarcastic work, corporate, love, mondays, coffee, heart, work & office humor, funny shirt, typography, minimalist, aesthetic, gift idea, trendy, statement tee",produits/heart/he_monday_coffee_en__dark.png,produits/heart/he_monday_coffee_en__light.png
he_overtime_en,heart,work,Work & Office Humor,,en,I love Overtime | Work & Office Humor (English) Design,"office humor, work shirt, coworker gift, monday, sarcastic work, corporate, love, overtime, heart, work & office humor, funny shirt, typography, minimalist, aesthetic, gift idea, trendy, statement tee",produits/heart/he_overtime_en__dark.png,produits/heart/he_overtime_en__light.png
elec_quite_current_en,niches,work,Work & Office Humor,electricians,en,I'm Quite Current | Work & Office Humor (English) Design,"office humor, work shirt, coworker gift, monday, sarcastic work, corporate, quite, current, electricians, niches, work & office humor, funny shirt, typography, minimalist, aesthetic, gift idea, trendy, statement tee",produits/niches/elec_quite_current_en__dark.png,produits/niches/elec_quite_current_en__light.png
kb_keycaps_rent_en,niches,work,Work & Office Humor,mechanical_keyboards,en,I Paid More for Keycaps Than My Rent | Work & Office Humor (English) Design,"office humor, work shirt, coworker gift, monday, sarcastic work, corporate, paid, more, keycaps, than, rent, mechanical keyboards, niches, work & office humor, funny shirt, typography, minimalist, aesthetic, gift idea, trendy, statement tee",produits/niches/kb_keycaps_rent_en__dark.png,produits/niches/kb_keycaps_rent_en__light.png
nurse_superhero_en,niches,work,Work & Office Humor,nurses,en,Nurse: Because Superhero Isn't a Job | Work & Office Humor (English) Design,"office humor, work shirt, coworker gift, monday, sarcastic work, corporate, nurse, because, superhero, isn't, nurses, niches, work & office humor, funny shirt, typography, minimalist, aesthetic, gift idea, trendy, statement tee",produits/niches/nurse_superhero_en__dark.png,produits/niches/nurse_superhero_en__light.png
plants_overachiever_en,niches,work,Work & Office Humor,houseplants,en,Plant Parent Overachiever | Work & Office Humor (English) Design,"office humor, work shirt, coworker gift, monday, sarcastic work, corporate, plant, parent, overachiever, houseplants, niches, work & office humor, funny shirt, typography, minimalist, aesthetic, gift idea, trendy, statement tee",produits/niches/plants_overachiever_en__dark.png,produits/niches/plants_overachiever_en__light.png
swim_pool_office_en,niches,work,Work & Office Humor,swimming,en,The Pool Is My Office | Work & Office Humor (English) Design,"office humor, work shirt, coworker gift, monday, sarcastic work, corporate, pool, office, swimming, niches, work & office humor, funny shirt, typography, minimalist, aesthetic, gift idea, trendy, statement tee",produits/niches/swim_pool_office_en__dark.png,produits/niches/swim_pool_office_en__light.png
tennis_love_all_en,niches,work,Work & Office Humor,tennis,en,Love All (Except Mondays) | Work & Office Humor (English) Design,"office humor, work shirt, coworker gift, monday, sarcastic work, corporate, love, except, mondays, tennis, niches, work & office humor, funny shirt, typography, minimalist, aesthetic, gift idea, trendy, statement tee",produits/niches/tennis_love_all_en__dark.png,produits/niches/tennis_love_all_en__light.png
vet_underrated_en,niches,work,Work & Office Humor,vet_tech,en,"Underpaid, Overworked Totally Worth It | Work & Office Humor (English) Design","office humor, work shirt, coworker gift, monday, sarcastic work, corporate, underpaid, overworked, totally, worth, vet tech, niches, work & office humor, funny shirt, typography, minimalist, aesthetic, gift idea, trendy, statement tee",produits/niches/vet_underrated_en__dark.png,produits/niches/vet_underrated_en__light.png
pv_argent_loyer_fr,proverbes,work,Work & Office Humor,,fr,"L'Argent Ne Fait Pas Le Bonheur, Mais Il Paie Le Loyer | Work & Office Humor (French) Design","office humor, work shirt, coworker gift, monday, sarcastic work, corporate, l'argent, bonheur, paie, loyer, proverbes, work & office humor, funny shirt, typography, minimalist, aesthetic, gift idea, trendy, statement tee",produits/proverbes/pv_argent_loyer_fr__dark.png,produits/proverbes/pv_argent_loyer_fr__light.png
pl_99_en,punchlines,work,Work & Office Humor,,en,99 Problems And Rent Is 98 | Work & Office Humor (English) Design,"office humor, work shirt, coworker gift, monday, sarcastic work, corporate, problems, rent, punchlines, work & office humor, funny shirt, typography, minimalist, aesthetic, gift idea, trendy, statement tee",produits/punchlines/pl_99_en__dark.png,produits/punchlines/pl_99_en__light.png
pl_99_loyer_fr,punchlines,work,Work & Office Humor,,fr,99 Problèmes Et Le Loyer En Est 98 | Work & Office Humor (French) Design,"office humor, work shirt, coworker gift, monday, sarcastic work, corporate, problèmes, loyer, punchlines, work & office humor, funny shirt, typography, minimalist, aesthetic, gift idea, trendy, statement tee",produits/punchlines/pl_99_loyer_fr__dark.png,produits/punchlines/pl_99_loyer_fr__light.png
pl_enfer_lundi_fr,punchlines,work,Work & Office Humor,,fr,L'Enfer C'Est Les Autres (Et Le Lundi) | Work & Office Humor (French) Design,"office humor, work shirt, coworker gift, monday, sarcastic work, corporate, l'enfer, c'est, autres, lundi, punchlines, work & office humor, funny shirt, typography, minimalist, aesthetic, gift idea, trendy, statement tee",produits/punchlines/pl_enfer_lundi_fr__dark.png,produits/punchlines/pl_enfer_lundi_fr__light.png
pl_extinct_en,punchlines,work,Work & Office Humor,,en,Currently Going Extinct | Work & Office Humor (English) Design,"office humor, work shirt, coworker gift, monday, sarcastic work, corporate, currently, going, extinct, punchlines, work & office humor, funny shirt, typography, minimalist, aesthetic, gift idea, trendy, statement tee",produits/punchlines/pl_extinct_en__dark.png,produits/punchlines/pl_extinct_en__light.png
pl_grande_demission_fr,punchlines,work,Work & Office Humor,,fr,Grande Démission Intérieure | Work & Office Humor (French) Design,"office humor, work shirt, coworker gift, monday, sarcastic work, corporate, grande, démission, intérieure, punchlines, work & office humor, funny shirt, typography, minimalist, aesthetic, gift idea, trendy, statement tee",produits/punchlines/pl_grande_demission_fr__dark.png,produits/punchlines/pl_grande_demission_fr__light.png
pl_lundi_crime_fr,punchlines,work,Work & Office Humor,,fr,Le Lundi Devrait Être Illégal | Work & Office Humor (French) Design,"office humor, work shirt, coworker gift, monday, sarcastic work, corporate, lundi, devrait, illégal, punchlines, work & office humor, funny shirt, typography, minimalist, aesthetic, gift idea, trendy, statement tee",produits/punchlines/pl_lundi_crime_fr__dark.png,produits/punchlines/pl_lundi_crime_fr__light.png
pl_metro_marteau_fr,punchlines,work,Work & Office Humor,,fr,"Métro, Boulot, Marteau | Work & Office Humor (French) Design","office humor, work shirt, coworker gift, monday, sarcastic work, corporate, métro, boulot, marteau, punchlines, work & office humor, funny shirt, typography, minimalist, aesthetic, gift idea, trendy, statement tee",produits/punchlines/pl_metro_marteau_fr__dark.png,produits/punchlines/pl_metro_marteau_fr__light.png
pl_monday_crime_en,punchlines,work,Work & Office Humor,,en,Mondays Should Be Illegal | Work & Office Humor (English) Design,"office humor, work shirt, coworker gift, monday, sarcastic work, corporate, mondays, should, illegal, punchlines, work & office humor, funny shirt, typography, minimalist, aesthetic, gift idea, trendy, statement tee",produits/punchlines/pl_monday_crime_en__dark.png,produits/punchlines/pl_monday_crime_en__light.png
pl_overqualified_en,punchlines,work,Work & Office Humor,,en,Overqualified And Underpaid | Work & Office Humor (English) Design,"office humor, work shirt, coworker gift, monday, sarcastic work, corporate, overqualified, underpaid, punchlines, work & office humor, funny shirt, typography, minimalist, aesthetic, gift idea, trendy, statement tee",produits/punchlines/pl_overqualified_en__dark.png,produits/punchlines/pl_overqualified_en__light.png
pl_quiet_quitting_en,punchlines,work,Work & Office Humor,,en,Quietly Quitting Everything | Work & Office Humor (English) Design,"office humor, work shirt, coworker gift, monday, sarcastic work, corporate, quietly, quitting, everything, punchlines, work & office humor, funny shirt, typography, minimalist, aesthetic, gift idea, trendy, statement tee",produits/punchlines/pl_quiet_quitting_en__dark.png,produits/punchlines/pl_quiet_quitting_en__light.png
pl_surdiplome_fr,punchlines,work,Work & Office Humor,,fr,Surdiplômé Et Sous-Payé | Work & Office Humor (French) Design,"office humor, work shirt, coworker gift, monday, sarcastic work, corporate, surdiplômé, sous, payé, punchlines, work & office humor, funny shirt, typography, minimalist, aesthetic, gift idea, trendy, statement tee",produits/punchlines/pl_surdiplome_fr__dark.png,produits/punchlines/pl_surdiplome_fr__light.png
tr_allergique_lundi_fr,trending,work,Work & Office Humor,,fr,Allergique Au Lundi | Work & Office Humor (French) Design,"office humor, work shirt, coworker gift, monday, sarcastic work, corporate, allergique, lundi, trending, work & office humor, funny shirt, typography, minimalist, aesthetic, gift idea, trendy, statement tee",produits/trending/tr_allergique_lundi_fr__dark.png,produits/trending/tr_allergique_lundi_fr__light.png
tr_lundi_non_fr,trending,work,Work & Office Humor,,fr,"Lundi, On Se Connaît Pas | Work & Office Humor (French) Design","office humor, work shirt, coworker gift, monday, sarcastic work, corporate, lundi, connaît, trending, work & office humor, funny shirt, typography, minimalist, aesthetic, gift idea, trendy, statement tee",produits/trending/tr_lundi_non_fr__dark.png,produits/trending/tr_lundi_non_fr__light.png
tr_out_of_office_en,trending,work,Work & Office Humor,,en,Out Of Office Forever | Work & Office Humor (English) Design,"office humor, work shirt, coworker gift, monday, sarcastic work, corporate, office, forever, trending, work & office humor, funny shirt, typography, minimalist, aesthetic, gift idea, trendy, statement tee",produits/trending/tr_out_of_office_en__dark.png,produits/trending/tr_out_of_office_en__light.png
wa_lundi_fr,warning,work,Work & Office Humor,,fr,Le Lundi Tue (Le Moral) kills | Work & Office Humor (French) Design,"office humor, work shirt, coworker gift, monday, sarcastic work, corporate, lundi, moral, kills, warning, work & office humor, funny shirt, typography, minimalist, aesthetic, gift idea, trendy, statement tee",produits/warning/wa_lundi_fr__dark.png,produits/warning/wa_lundi_fr__light.png
