id,collection,theme,theme_label,subniche,lang,title,description,tags,files
3dp_98_fail_en,niches,humor,Funny & Sarcastic,3d_printing,en,Failed at 98% We Don't Talk About It - Funny & Sarcastic Design,"« Failed at 98% We Don't Talk About It » en typographie minimaliste et percutante. Un design pour tous ceux qui ont de l'humour. Idée cadeau parfaite, à porter ou offrir. Disponible sur t-shirt, sweat, sticker, mug, tote bag, poster et plus. #humor #typographie","funny saying, sarcastic, sarcasm, humor, meme shirt, funny quote, relatable, failed, don't, talk, about, 3d printing, funny & sarcastic, funny shirt, typography, minimalist, aesthetic, gift idea, trendy design, statement tee, for men, for women",produits/niches/3dp_98_fail_en__dark.png | produits/niches/3dp_98_fail_en__light.png
3dp_bed_level_en,niches,humor,Funny & Sarcastic,3d_printing,en,Bed Was Level The Print Said Otherwise - Funny & Sarcastic Design,"« Bed Was Level The Print Said Otherwise » en typographie minimaliste et percutante. Un design pour tous ceux qui ont de l'humour. Idée cadeau parfaite, à porter ou offrir. Disponible sur t-shirt, sweat, sticker, mug, tote bag, poster et plus. #humor #typographie","funny saying, sarcastic, sarcasm, humor, meme shirt, funny quote, relatable, level, print, said, otherwise, 3d printing, funny & sarcastic, funny shirt, typography, minimalist, aesthetic, gift idea, trendy design, statement tee, for men, for women",produits/niches/3dp_bed_level_en__dark.png | produits/niches/3dp_bed_level_en__light.png
3dp_benchy_en,niches,humor,Funny & Sarcastic,3d_printing,en,My Benchy Strung Like a Harp - Funny & Sarcastic Design,"« My Benchy Strung Like a Harp » en typographie minimaliste et percutante. Un design pour tous ceux qui ont de l'humour. Idée cadeau parfaite, à porter ou offrir. Disponible sur t-shirt, sweat, sticker, mug, tote bag, poster et plus. #humor #typographie","funny saying, sarcastic, sarcasm, humor, meme shirt, funny quote, relatable, benchy, strung, harp, 3d printing, funny & sarcastic, funny shirt, typography, minimalist, aesthetic, gift idea, trendy design, statement tee, for men, for women",produits/niches/3dp_benchy_en__dark.png | produits/niches/3dp_benchy_en__light.png
3dp_filament_en,niches,humor,Funny & Sarcastic,3d_printing,en,I Changed Filament 4 Times for One Print - Funny & Sarcastic Design,"« I Changed Filament 4 Times for One Print » en typographie minimaliste et percutante. Un design pour tous ceux qui ont de l'humour. Idée cadeau parfaite, à porter ou offrir. Disponible sur t-shirt, sweat, sticker, mug, tote bag, poster et plus. #humor #typographie","funny saying, sarcastic, sarcasm, humor, meme shirt, funny quote, relatable, changed, filament, times, print, 3d printing, funny & sarcastic, funny shirt, typography, minimalist, aesthetic, gift idea, trendy design, statement tee, for men, for women",produits/niches/3dp_filament_en__dark.png | produits/niches/3dp_filament_en__light.png
3dp_first_layer_en,niches,mental_health,Mental Health & Neurodivergent,3d_printing,en,First Layer Anxiety Is a Diagnosis - Mental Health & Neurodivergent Design,"« First Layer Anxiety Is a Diagnosis » en typographie minimaliste et percutante. Un design pour les neuroatypiques. Idée cadeau parfaite, à porter ou offrir. Disponible sur t-shirt, sweat, sticker, mug, tote bag, poster et plus. #mental_health #typographie","mental health, neurodivergent, adhd, autism, anxiety, introvert, self care, first, layer, diagnosis, 3d printing, mental health & neurodivergent, funny shirt, typography, minimalist, aesthetic, gift idea, trendy design, statement tee, for men, for women",produits/niches/3dp_first_layer_en__dark.png | produits/niches/3dp_first_layer_en__light.png
3dp_nozzle_clog_en,niches,humor,Funny & Sarcastic,3d_printing,en,Nozzle Clogged Right in the Middle. Classic. - Funny & Sarcastic Design,"« Nozzle Clogged Right in the Middle. Classic. » en typographie minimaliste et percutante. Un design pour tous ceux qui ont de l'humour. Idée cadeau parfaite, à porter ou offrir. Disponible sur t-shirt, sweat, sticker, mug, tote bag, poster et plus. #humor #typographie","funny saying, sarcastic, sarcasm, humor, meme shirt, funny quote, relatable, nozzle, clogged, right, middle, classic, 3d printing, funny & sarcastic, funny shirt, typography, minimalist, aesthetic, gift idea, trendy design, statement tee, for men, for women",produits/niches/3dp_nozzle_clog_en__dark.png | produits/niches/3dp_nozzle_clog_en__light.png
3dp_pla_petg_en,niches,humor,Funny & Sarcastic,3d_printing,en,PLA or PETG The Only Question That Matters - Funny & Sarcastic Design,"« PLA or PETG The Only Question That Matters » en typographie minimaliste et percutante. Un design pour tous ceux qui ont de l'humour. Idée cadeau parfaite, à porter ou offrir. Disponible sur t-shirt, sweat, sticker, mug, tote bag, poster et plus. #humor #typographie","funny saying, sarcastic, sarcasm, humor, meme shirt, funny quote, relatable, petg, question, matters, 3d printing, funny & sarcastic, funny shirt, typography, minimalist, aesthetic, gift idea, trendy design, statement tee, for men, for women",produits/niches/3dp_pla_petg_en__dark.png | produits/niches/3dp_pla_petg_en__light.png
acct_april_en,niches,relationship,Relationship & Single,accountants,en,April Is Just My Valentine's Day - Relationship & Single Design,"« April Is Just My Valentine's Day » en typographie minimaliste et percutante. Un design pour les célibataires. Idée cadeau parfaite, à porter ou offrir. Disponible sur t-shirt, sweat, sticker, mug, tote bag, poster et plus. #relationship #typographie","single, dating, anti valentine, divorce, relationship humor, april, valentine's, accountants, relationship & single, funny shirt, typography, minimalist, aesthetic, gift idea, trendy design, statement tee, for men, for women",produits/niches/acct_april_en__dark.png | produits/niches/acct_april_en__light.png
acct_debit_en,niches,humor,Funny & Sarcastic,accountants,en,In Debit We Trust - Funny & Sarcastic Design,"« In Debit We Trust » en typographie minimaliste et percutante. Un design pour tous ceux qui ont de l'humour. Idée cadeau parfaite, à porter ou offrir. Disponible sur t-shirt, sweat, sticker, mug, tote bag, poster et plus. #humor #typographie","funny saying, sarcastic, sarcasm, humor, meme shirt, funny quote, relatable, debit, trust, accountants, funny & sarcastic, funny shirt, typography, minimalist, aesthetic, gift idea, trendy design, statement tee, for men, for women",produits/niches/acct_debit_en__dark.png | produits/niches/acct_debit_en__light.png
acct_numbers_en,niches,humor,Funny & Sarcastic,accountants,en,I Know Numbers You Fear - Funny & Sarcastic Design,"« I Know Numbers You Fear » en typographie minimaliste et percutante. Un design pour tous ceux qui ont de l'humour. Idée cadeau parfaite, à porter ou offrir. Disponible sur t-shirt, sweat, sticker, mug, tote bag, poster et plus. #humor #typographie","funny saying, sarcastic, sarcasm, humor, meme shirt, funny quote, relatable, know, numbers, fear, accountants, funny & sarcastic, funny shirt, typography, minimalist, aesthetic, gift idea, trendy design, statement tee, for men, for women",produits/niches/acct_numbers_en__dark.png | produits/niches/acct_numbers_en__light.png
aq_anubias_en,niches,humor,Funny & Sarcastic,aquascaping,en,Anubias on Driftwood Classic for a Reason - Funny & Sarcastic Design,"« Anubias on Driftwood Classic for a Reason » en typographie minimaliste et percutante. Un design pour tous ceux qui ont de l'humour. Idée cadeau parfaite, à porter ou offrir. Disponible sur t-shirt, sweat, sticker, mug, tote bag, poster et plus. #humor #typographie","funny saying, sarcastic, sarcasm, humor, meme shirt, funny quote, relatable, anubias, driftwood, classic, reason, aquascaping, funny & sarcastic, funny shirt, typography, minimalist, aesthetic, gift idea, trendy design, statement tee, for men, for women",produits/niches/aq_anubias_en__dark.png | produits/niches/aq_anubias_en__light.png
aq_bba_en,niches,humor,Funny & Sarcastic,aquascaping,en,BBA Is My Personal Nemesis - Funny & Sarcastic Design,"« BBA Is My Personal Nemesis » en typographie minimaliste et percutante. Un design pour tous ceux qui ont de l'humour. Idée cadeau parfaite, à porter ou offrir. Disponible sur t-shirt, sweat, sticker, mug, tote bag, poster et plus. #humor #typographie","funny saying, sarcastic, sarcasm, humor, meme shirt, funny quote, relatable, personal, nemesis, aquascaping, funny & sarcastic, funny shirt, typography, minimalist, aesthetic, gift idea, trendy design, statement tee, for men, for women",produits/niches/aq_bba_en__dark.png | produits/niches/aq_bba_en__light.png
aq_co2_en,niches,climate,Climate & Ecology,aquascaping,en,CO2 Off Tank Sad - Climate & Ecology Design,"« CO2 Off Tank Sad » en typographie minimaliste et percutante. Un design pour les militant·es écolo. Idée cadeau parfaite, à porter ou offrir. Disponible sur t-shirt, sweat, sticker, mug, tote bag, poster et plus. #climate #typographie","climate change, save the planet, ecology, environment, climate activist, eco friendly, tank, aquascaping, climate & ecology, funny shirt, typography, minimalist, aesthetic, gift idea, trendy design, statement tee, for men, for women",produits/niches/aq_co2_en__dark.png | produits/niches/aq_co2_en__light.png
aq_dutch_en,niches,humor,Funny & Sarcastic,aquascaping,en,Dutch Style No Half Measures - Funny & Sarcastic Design,"« Dutch Style No Half Measures » en typographie minimaliste et percutante. Un design pour tous ceux qui ont de l'humour. Idée cadeau parfaite, à porter ou offrir. Disponible sur t-shirt, sweat, sticker, mug, tote bag, poster et plus. #humor #typographie","funny saying, sarcastic, sarcasm, humor, meme shirt, funny quote, relatable, dutch, style, half, measures, aquascaping, funny & sarcastic, funny shirt, typography, minimalist, aesthetic, gift idea, trendy design, statement tee, for men, for women",produits/niches/aq_dutch_en__dark.png | produits/niches/aq_dutch_en__light.png
aq_ei_dosing_en,niches,humor,Funny & Sarcastic,aquascaping,en,EI Dosing & Trusting the Process - Funny & Sarcastic Design,"« EI Dosing & Trusting the Process » en typographie minimaliste et percutante. Un design pour tous ceux qui ont de l'humour. Idée cadeau parfaite, à porter ou offrir. Disponible sur t-shirt, sweat, sticker, mug, tote bag, poster et plus. #humor #typographie","funny saying, sarcastic, sarcasm, humor, meme shirt, funny quote, relatable, dosing, trusting, process, aquascaping, funny & sarcastic, funny shirt, typography, minimalist, aesthetic, gift idea, trendy design, statement tee, for men, for women",produits/niches/aq_ei_dosing_en__dark.png | produits/niches/aq_ei_dosing_en__light.png
aq_hardscape_en,niches,humor,Funny & Sarcastic,aquascaping,en,My Hardscape Has Better Composition Than My Life - Funny & Sarcastic Design,"« My Hardscape Has Better Composition Than My Life » en typographie minimaliste et percutante. Un design pour tous ceux qui ont de l'humour. Idée cadeau parfaite, à porter ou offrir. Disponible sur t-shirt, sweat, sticker, mug, tote bag, poster et plus. #humor #typographie","funny saying, sarcastic, sarcasm, humor, meme shirt, funny quote, relatable, hardscape, better, composition, than, life, aquascaping, funny & sarcastic, funny shirt, typography, minimalist, aesthetic, gift idea, trendy design, statement tee, for men, for women",produits/niches/aq_hardscape_en__dark.png | produits/niches/aq_hardscape_en__light.png
aq_trim_saturday_en,niches,humor,Funny & Sarcastic,aquascaping,en,I Trim Every Saturday Non-Negotiable - Funny & Sarcastic Design,"« I Trim Every Saturday Non-Negotiable » en typographie minimaliste et percutante. Un design pour tous ceux qui ont de l'humour. Idée cadeau parfaite, à porter ou offrir. Disponible sur t-shirt, sweat, sticker, mug, tote bag, poster et plus. #humor #typographie","funny saying, sarcastic, sarcasm, humor, meme shirt, funny quote, relatable, trim, every, saturday, negotiable, aquascaping, funny & sarcastic, funny shirt, typography, minimalist, aesthetic, gift idea, trendy design, statement tee, for men, for women",produits/niches/aq_trim_saturday_en__dark.png | produits/niches/aq_trim_saturday_en__light.png
astro_just_a_girl_en,niches,humor,Funny & Sarcastic,astronomy,en,Just a Girl Who Loves Stars - Funny & Sarcastic Design,"« Just a Girl Who Loves Stars » en typographie minimaliste et percutante. Un design pour tous ceux qui ont de l'humour. Idée cadeau parfaite, à porter ou offrir. Disponible sur t-shirt, sweat, sticker, mug, tote bag, poster et plus. #humor #typographie","funny saying, sarcastic, sarcasm, humor, meme shirt, funny quote, relatable, girl, loves, stars, astronomy, funny & sarcastic, funny shirt, typography, minimalist, aesthetic, gift idea, trendy design, statement tee, for men, for women",produits/niches/astro_just_a_girl_en__dark.png | produits/niches/astro_just_a_girl_en__light.png
astro_keep_looking_up_en,niches,humor,Funny & Sarcastic,astronomy,en,Keep Looking Up - Funny & Sarcastic Design,"« Keep Looking Up » en typographie minimaliste et percutante. Un design pour tous ceux qui ont de l'humour. Idée cadeau parfaite, à porter ou offrir. Disponible sur t-shirt, sweat, sticker, mug, tote bag, poster et plus. #humor #typographie","funny saying, sarcastic, sarcasm, humor, meme shirt, funny quote, relatable, keep, looking, astronomy, funny & sarcastic, funny shirt, typography, minimalist, aesthetic, gift idea, trendy design, statement tee, for men, for women",produits/niches/astro_keep_looking_up_en__dark.png | produits/niches/astro_keep_looking_up_en__light.png
astro_more_space_en,niches,humor,Funny & Sarcastic,astronomy,en,I Need More Space - Funny & Sarcastic Design,"« I Need More Space » en typographie minimaliste et percutante. Un design pour tous ceux qui ont de l'humour. Idée cadeau parfaite, à porter ou offrir. Disponible sur t-shirt, sweat, sticker, mug, tote bag, poster et plus. #humor #typographie","funny saying, sarcastic, sarcasm, humor, meme shirt, funny quote, relatable, need, more, space, astronomy, funny & sarcastic, funny shirt, typography, minimalist, aesthetic, gift idea, trendy design, statement tee, for men, for women",produits/niches/astro_more_space_en__dark.png | produits/niches/astro_more_space_en__light.png
astro_night_owl_en,niches,humor,Funny & Sarcastic,astronomy,en,Stargazer Night Owl - Funny & Sarcastic Design,"« Stargazer Night Owl » en typographie minimaliste et percutante. Un design pour tous ceux qui ont de l'humour. Idée cadeau parfaite, à porter ou offrir. Disponible sur t-shirt, sweat, sticker, mug, tote bag, poster et plus. #humor #typographie","funny saying, sarcastic, sarcasm, humor, meme shirt, funny quote, relatable, stargazer, night, astronomy, funny & sarcastic, funny shirt, typography, minimalist, aesthetic, gift idea, trendy design, statement tee, for men, for women",produits/niches/astro_night_owl_en__dark.png | produits/niches/astro_night_owl_en__light.png
axe_bullseye_en,niches,humor,Funny & Sarcastic,axe_throwing,en,Bullseye or Nothing - Funny & Sarcastic Design,"« Bullseye or Nothing » en typographie minimaliste et percutante. Un design pour tous ceux qui ont de l'humour. Idée cadeau parfaite, à porter ou offrir. Disponible sur t-shirt, sweat, sticker, mug, tote bag, poster et plus. #humor #typographie","funny saying, sarcastic, sarcasm, humor, meme shirt, funny quote, relatable, bullseye, nothing, axe throwing, funny & sarcastic, funny shirt, typography, minimalist, aesthetic, gift idea, trendy design, statement tee, for men, for women",produits/niches/axe_bullseye_en__dark.png | produits/niches/axe_bullseye_en__light.png
axe_stress_relief_en,niches,humor,Funny & Sarcastic,axe_throwing,en,Stress Relief Comes in Sharp - Funny & Sarcastic Design,"« Stress Relief Comes in Sharp » en typographie minimaliste et percutante. Un design pour tous ceux qui ont de l'humour. Idée cadeau parfaite, à porter ou offrir. Disponible sur t-shirt, sweat, sticker, mug, tote bag, poster et plus. #humor #typographie","funny saying, sarcastic, sarcasm, humor, meme shirt, funny quote, relatable, stress, relief, comes, sharp, axe throwing, funny & sarcastic, funny shirt, typography, minimalist, aesthetic, gift idea, trendy design, statement tee, for men, for women",produits/niches/axe_stress_relief_en__dark.png | produits/niches/axe_stress_relief_en__light.png
axe_therapy_en,niches,humor,Funny & Sarcastic,axe_throwing,en,Axe Throwing Therapy - Funny & Sarcastic Design,"« Axe Throwing Therapy » en typographie minimaliste et percutante. Un design pour tous ceux qui ont de l'humour. Idée cadeau parfaite, à porter ou offrir. Disponible sur t-shirt, sweat, sticker, mug, tote bag, poster et plus. #humor #typographie","funny saying, sarcastic, sarcasm, humor, meme shirt, funny quote, relatable, throwing, therapy, axe throwing, funny & sarcastic, funny shirt, typography, minimalist, aesthetic, gift idea, trendy design, statement tee, for men, for women",produits/niches/axe_therapy_en__dark.png | produits/niches/axe_therapy_en__light.png
axe_whats_your_hobby_en,niches,humor,Funny & Sarcastic,axe_throwing,en,I Throw Axes What's Your Hobby? - Funny & Sarcastic Design,"« I Throw Axes What's Your Hobby? » en typographie minimaliste et percutante. Un design pour tous ceux qui ont de l'humour. Idée cadeau parfaite, à porter ou offrir. Disponible sur t-shirt, sweat, sticker, mug, tote bag, poster et plus. #humor #typographie","funny saying, sarcastic, sarcasm, humor, meme shirt, funny quote, relatable, throw, axes, what's, hobby, axe throwing, funny & sarcastic, funny shirt, typography, minimalist, aesthetic, gift idea, trendy design, statement tee, for men, for women",produits/niches/axe_whats_your_hobby_en__dark.png | produits/niches/axe_whats_your_hobby_en__light.png
barb_fades_cheap_en,niches,humor,Funny & Sarcastic,barbers,en,Talk Is Cheap Good Fades Aren't - Funny & Sarcastic Design,"« Talk Is Cheap Good Fades Aren't » en typographie minimaliste et percutante. Un design pour tous ceux qui ont de l'humour. Idée cadeau parfaite, à porter ou offrir. Disponible sur t-shirt, sweat, sticker, mug, tote bag, poster et plus. #humor #typographie","funny saying, sarcastic, sarcasm, humor, meme shirt, funny quote, relatable, talk, cheap, good, fades, aren't, barbers, funny & sarcastic, funny shirt, typography, minimalist, aesthetic, gift idea, trendy design, statement tee, for men, for women",produits/niches/barb_fades_cheap_en__dark.png | produits/niches/barb_fades_cheap_en__light.png
barb_life_en,niches,humor,Funny & Sarcastic,barbers,en,Barber Life - Funny & Sarcastic Design,"« Barber Life » en typographie minimaliste et percutante. Un design pour tous ceux qui ont de l'humour. Idée cadeau parfaite, à porter ou offrir. Disponible sur t-shirt, sweat, sticker, mug, tote bag, poster et plus. #humor #typographie","funny saying, sarcastic, sarcasm, humor, meme shirt, funny quote, relatable, barber, life, barbers, funny & sarcastic, funny shirt, typography, minimalist, aesthetic, gift idea, trendy design, statement tee, for men, for women",produits/niches/barb_life_en__dark.png | produits/niches/barb_life_en__light.png
barb_sharp_fades_en,niches,humor,Funny & Sarcastic,barbers,en,Sharp Fades Sharp Minds - Funny & Sarcastic Design,"« Sharp Fades Sharp Minds » en typographie minimaliste et percutante. Un design pour tous ceux qui ont de l'humour. Idée cadeau parfaite, à porter ou offrir. Disponible sur t-shirt, sweat, sticker, mug, tote bag, poster et plus. #humor #typographie","funny saying, sarcastic, sarcasm, humor, meme shirt, funny quote, relatable, sharp, fades, minds, barbers, funny & sarcastic, funny shirt, typography, minimalist, aesthetic, gift idea, trendy design, statement tee, for men, for women",produits/niches/barb_sharp_fades_en__dark.png | produits/niches/barb_sharp_fades_en__light.png
bbq_grill_sergeant_en,niches,humor,Funny & Sarcastic,bbq,en,Grill Sergeant - Funny & Sarcastic Design,"« Grill Sergeant » en typographie minimaliste et percutante. Un design pour tous ceux qui ont de l'humour. Idée cadeau parfaite, à porter ou offrir. Disponible sur t-shirt, sweat, sticker, mug, tote bag, poster et plus. #humor #typographie","funny saying, sarcastic, sarcasm, humor, meme shirt, funny quote, relatable, grill, sergeant, bbq, funny & sarcastic, funny shirt, typography, minimalist, aesthetic, gift idea, trendy design, statement tee, for men, for women",produits/niches/bbq_grill_sergeant_en__dark.png | produits/niches/bbq_grill_sergeant_en__light.png
bbq_low_slow_en,niches,humor,Funny & Sarcastic,bbq,en,Low & Slow - Funny & Sarcastic Design,"« Low & Slow » en typographie minimaliste et percutante. Un design pour tous ceux qui ont de l'humour. Idée cadeau parfaite, à porter ou offrir. Disponible sur t-shirt, sweat, sticker, mug, tote bag, poster et plus. #humor #typographie","funny saying, sarcastic, sarcasm, humor, meme shirt, funny quote, relatable, slow, bbq, funny & sarcastic, funny shirt, typography, minimalist, aesthetic, gift idea, trendy design, statement tee, for men, for women",produits/niches/bbq_low_slow_en__dark.png | produits/niches/bbq_low_slow_en__light.png
bbq_rub_my_meat_en,niches,humor,Funny & Sarcastic,bbq,en,I Rub My Meat Then Smoke It - Funny & Sarcastic Design,"« I Rub My Meat Then Smoke It » en typographie minimaliste et percutante. Un design pour tous ceux qui ont de l'humour. Idée cadeau parfaite, à porter ou offrir. Disponible sur t-shirt, sweat, sticker, mug, tote bag, poster et plus. #humor #typographie","funny saying, sarcastic, sarcasm, humor, meme shirt, funny quote, relatable, meat, then, smoke, bbq, funny & sarcastic, funny shirt, typography, minimalist, aesthetic, gift idea, trendy design, statement tee, for men, for women",produits/niches/bbq_rub_my_meat_en__dark.png | produits/niches/bbq_rub_my_meat_en__light.png
bbq_smoke_everything_en,niches,humor,Funny & Sarcastic,bbq,en,Smoke Everything - Funny & Sarcastic Design,"« Smoke Everything » en typographie minimaliste et percutante. Un design pour tous ceux qui ont de l'humour. Idée cadeau parfaite, à porter ou offrir. Disponible sur t-shirt, sweat, sticker, mug, tote bag, poster et plus. #humor #typographie","funny saying, sarcastic, sarcasm, humor, meme shirt, funny quote, relatable, smoke, everything, bbq, funny & sarcastic, funny shirt, typography, minimalist, aesthetic, gift idea, trendy design, statement tee, for men, for women",produits/niches/bbq_smoke_everything_en__dark.png | produits/niches/bbq_smoke_everything_en__light.png
bee_frames_en,niches,climate,Climate & Ecology,beekeeping,en,Ten Frames Forty Thousand Opinions - Climate & Ecology Design,"« Ten Frames Forty Thousand Opinions » en typographie minimaliste et percutante. Un design pour les militant·es écolo. Idée cadeau parfaite, à porter ou offrir. Disponible sur t-shirt, sweat, sticker, mug, tote bag, poster et plus. #climate #typographie","climate change, save the planet, ecology, environment, climate activist, eco friendly, frames, forty, thousand, opinions, beekeeping, climate & ecology, funny shirt, typography, minimalist, aesthetic, gift idea, trendy design, statement tee, for men, for women",produits/niches/bee_frames_en__dark.png | produits/niches/bee_frames_en__light.png
bee_oxalic_en,niches,climate,Climate & Ecology,beekeeping,en,Treated with OA Still Worrying - Climate & Ecology Design,"« Treated with OA Still Worrying » en typographie minimaliste et percutante. Un design pour les militant·es écolo. Idée cadeau parfaite, à porter ou offrir. Disponible sur t-shirt, sweat, sticker, mug, tote bag, poster et plus. #climate #typographie","climate change, save the planet, ecology, environment, climate activist, eco friendly, treated, still, worrying, beekeeping, climate & ecology, funny shirt, typography, minimalist, aesthetic, gift idea, trendy design, statement tee, for men, for women",produits/niches/bee_oxalic_en__dark.png | produits/niches/bee_oxalic_en__light.png
bee_propolis_en,niches,climate,Climate & Ecology,beekeeping,en,Propolis on Everything I Accept This - Climate & Ecology Design,"« Propolis on Everything I Accept This » en typographie minimaliste et percutante. Un design pour les militant·es écolo. Idée cadeau parfaite, à porter ou offrir. Disponible sur t-shirt, sweat, sticker, mug, tote bag, poster et plus. #climate #typographie","climate change, save the planet, ecology, environment, climate activist, eco friendly, propolis, everything, accept, beekeeping, climate & ecology, funny shirt, typography, minimalist, aesthetic, gift idea, trendy design, statement tee, for men, for women",produits/niches/bee_propolis_en__dark.png | produits/niches/bee_propolis_en__light.png
bee_queen_hidden_en,niches,climate,Climate & Ecology,beekeeping,en,The Queen Was There I Just Couldn't Find Her - Climate & Ecology Design,"« The Queen Was There I Just Couldn't Find Her » en typographie minimaliste et percutante. Un design pour les militant·es écolo. Idée cadeau parfaite, à porter ou offrir. Disponible sur t-shirt, sweat, sticker, mug, tote bag, poster et plus. #climate #typographie","climate change, save the planet, ecology, environment, climate activist, eco friendly, queen, there, couldn't, find, beekeeping, climate & ecology, funny shirt, typography, minimalist, aesthetic, gift idea, trendy design, statement tee, for men, for women",produits/niches/bee_queen_hidden_en__dark.png | produits/niches/bee_queen_hidden_en__light.png
bee_split_en,niches,climate,Climate & Ecology,beekeeping,en,I Split Before They Could Swarm. Mostly. - Climate & Ecology Design,"« I Split Before They Could Swarm. Mostly. » en typographie minimaliste et percutante. Un design pour les militant·es écolo. Idée cadeau parfaite, à porter ou offrir. Disponible sur t-shirt, sweat, sticker, mug, tote bag, poster et plus. #climate #typographie","climate change, save the planet, ecology, environment, climate activist, eco friendly, split, before, could, swarm, mostly, beekeeping, climate & ecology, funny shirt, typography, minimalist, aesthetic, gift idea, trendy design, statement tee, for men, for women",produits/niches/bee_split_en__dark.png | produits/niches/bee_split_en__light.png
bee_swarmed_en,niches,climate,Climate & Ecology,beekeeping,en,Swarmed Out Starting Over. Again. - Climate & Ecology Design,"« Swarmed Out Starting Over. Again. » en typographie minimaliste et percutante. Un design pour les militant·es écolo. Idée cadeau parfaite, à porter ou offrir. Disponible sur t-shirt, sweat, sticker, mug, tote bag, poster et plus. #climate #typographie","climate change, save the planet, ecology, environment, climate activist, eco friendly, swarmed, starting, over, again, beekeeping, climate & ecology, funny shirt, typography, minimalist, aesthetic, gift idea, trendy design, statement tee, for men, for women",produits/niches/bee_swarmed_en__dark.png | produits/niches/bee_swarmed_en__light.png
bee_varroa_en,niches,climate,Climate & Ecology,beekeeping,en,My Varroa Count Is My Anxiety Number - Climate & Ecology Design,"« My Varroa Count Is My Anxiety Number » en typographie minimaliste et percutante. Un design pour les militant·es écolo. Idée cadeau parfaite, à porter ou offrir. Disponible sur t-shirt, sweat, sticker, mug, tote bag, poster et plus. #climate #typographie","climate change, save the planet, ecology, environment, climate activist, eco friendly, varroa, count, anxiety, number, beekeeping, climate & ecology, funny shirt, typography, minimalist, aesthetic, gift idea, trendy design, statement tee, for men, for women",produits/niches/bee_varroa_en__dark.png | produits/niches/bee_varroa_en__light.png
bw_bins_en,niches,humor,Funny & Sarcastic,birdwatching,en,My Bins Cost More Than My Phone - Funny & Sarcastic Design,"« My Bins Cost More Than My Phone » en typographie minimaliste et percutante. Un design pour tous ceux qui ont de l'humour. Idée cadeau parfaite, à porter ou offrir. Disponible sur t-shirt, sweat, sticker, mug, tote bag, poster et plus. #humor #typographie","funny saying, sarcastic, sarcasm, humor, meme shirt, funny quote, relatable, bins, cost, more, than, phone, birdwatching, funny & sarcastic, funny shirt, typography, minimalist, aesthetic, gift idea, trendy design, statement tee, for men, for women",produits/niches/bw_bins_en__dark.png | produits/niches/bw_bins_en__light.png
bw_lifer_en,niches,humor,Funny & Sarcastic,birdwatching,en,Lifer at Last 299 Species & Counting - Funny & Sarcastic Design,"« Lifer at Last 299 Species & Counting » en typographie minimaliste et percutante. Un design pour tous ceux qui ont de l'humour. Idée cadeau parfaite, à porter ou offrir. Disponible sur t-shirt, sweat, sticker, mug, tote bag, poster et plus. #humor #typographie","funny saying, sarcastic, sarcasm, humor, meme shirt, funny quote, relatable, lifer, last, species, counting, birdwatching, funny & sarcastic, funny shirt, typography, minimalist, aesthetic, gift idea, trendy design, statement tee, for men, for women",produits/niches/bw_lifer_en__dark.png | produits/niches/bw_lifer_en__light.png
bw_merlin_en,niches,lgbtq,LGBTQ Pride,birdwatching,en,I Let Merlin ID My Pride - LGBTQ Pride Design,"« I Let Merlin ID My Pride » en typographie minimaliste et percutante. Un design pour la communauté LGBTQ+ et ses allié·es. Idée cadeau parfaite, à porter ou offrir. Disponible sur t-shirt, sweat, sticker, mug, tote bag, poster et plus. #lgbtq #typographie","pride, lgbtq, queer, trans rights, love is love, ally, rainbow, merlin, birdwatching, lgbtq pride, funny shirt, typography, minimalist, aesthetic, gift idea, trendy design, statement tee, for men, for women",produits/niches/bw_merlin_en__dark.png | produits/niches/bw_merlin_en__light.png
bw_patch_en,niches,hobbies_craft,Hobbies & Crafts,birdwatching,en,Patch Birder Hardcore Since Dawn - Hobbies & Crafts Design,"« Patch Birder Hardcore Since Dawn » en typographie minimaliste et percutante. Un design pour les passionné·es. Idée cadeau parfaite, à porter ou offrir. Disponible sur t-shirt, sweat, sticker, mug, tote bag, poster et plus. #hobbies_craft #typographie","hobby gift, craft lover, reading, crochet, fishing, camping, patch, birder, hardcore, since, dawn, birdwatching, hobbies & crafts, funny shirt, typography, minimalist, aesthetic, gift idea, trendy design, statement tee, for men, for women",produits/niches/bw_patch_en__dark.png | produits/niches/bw_patch_en__light.png
bw_pish_en,niches,humor,Funny & Sarcastic,birdwatching,en,I Pish in Public & I'm Not Ashamed - Funny & Sarcastic Design,"« I Pish in Public & I'm Not Ashamed » en typographie minimaliste et percutante. Un design pour tous ceux qui ont de l'humour. Idée cadeau parfaite, à porter ou offrir. Disponible sur t-shirt, sweat, sticker, mug, tote bag, poster et plus. #humor #typographie","funny saying, sarcastic, sarcasm, humor, meme shirt, funny quote, relatable, pish, public, ashamed, birdwatching, funny & sarcastic, funny shirt, typography, minimalist, aesthetic, gift idea, trendy design, statement tee, for men, for women",produits/niches/bw_pish_en__dark.png | produits/niches/bw_pish_en__light.png
bc_adopt_en,niches,humor,Funny & Sarcastic,black_cats,en,Black Cats Adopt Last Mine Adopted Me First - Funny & Sarcastic Design,"« Black Cats Adopt Last Mine Adopted Me First » en typographie minimaliste et percutante. Un design pour tous ceux qui ont de l'humour. Idée cadeau parfaite, à porter ou offrir. Disponible sur t-shirt, sweat, sticker, mug, tote bag, poster et plus. #humor #typographie","funny saying, sarcastic, sarcasm, humor, meme shirt, funny quote, relatable, black, cats, adopt, last, mine, black cats, funny & sarcastic, funny shirt, typography, minimalist, aesthetic, gift idea, trendy design, statement tee, for men, for women",produits/niches/bc_adopt_en__dark.png | produits/niches/bc_adopt_en__light.png
bc_halloween_en,niches,cats,Cats,black_cats,en,My Cat Looks Like Halloween Year-Round - Cats Design,"« My Cat Looks Like Halloween Year-Round » en typographie minimaliste et percutante. Un design pour les fous et folles de chats. Idée cadeau parfaite, à porter ou offrir. Disponible sur t-shirt, sweat, sticker, mug, tote bag, poster et plus. #cats #typographie","cat lover, cat mom, cat dad, cat lady, crazy cat, kitten, looks, halloween, year, round, black cats, cats, funny shirt, typography, minimalist, aesthetic, gift idea, trendy design, statement tee, for men, for women",produits/niches/bc_halloween_en__dark.png | produits/niches/bc_halloween_en__light.png
bc_lint_roller_en,niches,cats,Cats,black_cats,en,Black Cat Owner Lint Roller Addict - Cats Design,"« Black Cat Owner Lint Roller Addict » en typographie minimaliste et percutante. Un design pour les fous et folles de chats. Idée cadeau parfaite, à porter ou offrir. Disponible sur t-shirt, sweat, sticker, mug, tote bag, poster et plus. #cats #typographie","cat lover, cat mom, cat dad, cat lady, crazy cat, kitten, black, owner, lint, roller, addict, black cats, cats, funny shirt, typography, minimalist, aesthetic, gift idea, trendy design, statement tee, for men, for women",produits/niches/bc_lint_roller_en__dark.png | produits/niches/bc_lint_roller_en__light.png
bc_panther_en,niches,humor,Funny & Sarcastic,black_cats,en,House Panther Unapologetically - Funny & Sarcastic Design,"« House Panther Unapologetically » en typographie minimaliste et percutante. Un design pour tous ceux qui ont de l'humour. Idée cadeau parfaite, à porter ou offrir. Disponible sur t-shirt, sweat, sticker, mug, tote bag, poster et plus. #humor #typographie","funny saying, sarcastic, sarcasm, humor, meme shirt, funny quote, relatable, house, panther, unapologetically, black cats, funny & sarcastic, funny shirt, typography, minimalist, aesthetic, gift idea, trendy design, statement tee, for men, for women",produits/niches/bc_panther_en__dark.png | produits/niches/bc_panther_en__light.png
bc_shadow_en,niches,humor,Funny & Sarcastic,black_cats,en,I Find Her by Blinking in the Dark - Funny & Sarcastic Design,"« I Find Her by Blinking in the Dark » en typographie minimaliste et percutante. Un design pour tous ceux qui ont de l'humour. Idée cadeau parfaite, à porter ou offrir. Disponible sur t-shirt, sweat, sticker, mug, tote bag, poster et plus. #humor #typographie","funny saying, sarcastic, sarcasm, humor, meme shirt, funny quote, relatable, find, blinking, dark, black cats, funny & sarcastic, funny shirt, typography, minimalist, aesthetic, gift idea, trendy design, statement tee, for men, for women",produits/niches/bc_shadow_en__dark.png | produits/niches/bc_shadow_en__light.png
book_dragon_en,niches,hobbies_craft,Hobbies & Crafts,book_lovers,en,Book Dragon Not Worm - Hobbies & Crafts Design,"« Book Dragon Not Worm » en typographie minimaliste et percutante. Un design pour les passionné·es. Idée cadeau parfaite, à porter ou offrir. Disponible sur t-shirt, sweat, sticker, mug, tote bag, poster et plus. #hobbies_craft #typographie","hobby gift, craft lover, reading, crochet, fishing, camping, book, dragon, worm, book lovers, hobbies & crafts, funny shirt, typography, minimalist, aesthetic, gift idea, trendy design, statement tee, for men, for women",produits/niches/book_dragon_en__dark.png | produits/niches/book_dragon_en__light.png
book_one_more_chapter_en,niches,hobbies_craft,Hobbies & Crafts,book_lovers,en,One More Chapter - Hobbies & Crafts Design,"« One More Chapter » en typographie minimaliste et percutante. Un design pour les passionné·es. Idée cadeau parfaite, à porter ou offrir. Disponible sur t-shirt, sweat, sticker, mug, tote bag, poster et plus. #hobbies_craft #typographie","hobby gift, craft lover, reading, crochet, fishing, camping, more, chapter, book lovers, hobbies & crafts, funny shirt, typography, minimalist, aesthetic, gift idea, trendy design, statement tee, for men, for women",produits/niches/book_one_more_chapter_en__dark.png | produits/niches/book_one_more_chapter_en__light.png
book_pause_en,niches,hobbies_craft,Hobbies & Crafts,book_lovers,en,I Paused My Reading to Be Here - Hobbies & Crafts Design,"« I Paused My Reading to Be Here » en typographie minimaliste et percutante. Un design pour les passionné·es. Idée cadeau parfaite, à porter ou offrir. Disponible sur t-shirt, sweat, sticker, mug, tote bag, poster et plus. #hobbies_craft #typographie","hobby gift, craft lover, reading, crochet, fishing, camping, paused, here, book lovers, hobbies & crafts, funny shirt, typography, minimalist, aesthetic, gift idea, trendy design, statement tee, for men, for women",produits/niches/book_pause_en__dark.png | produits/niches/book_pause_en__light.png
book_tbr_en,niches,hobbies_craft,Hobbies & Crafts,book_lovers,en,My TBR Is Taller Than Me - Hobbies & Crafts Design,"« My TBR Is Taller Than Me » en typographie minimaliste et percutante. Un design pour les passionné·es. Idée cadeau parfaite, à porter ou offrir. Disponible sur t-shirt, sweat, sticker, mug, tote bag, poster et plus. #hobbies_craft #typographie","hobby gift, craft lover, reading, crochet, fishing, camping, taller, than, book lovers, hobbies & crafts, funny shirt, typography, minimalist, aesthetic, gift idea, trendy design, statement tee, for men, for women",produits/niches/book_tbr_en__dark.png | produits/niches/book_tbr_en__light.png
bc_agility_en,niches,food_drink,Food & Drink,border_collie,en,My Dog Has Agility Titles I Have Snacks - Food & Drink Design,"« My Dog Has Agility Titles I Have Snacks » en typographie minimaliste et percutante. Un design pour les gourmand·es et accros au café. Idée cadeau parfaite, à porter ou offrir. Disponible sur t-shirt, sweat, sticker, mug, tote bag, poster et plus. #food_drink #typographie","foodie gift, coffee lover, food humor, caffeine, brunch, agility, titles, snacks, border collie, food & drink, funny shirt, typography, minimalist, aesthetic, gift idea, trendy design, statement tee, for men, for women",produits/niches/bc_agility_en__dark.png | produits/niches/bc_agility_en__light.png
bc_brain_en,niches,humor,Funny & Sarcastic,border_collie,en,Border Collie Brain at 6am. Not Ready. - Funny & Sarcastic Design,"« Border Collie Brain at 6am. Not Ready. » en typographie minimaliste et percutante. Un design pour tous ceux qui ont de l'humour. Idée cadeau parfaite, à porter ou offrir. Disponible sur t-shirt, sweat, sticker, mug, tote bag, poster et plus. #humor #typographie","funny saying, sarcastic, sarcasm, humor, meme shirt, funny quote, relatable, border, collie, brain, ready, border collie, funny & sarcastic, funny shirt, typography, minimalist, aesthetic, gift idea, trendy design, statement tee, for men, for women",produits/niches/bc_brain_en__dark.png | produits/niches/bc_brain_en__light.png
bc_eye_en,niches,humor,Funny & Sarcastic,border_collie,en,The Eye Is Not Aggression Educate Yourselves - Funny & Sarcastic Design,"« The Eye Is Not Aggression Educate Yourselves » en typographie minimaliste et percutante. Un design pour tous ceux qui ont de l'humour. Idée cadeau parfaite, à porter ou offrir. Disponible sur t-shirt, sweat, sticker, mug, tote bag, poster et plus. #humor #typographie","funny saying, sarcastic, sarcasm, humor, meme shirt, funny quote, relatable, aggression, educate, yourselves, border collie, funny & sarcastic, funny shirt, typography, minimalist, aesthetic, gift idea, trendy design, statement tee, for men, for women",produits/niches/bc_eye_en__dark.png | produits/niches/bc_eye_en__light.png
bc_herds_en,niches,humor,Funny & Sarcastic,border_collie,en,My Collie Herds Children at the Park. I Apologize. - Funny & Sarcastic Design,"« My Collie Herds Children at the Park. I Apologize. » en typographie minimaliste et percutante. Un design pour tous ceux qui ont de l'humour. Idée cadeau parfaite, à porter ou offrir. Disponible sur t-shirt, sweat, sticker, mug, tote bag, poster et plus. #humor #typographie","funny saying, sarcastic, sarcasm, humor, meme shirt, funny quote, relatable, collie, herds, children, park, apologize, border collie, funny & sarcastic, funny shirt, typography, minimalist, aesthetic, gift idea, trendy design, statement tee, for men, for women",produits/niches/bc_herds_en__dark.png | produits/niches/bc_herds_en__light.png
bc_smarter_en,niches,humor,Funny & Sarcastic,border_collie,en,My Border Collie Is Smarter Than Both of Us - Funny & Sarcastic Design,"« My Border Collie Is Smarter Than Both of Us » en typographie minimaliste et percutante. Un design pour tous ceux qui ont de l'humour. Idée cadeau parfaite, à porter ou offrir. Disponible sur t-shirt, sweat, sticker, mug, tote bag, poster et plus. #humor #typographie","funny saying, sarcastic, sarcasm, humor, meme shirt, funny quote, relatable, border, collie, smarter, than, both, border collie, funny & sarcastic, funny shirt, typography, minimalist, aesthetic, gift idea, trendy design, statement tee, for men, for women",produits/niches/bc_smarter_en__dark.png | produits/niches/bc_smarter_en__light.png
bc_zoomies_en,niches,humor,Funny & Sarcastic,border_collie,en,The Zoomies Hit There's Nothing I Can Do - Funny & Sarcastic Design,"« The Zoomies Hit There's Nothing I Can Do » en typographie minimaliste et percutante. Un design pour tous ceux qui ont de l'humour. Idée cadeau parfaite, à porter ou offrir. Disponible sur t-shirt, sweat, sticker, mug, tote bag, poster et plus. #humor #typographie","funny saying, sarcastic, sarcasm, humor, meme shirt, funny quote, relatable, zoomies, there's, nothing, border collie, funny & sarcastic, funny shirt, typography, minimalist, aesthetic, gift idea, trendy design, statement tee, for men, for women",produits/niches/bc_zoomies_en__dark.png | produits/niches/bc_zoomies_en__light.png
camp_happy_en,niches,hobbies_craft,Hobbies & Crafts,camping,en,Happy Camper - Hobbies & Crafts Design,"« Happy Camper » en typographie minimaliste et percutante. Un design pour les passionné·es. Idée cadeau parfaite, à porter ou offrir. Disponible sur t-shirt, sweat, sticker, mug, tote bag, poster et plus. #hobbies_craft #typographie","hobby gift, craft lover, reading, crochet, fishing, camping, happy, camper, hobbies & crafts, funny shirt, typography, minimalist, aesthetic, gift idea, trendy design, statement tee, for men, for women",produits/niches/camp_happy_en__dark.png | produits/niches/camp_happy_en__light.png
camp_nature_calls_en,niches,hobbies_craft,Hobbies & Crafts,camping,en,Nature Calls I Answer - Hobbies & Crafts Design,"« Nature Calls I Answer » en typographie minimaliste et percutante. Un design pour les passionné·es. Idée cadeau parfaite, à porter ou offrir. Disponible sur t-shirt, sweat, sticker, mug, tote bag, poster et plus. #hobbies_craft #typographie","hobby gift, craft lover, reading, crochet, fishing, camping, nature, calls, answer, hobbies & crafts, funny shirt, typography, minimalist, aesthetic, gift idea, trendy design, statement tee, for men, for women",produits/niches/camp_nature_calls_en__dark.png | produits/niches/camp_nature_calls_en__light.png
camp_repeat_en,niches,hobbies_craft,Hobbies & Crafts,camping,en,Eat. Sleep. Camp. Repeat. - Hobbies & Crafts Design,"« Eat. Sleep. Camp. Repeat. » en typographie minimaliste et percutante. Un design pour les passionné·es. Idée cadeau parfaite, à porter ou offrir. Disponible sur t-shirt, sweat, sticker, mug, tote bag, poster et plus. #hobbies_craft #typographie","hobby gift, craft lover, reading, crochet, fishing, camping, sleep, camp, repeat, hobbies & crafts, funny shirt, typography, minimalist, aesthetic, gift idea, trendy design, statement tee, for men, for women",produits/niches/camp_repeat_en__dark.png | produits/niches/camp_repeat_en__light.png
camp_unplugged_en,niches,hobbies_craft,Hobbies & Crafts,camping,en,Unplugged & Loving It - Hobbies & Crafts Design,"« Unplugged & Loving It » en typographie minimaliste et percutante. Un design pour les passionné·es. Idée cadeau parfaite, à porter ou offrir. Disponible sur t-shirt, sweat, sticker, mug, tote bag, poster et plus. #hobbies_craft #typographie","hobby gift, craft lover, reading, crochet, fishing, camping, unplugged, loving, hobbies & crafts, funny shirt, typography, minimalist, aesthetic, gift idea, trendy design, statement tee, for men, for women",produits/niches/camp_unplugged_en__dark.png | produits/niches/camp_unplugged_en__light.png
candle_lit_en,niches,humor,Funny & Sarcastic,candle_making,en,Totally Lit - Funny & Sarcastic Design,"« Totally Lit » en typographie minimaliste et percutante. Un design pour tous ceux qui ont de l'humour. Idée cadeau parfaite, à porter ou offrir. Disponible sur t-shirt, sweat, sticker, mug, tote bag, poster et plus. #humor #typographie","funny saying, sarcastic, sarcasm, humor, meme shirt, funny quote, relatable, totally, candle making, funny & sarcastic, funny shirt, typography, minimalist, aesthetic, gift idea, trendy design, statement tee, for men, for women",produits/niches/candle_lit_en__dark.png | produits/niches/candle_lit_en__light.png
candle_wax_on_en,niches,humor,Funny & Sarcastic,candle_making,en,Wax On Worry Off - Funny & Sarcastic Design,"« Wax On Worry Off » en typographie minimaliste et percutante. Un design pour tous ceux qui ont de l'humour. Idée cadeau parfaite, à porter ou offrir. Disponible sur t-shirt, sweat, sticker, mug, tote bag, poster et plus. #humor #typographie","funny saying, sarcastic, sarcasm, humor, meme shirt, funny quote, relatable, worry, candle making, funny & sarcastic, funny shirt, typography, minimalist, aesthetic, gift idea, trendy design, statement tee, for men, for women",produits/niches/candle_wax_on_en__dark.png | produits/niches/candle_wax_on_en__light.png
candle_wickedly_crafty_en,niches,humor,Funny & Sarcastic,candle_making,en,Wickedly Crafty - Funny & Sarcastic Design,"« Wickedly Crafty » en typographie minimaliste et percutante. Un design pour tous ceux qui ont de l'humour. Idée cadeau parfaite, à porter ou offrir. Disponible sur t-shirt, sweat, sticker, mug, tote bag, poster et plus. #humor #typographie","funny saying, sarcastic, sarcasm, humor, meme shirt, funny quote, relatable, wickedly, crafty, candle making, funny & sarcastic, funny shirt, typography, minimalist, aesthetic, gift idea, trendy design, statement tee, for men, for women",produits/niches/candle_wickedly_crafty_en__dark.png | produits/niches/candle_wickedly_crafty_en__light.png
coh_cancel_en,niches,cats,Cats,cat_over_humans,en,I Cancelled Plans to Stay Home with My Cat - Cats Design,"« I Cancelled Plans to Stay Home with My Cat » en typographie minimaliste et percutante. Un design pour les fous et folles de chats. Idée cadeau parfaite, à porter ou offrir. Disponible sur t-shirt, sweat, sticker, mug, tote bag, poster et plus. #cats #typographie","cat lover, cat mom, cat dad, cat lady, crazy cat, kitten, cancelled, plans, stay, home, cat over humans, cats, funny shirt, typography, minimalist, aesthetic, gift idea, trendy design, statement tee, for men, for women",produits/niches/coh_cancel_en__dark.png | produits/niches/coh_cancel_en__light.png
coh_judge_en,niches,cats,Cats,cat_over_humans,en,My Cat Judges Me But at Least She's Honest - Cats Design,"« My Cat Judges Me But at Least She's Honest » en typographie minimaliste et percutante. Un design pour les fous et folles de chats. Idée cadeau parfaite, à porter ou offrir. Disponible sur t-shirt, sweat, sticker, mug, tote bag, poster et plus. #cats #typographie","cat lover, cat mom, cat dad, cat lady, crazy cat, kitten, judges, least, she's, honest, cat over humans, cats, funny shirt, typography, minimalist, aesthetic, gift idea, trendy design, statement tee, for men, for women",produits/niches/coh_judge_en__dark.png | produits/niches/coh_judge_en__light.png
coh_miaulements_fr,niches,politics,Activist & Leftist,cat_over_humans,fr,Je préfère ses miaulements à vos réunions - Activist & Leftist (French) Design,"« Je préfère ses miaulements à vos réunions » en typographie minimaliste et percutante. Un design pour les militant·es et engagé·es. Idée cadeau parfaite, à porter ou offrir. Disponible sur t-shirt, sweat, sticker, mug, tote bag, poster et plus. #politics #typographie","activist, eat the rich, anti capitalist, leftist, protest, revolution, préfère, miaulements, réunions, cat over humans, activist & leftist, funny shirt, typography, minimalist, aesthetic, gift idea, trendy design, statement tee, for men, for women",produits/niches/coh_miaulements_fr__dark.png | produits/niches/coh_miaulements_fr__light.png
coh_more_know_en,niches,cats,Cats,cat_over_humans,en,The More I Know People The More I Love My Cat - Cats Design,"« The More I Know People The More I Love My Cat » en typographie minimaliste et percutante. Un design pour les fous et folles de chats. Idée cadeau parfaite, à porter ou offrir. Disponible sur t-shirt, sweat, sticker, mug, tote bag, poster et plus. #cats #typographie","cat lover, cat mom, cat dad, cat lady, crazy cat, kitten, more, know, people, love, cat over humans, cats, funny shirt, typography, minimalist, aesthetic, gift idea, trendy design, statement tee, for men, for women",produits/niches/coh_more_know_en__dark.png | produits/niches/coh_more_know_en__light.png
coh_plus_connais_fr,niches,cats,Cats,cat_over_humans,fr,Plus je connais les gens Plus j'aime mon chat - Cats (French) Design,"« Plus je connais les gens Plus j'aime mon chat » en typographie minimaliste et percutante. Un design pour les fous et folles de chats. Idée cadeau parfaite, à porter ou offrir. Disponible sur t-shirt, sweat, sticker, mug, tote bag, poster et plus. #cats #typographie","cat lover, cat mom, cat dad, cat lady, crazy cat, kitten, connais, gens, j'aime, chat, cat over humans, cats, funny shirt, typography, minimalist, aesthetic, gift idea, trendy design, statement tee, for men, for women",produits/niches/coh_plus_connais_fr__dark.png | produits/niches/coh_plus_connais_fr__light.png
coh_purr_en,niches,cats,Cats,cat_over_humans,en,My Cat's Purr Is Better Than Small Talk - Cats Design,"« My Cat's Purr Is Better Than Small Talk » en typographie minimaliste et percutante. Un design pour les fous et folles de chats. Idée cadeau parfaite, à porter ou offrir. Disponible sur t-shirt, sweat, sticker, mug, tote bag, poster et plus. #cats #typographie","cat lover, cat mom, cat dad, cat lady, crazy cat, kitten, cat's, purr, better, than, small, cat over humans, cats, funny shirt, typography, minimalist, aesthetic, gift idea, trendy design, statement tee, for men, for women",produits/niches/coh_purr_en__dark.png | produits/niches/coh_purr_en__light.png
coh_ronron_fr,niches,cats,Cats,cat_over_humans,fr,Mon chat ronronne Les gens m'épuisent - Cats (French) Design,"« Mon chat ronronne Les gens m'épuisent » en typographie minimaliste et percutante. Un design pour les fous et folles de chats. Idée cadeau parfaite, à porter ou offrir. Disponible sur t-shirt, sweat, sticker, mug, tote bag, poster et plus. #cats #typographie","cat lover, cat mom, cat dad, cat lady, crazy cat, kitten, chat, ronronne, gens, m'épuisent, cat over humans, cats, funny shirt, typography, minimalist, aesthetic, gift idea, trendy design, statement tee, for men, for women",produits/niches/coh_ronron_fr__dark.png | produits/niches/coh_ronron_fr__light.png
coh_ronronea_es,niches,cats,Cats,cat_over_humans,es,Mi gato ronronea La gente me cansa - Cats (Spanish) Design,"« Mi gato ronronea La gente me cansa » en typographie minimaliste et percutante. Un design pour les fous et folles de chats. Idée cadeau parfaite, à porter ou offrir. Disponible sur t-shirt, sweat, sticker, mug, tote bag, poster et plus. #cats #typographie","cat lover, cat mom, cat dad, cat lady, crazy cat, kitten, gato, ronronea, gente, cansa, cat over humans, cats, funny shirt, typography, minimalist, aesthetic, gift idea, trendy design, statement tee, for men, for women",produits/niches/coh_ronronea_es__dark.png | produits/niches/coh_ronronea_es__light.png
coh_schnurrt_de,niches,cats,Cats,cat_over_humans,de,Meine Katze schnurrt Die Menschen nerven - Cats (German) Design,"« Meine Katze schnurrt Die Menschen nerven » en typographie minimaliste et percutante. Un design pour les fous et folles de chats. Idée cadeau parfaite, à porter ou offrir. Disponible sur t-shirt, sweat, sticker, mug, tote bag, poster et plus. #cats #typographie","cat lover, cat mom, cat dad, cat lady, crazy cat, kitten, meine, katze, schnurrt, menschen, nerven, cat over humans, cats, funny shirt, typography, minimalist, aesthetic, gift idea, trendy design, statement tee, for men, for women",produits/niches/coh_schnurrt_de__dark.png | produits/niches/coh_schnurrt_de__light.png
cat_distractor_en,niches,cats,Cats,cats,en,Professional Cat Distractor - Cats Design,"« Professional Cat Distractor » en typographie minimaliste et percutante. Un design pour les fous et folles de chats. Idée cadeau parfaite, à porter ou offrir. Disponible sur t-shirt, sweat, sticker, mug, tote bag, poster et plus. #cats #typographie","cat lover, cat mom, cat dad, cat lady, crazy cat, kitten, professional, distractor, cats, funny shirt, typography, minimalist, aesthetic, gift idea, trendy design, statement tee, for men, for women",produits/niches/cat_distractor_en__dark.png | produits/niches/cat_distractor_en__light.png
cat_judging_en,niches,cats,Cats,cats,en,My Cat Is Judging You - Cats Design,"« My Cat Is Judging You » en typographie minimaliste et percutante. Un design pour les fous et folles de chats. Idée cadeau parfaite, à porter ou offrir. Disponible sur t-shirt, sweat, sticker, mug, tote bag, poster et plus. #cats #typographie","cat lover, cat mom, cat dad, cat lady, crazy cat, kitten, judging, cats, funny shirt, typography, minimalist, aesthetic, gift idea, trendy design, statement tee, for men, for women",produits/niches/cat_judging_en__dark.png | produits/niches/cat_judging_en__light.png
cat_lady_training_en,niches,cats,Cats,cats,en,Crazy Cat Lady in Training - Cats Design,"« Crazy Cat Lady in Training » en typographie minimaliste et percutante. Un design pour les fous et folles de chats. Idée cadeau parfaite, à porter ou offrir. Disponible sur t-shirt, sweat, sticker, mug, tote bag, poster et plus. #cats #typographie","cat lover, cat mom, cat dad, cat lady, crazy cat, kitten, crazy, lady, training, cats, funny shirt, typography, minimalist, aesthetic, gift idea, trendy design, statement tee, for men, for women",produits/niches/cat_lady_training_en__dark.png | produits/niches/cat_lady_training_en__light.png
cat_sat_on_me_en,niches,cats,Cats,cats,en,Sorry I'm Late My Cat Sat on Me - Cats Design,"« Sorry I'm Late My Cat Sat on Me » en typographie minimaliste et percutante. Un design pour les fous et folles de chats. Idée cadeau parfaite, à porter ou offrir. Disponible sur t-shirt, sweat, sticker, mug, tote bag, poster et plus. #cats #typographie","cat lover, cat mom, cat dad, cat lady, crazy cat, kitten, sorry, late, cats, funny shirt, typography, minimalist, aesthetic, gift idea, trendy design, statement tee, for men, for women",produits/niches/cat_sat_on_me_en__dark.png | produits/niches/cat_sat_on_me_en__light.png
chk_3am_en,niches,humor,Funny & Sarcastic,chickens,en,My Rooster Goes Off at 3am. Every Day. - Funny & Sarcastic Design,"« My Rooster Goes Off at 3am. Every Day. » en typographie minimaliste et percutante. Un design pour tous ceux qui ont de l'humour. Idée cadeau parfaite, à porter ou offrir. Disponible sur t-shirt, sweat, sticker, mug, tote bag, poster et plus. #humor #typographie","funny saying, sarcastic, sarcasm, humor, meme shirt, funny quote, relatable, rooster, goes, every, chickens, funny & sarcastic, funny shirt, typography, minimalist, aesthetic, gift idea, trendy design, statement tee, for men, for women",produits/niches/chk_3am_en__dark.png | produits/niches/chk_3am_en__light.png
chk_molt_en,niches,humor,Funny & Sarcastic,chickens,en,"Molting Season Zero Eggs, Maximum Panic - Funny & Sarcastic Design","« Molting Season Zero Eggs, Maximum Panic » en typographie minimaliste et percutante. Un design pour tous ceux qui ont de l'humour. Idée cadeau parfaite, à porter ou offrir. Disponible sur t-shirt, sweat, sticker, mug, tote bag, poster et plus. #humor #typographie","funny saying, sarcastic, sarcasm, humor, meme shirt, funny quote, relatable, molting, season, zero, eggs, maximum, chickens, funny & sarcastic, funny shirt, typography, minimalist, aesthetic, gift idea, trendy design, statement tee, for men, for women",produits/niches/chk_molt_en__dark.png | produits/niches/chk_molt_en__light.png
chk_pecking_en,niches,humor,Funny & Sarcastic,chickens,en,Pecking Order I'm at the Bottom - Funny & Sarcastic Design,"« Pecking Order I'm at the Bottom » en typographie minimaliste et percutante. Un design pour tous ceux qui ont de l'humour. Idée cadeau parfaite, à porter ou offrir. Disponible sur t-shirt, sweat, sticker, mug, tote bag, poster et plus. #humor #typographie","funny saying, sarcastic, sarcasm, humor, meme shirt, funny quote, relatable, pecking, order, bottom, chickens, funny & sarcastic, funny shirt, typography, minimalist, aesthetic, gift idea, trendy design, statement tee, for men, for women",produits/niches/chk_pecking_en__dark.png | produits/niches/chk_pecking_en__light.png
chk_roo_en,niches,humor,Funny & Sarcastic,chickens,en,"Straight Run: Expected Hens, Got Roosters - Funny & Sarcastic Design","« Straight Run: Expected Hens, Got Roosters » en typographie minimaliste et percutante. Un design pour tous ceux qui ont de l'humour. Idée cadeau parfaite, à porter ou offrir. Disponible sur t-shirt, sweat, sticker, mug, tote bag, poster et plus. #humor #typographie","funny saying, sarcastic, sarcasm, humor, meme shirt, funny quote, relatable, straight, expected, hens, roosters, chickens, funny & sarcastic, funny shirt, typography, minimalist, aesthetic, gift idea, trendy design, statement tee, for men, for women",produits/niches/chk_roo_en__dark.png | produits/niches/chk_roo_en__light.png
chk_silkie_en,niches,humor,Funny & Sarcastic,chickens,en,Silkie Keeper They're Basically Cats - Funny & Sarcastic Design,"« Silkie Keeper They're Basically Cats » en typographie minimaliste et percutante. Un design pour tous ceux qui ont de l'humour. Idée cadeau parfaite, à porter ou offrir. Disponible sur t-shirt, sweat, sticker, mug, tote bag, poster et plus. #humor #typographie","funny saying, sarcastic, sarcasm, humor, meme shirt, funny quote, relatable, silkie, keeper, they're, basically, cats, chickens, funny & sarcastic, funny shirt, typography, minimalist, aesthetic, gift idea, trendy design, statement tee, for men, for women",produits/niches/chk_silkie_en__dark.png | produits/niches/chk_silkie_en__light.png
chk_vent_glazing_en,niches,humor,Funny & Sarcastic,chickens,en,Vent Check Every Sunday Because I'm That Person - Funny & Sarcastic Design,"« Vent Check Every Sunday Because I'm That Person » en typographie minimaliste et percutante. Un design pour tous ceux qui ont de l'humour. Idée cadeau parfaite, à porter ou offrir. Disponible sur t-shirt, sweat, sticker, mug, tote bag, poster et plus. #humor #typographie","funny saying, sarcastic, sarcasm, humor, meme shirt, funny quote, relatable, vent, check, every, sunday, because, chickens, funny & sarcastic, funny shirt, typography, minimalist, aesthetic, gift idea, trendy design, statement tee, for men, for women",produits/niches/chk_vent_glazing_en__dark.png | produits/niches/chk_vent_glazing_en__light.png
chi_big_dog_en,niches,pets,Pets & Dog Lovers,chihuahua,en,Thinks She's a Rottweiler She's 2kg - Pets & Dog Lovers Design,"« Thinks She's a Rottweiler She's 2kg » en typographie minimaliste et percutante. Un design pour les maîtres d'animaux. Idée cadeau parfaite, à porter ou offrir. Disponible sur t-shirt, sweat, sticker, mug, tote bag, poster et plus. #pets #typographie","dog mom, pet lover, dog dad, reptile, animal parent, thinks, she's, rottweiler, chihuahua, pets & dog lovers, funny shirt, typography, minimalist, aesthetic, gift idea, trendy design, statement tee, for men, for women",produits/niches/chi_big_dog_en__dark.png | produits/niches/chi_big_dog_en__light.png
chi_fawn_or_merle_en,niches,humor,Funny & Sarcastic,chihuahua,en,"Fawn, Merle, Blue? She's Trouble. That's the Color. - Funny & Sarcastic Design","« Fawn, Merle, Blue? She's Trouble. That's the Color. » en typographie minimaliste et percutante. Un design pour tous ceux qui ont de l'humour. Idée cadeau parfaite, à porter ou offrir. Disponible sur t-shirt, sweat, sticker, mug, tote bag, poster et plus. #humor #typographie","funny saying, sarcastic, sarcasm, humor, meme shirt, funny quote, relatable, fawn, merle, blue, she's, trouble, chihuahua, funny & sarcastic, funny shirt, typography, minimalist, aesthetic, gift idea, trendy design, statement tee, for men, for women",produits/niches/chi_fawn_or_merle_en__dark.png | produits/niches/chi_fawn_or_merle_en__light.png
chi_pda_en,niches,humor,Funny & Sarcastic,chihuahua,en,My Chihuahua Has PDA Permanent Diva Attitude - Funny & Sarcastic Design,"« My Chihuahua Has PDA Permanent Diva Attitude » en typographie minimaliste et percutante. Un design pour tous ceux qui ont de l'humour. Idée cadeau parfaite, à porter ou offrir. Disponible sur t-shirt, sweat, sticker, mug, tote bag, poster et plus. #humor #typographie","funny saying, sarcastic, sarcasm, humor, meme shirt, funny quote, relatable, chihuahua, permanent, diva, attitude, funny & sarcastic, funny shirt, typography, minimalist, aesthetic, gift idea, trendy design, statement tee, for men, for women",produits/niches/chi_pda_en__dark.png | produits/niches/chi_pda_en__light.png
chi_tiny_rage_en,niches,humor,Funny & Sarcastic,chihuahua,en,Pocket-Sized Rage & I Love Her - Funny & Sarcastic Design,"« Pocket-Sized Rage & I Love Her » en typographie minimaliste et percutante. Un design pour tous ceux qui ont de l'humour. Idée cadeau parfaite, à porter ou offrir. Disponible sur t-shirt, sweat, sticker, mug, tote bag, poster et plus. #humor #typographie","funny saying, sarcastic, sarcasm, humor, meme shirt, funny quote, relatable, pocket, sized, rage, love, chihuahua, funny & sarcastic, funny shirt, typography, minimalist, aesthetic, gift idea, trendy design, statement tee, for men, for women",produits/niches/chi_tiny_rage_en__dark.png | produits/niches/chi_tiny_rage_en__light.png
chi_trembling_en,niches,humor,Funny & Sarcastic,chihuahua,en,She's Not Cold That's Just Her Personality - Funny & Sarcastic Design,"« She's Not Cold That's Just Her Personality » en typographie minimaliste et percutante. Un design pour tous ceux qui ont de l'humour. Idée cadeau parfaite, à porter ou offrir. Disponible sur t-shirt, sweat, sticker, mug, tote bag, poster et plus. #humor #typographie","funny saying, sarcastic, sarcasm, humor, meme shirt, funny quote, relatable, she's, cold, that's, personality, chihuahua, funny & sarcastic, funny shirt, typography, minimalist, aesthetic, gift idea, trendy design, statement tee, for men, for women",produits/niches/chi_trembling_en__dark.png | produits/niches/chi_trembling_en__light.png
climb_adult_later_en,niches,fitness_sport,Sport & Fitness,climbing,en,Climb Now Adult Later - Sport & Fitness Design,"« Climb Now Adult Later » en typographie minimaliste et percutante. Un design pour les sportif·ves. Idée cadeau parfaite, à porter ou offrir. Disponible sur t-shirt, sweat, sticker, mug, tote bag, poster et plus. #fitness_sport #typographie","gym gift, fitness, running, yoga, sport, football, climb, adult, later, climbing, sport & fitness, funny shirt, typography, minimalist, aesthetic, gift idea, trendy design, statement tee, for men, for women",produits/niches/climb_adult_later_en__dark.png | produits/niches/climb_adult_later_en__light.png
climb_chalk_cologne_en,niches,fitness_sport,Sport & Fitness,climbing,en,Chalk Is My Cologne - Sport & Fitness Design,"« Chalk Is My Cologne » en typographie minimaliste et percutante. Un design pour les sportif·ves. Idée cadeau parfaite, à porter ou offrir. Disponible sur t-shirt, sweat, sticker, mug, tote bag, poster et plus. #fitness_sport #typographie","gym gift, fitness, running, yoga, sport, football, chalk, cologne, climbing, sport & fitness, funny shirt, typography, minimalist, aesthetic, gift idea, trendy design, statement tee, for men, for women",produits/niches/climb_chalk_cologne_en__dark.png | produits/niches/climb_chalk_cologne_en__light.png
climb_into_rocks_en,niches,fitness_sport,Sport & Fitness,climbing,en,I'm Into Rocks - Sport & Fitness Design,"« I'm Into Rocks » en typographie minimaliste et percutante. Un design pour les sportif·ves. Idée cadeau parfaite, à porter ou offrir. Disponible sur t-shirt, sweat, sticker, mug, tote bag, poster et plus. #fitness_sport #typographie","gym gift, fitness, running, yoga, sport, football, into, rocks, climbing, sport & fitness, funny shirt, typography, minimalist, aesthetic, gift idea, trendy design, statement tee, for men, for women",produits/niches/climb_into_rocks_en__dark.png | produits/niches/climb_into_rocks_en__light.png
climb_send_it_en,niches,fitness_sport,Sport & Fitness,climbing,en,Send It or Bend It - Sport & Fitness Design,"« Send It or Bend It » en typographie minimaliste et percutante. Un design pour les sportif·ves. Idée cadeau parfaite, à porter ou offrir. Disponible sur t-shirt, sweat, sticker, mug, tote bag, poster et plus. #fitness_sport #typographie","gym gift, fitness, running, yoga, sport, football, send, bend, climbing, sport & fitness, funny shirt, typography, minimalist, aesthetic, gift idea, trendy design, statement tee, for men, for women",produits/niches/climb_send_it_en__dark.png | produits/niches/climb_send_it_en__light.png
coffee_blood_type_en,niches,food_drink,Food & Drink,coffee,en,My Blood Type Is Espresso - Food & Drink Design,"« My Blood Type Is Espresso » en typographie minimaliste et percutante. Un design pour les gourmand·es et accros au café. Idée cadeau parfaite, à porter ou offrir. Disponible sur t-shirt, sweat, sticker, mug, tote bag, poster et plus. #food_drink #typographie","foodie gift, coffee lover, food humor, caffeine, brunch, blood, type, espresso, coffee, food & drink, funny shirt, typography, minimalist, aesthetic, gift idea, trendy design, statement tee, for men, for women",produits/niches/coffee_blood_type_en__dark.png | produits/niches/coffee_blood_type_en__light.png
coffee_but_first_en,niches,food_drink,Food & Drink,coffee,en,But First Coffee - Food & Drink Design,"« But First Coffee » en typographie minimaliste et percutante. Un design pour les gourmand·es et accros au café. Idée cadeau parfaite, à porter ou offrir. Disponible sur t-shirt, sweat, sticker, mug, tote bag, poster et plus. #food_drink #typographie","foodie gift, coffee lover, food humor, caffeine, brunch, first, coffee, food & drink, funny shirt, typography, minimalist, aesthetic, gift idea, trendy design, statement tee, for men, for women",produits/niches/coffee_but_first_en__dark.png | produits/niches/coffee_but_first_en__light.png
coffee_espresso_yourself_en,niches,food_drink,Food & Drink,coffee,en,Espresso Yourself - Food & Drink Design,"« Espresso Yourself » en typographie minimaliste et percutante. Un design pour les gourmand·es et accros au café. Idée cadeau parfaite, à porter ou offrir. Disponible sur t-shirt, sweat, sticker, mug, tote bag, poster et plus. #food_drink #typographie","foodie gift, coffee lover, food humor, caffeine, brunch, espresso, yourself, coffee, food & drink, funny shirt, typography, minimalist, aesthetic, gift idea, trendy design, statement tee, for men, for women",produits/niches/coffee_espresso_yourself_en__dark.png | produits/niches/coffee_espresso_yourself_en__light.png
coffee_powered_beans_en,niches,food_drink,Food & Drink,coffee,en,Powered by Beans - Food & Drink Design,"« Powered by Beans » en typographie minimaliste et percutante. Un design pour les gourmand·es et accros au café. Idée cadeau parfaite, à porter ou offrir. Disponible sur t-shirt, sweat, sticker, mug, tote bag, poster et plus. #food_drink #typographie","foodie gift, coffee lover, food humor, caffeine, brunch, powered, beans, coffee, food & drink, funny shirt, typography, minimalist, aesthetic, gift idea, trendy design, statement tee, for men, for women",produits/niches/coffee_powered_beans_en__dark.png | produits/niches/coffee_powered_beans_en__light.png
cp_37_seconds_en,niches,adult_humor,Adult & Rude Humor,cold_plunge,en,37 Seconds In Mind Went Quiet - Adult & Rude Humor Design,"« 37 Seconds In Mind Went Quiet » en typographie minimaliste et percutante. Un design pour les amateur·ices d'humour cru. Idée cadeau parfaite, à porter ou offrir. Disponible sur t-shirt, sweat, sticker, mug, tote bag, poster et plus. #adult_humor #typographie","rude shirt, offensive gift, sarcastic, adult humor, insult, seconds, mind, went, quiet, cold plunge, adult & rude humor, funny shirt, typography, minimalist, aesthetic, gift idea, trendy design, statement tee, for men, for women",produits/niches/cp_37_seconds_en__dark.png | produits/niches/cp_37_seconds_en__light.png
cp_3min_en,niches,humor,Funny & Sarcastic,cold_plunge,en,3 Minutes Changed My Nervous System - Funny & Sarcastic Design,"« 3 Minutes Changed My Nervous System » en typographie minimaliste et percutante. Un design pour tous ceux qui ont de l'humour. Idée cadeau parfaite, à porter ou offrir. Disponible sur t-shirt, sweat, sticker, mug, tote bag, poster et plus. #humor #typographie","funny saying, sarcastic, sarcasm, humor, meme shirt, funny quote, relatable, minutes, changed, nervous, system, cold plunge, funny & sarcastic, funny shirt, typography, minimalist, aesthetic, gift idea, trendy design, statement tee, for men, for women",produits/niches/cp_3min_en__dark.png | produits/niches/cp_3min_en__light.png
cp_ice_bath_en,niches,food_drink,Food & Drink,cold_plunge,en,Ice Bath Every Morning Then Coffee. Then Humans. - Food & Drink Design,"« Ice Bath Every Morning Then Coffee. Then Humans. » en typographie minimaliste et percutante. Un design pour les gourmand·es et accros au café. Idée cadeau parfaite, à porter ou offrir. Disponible sur t-shirt, sweat, sticker, mug, tote bag, poster et plus. #food_drink #typographie","foodie gift, coffee lover, food humor, caffeine, brunch, bath, every, morning, then, coffee, cold plunge, food & drink, funny shirt, typography, minimalist, aesthetic, gift idea, trendy design, statement tee, for men, for women",produits/niches/cp_ice_bath_en__dark.png | produits/niches/cp_ice_bath_en__light.png
cp_vagal_en,niches,stoner,Stoner & Festival,cold_plunge,en,Vagal Tone High Tolerance Higher - Stoner & Festival Design,"« Vagal Tone High Tolerance Higher » en typographie minimaliste et percutante. Un design pour les stoners et festivalier·es. Idée cadeau parfaite, à porter ou offrir. Disponible sur t-shirt, sweat, sticker, mug, tote bag, poster et plus. #stoner #typographie","420, weed, stoner, cannabis, festival, high vibes, vagal, tone, high, tolerance, higher, cold plunge, stoner & festival, funny shirt, typography, minimalist, aesthetic, gift idea, trendy design, statement tee, for men, for women",produits/niches/cp_vagal_en__dark.png | produits/niches/cp_vagal_en__light.png
cp_wim_en,niches,humor,Funny & Sarcastic,cold_plunge,en,Wim Hof Was Right I Can't Believe It Either - Funny & Sarcastic Design,"« Wim Hof Was Right I Can't Believe It Either » en typographie minimaliste et percutante. Un design pour tous ceux qui ont de l'humour. Idée cadeau parfaite, à porter ou offrir. Disponible sur t-shirt, sweat, sticker, mug, tote bag, poster et plus. #humor #typographie","funny saying, sarcastic, sarcasm, humor, meme shirt, funny quote, relatable, right, can't, believe, either, cold plunge, funny & sarcastic, funny shirt, typography, minimalist, aesthetic, gift idea, trendy design, statement tee, for men, for women",produits/niches/cp_wim_en__dark.png | produits/niches/cp_wim_en__light.png
gma_abuela_es,niches,family,Family & Dad/Mom,cool_grandma,es,Abuela Cool La que tú querías tener - Family & Dad/Mom (Spanish) Design,"« Abuela Cool La que tú querías tener » en typographie minimaliste et percutante. Un design pour les papas, mamans et familles. Idée cadeau parfaite, à porter ou offrir. Disponible sur t-shirt, sweat, sticker, mug, tote bag, poster et plus. #family #typographie","dad gift, mom gift, fathers day, mothers day, family, grandma, abuela, cool, querías, tener, cool grandma, family & dad/mom, funny shirt, typography, minimalist, aesthetic, gift idea, trendy design, statement tee, for men, for women",produits/niches/gma_abuela_es__dark.png | produits/niches/gma_abuela_es__light.png
gma_biscuits_plot_en,niches,family,Family & Dad/Mom,cool_grandma,en,I Bake Cookies and Plan World Domination - Family & Dad/Mom Design,"« I Bake Cookies and Plan World Domination » en typographie minimaliste et percutante. Un design pour les papas, mamans et familles. Idée cadeau parfaite, à porter ou offrir. Disponible sur t-shirt, sweat, sticker, mug, tote bag, poster et plus. #family #typographie","dad gift, mom gift, fathers day, mothers day, family, grandma, bake, cookies, plan, world, domination, cool grandma, family & dad/mom, funny shirt, typography, minimalist, aesthetic, gift idea, trendy design, statement tee, for men, for women",produits/niches/gma_biscuits_plot_en__dark.png | produits/niches/gma_biscuits_plot_en__light.png
gma_cool_en,niches,family,Family & Dad/Mom,cool_grandma,en,The Cool Grandma You Were Warned - Family & Dad/Mom Design,"« The Cool Grandma You Were Warned » en typographie minimaliste et percutante. Un design pour les papas, mamans et familles. Idée cadeau parfaite, à porter ou offrir. Disponible sur t-shirt, sweat, sticker, mug, tote bag, poster et plus. #family #typographie","dad gift, mom gift, fathers day, mothers day, family, grandma, cool, were, warned, cool grandma, family & dad/mom, funny shirt, typography, minimalist, aesthetic, gift idea, trendy design, statement tee, for men, for women",produits/niches/gma_cool_en__dark.png | produits/niches/gma_cool_en__light.png
gma_cool_fr,niches,family,Family & Dad/Mom,cool_grandma,fr,La mamie cool que t'aurais voulu avoir - Family & Dad/Mom (French) Design,"« La mamie cool que t'aurais voulu avoir » en typographie minimaliste et percutante. Un design pour les papas, mamans et familles. Idée cadeau parfaite, à porter ou offrir. Disponible sur t-shirt, sweat, sticker, mug, tote bag, poster et plus. #family #typographie","dad gift, mom gift, fathers day, mothers day, family, grandma, mamie, cool, t'aurais, voulu, avoir, cool grandma, family & dad/mom, funny shirt, typography, minimalist, aesthetic, gift idea, trendy design, statement tee, for men, for women",produits/niches/gma_cool_fr__dark.png | produits/niches/gma_cool_fr__light.png
gma_gateaux_fr,niches,family,Family & Dad/Mom,cool_grandma,fr,Je fais des gâteaux et des complots - Family & Dad/Mom (French) Design,"« Je fais des gâteaux et des complots » en typographie minimaliste et percutante. Un design pour les papas, mamans et familles. Idée cadeau parfaite, à porter ou offrir. Disponible sur t-shirt, sweat, sticker, mug, tote bag, poster et plus. #family #typographie","dad gift, mom gift, fathers day, mothers day, family, grandma, fais, gâteaux, complots, cool grandma, family & dad/mom, funny shirt, typography, minimalist, aesthetic, gift idea, trendy design, statement tee, for men, for women",produits/niches/gma_gateaux_fr__dark.png | produits/niches/gma_gateaux_fr__light.png
gma_glam_fr,niches,family,Family & Dad/Mom,cool_grandma,fr,Mamie Glam pas la mamie sage - Family & Dad/Mom (French) Design,"« Mamie Glam pas la mamie sage » en typographie minimaliste et percutante. Un design pour les papas, mamans et familles. Idée cadeau parfaite, à porter ou offrir. Disponible sur t-shirt, sweat, sticker, mug, tote bag, poster et plus. #family #typographie","dad gift, mom gift, fathers day, mothers day, family, grandma, mamie, glam, sage, cool grandma, family & dad/mom, funny shirt, typography, minimalist, aesthetic, gift idea, trendy design, statement tee, for men, for women",produits/niches/gma_glam_fr__dark.png | produits/niches/gma_glam_fr__light.png
gma_grandmosa_en,niches,family,Family & Dad/Mom,cool_grandma,en,Grandma-mosa The Fun One - Family & Dad/Mom Design,"« Grandma-mosa The Fun One » en typographie minimaliste et percutante. Un design pour les papas, mamans et familles. Idée cadeau parfaite, à porter ou offrir. Disponible sur t-shirt, sweat, sticker, mug, tote bag, poster et plus. #family #typographie","dad gift, mom gift, fathers day, mothers day, family, grandma, mosa, cool grandma, family & dad/mom, funny shirt, typography, minimalist, aesthetic, gift idea, trendy design, statement tee, for men, for women",produits/niches/gma_grandmosa_en__dark.png | produits/niches/gma_grandmosa_en__light.png
gma_mamimosa_fr,niches,family,Family & Dad/Mom,cool_grandma,fr,Mamie-mosa (le mimosa c'est pour moi) - Family & Dad/Mom (French) Design,"« Mamie-mosa (le mimosa c'est pour moi) » en typographie minimaliste et percutante. Un design pour les papas, mamans et familles. Idée cadeau parfaite, à porter ou offrir. Disponible sur t-shirt, sweat, sticker, mug, tote bag, poster et plus. #family #typographie","dad gift, mom gift, fathers day, mothers day, family, grandma, mamie, mosa, mimosa, c'est, cool grandma, family & dad/mom, funny shirt, typography, minimalist, aesthetic, gift idea, trendy design, statement tee, for men, for women",produits/niches/gma_mamimosa_fr__dark.png | produits/niches/gma_mamimosa_fr__light.png
gma_oma_de,niches,family,Family & Dad/Mom,cool_grandma,de,Oma Glam Nicht die brave Oma - Family & Dad/Mom (German) Design,"« Oma Glam Nicht die brave Oma » en typographie minimaliste et percutante. Un design pour les papas, mamans et familles. Idée cadeau parfaite, à porter ou offrir. Disponible sur t-shirt, sweat, sticker, mug, tote bag, poster et plus. #family #typographie","dad gift, mom gift, fathers day, mothers day, family, grandma, glam, nicht, brave, cool grandma, family & dad/mom, funny shirt, typography, minimalist, aesthetic, gift idea, trendy design, statement tee, for men, for women",produits/niches/gma_oma_de__dark.png | produits/niches/gma_oma_de__light.png
gma_vieille_fr,niches,family,Family & Dad/Mom,cool_grandma,fr,Vieille? Moi? Je suis millésimée. - Family & Dad/Mom (French) Design,"« Vieille? Moi? Je suis millésimée. » en typographie minimaliste et percutante. Un design pour les papas, mamans et familles. Idée cadeau parfaite, à porter ou offrir. Disponible sur t-shirt, sweat, sticker, mug, tote bag, poster et plus. #family #typographie","dad gift, mom gift, fathers day, mothers day, family, grandma, vieille, suis, millésimée, cool grandma, family & dad/mom, funny shirt, typography, minimalist, aesthetic, gift idea, trendy design, statement tee, for men, for women",produits/niches/gma_vieille_fr__dark.png | produits/niches/gma_vieille_fr__light.png
gma_vintage_en,niches,family,Family & Dad/Mom,cool_grandma,en,I'm Not Old I'm Vintage - Family & Dad/Mom Design,"« I'm Not Old I'm Vintage » en typographie minimaliste et percutante. Un design pour les papas, mamans et familles. Idée cadeau parfaite, à porter ou offrir. Disponible sur t-shirt, sweat, sticker, mug, tote bag, poster et plus. #family #typographie","dad gift, mom gift, fathers day, mothers day, family, grandma, vintage, cool grandma, family & dad/mom, funny shirt, typography, minimalist, aesthetic, gift idea, trendy design, statement tee, for men, for women",produits/niches/gma_vintage_en__dark.png | produits/niches/gma_vintage_en__light.png
gma_wine_en,niches,family,Family & Dad/Mom,cool_grandma,en,Grandma Needs Wine Not Advice - Family & Dad/Mom Design,"« Grandma Needs Wine Not Advice » en typographie minimaliste et percutante. Un design pour les papas, mamans et familles. Idée cadeau parfaite, à porter ou offrir. Disponible sur t-shirt, sweat, sticker, mug, tote bag, poster et plus. #family #typographie","dad gift, mom gift, fathers day, mothers day, family, grandma, needs, wine, advice, cool grandma, family & dad/mom, funny shirt, typography, minimalist, aesthetic, gift idea, trendy design, statement tee, for men, for women",produits/niches/gma_wine_en__dark.png | produits/niches/gma_wine_en__light.png
crochet_choke_en,niches,hobbies_craft,Hobbies & Crafts,crochet,en,I Crochet So I Don't Choke People - Hobbies & Crafts Design,"« I Crochet So I Don't Choke People » en typographie minimaliste et percutante. Un design pour les passionné·es. Idée cadeau parfaite, à porter ou offrir. Disponible sur t-shirt, sweat, sticker, mug, tote bag, poster et plus. #hobbies_craft #typographie","hobby gift, craft lover, reading, crochet, fishing, camping, don't, choke, people, hobbies & crafts, funny shirt, typography, minimalist, aesthetic, gift idea, trendy design, statement tee, for men, for women",produits/niches/crochet_choke_en__dark.png | produits/niches/crochet_choke_en__light.png
crochet_hooked_en,niches,hobbies_craft,Hobbies & Crafts,crochet,en,Hooked on Crochet - Hobbies & Crafts Design,"« Hooked on Crochet » en typographie minimaliste et percutante. Un design pour les passionné·es. Idée cadeau parfaite, à porter ou offrir. Disponible sur t-shirt, sweat, sticker, mug, tote bag, poster et plus. #hobbies_craft #typographie","hobby gift, craft lover, reading, crochet, fishing, camping, hooked, hobbies & crafts, funny shirt, typography, minimalist, aesthetic, gift idea, trendy design, statement tee, for men, for women",produits/niches/crochet_hooked_en__dark.png | produits/niches/crochet_hooked_en__light.png
crochet_will_stop_en,niches,hobbies_craft,Hobbies & Crafts,crochet,en,Will Stop for Yarn - Hobbies & Crafts Design,"« Will Stop for Yarn » en typographie minimaliste et percutante. Un design pour les passionné·es. Idée cadeau parfaite, à porter ou offrir. Disponible sur t-shirt, sweat, sticker, mug, tote bag, poster et plus. #hobbies_craft #typographie","hobby gift, craft lover, reading, crochet, fishing, camping, stop, yarn, hobbies & crafts, funny shirt, typography, minimalist, aesthetic, gift idea, trendy design, statement tee, for men, for women",produits/niches/crochet_will_stop_en__dark.png | produits/niches/crochet_will_stop_en__light.png
crochet_yarn_cardio_en,niches,hobbies_craft,Hobbies & Crafts,crochet,en,Yarn Is My Cardio - Hobbies & Crafts Design,"« Yarn Is My Cardio » en typographie minimaliste et percutante. Un design pour les passionné·es. Idée cadeau parfaite, à porter ou offrir. Disponible sur t-shirt, sweat, sticker, mug, tote bag, poster et plus. #hobbies_craft #typographie","hobby gift, craft lover, reading, crochet, fishing, camping, yarn, cardio, hobbies & crafts, funny shirt, typography, minimalist, aesthetic, gift idea, trendy design, statement tee, for men, for women",produits/niches/crochet_yarn_cardio_en__dark.png | produits/niches/crochet_yarn_cardio_en__light.png
cf_amrap_en,niches,fitness_sport,Sport & Fitness,crossfit,en,My AMRAP Is Longer Than Your Workout - Sport & Fitness Design,"« My AMRAP Is Longer Than Your Workout » en typographie minimaliste et percutante. Un design pour les sportif·ves. Idée cadeau parfaite, à porter ou offrir. Disponible sur t-shirt, sweat, sticker, mug, tote bag, poster et plus. #fitness_sport #typographie","gym gift, fitness, running, yoga, sport, football, amrap, longer, than, workout, crossfit, sport & fitness, funny shirt, typography, minimalist, aesthetic, gift idea, trendy design, statement tee, for men, for women",produits/niches/cf_amrap_en__dark.png | produits/niches/cf_amrap_en__light.png
cf_chalk_en,niches,fitness_sport,Sport & Fitness,crossfit,en,Chalk Hands Open Heart - Sport & Fitness Design,"« Chalk Hands Open Heart » en typographie minimaliste et percutante. Un design pour les sportif·ves. Idée cadeau parfaite, à porter ou offrir. Disponible sur t-shirt, sweat, sticker, mug, tote bag, poster et plus. #fitness_sport #typographie","gym gift, fitness, running, yoga, sport, football, chalk, hands, open, heart, crossfit, sport & fitness, funny shirt, typography, minimalist, aesthetic, gift idea, trendy design, statement tee, for men, for women",produits/niches/cf_chalk_en__dark.png | produits/niches/cf_chalk_en__light.png
cf_double_unders_en,niches,fitness_sport,Sport & Fitness,crossfit,en,Double Unders Ended My Last Friendship - Sport & Fitness Design,"« Double Unders Ended My Last Friendship » en typographie minimaliste et percutante. Un design pour les sportif·ves. Idée cadeau parfaite, à porter ou offrir. Disponible sur t-shirt, sweat, sticker, mug, tote bag, poster et plus. #fitness_sport #typographie","gym gift, fitness, running, yoga, sport, football, double, unders, ended, last, friendship, crossfit, sport & fitness, funny shirt, typography, minimalist, aesthetic, gift idea, trendy design, statement tee, for men, for women",produits/niches/cf_double_unders_en__dark.png | produits/niches/cf_double_unders_en__light.png
cf_kip_en,niches,fitness_sport,Sport & Fitness,crossfit,en,I Kip and I'm Not Sorry - Sport & Fitness Design,"« I Kip and I'm Not Sorry » en typographie minimaliste et percutante. Un design pour les sportif·ves. Idée cadeau parfaite, à porter ou offrir. Disponible sur t-shirt, sweat, sticker, mug, tote bag, poster et plus. #fitness_sport #typographie","gym gift, fitness, running, yoga, sport, football, sorry, crossfit, sport & fitness, funny shirt, typography, minimalist, aesthetic, gift idea, trendy design, statement tee, for men, for women",produits/niches/cf_kip_en__dark.png | produits/niches/cf_kip_en__light.png
cf_pr_cried_en,niches,fitness_sport,Sport & Fitness,crossfit,en,PR'd My Clean and Cried. Loudly. - Sport & Fitness Design,"« PR'd My Clean and Cried. Loudly. » en typographie minimaliste et percutante. Un design pour les sportif·ves. Idée cadeau parfaite, à porter ou offrir. Disponible sur t-shirt, sweat, sticker, mug, tote bag, poster et plus. #fitness_sport #typographie","gym gift, fitness, running, yoga, sport, football, pr'd, clean, cried, loudly, crossfit, sport & fitness, funny shirt, typography, minimalist, aesthetic, gift idea, trendy design, statement tee, for men, for women",produits/niches/cf_pr_cried_en__dark.png | produits/niches/cf_pr_cried_en__light.png
cf_scaled_ok_en,niches,fitness_sport,Sport & Fitness,crossfit,en,Scaled Isn't Weak Ask Me How I Know - Sport & Fitness Design,"« Scaled Isn't Weak Ask Me How I Know » en typographie minimaliste et percutante. Un design pour les sportif·ves. Idée cadeau parfaite, à porter ou offrir. Disponible sur t-shirt, sweat, sticker, mug, tote bag, poster et plus. #fitness_sport #typographie","gym gift, fitness, running, yoga, sport, football, scaled, isn't, weak, know, crossfit, sport & fitness, funny shirt, typography, minimalist, aesthetic, gift idea, trendy design, statement tee, for men, for women",produits/niches/cf_scaled_ok_en__dark.png | produits/niches/cf_scaled_ok_en__light.png
cf_thrusters_hate_en,niches,fitness_sport,Sport & Fitness,crossfit,en,Thrusters Are Just Hate Made Functional - Sport & Fitness Design,"« Thrusters Are Just Hate Made Functional » en typographie minimaliste et percutante. Un design pour les sportif·ves. Idée cadeau parfaite, à porter ou offrir. Disponible sur t-shirt, sweat, sticker, mug, tote bag, poster et plus. #fitness_sport #typographie","gym gift, fitness, running, yoga, sport, football, thrusters, hate, made, functional, crossfit, sport & fitness, funny shirt, typography, minimalist, aesthetic, gift idea, trendy design, statement tee, for men, for women",produits/niches/cf_thrusters_hate_en__dark.png | produits/niches/cf_thrusters_hate_en__light.png
cf_whiteboard_en,niches,fitness_sport,Sport & Fitness,crossfit,en,The Whiteboard Never Lies - Sport & Fitness Design,"« The Whiteboard Never Lies » en typographie minimaliste et percutante. Un design pour les sportif·ves. Idée cadeau parfaite, à porter ou offrir. Disponible sur t-shirt, sweat, sticker, mug, tote bag, poster et plus. #fitness_sport #typographie","gym gift, fitness, running, yoga, sport, football, whiteboard, never, lies, crossfit, sport & fitness, funny shirt, typography, minimalist, aesthetic, gift idea, trendy design, statement tee, for men, for women",produits/niches/cf_whiteboard_en__dark.png | produits/niches/cf_whiteboard_en__light.png
dx_ivdd_en,niches,pets,Pets & Dog Lovers,dachshund,en,IVDD Aware My Wiener Is Worth It - Pets & Dog Lovers Design,"« IVDD Aware My Wiener Is Worth It » en typographie minimaliste et percutante. Un design pour les maîtres d'animaux. Idée cadeau parfaite, à porter ou offrir. Disponible sur t-shirt, sweat, sticker, mug, tote bag, poster et plus. #pets #typographie","dog mom, pet lover, dog dad, reptile, animal parent, ivdd, aware, wiener, worth, dachshund, pets & dog lovers, funny shirt, typography, minimalist, aesthetic, gift idea, trendy design, statement tee, for men, for women",produits/niches/dx_ivdd_en__dark.png | produits/niches/dx_ivdd_en__light.png
dx_long_short_en,niches,pets,Pets & Dog Lovers,dachshund,en,Long Dog Short Fuse - Pets & Dog Lovers Design,"« Long Dog Short Fuse » en typographie minimaliste et percutante. Un design pour les maîtres d'animaux. Idée cadeau parfaite, à porter ou offrir. Disponible sur t-shirt, sweat, sticker, mug, tote bag, poster et plus. #pets #typographie","dog mom, pet lover, dog dad, reptile, animal parent, long, short, fuse, dachshund, pets & dog lovers, funny shirt, typography, minimalist, aesthetic, gift idea, trendy design, statement tee, for men, for women",produits/niches/dx_long_short_en__dark.png | produits/niches/dx_long_short_en__light.png
dx_low_rider_en,niches,pets,Pets & Dog Lovers,dachshund,en,Low Rider Loud Opinions - Pets & Dog Lovers Design,"« Low Rider Loud Opinions » en typographie minimaliste et percutante. Un design pour les maîtres d'animaux. Idée cadeau parfaite, à porter ou offrir. Disponible sur t-shirt, sweat, sticker, mug, tote bag, poster et plus. #pets #typographie","dog mom, pet lover, dog dad, reptile, animal parent, rider, loud, opinions, dachshund, pets & dog lovers, funny shirt, typography, minimalist, aesthetic, gift idea, trendy design, statement tee, for men, for women",produits/niches/dx_low_rider_en__dark.png | produits/niches/dx_low_rider_en__light.png
dx_sausage_en,niches,pets,Pets & Dog Lovers,dachshund,en,Half Dog Half Sausage. All Attitude. - Pets & Dog Lovers Design,"« Half Dog Half Sausage. All Attitude. » en typographie minimaliste et percutante. Un design pour les maîtres d'animaux. Idée cadeau parfaite, à porter ou offrir. Disponible sur t-shirt, sweat, sticker, mug, tote bag, poster et plus. #pets #typographie","dog mom, pet lover, dog dad, reptile, animal parent, half, sausage, attitude, dachshund, pets & dog lovers, funny shirt, typography, minimalist, aesthetic, gift idea, trendy design, statement tee, for men, for women",produits/niches/dx_sausage_en__dark.png | produits/niches/dx_sausage_en__light.png
dx_stairs_no_en,niches,pets,Pets & Dog Lovers,dachshund,en,No Stairs Vet's Orders. He Ignores Them. - Pets & Dog Lovers Design,"« No Stairs Vet's Orders. He Ignores Them. » en typographie minimaliste et percutante. Un design pour les maîtres d'animaux. Idée cadeau parfaite, à porter ou offrir. Disponible sur t-shirt, sweat, sticker, mug, tote bag, poster et plus. #pets #typographie","dog mom, pet lover, dog dad, reptile, animal parent, stairs, vet's, orders, ignores, them, dachshund, pets & dog lovers, funny shirt, typography, minimalist, aesthetic, gift idea, trendy design, statement tee, for men, for women",produits/niches/dx_stairs_no_en__dark.png | produits/niches/dx_stairs_no_en__light.png
dent_floss_en,niches,humor,Funny & Sarcastic,dental_hygienist,en,Floss More Complain Less - Funny & Sarcastic Design,"« Floss More Complain Less » en typographie minimaliste et percutante. Un design pour tous ceux qui ont de l'humour. Idée cadeau parfaite, à porter ou offrir. Disponible sur t-shirt, sweat, sticker, mug, tote bag, poster et plus. #humor #typographie","funny saying, sarcastic, sarcasm, humor, meme shirt, funny quote, relatable, floss, more, complain, less, dental hygienist, funny & sarcastic, funny shirt, typography, minimalist, aesthetic, gift idea, trendy design, statement tee, for men, for women",produits/niches/dent_floss_en__dark.png | produits/niches/dent_floss_en__light.png
dent_plaque_en,niches,humor,Funny & Sarcastic,dental_hygienist,en,Fighting Plaque One Mouth at a Time - Funny & Sarcastic Design,"« Fighting Plaque One Mouth at a Time » en typographie minimaliste et percutante. Un design pour tous ceux qui ont de l'humour. Idée cadeau parfaite, à porter ou offrir. Disponible sur t-shirt, sweat, sticker, mug, tote bag, poster et plus. #humor #typographie","funny saying, sarcastic, sarcasm, humor, meme shirt, funny quote, relatable, fighting, plaque, mouth, time, dental hygienist, funny & sarcastic, funny shirt, typography, minimalist, aesthetic, gift idea, trendy design, statement tee, for men, for women",produits/niches/dent_plaque_en__dark.png | produits/niches/dent_plaque_en__light.png
dent_spit_rinse_en,niches,humor,Funny & Sarcastic,dental_hygienist,en,Spit. Rinse. Repeat. - Funny & Sarcastic Design,"« Spit. Rinse. Repeat. » en typographie minimaliste et percutante. Un design pour tous ceux qui ont de l'humour. Idée cadeau parfaite, à porter ou offrir. Disponible sur t-shirt, sweat, sticker, mug, tote bag, poster et plus. #humor #typographie","funny saying, sarcastic, sarcasm, humor, meme shirt, funny quote, relatable, spit, rinse, repeat, dental hygienist, funny & sarcastic, funny shirt, typography, minimalist, aesthetic, gift idea, trendy design, statement tee, for men, for women",produits/niches/dent_spit_rinse_en__dark.png | produits/niches/dent_spit_rinse_en__light.png
dent_veins_en,niches,humor,Funny & Sarcastic,dental_hygienist,en,I Clean Teeth for a Living - Funny & Sarcastic Design,"« I Clean Teeth for a Living » en typographie minimaliste et percutante. Un design pour tous ceux qui ont de l'humour. Idée cadeau parfaite, à porter ou offrir. Disponible sur t-shirt, sweat, sticker, mug, tote bag, poster et plus. #humor #typographie","funny saying, sarcastic, sarcasm, humor, meme shirt, funny quote, relatable, clean, teeth, living, dental hygienist, funny & sarcastic, funny shirt, typography, minimalist, aesthetic, gift idea, trendy design, statement tee, for men, for women",produits/niches/dent_veins_en__dark.png | produits/niches/dent_veins_en__light.png
dg_23_discs_en,niches,humor,Funny & Sarcastic,disc_golf,en,I Carry 23 Discs for 9 Holes. Normal. - Funny & Sarcastic Design,"« I Carry 23 Discs for 9 Holes. Normal. » en typographie minimaliste et percutante. Un design pour tous ceux qui ont de l'humour. Idée cadeau parfaite, à porter ou offrir. Disponible sur t-shirt, sweat, sticker, mug, tote bag, poster et plus. #humor #typographie","funny saying, sarcastic, sarcasm, humor, meme shirt, funny quote, relatable, carry, discs, holes, normal, disc golf, funny & sarcastic, funny shirt, typography, minimalist, aesthetic, gift idea, trendy design, statement tee, for men, for women",produits/niches/dg_23_discs_en__dark.png | produits/niches/dg_23_discs_en__light.png
dg_ace_cry_en,niches,humor,Funny & Sarcastic,disc_golf,en,The Day I Ace a Hole I Will Cry - Funny & Sarcastic Design,"« The Day I Ace a Hole I Will Cry » en typographie minimaliste et percutante. Un design pour tous ceux qui ont de l'humour. Idée cadeau parfaite, à porter ou offrir. Disponible sur t-shirt, sweat, sticker, mug, tote bag, poster et plus. #humor #typographie","funny saying, sarcastic, sarcasm, humor, meme shirt, funny quote, relatable, hole, disc golf, funny & sarcastic, funny shirt, typography, minimalist, aesthetic, gift idea, trendy design, statement tee, for men, for women",produits/niches/dg_ace_cry_en__dark.png | produits/niches/dg_ace_cry_en__light.png
dg_anhyzer_ob_en,niches,humor,Funny & Sarcastic,disc_golf,en,Anhyzer Into OB Every. Time. - Funny & Sarcastic Design,"« Anhyzer Into OB Every. Time. » en typographie minimaliste et percutante. Un design pour tous ceux qui ont de l'humour. Idée cadeau parfaite, à porter ou offrir. Disponible sur t-shirt, sweat, sticker, mug, tote bag, poster et plus. #humor #typographie","funny saying, sarcastic, sarcasm, humor, meme shirt, funny quote, relatable, anhyzer, into, every, time, disc golf, funny & sarcastic, funny shirt, typography, minimalist, aesthetic, gift idea, trendy design, statement tee, for men, for women",produits/niches/dg_anhyzer_ob_en__dark.png | produits/niches/dg_anhyzer_ob_en__light.png
dg_birdie_en,niches,humor,Funny & Sarcastic,disc_golf,en,Birdie Putt Made It. This Time. - Funny & Sarcastic Design,"« Birdie Putt Made It. This Time. » en typographie minimaliste et percutante. Un design pour tous ceux qui ont de l'humour. Idée cadeau parfaite, à porter ou offrir. Disponible sur t-shirt, sweat, sticker, mug, tote bag, poster et plus. #humor #typographie","funny saying, sarcastic, sarcasm, humor, meme shirt, funny quote, relatable, birdie, putt, made, time, disc golf, funny & sarcastic, funny shirt, typography, minimalist, aesthetic, gift idea, trendy design, statement tee, for men, for women",produits/niches/dg_birdie_en__dark.png | produits/niches/dg_birdie_en__light.png
dg_chains_en,niches,humor,Funny & Sarcastic,disc_golf,en,Chains Are What I Live For - Funny & Sarcastic Design,"« Chains Are What I Live For » en typographie minimaliste et percutante. Un design pour tous ceux qui ont de l'humour. Idée cadeau parfaite, à porter ou offrir. Disponible sur t-shirt, sweat, sticker, mug, tote bag, poster et plus. #humor #typographie","funny saying, sarcastic, sarcasm, humor, meme shirt, funny quote, relatable, chains, live, disc golf, funny & sarcastic, funny shirt, typography, minimalist, aesthetic, gift idea, trendy design, statement tee, for men, for women",produits/niches/dg_chains_en__dark.png | produits/niches/dg_chains_en__light.png
dg_hyzer_memory_en,niches,humor,Funny & Sarcastic,disc_golf,en,My Hyzer Is Muscle Memory - Funny & Sarcastic Design,"« My Hyzer Is Muscle Memory » en typographie minimaliste et percutante. Un design pour tous ceux qui ont de l'humour. Idée cadeau parfaite, à porter ou offrir. Disponible sur t-shirt, sweat, sticker, mug, tote bag, poster et plus. #humor #typographie","funny saying, sarcastic, sarcasm, humor, meme shirt, funny quote, relatable, hyzer, muscle, memory, disc golf, funny & sarcastic, funny shirt, typography, minimalist, aesthetic, gift idea, trendy design, statement tee, for men, for women",produits/niches/dg_hyzer_memory_en__dark.png | produits/niches/dg_hyzer_memory_en__light.png
dg_innova_en,niches,climate,Climate & Ecology,disc_golf,en,Innova or Discraft Blood Has Been Spilled - Climate & Ecology Design,"« Innova or Discraft Blood Has Been Spilled » en typographie minimaliste et percutante. Un design pour les militant·es écolo. Idée cadeau parfaite, à porter ou offrir. Disponible sur t-shirt, sweat, sticker, mug, tote bag, poster et plus. #climate #typographie","climate change, save the planet, ecology, environment, climate activist, eco friendly, innova, discraft, blood, been, spilled, disc golf, climate & ecology, funny shirt, typography, minimalist, aesthetic, gift idea, trendy design, statement tee, for men, for women",produits/niches/dg_innova_en__dark.png | produits/niches/dg_innova_en__light.png
dg_water_hazard_en,niches,humor,Funny & Sarcastic,disc_golf,en,That Water Hazard Ate 12 of My Discs - Funny & Sarcastic Design,"« That Water Hazard Ate 12 of My Discs » en typographie minimaliste et percutante. Un design pour tous ceux qui ont de l'humour. Idée cadeau parfaite, à porter ou offrir. Disponible sur t-shirt, sweat, sticker, mug, tote bag, poster et plus. #humor #typographie","funny saying, sarcastic, sarcasm, humor, meme shirt, funny quote, relatable, water, hazard, discs, disc golf, funny & sarcastic, funny shirt, typography, minimalist, aesthetic, gift idea, trendy design, statement tee, for men, for women",produits/niches/dg_water_hazard_en__dark.png | produits/niches/dg_water_hazard_en__light.png
doh_aboyer_fr,niches,pets,Pets & Dog Lovers,dog_over_humans,fr,Je préfère entendre mon chien aboyer que les cons causer - Pets & Dog Lovers (French) Design,"« Je préfère entendre mon chien aboyer que les cons causer » en typographie minimaliste et percutante. Un design pour les maîtres d'animaux. Idée cadeau parfaite, à porter ou offrir. Disponible sur t-shirt, sweat, sticker, mug, tote bag, poster et plus. #pets #typographie","dog mom, pet lover, dog dad, reptile, animal parent, préfère, entendre, chien, aboyer, cons, dog over humans, pets & dog lovers, funny shirt, typography, minimalist, aesthetic, gift idea, trendy design, statement tee, for men, for women",produits/niches/doh_aboyer_fr__dark.png | produits/niches/doh_aboyer_fr__light.png
doh_annuler_fr,niches,pets,Pets & Dog Lovers,dog_over_humans,fr,J'annule des plans pour mon chien. Pas pour toi. - Pets & Dog Lovers (French) Design,"« J'annule des plans pour mon chien. Pas pour toi. » en typographie minimaliste et percutante. Un design pour les maîtres d'animaux. Idée cadeau parfaite, à porter ou offrir. Disponible sur t-shirt, sweat, sticker, mug, tote bag, poster et plus. #pets #typographie","dog mom, pet lover, dog dad, reptile, animal parent, j'annule, plans, chien, dog over humans, pets & dog lovers, funny shirt, typography, minimalist, aesthetic, gift idea, trendy design, statement tee, for men, for women",produits/niches/doh_annuler_fr__dark.png | produits/niches/doh_annuler_fr__light.png
doh_bark_en,niches,pets,Pets & Dog Lovers,dog_over_humans,en,I'd Rather Hear My Dog Bark Than People Talk - Pets & Dog Lovers Design,"« I'd Rather Hear My Dog Bark Than People Talk » en typographie minimaliste et percutante. Un design pour les maîtres d'animaux. Idée cadeau parfaite, à porter ou offrir. Disponible sur t-shirt, sweat, sticker, mug, tote bag, poster et plus. #pets #typographie","dog mom, pet lover, dog dad, reptile, animal parent, rather, hear, bark, than, people, dog over humans, pets & dog lovers, funny shirt, typography, minimalist, aesthetic, gift idea, trendy design, statement tee, for men, for women",produits/niches/doh_bark_en__dark.png | produits/niches/doh_bark_en__light.png
doh_beklagt_de,niches,pets,Pets & Dog Lovers,dog_over_humans,de,Mein Hund beklagt sich weniger als du - Pets & Dog Lovers (German) Design,"« Mein Hund beklagt sich weniger als du » en typographie minimaliste et percutante. Un design pour les maîtres d'animaux. Idée cadeau parfaite, à porter ou offrir. Disponible sur t-shirt, sweat, sticker, mug, tote bag, poster et plus. #pets #typographie","dog mom, pet lover, dog dad, reptile, animal parent, mein, hund, beklagt, sich, weniger, dog over humans, pets & dog lovers, funny shirt, typography, minimalist, aesthetic, gift idea, trendy design, statement tee, for men, for women",produits/niches/doh_beklagt_de__dark.png | produits/niches/doh_beklagt_de__light.png
doh_cancel_en,niches,pets,Pets & Dog Lovers,dog_over_humans,en,I'd Cancel Plans for My Dog. Not for You. - Pets & Dog Lovers Design,"« I'd Cancel Plans for My Dog. Not for You. » en typographie minimaliste et percutante. Un design pour les maîtres d'animaux. Idée cadeau parfaite, à porter ou offrir. Disponible sur t-shirt, sweat, sticker, mug, tote bag, poster et plus. #pets #typographie","dog mom, pet lover, dog dad, reptile, animal parent, cancel, plans, dog over humans, pets & dog lovers, funny shirt, typography, minimalist, aesthetic, gift idea, trendy design, statement tee, for men, for women",produits/niches/doh_cancel_en__dark.png | produits/niches/doh_cancel_en__light.png
doh_compagnia_it,niches,pets,Pets & Dog Lovers,dog_over_humans,it,Preferisco il mio cane alla tua compagnia - Pets & Dog Lovers (Italian) Design,"« Preferisco il mio cane alla tua compagnia » en typographie minimaliste et percutante. Un design pour les maîtres d'animaux. Idée cadeau parfaite, à porter ou offrir. Disponible sur t-shirt, sweat, sticker, mug, tote bag, poster et plus. #pets #typographie","dog mom, pet lover, dog dad, reptile, animal parent, preferisco, cane, alla, compagnia, dog over humans, pets & dog lovers, funny shirt, typography, minimalist, aesthetic, gift idea, trendy design, statement tee, for men, for women",produits/niches/doh_compagnia_it__dark.png | produits/niches/doh_compagnia_it__light.png
doh_company_en,niches,pets,Pets & Dog Lovers,dog_over_humans,en,My Dog Is Better Company Than Most Humans - Pets & Dog Lovers Design,"« My Dog Is Better Company Than Most Humans » en typographie minimaliste et percutante. Un design pour les maîtres d'animaux. Idée cadeau parfaite, à porter ou offrir. Disponible sur t-shirt, sweat, sticker, mug, tote bag, poster et plus. #pets #typographie","dog mom, pet lover, dog dad, reptile, animal parent, better, company, than, most, humans, dog over humans, pets & dog lovers, funny shirt, typography, minimalist, aesthetic, gift idea, trendy design, statement tee, for men, for women",produits/niches/doh_company_en__dark.png | produits/niches/doh_company_en__light.png
doh_decu_fr,niches,pets,Pets & Dog Lovers,dog_over_humans,fr,Mon chien ne m'a jamais déçu. Les gens si. - Pets & Dog Lovers (French) Design,"« Mon chien ne m'a jamais déçu. Les gens si. » en typographie minimaliste et percutante. Un design pour les maîtres d'animaux. Idée cadeau parfaite, à porter ou offrir. Disponible sur t-shirt, sweat, sticker, mug, tote bag, poster et plus. #pets #typographie","dog mom, pet lover, dog dad, reptile, animal parent, chien, jamais, déçu, gens, dog over humans, pets & dog lovers, funny shirt, typography, minimalist, aesthetic, gift idea, trendy design, statement tee, for men, for women",produits/niches/doh_decu_fr__dark.png | produits/niches/doh_decu_fr__light.png
doh_home_for_en,niches,pets,Pets & Dog Lovers,dog_over_humans,en,I Go Home Early for My Dog - Pets & Dog Lovers Design,"« I Go Home Early for My Dog » en typographie minimaliste et percutante. Un design pour les maîtres d'animaux. Idée cadeau parfaite, à porter ou offrir. Disponible sur t-shirt, sweat, sticker, mug, tote bag, poster et plus. #pets #typographie","dog mom, pet lover, dog dad, reptile, animal parent, home, early, dog over humans, pets & dog lovers, funny shirt, typography, minimalist, aesthetic, gift idea, trendy design, statement tee, for men, for women",produits/niches/doh_home_for_en__dark.png | produits/niches/doh_home_for_en__light.png
doh_inviter_fr,niches,pets,Pets & Dog Lovers,dog_over_humans,fr,Si tu n'aimes pas les chiens Ne me parle pas - Pets & Dog Lovers (French) Design,"« Si tu n'aimes pas les chiens Ne me parle pas » en typographie minimaliste et percutante. Un design pour les maîtres d'animaux. Idée cadeau parfaite, à porter ou offrir. Disponible sur t-shirt, sweat, sticker, mug, tote bag, poster et plus. #pets #typographie","dog mom, pet lover, dog dad, reptile, animal parent, n'aimes, chiens, parle, dog over humans, pets & dog lovers, funny shirt, typography, minimalist, aesthetic, gift idea, trendy design, statement tee, for men, for women",produits/niches/doh_inviter_fr__dark.png | produits/niches/doh_inviter_fr__light.png
doh_judge_en,niches,pets,Pets & Dog Lovers,dog_over_humans,en,My Dog Doesn't Judge That's Why I Prefer Him - Pets & Dog Lovers Design,"« My Dog Doesn't Judge That's Why I Prefer Him » en typographie minimaliste et percutante. Un design pour les maîtres d'animaux. Idée cadeau parfaite, à porter ou offrir. Disponible sur t-shirt, sweat, sticker, mug, tote bag, poster et plus. #pets #typographie","dog mom, pet lover, dog dad, reptile, animal parent, doesn't, judge, that's, prefer, dog over humans, pets & dog lovers, funny shirt, typography, minimalist, aesthetic, gift idea, trendy design, statement tee, for men, for women",produits/niches/doh_judge_en__dark.png | produits/niches/doh_judge_en__light.png
doh_juge_fr,niches,pets,Pets & Dog Lovers,dog_over_humans,fr,Mon Chien Ne Me Juge Pas Les Humains Si - Pets & Dog Lovers (French) Design,"« Mon Chien Ne Me Juge Pas Les Humains Si » en typographie minimaliste et percutante. Un design pour les maîtres d'animaux. Idée cadeau parfaite, à porter ou offrir. Disponible sur t-shirt, sweat, sticker, mug, tote bag, poster et plus. #pets #typographie","dog mom, pet lover, dog dad, reptile, animal parent, chien, juge, humains, dog over humans, pets & dog lovers, funny shirt, typography, minimalist, aesthetic, gift idea, trendy design, statement tee, for men, for women",produits/niches/doh_juge_fr__dark.png | produits/niches/doh_juge_fr__light.png
doh_kenn_de,niches,pets,Pets & Dog Lovers,dog_over_humans,de,Je mehr Menschen ich kenne Desto mehr liebe ich meinen Hund - Pets & Dog Lovers (German) Design,"« Je mehr Menschen ich kenne Desto mehr liebe ich meinen Hund » en typographie minimaliste et percutante. Un design pour les maîtres d'animaux. Idée cadeau parfaite, à porter ou offrir. Disponible sur t-shirt, sweat, sticker, mug, tote bag, poster et plus. #pets #typographie","dog mom, pet lover, dog dad, reptile, animal parent, mehr, menschen, kenne, desto, liebe, dog over humans, pets & dog lovers, funny shirt, typography, minimalist, aesthetic, gift idea, trendy design, statement tee, for men, for women",produits/niches/doh_kenn_de__dark.png | produits/niches/doh_kenn_de__light.png
doh_ladridos_es,niches,pets,Pets & Dog Lovers,dog_over_humans,es,Prefiero los ladridos de mi perro a tu conversación - Pets & Dog Lovers (Spanish) Design,"« Prefiero los ladridos de mi perro a tu conversación » en typographie minimaliste et percutante. Un design pour les maîtres d'animaux. Idée cadeau parfaite, à porter ou offrir. Disponible sur t-shirt, sweat, sticker, mug, tote bag, poster et plus. #pets #typographie","dog mom, pet lover, dog dad, reptile, animal parent, prefiero, ladridos, perro, conversación, dog over humans, pets & dog lovers, funny shirt, typography, minimalist, aesthetic, gift idea, trendy design, statement tee, for men, for women",produits/niches/doh_ladridos_es__dark.png | produits/niches/doh_ladridos_es__light.png
doh_let_down_en,niches,pets,Pets & Dog Lovers,dog_over_humans,en,My Dog Never Let Me Down People Do - Pets & Dog Lovers Design,"« My Dog Never Let Me Down People Do » en typographie minimaliste et percutante. Un design pour les maîtres d'animaux. Idée cadeau parfaite, à porter ou offrir. Disponible sur t-shirt, sweat, sticker, mug, tote bag, poster et plus. #pets #typographie","dog mom, pet lover, dog dad, reptile, animal parent, never, down, people, dog over humans, pets & dog lovers, funny shirt, typography, minimalist, aesthetic, gift idea, trendy design, statement tee, for men, for women",produits/niches/doh_let_down_en__dark.png | produits/niches/doh_let_down_en__light.png
doh_mas_conozco_es,niches,pets,Pets & Dog Lovers,dog_over_humans,es,Cuanto más conozco a la gente Más quiero a mi perro - Pets & Dog Lovers (Spanish) Design,"« Cuanto más conozco a la gente Más quiero a mi perro » en typographie minimaliste et percutante. Un design pour les maîtres d'animaux. Idée cadeau parfaite, à porter ou offrir. Disponible sur t-shirt, sweat, sticker, mug, tote bag, poster et plus. #pets #typographie","dog mom, pet lover, dog dad, reptile, animal parent, cuanto, conozco, gente, quiero, perro, dog over humans, pets & dog lovers, funny shirt, typography, minimalist, aesthetic, gift idea, trendy design, statement tee, for men, for women",produits/niches/doh_mas_conozco_es__dark.png | produits/niches/doh_mas_conozco_es__light.png
doh_meinung_de,niches,pets,Pets & Dog Lovers,dog_over_humans,de,Lieber mein Hund als deine Meinung - Pets & Dog Lovers (German) Design,"« Lieber mein Hund als deine Meinung » en typographie minimaliste et percutante. Un design pour les maîtres d'animaux. Idée cadeau parfaite, à porter ou offrir. Disponible sur t-shirt, sweat, sticker, mug, tote bag, poster et plus. #pets #typographie","dog mom, pet lover, dog dad, reptile, animal parent, lieber, mein, hund, deine, meinung, dog over humans, pets & dog lovers, funny shirt, typography, minimalist, aesthetic, gift idea, trendy design, statement tee, for men, for women",produits/niches/doh_meinung_de__dark.png | produits/niches/doh_meinung_de__light.png
doh_more_i_know_en,niches,pets,Pets & Dog Lovers,dog_over_humans,en,The More I Know People The More I Love My Dog - Pets & Dog Lovers Design,"« The More I Know People The More I Love My Dog » en typographie minimaliste et percutante. Un design pour les maîtres d'animaux. Idée cadeau parfaite, à porter ou offrir. Disponible sur t-shirt, sweat, sticker, mug, tote bag, poster et plus. #pets #typographie","dog mom, pet lover, dog dad, reptile, animal parent, more, know, people, love, dog over humans, pets & dog lovers, funny shirt, typography, minimalist, aesthetic, gift idea, trendy design, statement tee, for men, for women",produits/niches/doh_more_i_know_en__dark.png | produits/niches/doh_more_i_know_en__light.png
doh_nach_hause_de,niches,pets,Pets & Dog Lovers,dog_over_humans,de,Ich gehe nach Hause Mein Hund wartet - Pets & Dog Lovers (German) Design,"« Ich gehe nach Hause Mein Hund wartet » en typographie minimaliste et percutante. Un design pour les maîtres d'animaux. Idée cadeau parfaite, à porter ou offrir. Disponible sur t-shirt, sweat, sticker, mug, tote bag, poster et plus. #pets #typographie","dog mom, pet lover, dog dad, reptile, animal parent, gehe, nach, hause, mein, hund, dog over humans, pets & dog lovers, funny shirt, typography, minimalist, aesthetic, gift idea, trendy design, statement tee, for men, for women",produits/niches/doh_nach_hause_de__dark.png | produits/niches/doh_nach_hause_de__light.png
doh_party_en,niches,pets,Pets & Dog Lovers,dog_over_humans,en,"No Thanks, I'm Going to Be with My Dog - Pets & Dog Lovers Design","« No Thanks, I'm Going to Be with My Dog » en typographie minimaliste et percutante. Un design pour les maîtres d'animaux. Idée cadeau parfaite, à porter ou offrir. Disponible sur t-shirt, sweat, sticker, mug, tote bag, poster et plus. #pets #typographie","dog mom, pet lover, dog dad, reptile, animal parent, thanks, going, dog over humans, pets & dog lovers, funny shirt, typography, minimalist, aesthetic, gift idea, trendy design, statement tee, for men, for women",produits/niches/doh_party_en__dark.png | produits/niches/doh_party_en__light.png
doh_persone_it,niches,pets,Pets & Dog Lovers,dog_over_humans,it,Più conosco le persone Più amo il mio cane - Pets & Dog Lovers (Italian) Design,"« Più conosco le persone Più amo il mio cane » en typographie minimaliste et percutante. Un design pour les maîtres d'animaux. Idée cadeau parfaite, à porter ou offrir. Disponible sur t-shirt, sweat, sticker, mug, tote bag, poster et plus. #pets #typographie","dog mom, pet lover, dog dad, reptile, animal parent, conosco, persone, cane, dog over humans, pets & dog lovers, funny shirt, typography, minimalist, aesthetic, gift idea, trendy design, statement tee, for men, for women",produits/niches/doh_persone_it__dark.png | produits/niches/doh_persone_it__light.png
doh_planes_es,niches,pets,Pets & Dog Lovers,dog_over_humans,es,Cancelo planes por mi perro. No por ti. - Pets & Dog Lovers (Spanish) Design,"« Cancelo planes por mi perro. No por ti. » en typographie minimaliste et percutante. Un design pour les maîtres d'animaux. Idée cadeau parfaite, à porter ou offrir. Disponible sur t-shirt, sweat, sticker, mug, tote bag, poster et plus. #pets #typographie","dog mom, pet lover, dog dad, reptile, animal parent, cancelo, planes, perro, dog over humans, pets & dog lovers, funny shirt, typography, minimalist, aesthetic, gift idea, trendy design, statement tee, for men, for women",produits/niches/doh_planes_es__dark.png | produits/niches/doh_planes_es__light.png
doh_plus_je_connais_fr,niches,pets,Pets & Dog Lovers,dog_over_humans,fr,Plus je connais les gens Plus j'aime mon chien - Pets & Dog Lovers (French) Design,"« Plus je connais les gens Plus j'aime mon chien » en typographie minimaliste et percutante. Un design pour les maîtres d'animaux. Idée cadeau parfaite, à porter ou offrir. Disponible sur t-shirt, sweat, sticker, mug, tote bag, poster et plus. #pets #typographie","dog mom, pet lover, dog dad, reptile, animal parent, connais, gens, j'aime, chien, dog over humans, pets & dog lovers, funny shirt, typography, minimalist, aesthetic, gift idea, trendy design, statement tee, for men, for women",produits/niches/doh_plus_je_connais_fr__dark.png | produits/niches/doh_plus_je_connais_fr__light.png
doh_rentrer_fr,niches,pets,Pets & Dog Lovers,dog_over_humans,fr,Je veux rentrer pour voir mon chien - Pets & Dog Lovers (French) Design,"« Je veux rentrer pour voir mon chien » en typographie minimaliste et percutante. Un design pour les maîtres d'animaux. Idée cadeau parfaite, à porter ou offrir. Disponible sur t-shirt, sweat, sticker, mug, tote bag, poster et plus. #pets #typographie","dog mom, pet lover, dog dad, reptile, animal parent, veux, rentrer, voir, chien, dog over humans, pets & dog lovers, funny shirt, typography, minimalist, aesthetic, gift idea, trendy design, statement tee, for men, for women",produits/niches/doh_rentrer_fr__dark.png | produits/niches/doh_rentrer_fr__light.png
dw_best_human_en,niches,pets,Pets & Dog Lovers,dog_wit,en,My Dog Thinks I'm the Best Person Low Bar. I'll Take It. - Pets & Dog Lovers Design,"« My Dog Thinks I'm the Best Person Low Bar. I'll Take It. » en typographie minimaliste et percutante. Un design pour les maîtres d'animaux. Idée cadeau parfaite, à porter ou offrir. Disponible sur t-shirt, sweat, sticker, mug, tote bag, poster et plus. #pets #typographie","dog mom, pet lover, dog dad, reptile, animal parent, thinks, best, person, i'll, take, dog wit, pets & dog lovers, funny shirt, typography, minimalist, aesthetic, gift idea, trendy design, statement tee, for men, for women",produits/niches/dw_best_human_en__dark.png | produits/niches/dw_best_human_en__light.png
dw_could_talk_en,niches,pets,Pets & Dog Lovers,dog_wit,en,If My Dog Could Talk He'd Tell You to Stop Barking - Pets & Dog Lovers Design,"« If My Dog Could Talk He'd Tell You to Stop Barking » en typographie minimaliste et percutante. Un design pour les maîtres d'animaux. Idée cadeau parfaite, à porter ou offrir. Disponible sur t-shirt, sweat, sticker, mug, tote bag, poster et plus. #pets #typographie","dog mom, pet lover, dog dad, reptile, animal parent, could, talk, he'd, tell, stop, dog wit, pets & dog lovers, funny shirt, typography, minimalist, aesthetic, gift idea, trendy design, statement tee, for men, for women",produits/niches/dw_could_talk_en__dark.png | produits/niches/dw_could_talk_en__light.png
dw_hund_de,niches,pets,Pets & Dog Lovers,dog_wit,de,Ich dachte ich erziehe meinen Hund Er hat mich erzogen - Pets & Dog Lovers (German) Design,"« Ich dachte ich erziehe meinen Hund Er hat mich erzogen » en typographie minimaliste et percutante. Un design pour les maîtres d'animaux. Idée cadeau parfaite, à porter ou offrir. Disponible sur t-shirt, sweat, sticker, mug, tote bag, poster et plus. #pets #typographie","dog mom, pet lover, dog dad, reptile, animal parent, dachte, erziehe, meinen, hund, mich, dog wit, pets & dog lovers, funny shirt, typography, minimalist, aesthetic, gift idea, trendy design, statement tee, for men, for women",produits/niches/dw_hund_de__dark.png | produits/niches/dw_hund_de__light.png
dw_maitre_fr,niches,pets,Pets & Dog Lovers,dog_wit,fr,Je croyais dresser mon chien C'est lui qui m'a dressé - Pets & Dog Lovers (French) Design,"« Je croyais dresser mon chien C'est lui qui m'a dressé » en typographie minimaliste et percutante. Un design pour les maîtres d'animaux. Idée cadeau parfaite, à porter ou offrir. Disponible sur t-shirt, sweat, sticker, mug, tote bag, poster et plus. #pets #typographie","dog mom, pet lover, dog dad, reptile, animal parent, croyais, dresser, chien, c'est, dressé, dog wit, pets & dog lovers, funny shirt, typography, minimalist, aesthetic, gift idea, trendy design, statement tee, for men, for women",produits/niches/dw_maitre_fr__dark.png | produits/niches/dw_maitre_fr__light.png
dw_meilleur_ami_fr,niches,pets,Pets & Dog Lovers,dog_wit,fr,Mon chien est mon meilleur ami Il ne me le dit pas mais c'est réciproque - Pets & Dog Lovers (French) Design,"« Mon chien est mon meilleur ami Il ne me le dit pas mais c'est réciproque » en typographie minimaliste et percutante. Un design pour les maîtres d'animaux. Idée cadeau parfaite, à porter ou offrir. Disponible sur t-shirt, sweat, sticker, mug, tote bag, poster et plus. #pets #typographie","dog mom, pet lover, dog dad, reptile, animal parent, chien, meilleur, c'est, réciproque, dog wit, pets & dog lovers, funny shirt, typography, minimalist, aesthetic, gift idea, trendy design, statement tee, for men, for women",produits/niches/dw_meilleur_ami_fr__dark.png | produits/niches/dw_meilleur_ami_fr__light.png
dw_parler_fr,niches,pets,Pets & Dog Lovers,dog_wit,fr,Si mon chien pouvait parler c'est lui qui te dirait d'arrêter d'aboyer - Pets & Dog Lovers (French) Design,"« Si mon chien pouvait parler c'est lui qui te dirait d'arrêter d'aboyer » en typographie minimaliste et percutante. Un design pour les maîtres d'animaux. Idée cadeau parfaite, à porter ou offrir. Disponible sur t-shirt, sweat, sticker, mug, tote bag, poster et plus. #pets #typographie","dog mom, pet lover, dog dad, reptile, animal parent, chien, pouvait, parler, c'est, dirait, dog wit, pets & dog lovers, funny shirt, typography, minimalist, aesthetic, gift idea, trendy design, statement tee, for men, for women",produits/niches/dw_parler_fr__dark.png | produits/niches/dw_parler_fr__light.png
dw_patron_fr,niches,pets,Pets & Dog Lovers,dog_wit,fr,Mon chien a plus de sens commun que la plupart des gens que je connais - Pets & Dog Lovers (French) Design,"« Mon chien a plus de sens commun que la plupart des gens que je connais » en typographie minimaliste et percutante. Un design pour les maîtres d'animaux. Idée cadeau parfaite, à porter ou offrir. Disponible sur t-shirt, sweat, sticker, mug, tote bag, poster et plus. #pets #typographie","dog mom, pet lover, dog dad, reptile, animal parent, chien, sens, commun, plupart, gens, dog wit, pets & dog lovers, funny shirt, typography, minimalist, aesthetic, gift idea, trendy design, statement tee, for men, for women",produits/niches/dw_patron_fr__dark.png | produits/niches/dw_patron_fr__light.png
dw_perro_es,niches,pets,Pets & Dog Lovers,dog_wit,es,Pensé que lo adiestraba Me adestro a mí - Pets & Dog Lovers (Spanish) Design,"« Pensé que lo adiestraba Me adestro a mí » en typographie minimaliste et percutante. Un design pour les maîtres d'animaux. Idée cadeau parfaite, à porter ou offrir. Disponible sur t-shirt, sweat, sticker, mug, tote bag, poster et plus. #pets #typographie","dog mom, pet lover, dog dad, reptile, animal parent, pensé, adiestraba, adestro, dog wit, pets & dog lovers, funny shirt, typography, minimalist, aesthetic, gift idea, trendy design, statement tee, for men, for women",produits/niches/dw_perro_es__dark.png | produits/niches/dw_perro_es__light.png
dw_trained_me_en,niches,pets,Pets & Dog Lovers,dog_wit,en,I Thought I Was Training Him He Was Training Me - Pets & Dog Lovers Design,"« I Thought I Was Training Him He Was Training Me » en typographie minimaliste et percutante. Un design pour les maîtres d'animaux. Idée cadeau parfaite, à porter ou offrir. Disponible sur t-shirt, sweat, sticker, mug, tote bag, poster et plus. #pets #typographie","dog mom, pet lover, dog dad, reptile, animal parent, thought, training, dog wit, pets & dog lovers, funny shirt, typography, minimalist, aesthetic, gift idea, trendy design, statement tee, for men, for women",produits/niches/dw_trained_me_en__dark.png | produits/niches/dw_trained_me_en__light.png
elec_lets_get_wired_en,niches,professions,Jobs & Professions,electricians,en,Let's Get Wired - Jobs & Professions Design,"« Let's Get Wired » en typographie minimaliste et percutante. Un design pour celles et ceux qui assument leur métier. Idée cadeau parfaite, à porter ou offrir. Disponible sur t-shirt, sweat, sticker, mug, tote bag, poster et plus. #professions #typographie","nurse gift, teacher gift, coworker gift, job humor, profession, let's, wired, electricians, jobs & professions, funny shirt, typography, minimalist, aesthetic, gift idea, trendy design, statement tee, for men, for women",produits/niches/elec_lets_get_wired_en__dark.png | produits/niches/elec_lets_get_wired_en__light.png
elec_quite_current_en,niches,professions,Jobs & Professions,electricians,en,I'm Quite Current - Jobs & Professions Design,"« I'm Quite Current » en typographie minimaliste et percutante. Un design pour celles et ceux qui assument leur métier. Idée cadeau parfaite, à porter ou offrir. Disponible sur t-shirt, sweat, sticker, mug, tote bag, poster et plus. #professions #typographie","nurse gift, teacher gift, coworker gift, job humor, profession, quite, current, electricians, jobs & professions, funny shirt, typography, minimalist, aesthetic, gift idea, trendy design, statement tee, for men, for women",produits/niches/elec_quite_current_en__dark.png | produits/niches/elec_quite_current_en__light.png
elec_shocking_en,niches,professions,Jobs & Professions,electricians,en,Electrician: I Find It Shocking - Jobs & Professions Design,"« Electrician: I Find It Shocking » en typographie minimaliste et percutante. Un design pour celles et ceux qui assument leur métier. Idée cadeau parfaite, à porter ou offrir. Disponible sur t-shirt, sweat, sticker, mug, tote bag, poster et plus. #professions #typographie","nurse gift, teacher gift, coworker gift, job humor, profession, electrician, find, shocking, electricians, jobs & professions, funny shirt, typography, minimalist, aesthetic, gift idea, trendy design, statement tee, for men, for women",produits/niches/elec_shocking_en__dark.png | produits/niches/elec_shocking_en__light.png
elec_watts_up_en,niches,professions,Jobs & Professions,electricians,en,Watt's Up? - Jobs & Professions Design,"« Watt's Up? » en typographie minimaliste et percutante. Un design pour celles et ceux qui assument leur métier. Idée cadeau parfaite, à porter ou offrir. Disponible sur t-shirt, sweat, sticker, mug, tote bag, poster et plus. #professions #typographie","nurse gift, teacher gift, coworker gift, job humor, profession, watt's, electricians, jobs & professions, funny shirt, typography, minimalist, aesthetic, gift idea, trendy design, statement tee, for men, for women",produits/niches/elec_watts_up_en__dark.png | produits/niches/elec_watts_up_en__light.png
embr_care_en,niches,humor,Funny & Sarcastic,embroidery,en,I Stitch Because I Care - Funny & Sarcastic Design,"« I Stitch Because I Care » en typographie minimaliste et percutante. Un design pour tous ceux qui ont de l'humour. Idée cadeau parfaite, à porter ou offrir. Disponible sur t-shirt, sweat, sticker, mug, tote bag, poster et plus. #humor #typographie","funny saying, sarcastic, sarcasm, humor, meme shirt, funny quote, relatable, stitch, because, care, embroidery, funny & sarcastic, funny shirt, typography, minimalist, aesthetic, gift idea, trendy design, statement tee, for men, for women",produits/niches/embr_care_en__dark.png | produits/niches/embr_care_en__light.png
embr_hoop_en,niches,humor,Funny & Sarcastic,embroidery,en,"Hoop, There It Is - Funny & Sarcastic Design","« Hoop, There It Is » en typographie minimaliste et percutante. Un design pour tous ceux qui ont de l'humour. Idée cadeau parfaite, à porter ou offrir. Disponible sur t-shirt, sweat, sticker, mug, tote bag, poster et plus. #humor #typographie","funny saying, sarcastic, sarcasm, humor, meme shirt, funny quote, relatable, hoop, there, embroidery, funny & sarcastic, funny shirt, typography, minimalist, aesthetic, gift idea, trendy design, statement tee, for men, for women",produits/niches/embr_hoop_en__dark.png | produits/niches/embr_hoop_en__light.png
embr_stitch_en,niches,humor,Funny & Sarcastic,embroidery,en,Cross Stitch Queen - Funny & Sarcastic Design,"« Cross Stitch Queen » en typographie minimaliste et percutante. Un design pour tous ceux qui ont de l'humour. Idée cadeau parfaite, à porter ou offrir. Disponible sur t-shirt, sweat, sticker, mug, tote bag, poster et plus. #humor #typographie","funny saying, sarcastic, sarcasm, humor, meme shirt, funny quote, relatable, cross, stitch, queen, embroidery, funny & sarcastic, funny shirt, typography, minimalist, aesthetic, gift idea, trendy design, statement tee, for men, for women",produits/niches/embr_stitch_en__dark.png | produits/niches/embr_stitch_en__light.png
farm_dirt_coffee_en,niches,professions,Jobs & Professions,farmers,en,Powered by Dirt & Coffee - Jobs & Professions Design,"« Powered by Dirt & Coffee » en typographie minimaliste et percutante. Un design pour celles et ceux qui assument leur métier. Idée cadeau parfaite, à porter ou offrir. Disponible sur t-shirt, sweat, sticker, mug, tote bag, poster et plus. #professions #typographie","nurse gift, teacher gift, coworker gift, job humor, profession, powered, dirt, coffee, farmers, jobs & professions, funny shirt, typography, minimalist, aesthetic, gift idea, trendy design, statement tee, for men, for women",produits/niches/farm_dirt_coffee_en__dark.png | produits/niches/farm_dirt_coffee_en__light.png
farm_hair_dont_care_en,niches,professions,Jobs & Professions,farmers,en,Farm Hair Don't Care - Jobs & Professions Design,"« Farm Hair Don't Care » en typographie minimaliste et percutante. Un design pour celles et ceux qui assument leur métier. Idée cadeau parfaite, à porter ou offrir. Disponible sur t-shirt, sweat, sticker, mug, tote bag, poster et plus. #professions #typographie","nurse gift, teacher gift, coworker gift, job humor, profession, farm, hair, don't, care, farmers, jobs & professions, funny shirt, typography, minimalist, aesthetic, gift idea, trendy design, statement tee, for men, for women",produits/niches/farm_hair_dont_care_en__dark.png | produits/niches/farm_hair_dont_care_en__light.png
farm_no_farms_en,niches,professions,Jobs & Professions,farmers,en,No Farms No Food - Jobs & Professions Design,"« No Farms No Food » en typographie minimaliste et percutante. Un design pour celles et ceux qui assument leur métier. Idée cadeau parfaite, à porter ou offrir. Disponible sur t-shirt, sweat, sticker, mug, tote bag, poster et plus. #professions #typographie","nurse gift, teacher gift, coworker gift, job humor, profession, farms, food, farmers, jobs & professions, funny shirt, typography, minimalist, aesthetic, gift idea, trendy design, statement tee, for men, for women",produits/niches/farm_no_farms_en__dark.png | produits/niches/farm_no_farms_en__light.png
farm_sunrise_hustle_en,niches,professions,Jobs & Professions,farmers,en,Sunrise Hustle - Jobs & Professions Design,"« Sunrise Hustle » en typographie minimaliste et percutante. Un design pour celles et ceux qui assument leur métier. Idée cadeau parfaite, à porter ou offrir. Disponible sur t-shirt, sweat, sticker, mug, tote bag, poster et plus. #professions #typographie","nurse gift, teacher gift, coworker gift, job humor, profession, sunrise, hustle, farmers, jobs & professions, funny shirt, typography, minimalist, aesthetic, gift idea, trendy design, statement tee, for men, for women",produits/niches/farm_sunrise_hustle_en__dark.png | produits/niches/farm_sunrise_hustle_en__light.png
ferm_brine_en,niches,humor,Funny & Sarcastic,fermentation,en,My Brine Is 2% My pH Is Fine - Funny & Sarcastic Design,"« My Brine Is 2% My pH Is Fine » en typographie minimaliste et percutante. Un design pour tous ceux qui ont de l'humour. Idée cadeau parfaite, à porter ou offrir. Disponible sur t-shirt, sweat, sticker, mug, tote bag, poster et plus. #humor #typographie","funny saying, sarcastic, sarcasm, humor, meme shirt, funny quote, relatable, brine, fine, fermentation, funny & sarcastic, funny shirt, typography, minimalist, aesthetic, gift idea, trendy design, statement tee, for men, for women",produits/niches/ferm_brine_en__dark.png | produits/niches/ferm_brine_en__light.png
ferm_kahm_en,niches,humor,Funny & Sarcastic,fermentation,en,Kahm Yeast Is Not Mold I Promise - Funny & Sarcastic Design,"« Kahm Yeast Is Not Mold I Promise » en typographie minimaliste et percutante. Un design pour tous ceux qui ont de l'humour. Idée cadeau parfaite, à porter ou offrir. Disponible sur t-shirt, sweat, sticker, mug, tote bag, poster et plus. #humor #typographie","funny saying, sarcastic, sarcasm, humor, meme shirt, funny quote, relatable, kahm, yeast, mold, promise, fermentation, funny & sarcastic, funny shirt, typography, minimalist, aesthetic, gift idea, trendy design, statement tee, for men, for women",produits/niches/ferm_kahm_en__dark.png | produits/niches/ferm_kahm_en__light.png
ferm_lacto_en,niches,humor,Funny & Sarcastic,fermentation,en,"Lacto-Fermented by Nature, Obsessed by Choice - Funny & Sarcastic Design","« Lacto-Fermented by Nature, Obsessed by Choice » en typographie minimaliste et percutante. Un design pour tous ceux qui ont de l'humour. Idée cadeau parfaite, à porter ou offrir. Disponible sur t-shirt, sweat, sticker, mug, tote bag, poster et plus. #humor #typographie","funny saying, sarcastic, sarcasm, humor, meme shirt, funny quote, relatable, lacto, fermented, nature, obsessed, choice, fermentation, funny & sarcastic, funny shirt, typography, minimalist, aesthetic, gift idea, trendy design, statement tee, for men, for women",produits/niches/ferm_lacto_en__dark.png | produits/niches/ferm_lacto_en__light.png
ferm_listen_en,niches,humor,Funny & Sarcastic,fermentation,en,Every Jar Makes a Sound I Listen - Funny & Sarcastic Design,"« Every Jar Makes a Sound I Listen » en typographie minimaliste et percutante. Un design pour tous ceux qui ont de l'humour. Idée cadeau parfaite, à porter ou offrir. Disponible sur t-shirt, sweat, sticker, mug, tote bag, poster et plus. #humor #typographie","funny saying, sarcastic, sarcasm, humor, meme shirt, funny quote, relatable, every, makes, sound, listen, fermentation, funny & sarcastic, funny shirt, typography, minimalist, aesthetic, gift idea, trendy design, statement tee, for men, for women",produits/niches/ferm_listen_en__dark.png | produits/niches/ferm_listen_en__light.png
ferm_scoby_hotel_en,niches,humor,Funny & Sarcastic,fermentation,en,SCOBY Hotel Population Growing - Funny & Sarcastic Design,"« SCOBY Hotel Population Growing » en typographie minimaliste et percutante. Un design pour tous ceux qui ont de l'humour. Idée cadeau parfaite, à porter ou offrir. Disponible sur t-shirt, sweat, sticker, mug, tote bag, poster et plus. #humor #typographie","funny saying, sarcastic, sarcasm, humor, meme shirt, funny quote, relatable, scoby, hotel, population, growing, fermentation, funny & sarcastic, funny shirt, typography, minimalist, aesthetic, gift idea, trendy design, statement tee, for men, for women",produits/niches/ferm_scoby_hotel_en__dark.png | produits/niches/ferm_scoby_hotel_en__light.png
ferm_wild_en,niches,adult_humor,Adult & Rude Humor,fermentation,en,I Wild Ferment Because Control Is an Illusion - Adult & Rude Humor Design,"« I Wild Ferment Because Control Is an Illusion » en typographie minimaliste et percutante. Un design pour les amateur·ices d'humour cru. Idée cadeau parfaite, à porter ou offrir. Disponible sur t-shirt, sweat, sticker, mug, tote bag, poster et plus. #adult_humor #typographie","rude shirt, offensive gift, sarcastic, adult humor, insult, wild, ferment, because, control, illusion, fermentation, adult & rude humor, funny shirt, typography, minimalist, aesthetic, gift idea, trendy design, statement tee, for men, for women",produits/niches/ferm_wild_en__dark.png | produits/niches/ferm_wild_en__light.png
fire_hot_stuff_en,niches,professions,Jobs & Professions,firefighters,en,Hot Stuff & Proud - Jobs & Professions Design,"« Hot Stuff & Proud » en typographie minimaliste et percutante. Un design pour celles et ceux qui assument leur métier. Idée cadeau parfaite, à porter ou offrir. Disponible sur t-shirt, sweat, sticker, mug, tote bag, poster et plus. #professions #typographie","nurse gift, teacher gift, coworker gift, job humor, profession, stuff, proud, firefighters, jobs & professions, funny shirt, typography, minimalist, aesthetic, gift idea, trendy design, statement tee, for men, for women",produits/niches/fire_hot_stuff_en__dark.png | produits/niches/fire_hot_stuff_en__light.png
fire_not_sport_en,niches,professions,Jobs & Professions,firefighters,en,Firefighting Is Not a Hobby - Jobs & Professions Design,"« Firefighting Is Not a Hobby » en typographie minimaliste et percutante. Un design pour celles et ceux qui assument leur métier. Idée cadeau parfaite, à porter ou offrir. Disponible sur t-shirt, sweat, sticker, mug, tote bag, poster et plus. #professions #typographie","nurse gift, teacher gift, coworker gift, job humor, profession, firefighting, hobby, firefighters, jobs & professions, funny shirt, typography, minimalist, aesthetic, gift idea, trendy design, statement tee, for men, for women",produits/niches/fire_not_sport_en__dark.png | produits/niches/fire_not_sport_en__light.png
fire_toward_en,niches,professions,Jobs & Professions,firefighters,en,Run Toward the Fire - Jobs & Professions Design,"« Run Toward the Fire » en typographie minimaliste et percutante. Un design pour celles et ceux qui assument leur métier. Idée cadeau parfaite, à porter ou offrir. Disponible sur t-shirt, sweat, sticker, mug, tote bag, poster et plus. #professions #typographie","nurse gift, teacher gift, coworker gift, job humor, profession, toward, fire, firefighters, jobs & professions, funny shirt, typography, minimalist, aesthetic, gift idea, trendy design, statement tee, for men, for women",produits/niches/fire_toward_en__dark.png | produits/niches/fire_toward_en__light.png
ff_dry_fly_en,niches,hobbies_craft,Hobbies & Crafts,fly_fishing,en,Dry Fly Only I Have Standards - Hobbies & Crafts Design,"« Dry Fly Only I Have Standards » en typographie minimaliste et percutante. Un design pour les passionné·es. Idée cadeau parfaite, à porter ou offrir. Disponible sur t-shirt, sweat, sticker, mug, tote bag, poster et plus. #hobbies_craft #typographie","hobby gift, craft lover, reading, crochet, fishing, camping, standards, fly fishing, hobbies & crafts, funny shirt, typography, minimalist, aesthetic, gift idea, trendy design, statement tee, for men, for women",produits/niches/ff_dry_fly_en__dark.png | produits/niches/ff_dry_fly_en__light.png
ff_euro_en,niches,hobbies_craft,Hobbies & Crafts,fly_fishing,en,Euro Nymphing Changed Everything - Hobbies & Crafts Design,"« Euro Nymphing Changed Everything » en typographie minimaliste et percutante. Un design pour les passionné·es. Idée cadeau parfaite, à porter ou offrir. Disponible sur t-shirt, sweat, sticker, mug, tote bag, poster et plus. #hobbies_craft #typographie","hobby gift, craft lover, reading, crochet, fishing, camping, euro, nymphing, changed, everything, fly fishing, hobbies & crafts, funny shirt, typography, minimalist, aesthetic, gift idea, trendy design, statement tee, for men, for women",produits/niches/ff_euro_en__dark.png | produits/niches/ff_euro_en__light.png
ff_hatch_started_en,niches,hobbies_craft,Hobbies & Crafts,fly_fishing,en,The Hatch Started I Was in the Car - Hobbies & Crafts Design,"« The Hatch Started I Was in the Car » en typographie minimaliste et percutante. Un design pour les passionné·es. Idée cadeau parfaite, à porter ou offrir. Disponible sur t-shirt, sweat, sticker, mug, tote bag, poster et plus. #hobbies_craft #typographie","hobby gift, craft lover, reading, crochet, fishing, camping, hatch, started, fly fishing, hobbies & crafts, funny shirt, typography, minimalist, aesthetic, gift idea, trendy design, statement tee, for men, for women",produits/niches/ff_hatch_started_en__dark.png | produits/niches/ff_hatch_started_en__light.png
ff_match_hatch_en,niches,hobbies_craft,Hobbies & Crafts,fly_fishing,en,Match the Hatch or Go Home - Hobbies & Crafts Design,"« Match the Hatch or Go Home » en typographie minimaliste et percutante. Un design pour les passionné·es. Idée cadeau parfaite, à porter ou offrir. Disponible sur t-shirt, sweat, sticker, mug, tote bag, poster et plus. #hobbies_craft #typographie","hobby gift, craft lover, reading, crochet, fishing, camping, match, hatch, home, fly fishing, hobbies & crafts, funny shirt, typography, minimalist, aesthetic, gift idea, trendy design, statement tee, for men, for women",produits/niches/ff_match_hatch_en__dark.png | produits/niches/ff_match_hatch_en__light.png
ff_tippet_en,niches,hobbies_craft,Hobbies & Crafts,fly_fishing,en,My Tippet Is 5x My Patience Is Thinner - Hobbies & Crafts Design,"« My Tippet Is 5x My Patience Is Thinner » en typographie minimaliste et percutante. Un design pour les passionné·es. Idée cadeau parfaite, à porter ou offrir. Disponible sur t-shirt, sweat, sticker, mug, tote bag, poster et plus. #hobbies_craft #typographie","hobby gift, craft lover, reading, crochet, fishing, camping, tippet, patience, thinner, fly fishing, hobbies & crafts, funny shirt, typography, minimalist, aesthetic, gift idea, trendy design, statement tee, for men, for women",produits/niches/ff_tippet_en__dark.png | produits/niches/ff_tippet_en__light.png
ff_waded_en,niches,hobbies_craft,Hobbies & Crafts,fly_fishing,en,I Waded In Soaked. Still Fished. - Hobbies & Crafts Design,"« I Waded In Soaked. Still Fished. » en typographie minimaliste et percutante. Un design pour les passionné·es. Idée cadeau parfaite, à porter ou offrir. Disponible sur t-shirt, sweat, sticker, mug, tote bag, poster et plus. #hobbies_craft #typographie","hobby gift, craft lover, reading, crochet, fishing, camping, waded, soaked, still, fished, fly fishing, hobbies & crafts, funny shirt, typography, minimalist, aesthetic, gift idea, trendy design, statement tee, for men, for women",produits/niches/ff_waded_en__dark.png | produits/niches/ff_waded_en__light.png
fpv_drone_car_en,niches,humor,Funny & Sarcastic,fpv_drones,en,My Other Car Is a Drone - Funny & Sarcastic Design,"« My Other Car Is a Drone » en typographie minimaliste et percutante. Un design pour tous ceux qui ont de l'humour. Idée cadeau parfaite, à porter ou offrir. Disponible sur t-shirt, sweat, sticker, mug, tote bag, poster et plus. #humor #typographie","funny saying, sarcastic, sarcasm, humor, meme shirt, funny quote, relatable, other, drone, fpv drones, funny & sarcastic, funny shirt, typography, minimalist, aesthetic, gift idea, trendy design, statement tee, for men, for women",produits/niches/fpv_drone_car_en__dark.png | produits/niches/fpv_drone_car_en__light.png
fpv_fly_fast_en,niches,humor,Funny & Sarcastic,fpv_drones,en,FPV Pilot I Fly Fast - Funny & Sarcastic Design,"« FPV Pilot I Fly Fast » en typographie minimaliste et percutante. Un design pour tous ceux qui ont de l'humour. Idée cadeau parfaite, à porter ou offrir. Disponible sur t-shirt, sweat, sticker, mug, tote bag, poster et plus. #humor #typographie","funny saying, sarcastic, sarcasm, humor, meme shirt, funny quote, relatable, pilot, fast, fpv drones, funny & sarcastic, funny shirt, typography, minimalist, aesthetic, gift idea, trendy design, statement tee, for men, for women",produits/niches/fpv_fly_fast_en__dark.png | produits/niches/fpv_fly_fast_en__light.png
fpv_up_away_en,niches,humor,Funny & Sarcastic,fpv_drones,en,"Up, Up & Away From My Problems - Funny & Sarcastic Design","« Up, Up & Away From My Problems » en typographie minimaliste et percutante. Un design pour tous ceux qui ont de l'humour. Idée cadeau parfaite, à porter ou offrir. Disponible sur t-shirt, sweat, sticker, mug, tote bag, poster et plus. #humor #typographie","funny saying, sarcastic, sarcasm, humor, meme shirt, funny quote, relatable, away, problems, fpv drones, funny & sarcastic, funny shirt, typography, minimalist, aesthetic, gift idea, trendy design, statement tee, for men, for women",produits/niches/fpv_up_away_en__dark.png | produits/niches/fpv_up_away_en__light.png
gsd_coat_en,niches,humor,Funny & Sarcastic,german_shepherd,en,My GSD Blows Coat All Twelve Months - Funny & Sarcastic Design,"« My GSD Blows Coat All Twelve Months » en typographie minimaliste et percutante. Un design pour tous ceux qui ont de l'humour. Idée cadeau parfaite, à porter ou offrir. Disponible sur t-shirt, sweat, sticker, mug, tote bag, poster et plus. #humor #typographie","funny saying, sarcastic, sarcasm, humor, meme shirt, funny quote, relatable, blows, coat, twelve, months, german shepherd, funny & sarcastic, funny shirt, typography, minimalist, aesthetic, gift idea, trendy design, statement tee, for men, for women",produits/niches/gsd_coat_en__dark.png | produits/niches/gsd_coat_en__light.png
gsd_dm_en,niches,humor,Funny & Sarcastic,german_shepherd,en,DM Aware & Fighting It - Funny & Sarcastic Design,"« DM Aware & Fighting It » en typographie minimaliste et percutante. Un design pour tous ceux qui ont de l'humour. Idée cadeau parfaite, à porter ou offrir. Disponible sur t-shirt, sweat, sticker, mug, tote bag, poster et plus. #humor #typographie","funny saying, sarcastic, sarcasm, humor, meme shirt, funny quote, relatable, aware, fighting, german shepherd, funny & sarcastic, funny shirt, typography, minimalist, aesthetic, gift idea, trendy design, statement tee, for men, for women",produits/niches/gsd_dm_en__dark.png | produits/niches/gsd_dm_en__light.png
gsd_lines_en,niches,humor,Funny & Sarcastic,german_shepherd,en,West German or DDR Lines I Have Opinions - Funny & Sarcastic Design,"« West German or DDR Lines I Have Opinions » en typographie minimaliste et percutante. Un design pour tous ceux qui ont de l'humour. Idée cadeau parfaite, à porter ou offrir. Disponible sur t-shirt, sweat, sticker, mug, tote bag, poster et plus. #humor #typographie","funny saying, sarcastic, sarcasm, humor, meme shirt, funny quote, relatable, west, german, lines, opinions, german shepherd, funny & sarcastic, funny shirt, typography, minimalist, aesthetic, gift idea, trendy design, statement tee, for men, for women",produits/niches/gsd_lines_en__dark.png | produits/niches/gsd_lines_en__light.png
gsd_not_wolf_en,niches,humor,Funny & Sarcastic,german_shepherd,en,Not a Wolf Please Stop Asking - Funny & Sarcastic Design,"« Not a Wolf Please Stop Asking » en typographie minimaliste et percutante. Un design pour tous ceux qui ont de l'humour. Idée cadeau parfaite, à porter ou offrir. Disponible sur t-shirt, sweat, sticker, mug, tote bag, poster et plus. #humor #typographie","funny saying, sarcastic, sarcasm, humor, meme shirt, funny quote, relatable, wolf, please, stop, asking, german shepherd, funny & sarcastic, funny shirt, typography, minimalist, aesthetic, gift idea, trendy design, statement tee, for men, for women",produits/niches/gsd_not_wolf_en__dark.png | produits/niches/gsd_not_wolf_en__light.png
gsd_ofa_en,niches,humor,Funny & Sarcastic,german_shepherd,en,OFA Certified Hips Clear. We're Good. - Funny & Sarcastic Design,"« OFA Certified Hips Clear. We're Good. » en typographie minimaliste et percutante. Un design pour tous ceux qui ont de l'humour. Idée cadeau parfaite, à porter ou offrir. Disponible sur t-shirt, sweat, sticker, mug, tote bag, poster et plus. #humor #typographie","funny saying, sarcastic, sarcasm, humor, meme shirt, funny quote, relatable, certified, hips, clear, we're, good, german shepherd, funny & sarcastic, funny shirt, typography, minimalist, aesthetic, gift idea, trendy design, statement tee, for men, for women",produits/niches/gsd_ofa_en__dark.png | produits/niches/gsd_ofa_en__light.png
gsd_velcro_en,niches,humor,Funny & Sarcastic,german_shepherd,en,Personal Space? I Have a GSD. - Funny & Sarcastic Design,"« Personal Space? I Have a GSD. » en typographie minimaliste et percutante. Un design pour tous ceux qui ont de l'humour. Idée cadeau parfaite, à porter ou offrir. Disponible sur t-shirt, sweat, sticker, mug, tote bag, poster et plus. #humor #typographie","funny saying, sarcastic, sarcasm, humor, meme shirt, funny quote, relatable, personal, space, german shepherd, funny & sarcastic, funny shirt, typography, minimalist, aesthetic, gift idea, trendy design, statement tee, for men, for women",produits/niches/gsd_velcro_en__dark.png | produits/niches/gsd_velcro_en__light.png
goat_better_en,niches,humor,Funny & Sarcastic,goats,en,Life Is Better with Goats - Funny & Sarcastic Design,"« Life Is Better with Goats » en typographie minimaliste et percutante. Un design pour tous ceux qui ont de l'humour. Idée cadeau parfaite, à porter ou offrir. Disponible sur t-shirt, sweat, sticker, mug, tote bag, poster et plus. #humor #typographie","funny saying, sarcastic, sarcasm, humor, meme shirt, funny quote, relatable, life, better, goats, funny & sarcastic, funny shirt, typography, minimalist, aesthetic, gift idea, trendy design, statement tee, for men, for women",produits/niches/goat_better_en__dark.png | produits/niches/goat_better_en__light.png
goat_homework_en,niches,humor,Funny & Sarcastic,goats,en,My Goat Ate My To-Do List - Funny & Sarcastic Design,"« My Goat Ate My To-Do List » en typographie minimaliste et percutante. Un design pour tous ceux qui ont de l'humour. Idée cadeau parfaite, à porter ou offrir. Disponible sur t-shirt, sweat, sticker, mug, tote bag, poster et plus. #humor #typographie","funny saying, sarcastic, sarcasm, humor, meme shirt, funny quote, relatable, goat, list, goats, funny & sarcastic, funny shirt, typography, minimalist, aesthetic, gift idea, trendy design, statement tee, for men, for women",produits/niches/goat_homework_en__dark.png | produits/niches/goat_homework_en__light.png
goat_mom_en,niches,family,Family & Dad/Mom,goats,en,Goat Mom & Proud - Family & Dad/Mom Design,"« Goat Mom & Proud » en typographie minimaliste et percutante. Un design pour les papas, mamans et familles. Idée cadeau parfaite, à porter ou offrir. Disponible sur t-shirt, sweat, sticker, mug, tote bag, poster et plus. #family #typographie","dad gift, mom gift, fathers day, mothers day, family, grandma, goat, proud, goats, family & dad/mom, funny shirt, typography, minimalist, aesthetic, gift idea, trendy design, statement tee, for men, for women",produits/niches/goat_mom_en__dark.png | produits/niches/goat_mom_en__light.png
goat_tiny_horse_en,niches,pets,Pets & Dog Lovers,goats,en,Tiny Horses with Opinions - Pets & Dog Lovers Design,"« Tiny Horses with Opinions » en typographie minimaliste et percutante. Un design pour les maîtres d'animaux. Idée cadeau parfaite, à porter ou offrir. Disponible sur t-shirt, sweat, sticker, mug, tote bag, poster et plus. #pets #typographie","dog mom, pet lover, dog dad, reptile, animal parent, tiny, horses, opinions, goats, pets & dog lovers, funny shirt, typography, minimalist, aesthetic, gift idea, trendy design, statement tee, for men, for women",produits/niches/goat_tiny_horse_en__dark.png | produits/niches/goat_tiny_horse_en__light.png
golf_bad_day_en,niches,humor,Funny & Sarcastic,golf,en,A Bad Day Golfing Beats a Good Day Working - Funny & Sarcastic Design,"« A Bad Day Golfing Beats a Good Day Working » en typographie minimaliste et percutante. Un design pour tous ceux qui ont de l'humour. Idée cadeau parfaite, à porter ou offrir. Disponible sur t-shirt, sweat, sticker, mug, tote bag, poster et plus. #humor #typographie","funny saying, sarcastic, sarcasm, humor, meme shirt, funny quote, relatable, golfing, beats, good, working, golf, funny & sarcastic, funny shirt, typography, minimalist, aesthetic, gift idea, trendy design, statement tee, for men, for women",produits/niches/golf_bad_day_en__dark.png | produits/niches/golf_bad_day_en__light.png
golf_bogey_life_en,niches,food_drink,Food & Drink,golf,en,Bogey Golfer Champion Attitude - Food & Drink Design,"« Bogey Golfer Champion Attitude » en typographie minimaliste et percutante. Un design pour les gourmand·es et accros au café. Idée cadeau parfaite, à porter ou offrir. Disponible sur t-shirt, sweat, sticker, mug, tote bag, poster et plus. #food_drink #typographie","foodie gift, coffee lover, food humor, caffeine, brunch, bogey, golfer, champion, attitude, golf, food & drink, funny shirt, typography, minimalist, aesthetic, gift idea, trendy design, statement tee, for men, for women",produits/niches/golf_bogey_life_en__dark.png | produits/niches/golf_bogey_life_en__light.png
golf_born_forced_en,niches,humor,Funny & Sarcastic,golf,en,Born to Golf Forced to Work - Funny & Sarcastic Design,"« Born to Golf Forced to Work » en typographie minimaliste et percutante. Un design pour tous ceux qui ont de l'humour. Idée cadeau parfaite, à porter ou offrir. Disponible sur t-shirt, sweat, sticker, mug, tote bag, poster et plus. #humor #typographie","funny saying, sarcastic, sarcasm, humor, meme shirt, funny quote, relatable, born, golf, forced, work, funny & sarcastic, funny shirt, typography, minimalist, aesthetic, gift idea, trendy design, statement tee, for men, for women",produits/niches/golf_born_forced_en__dark.png | produits/niches/golf_born_forced_en__light.png
golf_happy_place_en,niches,humor,Funny & Sarcastic,golf,en,Golf Is My Happy Place - Funny & Sarcastic Design,"« Golf Is My Happy Place » en typographie minimaliste et percutante. Un design pour tous ceux qui ont de l'humour. Idée cadeau parfaite, à porter ou offrir. Disponible sur t-shirt, sweat, sticker, mug, tote bag, poster et plus. #humor #typographie","funny saying, sarcastic, sarcasm, humor, meme shirt, funny quote, relatable, golf, happy, place, funny & sarcastic, funny shirt, typography, minimalist, aesthetic, gift idea, trendy design, statement tee, for men, for women",produits/niches/golf_happy_place_en__dark.png | produits/niches/golf_happy_place_en__light.png
gravel_drop_bars_en,niches,fitness_sport,Sport & Fitness,gravel_cycling,en,Drop Bars Not Standards - Sport & Fitness Design,"« Drop Bars Not Standards » en typographie minimaliste et percutante. Un design pour les sportif·ves. Idée cadeau parfaite, à porter ou offrir. Disponible sur t-shirt, sweat, sticker, mug, tote bag, poster et plus. #fitness_sport #typographie","gym gift, fitness, running, yoga, sport, football, drop, bars, standards, gravel cycling, sport & fitness, funny shirt, typography, minimalist, aesthetic, gift idea, trendy design, statement tee, for men, for women",produits/niches/gravel_drop_bars_en__dark.png | produits/niches/gravel_drop_bars_en__light.png
gravel_grinder_en,niches,fitness_sport,Sport & Fitness,gravel_cycling,en,Gravel Grinder - Sport & Fitness Design,"« Gravel Grinder » en typographie minimaliste et percutante. Un design pour les sportif·ves. Idée cadeau parfaite, à porter ou offrir. Disponible sur t-shirt, sweat, sticker, mug, tote bag, poster et plus. #fitness_sport #typographie","gym gift, fitness, running, yoga, sport, football, gravel, grinder, gravel cycling, sport & fitness, funny shirt, typography, minimalist, aesthetic, gift idea, trendy design, statement tee, for men, for women",produits/niches/gravel_grinder_en__dark.png | produits/niches/gravel_grinder_en__light.png
gravel_life_better_en,niches,fitness_sport,Sport & Fitness,gravel_cycling,en,Life Is Better on Gravel - Sport & Fitness Design,"« Life Is Better on Gravel » en typographie minimaliste et percutante. Un design pour les sportif·ves. Idée cadeau parfaite, à porter ou offrir. Disponible sur t-shirt, sweat, sticker, mug, tote bag, poster et plus. #fitness_sport #typographie","gym gift, fitness, running, yoga, sport, football, life, better, gravel, gravel cycling, sport & fitness, funny shirt, typography, minimalist, aesthetic, gift idea, trendy design, statement tee, for men, for women",produits/niches/gravel_life_better_en__dark.png | produits/niches/gravel_life_better_en__light.png
gravel_one_more_mile_en,niches,fitness_sport,Sport & Fitness,gravel_cycling,en,One More Mile I Promise - Sport & Fitness Design,"« One More Mile I Promise » en typographie minimaliste et percutante. Un design pour les sportif·ves. Idée cadeau parfaite, à porter ou offrir. Disponible sur t-shirt, sweat, sticker, mug, tote bag, poster et plus. #fitness_sport #typographie","gym gift, fitness, running, yoga, sport, football, more, mile, promise, gravel cycling, sport & fitness, funny shirt, typography, minimalist, aesthetic, gift idea, trendy design, statement tee, for men, for women",produits/niches/gravel_one_more_mile_en__dark.png | produits/niches/gravel_one_more_mile_en__light.png
gpig_better_en,niches,humor,Funny & Sarcastic,guinea_pigs,en,Life Is Better with Guinea Pigs - Funny & Sarcastic Design,"« Life Is Better with Guinea Pigs » en typographie minimaliste et percutante. Un design pour tous ceux qui ont de l'humour. Idée cadeau parfaite, à porter ou offrir. Disponible sur t-shirt, sweat, sticker, mug, tote bag, poster et plus. #humor #typographie","funny saying, sarcastic, sarcasm, humor, meme shirt, funny quote, relatable, life, better, guinea, pigs, guinea pigs, funny & sarcastic, funny shirt, typography, minimalist, aesthetic, gift idea, trendy design, statement tee, for men, for women",produits/niches/gpig_better_en__dark.png | produits/niches/gpig_better_en__light.png
gpig_slave_en,niches,humor,Funny & Sarcastic,guinea_pigs,en,Guinea Pig Slave - Funny & Sarcastic Design,"« Guinea Pig Slave » en typographie minimaliste et percutante. Un design pour tous ceux qui ont de l'humour. Idée cadeau parfaite, à porter ou offrir. Disponible sur t-shirt, sweat, sticker, mug, tote bag, poster et plus. #humor #typographie","funny saying, sarcastic, sarcasm, humor, meme shirt, funny quote, relatable, guinea, slave, guinea pigs, funny & sarcastic, funny shirt, typography, minimalist, aesthetic, gift idea, trendy design, statement tee, for men, for women",produits/niches/gpig_slave_en__dark.png | produits/niches/gpig_slave_en__light.png
gpig_wheek_en,niches,humor,Funny & Sarcastic,guinea_pigs,en,Wheek Wheek Feed Me - Funny & Sarcastic Design,"« Wheek Wheek Feed Me » en typographie minimaliste et percutante. Un design pour tous ceux qui ont de l'humour. Idée cadeau parfaite, à porter ou offrir. Disponible sur t-shirt, sweat, sticker, mug, tote bag, poster et plus. #humor #typographie","funny saying, sarcastic, sarcasm, humor, meme shirt, funny quote, relatable, wheek, feed, guinea pigs, funny & sarcastic, funny shirt, typography, minimalist, aesthetic, gift idea, trendy design, statement tee, for men, for women",produits/niches/gpig_wheek_en__dark.png | produits/niches/gpig_wheek_en__light.png
hair_cheaper_therapy_en,niches,humor,Funny & Sarcastic,hairdressers,en,I Do Hair It's Cheaper Than Therapy - Funny & Sarcastic Design,"« I Do Hair It's Cheaper Than Therapy » en typographie minimaliste et percutante. Un design pour tous ceux qui ont de l'humour. Idée cadeau parfaite, à porter ou offrir. Disponible sur t-shirt, sweat, sticker, mug, tote bag, poster et plus. #humor #typographie","funny saying, sarcastic, sarcasm, humor, meme shirt, funny quote, relatable, hair, it's, cheaper, than, therapy, hairdressers, funny & sarcastic, funny shirt, typography, minimalist, aesthetic, gift idea, trendy design, statement tee, for men, for women",produits/niches/hair_cheaper_therapy_en__dark.png | produits/niches/hair_cheaper_therapy_en__light.png
hair_coiffeuse_fr,niches,humor,Funny & Sarcastic,hairdressers,fr,Coiffeuse: Pas Psy Mais Presque - Funny & Sarcastic (French) Design,"« Coiffeuse: Pas Psy Mais Presque » en typographie minimaliste et percutante. Un design pour tous ceux qui ont de l'humour. Idée cadeau parfaite, à porter ou offrir. Disponible sur t-shirt, sweat, sticker, mug, tote bag, poster et plus. #humor #typographie","funny saying, sarcastic, sarcasm, humor, meme shirt, funny quote, relatable, coiffeuse, presque, hairdressers, funny & sarcastic, funny shirt, typography, minimalist, aesthetic, gift idea, trendy design, statement tee, for men, for women",produits/niches/hair_coiffeuse_fr__dark.png | produits/niches/hair_coiffeuse_fr__light.png
hair_color_me_en,niches,humor,Funny & Sarcastic,hairdressers,en,Color Me Happy - Funny & Sarcastic Design,"« Color Me Happy » en typographie minimaliste et percutante. Un design pour tous ceux qui ont de l'humour. Idée cadeau parfaite, à porter ou offrir. Disponible sur t-shirt, sweat, sticker, mug, tote bag, poster et plus. #humor #typographie","funny saying, sarcastic, sarcasm, humor, meme shirt, funny quote, relatable, color, happy, hairdressers, funny & sarcastic, funny shirt, typography, minimalist, aesthetic, gift idea, trendy design, statement tee, for men, for women",produits/niches/hair_color_me_en__dark.png | produits/niches/hair_color_me_en__light.png
hair_wizard_en,niches,humor,Funny & Sarcastic,hairdressers,en,Hair Wizard - Funny & Sarcastic Design,"« Hair Wizard » en typographie minimaliste et percutante. Un design pour tous ceux qui ont de l'humour. Idée cadeau parfaite, à porter ou offrir. Disponible sur t-shirt, sweat, sticker, mug, tote bag, poster et plus. #humor #typographie","funny saying, sarcastic, sarcasm, humor, meme shirt, funny quote, relatable, hair, wizard, hairdressers, funny & sarcastic, funny shirt, typography, minimalist, aesthetic, gift idea, trendy design, statement tee, for men, for women",produits/niches/hair_wizard_en__dark.png | produits/niches/hair_wizard_en__light.png
hike_born_en,niches,hobbies_craft,Hobbies & Crafts,hiking,en,Born to Hike - Hobbies & Crafts Design,"« Born to Hike » en typographie minimaliste et percutante. Un design pour les passionné·es. Idée cadeau parfaite, à porter ou offrir. Disponible sur t-shirt, sweat, sticker, mug, tote bag, poster et plus. #hobbies_craft #typographie","hobby gift, craft lover, reading, crochet, fishing, camping, born, hike, hiking, hobbies & crafts, funny shirt, typography, minimalist, aesthetic, gift idea, trendy design, statement tee, for men, for women",produits/niches/hike_born_en__dark.png | produits/niches/hike_born_en__light.png
hike_eat_en,niches,hobbies_craft,Hobbies & Crafts,hiking,en,I Hike Therefore I Eat - Hobbies & Crafts Design,"« I Hike Therefore I Eat » en typographie minimaliste et percutante. Un design pour les passionné·es. Idée cadeau parfaite, à porter ou offrir. Disponible sur t-shirt, sweat, sticker, mug, tote bag, poster et plus. #hobbies_craft #typographie","hobby gift, craft lover, reading, crochet, fishing, camping, hike, therefore, hiking, hobbies & crafts, funny shirt, typography, minimalist, aesthetic, gift idea, trendy design, statement tee, for men, for women",produits/niches/hike_eat_en__dark.png | produits/niches/hike_eat_en__light.png
hike_less_worry_en,niches,hobbies_craft,Hobbies & Crafts,hiking,en,Hike More Worry Less - Hobbies & Crafts Design,"« Hike More Worry Less » en typographie minimaliste et percutante. Un design pour les passionné·es. Idée cadeau parfaite, à porter ou offrir. Disponible sur t-shirt, sweat, sticker, mug, tote bag, poster et plus. #hobbies_craft #typographie","hobby gift, craft lover, reading, crochet, fishing, camping, hike, more, worry, less, hiking, hobbies & crafts, funny shirt, typography, minimalist, aesthetic, gift idea, trendy design, statement tee, for men, for women",produits/niches/hike_less_worry_en__dark.png | produits/niches/hike_less_worry_en__light.png
hike_trail_boss_en,niches,fitness_sport,Sport & Fitness,hiking,en,Trail Boss - Sport & Fitness Design,"« Trail Boss » en typographie minimaliste et percutante. Un design pour les sportif·ves. Idée cadeau parfaite, à porter ou offrir. Disponible sur t-shirt, sweat, sticker, mug, tote bag, poster et plus. #fitness_sport #typographie","gym gift, fitness, running, yoga, sport, football, trail, boss, hiking, sport & fitness, funny shirt, typography, minimalist, aesthetic, gift idea, trendy design, statement tee, for men, for women",produits/niches/hike_trail_boss_en__dark.png | produits/niches/hike_trail_boss_en__light.png
brew_dry_hop_en,niches,humor,Funny & Sarcastic,home_brewing,en,Dry-Hopped at Day 4 Science. - Funny & Sarcastic Design,"« Dry-Hopped at Day 4 Science. » en typographie minimaliste et percutante. Un design pour tous ceux qui ont de l'humour. Idée cadeau parfaite, à porter ou offrir. Disponible sur t-shirt, sweat, sticker, mug, tote bag, poster et plus. #humor #typographie","funny saying, sarcastic, sarcasm, humor, meme shirt, funny quote, relatable, hopped, science, home brewing, funny & sarcastic, funny shirt, typography, minimalist, aesthetic, gift idea, trendy design, statement tee, for men, for women",produits/niches/brew_dry_hop_en__dark.png | produits/niches/brew_dry_hop_en__light.png
brew_ibus_en,niches,humor,Funny & Sarcastic,home_brewing,en,I Know My IBUs by Heart - Funny & Sarcastic Design,"« I Know My IBUs by Heart » en typographie minimaliste et percutante. Un design pour tous ceux qui ont de l'humour. Idée cadeau parfaite, à porter ou offrir. Disponible sur t-shirt, sweat, sticker, mug, tote bag, poster et plus. #humor #typographie","funny saying, sarcastic, sarcasm, humor, meme shirt, funny quote, relatable, know, ibus, heart, home brewing, funny & sarcastic, funny shirt, typography, minimalist, aesthetic, gift idea, trendy design, statement tee, for men, for women",produits/niches/brew_ibus_en__dark.png | produits/niches/brew_ibus_en__light.png
brew_lhbs_en,niches,humor,Funny & Sarcastic,home_brewing,en,LHBS Closed? Crisis Mode. - Funny & Sarcastic Design,"« LHBS Closed? Crisis Mode. » en typographie minimaliste et percutante. Un design pour tous ceux qui ont de l'humour. Idée cadeau parfaite, à porter ou offrir. Disponible sur t-shirt, sweat, sticker, mug, tote bag, poster et plus. #humor #typographie","funny saying, sarcastic, sarcasm, humor, meme shirt, funny quote, relatable, lhbs, closed, crisis, mode, home brewing, funny & sarcastic, funny shirt, typography, minimalist, aesthetic, gift idea, trendy design, statement tee, for men, for women",produits/niches/brew_lhbs_en__dark.png | produits/niches/brew_lhbs_en__light.png
brew_mash_temp_en,niches,humor,Funny & Sarcastic,home_brewing,en,Mash Temp Held 67°C. Perfect. - Funny & Sarcastic Design,"« Mash Temp Held 67°C. Perfect. » en typographie minimaliste et percutante. Un design pour tous ceux qui ont de l'humour. Idée cadeau parfaite, à porter ou offrir. Disponible sur t-shirt, sweat, sticker, mug, tote bag, poster et plus. #humor #typographie","funny saying, sarcastic, sarcasm, humor, meme shirt, funny quote, relatable, mash, temp, held, perfect, home brewing, funny & sarcastic, funny shirt, typography, minimalist, aesthetic, gift idea, trendy design, statement tee, for men, for women",produits/niches/brew_mash_temp_en__dark.png | produits/niches/brew_mash_temp_en__light.png
brew_og_en,niches,humor,Funny & Sarcastic,home_brewing,en,My OG Was 1.065 Proud of It - Funny & Sarcastic Design,"« My OG Was 1.065 Proud of It » en typographie minimaliste et percutante. Un design pour tous ceux qui ont de l'humour. Idée cadeau parfaite, à porter ou offrir. Disponible sur t-shirt, sweat, sticker, mug, tote bag, poster et plus. #humor #typographie","funny saying, sarcastic, sarcasm, humor, meme shirt, funny quote, relatable, proud, home brewing, funny & sarcastic, funny shirt, typography, minimalist, aesthetic, gift idea, trendy design, statement tee, for men, for women",produits/niches/brew_og_en__dark.png | produits/niches/brew_og_en__light.png
brew_trub_en,niches,humor,Funny & Sarcastic,home_brewing,en,Trub in the Fermenter Trust the Process - Funny & Sarcastic Design,"« Trub in the Fermenter Trust the Process » en typographie minimaliste et percutante. Un design pour tous ceux qui ont de l'humour. Idée cadeau parfaite, à porter ou offrir. Disponible sur t-shirt, sweat, sticker, mug, tote bag, poster et plus. #humor #typographie","funny saying, sarcastic, sarcasm, humor, meme shirt, funny quote, relatable, trub, fermenter, trust, process, home brewing, funny & sarcastic, funny shirt, typography, minimalist, aesthetic, gift idea, trendy design, statement tee, for men, for women",produits/niches/brew_trub_en__dark.png | produits/niches/brew_trub_en__light.png
horse_born_wrong_century_en,niches,pets,Pets & Dog Lovers,horse_riding,en,Born in the Wrong Century - Pets & Dog Lovers Design,"« Born in the Wrong Century » en typographie minimaliste et percutante. Un design pour les maîtres d'animaux. Idée cadeau parfaite, à porter ou offrir. Disponible sur t-shirt, sweat, sticker, mug, tote bag, poster et plus. #pets #typographie","dog mom, pet lover, dog dad, reptile, animal parent, born, wrong, century, horse riding, pets & dog lovers, funny shirt, typography, minimalist, aesthetic, gift idea, trendy design, statement tee, for men, for women",produits/niches/horse_born_wrong_century_en__dark.png | produits/niches/horse_born_wrong_century_en__light.png
horse_girl_en,niches,pets,Pets & Dog Lovers,horse_riding,en,Horse Girl Unapologetically - Pets & Dog Lovers Design,"« Horse Girl Unapologetically » en typographie minimaliste et percutante. Un design pour les maîtres d'animaux. Idée cadeau parfaite, à porter ou offrir. Disponible sur t-shirt, sweat, sticker, mug, tote bag, poster et plus. #pets #typographie","dog mom, pet lover, dog dad, reptile, animal parent, horse, girl, unapologetically, horse riding, pets & dog lovers, funny shirt, typography, minimalist, aesthetic, gift idea, trendy design, statement tee, for men, for women",produits/niches/horse_girl_en__dark.png | produits/niches/horse_girl_en__light.png
horse_hay_wine_en,niches,food_drink,Food & Drink,horse_riding,en,Hay Is for Horses I Want Wine - Food & Drink Design,"« Hay Is for Horses I Want Wine » en typographie minimaliste et percutante. Un design pour les gourmand·es et accros au café. Idée cadeau parfaite, à porter ou offrir. Disponible sur t-shirt, sweat, sticker, mug, tote bag, poster et plus. #food_drink #typographie","foodie gift, coffee lover, food humor, caffeine, brunch, horses, want, wine, horse riding, food & drink, funny shirt, typography, minimalist, aesthetic, gift idea, trendy design, statement tee, for men, for women",produits/niches/horse_hay_wine_en__dark.png | produits/niches/horse_hay_wine_en__light.png
horse_therapist_en,niches,pets,Pets & Dog Lovers,horse_riding,en,My Therapist Has Four Legs - Pets & Dog Lovers Design,"« My Therapist Has Four Legs » en typographie minimaliste et percutante. Un design pour les maîtres d'animaux. Idée cadeau parfaite, à porter ou offrir. Disponible sur t-shirt, sweat, sticker, mug, tote bag, poster et plus. #pets #typographie","dog mom, pet lover, dog dad, reptile, animal parent, therapist, four, legs, horse riding, pets & dog lovers, funny shirt, typography, minimalist, aesthetic, gift idea, trendy design, statement tee, for men, for women",produits/niches/horse_therapist_en__dark.png | produits/niches/horse_therapist_en__light.png
hotsauce_chili_head_en,niches,humor,Funny & Sarcastic,hot_sauce,en,Chili Head & Proud - Funny & Sarcastic Design,"« Chili Head & Proud » en typographie minimaliste et percutante. Un design pour tous ceux qui ont de l'humour. Idée cadeau parfaite, à porter ou offrir. Disponible sur t-shirt, sweat, sticker, mug, tote bag, poster et plus. #humor #typographie","funny saying, sarcastic, sarcasm, humor, meme shirt, funny quote, relatable, chili, head, proud, hot sauce, funny & sarcastic, funny shirt, typography, minimalist, aesthetic, gift idea, trendy design, statement tee, for men, for women",produits/niches/hotsauce_chili_head_en__dark.png | produits/niches/hotsauce_chili_head_en__light.png
hotsauce_everything_en,niches,humor,Funny & Sarcastic,hot_sauce,en,I Put Hot Sauce on Everything - Funny & Sarcastic Design,"« I Put Hot Sauce on Everything » en typographie minimaliste et percutante. Un design pour tous ceux qui ont de l'humour. Idée cadeau parfaite, à porter ou offrir. Disponible sur t-shirt, sweat, sticker, mug, tote bag, poster et plus. #humor #typographie","funny saying, sarcastic, sarcasm, humor, meme shirt, funny quote, relatable, sauce, everything, hot sauce, funny & sarcastic, funny shirt, typography, minimalist, aesthetic, gift idea, trendy design, statement tee, for men, for women",produits/niches/hotsauce_everything_en__dark.png | produits/niches/hotsauce_everything_en__light.png
hotsauce_painful_en,niches,humor,Funny & Sarcastic,hot_sauce,en,Some Like It Hot I Like It Painful - Funny & Sarcastic Design,"« Some Like It Hot I Like It Painful » en typographie minimaliste et percutante. Un design pour tous ceux qui ont de l'humour. Idée cadeau parfaite, à porter ou offrir. Disponible sur t-shirt, sweat, sticker, mug, tote bag, poster et plus. #humor #typographie","funny saying, sarcastic, sarcasm, humor, meme shirt, funny quote, relatable, some, painful, hot sauce, funny & sarcastic, funny shirt, typography, minimalist, aesthetic, gift idea, trendy design, statement tee, for men, for women",produits/niches/hotsauce_painful_en__dark.png | produits/niches/hotsauce_painful_en__light.png
hotsauce_sweating_en,niches,humor,Funny & Sarcastic,hot_sauce,en,Sweating Is Optional - Funny & Sarcastic Design,"« Sweating Is Optional » en typographie minimaliste et percutante. Un design pour tous ceux qui ont de l'humour. Idée cadeau parfaite, à porter ou offrir. Disponible sur t-shirt, sweat, sticker, mug, tote bag, poster et plus. #humor #typographie","funny saying, sarcastic, sarcasm, humor, meme shirt, funny quote, relatable, sweating, optional, hot sauce, funny & sarcastic, funny shirt, typography, minimalist, aesthetic, gift idea, trendy design, statement tee, for men, for women",produits/niches/hotsauce_sweating_en__dark.png | produits/niches/hotsauce_sweating_en__light.png
plants_crazy_lady_en,niches,plants_garden,Plants & Garden,houseplants,en,Crazy Plant Lady - Plants & Garden Design,"« Crazy Plant Lady » en typographie minimaliste et percutante. Un design pour les accros aux plantes. Idée cadeau parfaite, à porter ou offrir. Disponible sur t-shirt, sweat, sticker, mug, tote bag, poster et plus. #plants_garden #typographie","plant lover, plant mom, gardening, botanical, succulent, crazy, plant, lady, houseplants, plants & garden, funny shirt, typography, minimalist, aesthetic, gift idea, trendy design, statement tee, for men, for women",produits/niches/plants_crazy_lady_en__dark.png | produits/niches/plants_crazy_lady_en__light.png
plants_overachiever_en,niches,family,Family & Dad/Mom,houseplants,en,Plant Parent Overachiever - Family & Dad/Mom Design,"« Plant Parent Overachiever » en typographie minimaliste et percutante. Un design pour les papas, mamans et familles. Idée cadeau parfaite, à porter ou offrir. Disponible sur t-shirt, sweat, sticker, mug, tote bag, poster et plus. #family #typographie","dad gift, mom gift, fathers day, mothers day, family, grandma, plant, parent, overachiever, houseplants, family & dad/mom, funny shirt, typography, minimalist, aesthetic, gift idea, trendy design, statement tee, for men, for women",produits/niches/plants_overachiever_en__dark.png | produits/niches/plants_overachiever_en__light.png
plants_rooting_for_you_en,niches,plants_garden,Plants & Garden,houseplants,en,I'm Rooting for You - Plants & Garden Design,"« I'm Rooting for You » en typographie minimaliste et percutante. Un design pour les accros aux plantes. Idée cadeau parfaite, à porter ou offrir. Disponible sur t-shirt, sweat, sticker, mug, tote bag, poster et plus. #plants_garden #typographie","plant lover, plant mom, gardening, botanical, succulent, rooting, houseplants, plants & garden, funny shirt, typography, minimalist, aesthetic, gift idea, trendy design, statement tee, for men, for women",produits/niches/plants_rooting_for_you_en__dark.png | produits/niches/plants_rooting_for_you_en__light.png
plants_too_many_en,niches,plants_garden,Plants & Garden,houseplants,en,Too Many Plants? Said No One Ever - Plants & Garden Design,"« Too Many Plants? Said No One Ever » en typographie minimaliste et percutante. Un design pour les accros aux plantes. Idée cadeau parfaite, à porter ou offrir. Disponible sur t-shirt, sweat, sticker, mug, tote bag, poster et plus. #plants_garden #typographie","plant lover, plant mom, gardening, botanical, succulent, many, plants, said, ever, houseplants, plants & garden, funny shirt, typography, minimalist, aesthetic, gift idea, trendy design, statement tee, for men, for women",produits/niches/plants_too_many_en__dark.png | produits/niches/plants_too_many_en__light.png
hunt_born_forced_en,niches,humor,Funny & Sarcastic,hunting,en,Born to Hunt Forced to Work - Funny & Sarcastic Design,"« Born to Hunt Forced to Work » en typographie minimaliste et percutante. Un design pour tous ceux qui ont de l'humour. Idée cadeau parfaite, à porter ou offrir. Disponible sur t-shirt, sweat, sticker, mug, tote bag, poster et plus. #humor #typographie","funny saying, sarcastic, sarcasm, humor, meme shirt, funny quote, relatable, born, hunt, forced, work, hunting, funny & sarcastic, funny shirt, typography, minimalist, aesthetic, gift idea, trendy design, statement tee, for men, for women",produits/niches/hunt_born_forced_en__dark.png | produits/niches/hunt_born_forced_en__light.png
hunt_buck_fever_en,niches,humor,Funny & Sarcastic,hunting,en,Buck Fever - Funny & Sarcastic Design,"« Buck Fever » en typographie minimaliste et percutante. Un design pour tous ceux qui ont de l'humour. Idée cadeau parfaite, à porter ou offrir. Disponible sur t-shirt, sweat, sticker, mug, tote bag, poster et plus. #humor #typographie","funny saying, sarcastic, sarcasm, humor, meme shirt, funny quote, relatable, buck, fever, hunting, funny & sarcastic, funny shirt, typography, minimalist, aesthetic, gift idea, trendy design, statement tee, for men, for women",produits/niches/hunt_buck_fever_en__dark.png | produits/niches/hunt_buck_fever_en__light.png
hunt_camo_color_en,niches,humor,Funny & Sarcastic,hunting,en,Camo Is My Color - Funny & Sarcastic Design,"« Camo Is My Color » en typographie minimaliste et percutante. Un design pour tous ceux qui ont de l'humour. Idée cadeau parfaite, à porter ou offrir. Disponible sur t-shirt, sweat, sticker, mug, tote bag, poster et plus. #humor #typographie","funny saying, sarcastic, sarcasm, humor, meme shirt, funny quote, relatable, camo, color, hunting, funny & sarcastic, funny shirt, typography, minimalist, aesthetic, gift idea, trendy design, statement tee, for men, for women",produits/niches/hunt_camo_color_en__dark.png | produits/niches/hunt_camo_color_en__light.png
hunt_rather_woods_en,niches,humor,Funny & Sarcastic,hunting,en,I'd Rather Be in the Woods - Funny & Sarcastic Design,"« I'd Rather Be in the Woods » en typographie minimaliste et percutante. Un design pour tous ceux qui ont de l'humour. Idée cadeau parfaite, à porter ou offrir. Disponible sur t-shirt, sweat, sticker, mug, tote bag, poster et plus. #humor #typographie","funny saying, sarcastic, sarcasm, humor, meme shirt, funny quote, relatable, rather, woods, hunting, funny & sarcastic, funny shirt, typography, minimalist, aesthetic, gift idea, trendy design, statement tee, for men, for women",produits/niches/hunt_rather_woods_en__dark.png | produits/niches/hunt_rather_woods_en__light.png
jewel_gem_en,niches,humor,Funny & Sarcastic,jewelry_making,en,She's a Gem Maker - Funny & Sarcastic Design,"« She's a Gem Maker » en typographie minimaliste et percutante. Un design pour tous ceux qui ont de l'humour. Idée cadeau parfaite, à porter ou offrir. Disponible sur t-shirt, sweat, sticker, mug, tote bag, poster et plus. #humor #typographie","funny saying, sarcastic, sarcasm, humor, meme shirt, funny quote, relatable, she's, maker, jewelry making, funny & sarcastic, funny shirt, typography, minimalist, aesthetic, gift idea, trendy design, statement tee, for men, for women",produits/niches/jewel_gem_en__dark.png | produits/niches/jewel_gem_en__light.png
jewel_sparkle_en,niches,humor,Funny & Sarcastic,jewelry_making,en,I Make Sparkle - Funny & Sarcastic Design,"« I Make Sparkle » en typographie minimaliste et percutante. Un design pour tous ceux qui ont de l'humour. Idée cadeau parfaite, à porter ou offrir. Disponible sur t-shirt, sweat, sticker, mug, tote bag, poster et plus. #humor #typographie","funny saying, sarcastic, sarcasm, humor, meme shirt, funny quote, relatable, make, sparkle, jewelry making, funny & sarcastic, funny shirt, typography, minimalist, aesthetic, gift idea, trendy design, statement tee, for men, for women",produits/niches/jewel_sparkle_en__dark.png | produits/niches/jewel_sparkle_en__light.png
jewel_wire_weaver_en,niches,humor,Funny & Sarcastic,jewelry_making,en,Wire Weaver Stone Lover - Funny & Sarcastic Design,"« Wire Weaver Stone Lover » en typographie minimaliste et percutante. Un design pour tous ceux qui ont de l'humour. Idée cadeau parfaite, à porter ou offrir. Disponible sur t-shirt, sweat, sticker, mug, tote bag, poster et plus. #humor #typographie","funny saying, sarcastic, sarcasm, humor, meme shirt, funny quote, relatable, wire, weaver, stone, lover, jewelry making, funny & sarcastic, funny shirt, typography, minimalist, aesthetic, gift idea, trendy design, statement tee, for men, for women",produits/niches/jewel_wire_weaver_en__dark.png | produits/niches/jewel_wire_weaver_en__light.png
kayak_less_stress_en,niches,humor,Funny & Sarcastic,kayaking,en,Kayak More Stress Less - Funny & Sarcastic Design,"« Kayak More Stress Less » en typographie minimaliste et percutante. Un design pour tous ceux qui ont de l'humour. Idée cadeau parfaite, à porter ou offrir. Disponible sur t-shirt, sweat, sticker, mug, tote bag, poster et plus. #humor #typographie","funny saying, sarcastic, sarcasm, humor, meme shirt, funny quote, relatable, kayak, more, stress, less, kayaking, funny & sarcastic, funny shirt, typography, minimalist, aesthetic, gift idea, trendy design, statement tee, for men, for women",produits/niches/kayak_less_stress_en__dark.png | produits/niches/kayak_less_stress_en__light.png
kayak_rather_paddle_en,niches,humor,Funny & Sarcastic,kayaking,en,I'd Rather Be Paddling - Funny & Sarcastic Design,"« I'd Rather Be Paddling » en typographie minimaliste et percutante. Un design pour tous ceux qui ont de l'humour. Idée cadeau parfaite, à porter ou offrir. Disponible sur t-shirt, sweat, sticker, mug, tote bag, poster et plus. #humor #typographie","funny saying, sarcastic, sarcasm, humor, meme shirt, funny quote, relatable, rather, paddling, kayaking, funny & sarcastic, funny shirt, typography, minimalist, aesthetic, gift idea, trendy design, statement tee, for men, for women",produits/niches/kayak_rather_paddle_en__dark.png | produits/niches/kayak_rather_paddle_en__light.png
kayak_water_en,niches,humor,Funny & Sarcastic,kayaking,en,Life Is Better on the Water - Funny & Sarcastic Design,"« Life Is Better on the Water » en typographie minimaliste et percutante. Un design pour tous ceux qui ont de l'humour. Idée cadeau parfaite, à porter ou offrir. Disponible sur t-shirt, sweat, sticker, mug, tote bag, poster et plus. #humor #typographie","funny saying, sarcastic, sarcasm, humor, meme shirt, funny quote, relatable, life, better, water, kayaking, funny & sarcastic, funny shirt, typography, minimalist, aesthetic, gift idea, trendy design, statement tee, for men, for women",produits/niches/kayak_water_en__dark.png | produits/niches/kayak_water_en__light.png
kn_12_wips_en,niches,hobbies_craft,Hobbies & Crafts,knitting,en,12 WIPs Zero Regrets - Hobbies & Crafts Design,"« 12 WIPs Zero Regrets » en typographie minimaliste et percutante. Un design pour les passionné·es. Idée cadeau parfaite, à porter ou offrir. Disponible sur t-shirt, sweat, sticker, mug, tote bag, poster et plus. #hobbies_craft #typographie","hobby gift, craft lover, reading, crochet, fishing, camping, wips, zero, regrets, knitting, hobbies & crafts, funny shirt, typography, minimalist, aesthetic, gift idea, trendy design, statement tee, for men, for women",produits/niches/kn_12_wips_en__dark.png | produits/niches/kn_12_wips_en__light.png
kn_cast_on_en,niches,hobbies_craft,Hobbies & Crafts,knitting,en,I Cast On When I'm Stressed - Hobbies & Crafts Design,"« I Cast On When I'm Stressed » en typographie minimaliste et percutante. Un design pour les passionné·es. Idée cadeau parfaite, à porter ou offrir. Disponible sur t-shirt, sweat, sticker, mug, tote bag, poster et plus. #hobbies_craft #typographie","hobby gift, craft lover, reading, crochet, fishing, camping, cast, stressed, knitting, hobbies & crafts, funny shirt, typography, minimalist, aesthetic, gift idea, trendy design, statement tee, for men, for women",produits/niches/kn_cast_on_en__dark.png | produits/niches/kn_cast_on_en__light.png
kn_frog_again_en,niches,hobbies_craft,Hobbies & Crafts,knitting,en,Frogged It Again. Third Time. - Hobbies & Crafts Design,"« Frogged It Again. Third Time. » en typographie minimaliste et percutante. Un design pour les passionné·es. Idée cadeau parfaite, à porter ou offrir. Disponible sur t-shirt, sweat, sticker, mug, tote bag, poster et plus. #hobbies_craft #typographie","hobby gift, craft lover, reading, crochet, fishing, camping, frogged, again, third, time, knitting, hobbies & crafts, funny shirt, typography, minimalist, aesthetic, gift idea, trendy design, statement tee, for men, for women",produits/niches/kn_frog_again_en__dark.png | produits/niches/kn_frog_again_en__light.png
kn_gauge_lied_en,niches,hobbies_craft,Hobbies & Crafts,knitting,en,My Gauge Swatch Lied I Trusted It - Hobbies & Crafts Design,"« My Gauge Swatch Lied I Trusted It » en typographie minimaliste et percutante. Un design pour les passionné·es. Idée cadeau parfaite, à porter ou offrir. Disponible sur t-shirt, sweat, sticker, mug, tote bag, poster et plus. #hobbies_craft #typographie","hobby gift, craft lover, reading, crochet, fishing, camping, gauge, swatch, lied, trusted, knitting, hobbies & crafts, funny shirt, typography, minimalist, aesthetic, gift idea, trendy design, statement tee, for men, for women",produits/niches/kn_gauge_lied_en__dark.png | produits/niches/kn_gauge_lied_en__light.png
kn_ravelry_en,niches,hobbies_craft,Hobbies & Crafts,knitting,en,Ravelry Queue: 847 Projects 0 Completed - Hobbies & Crafts Design,"« Ravelry Queue: 847 Projects 0 Completed » en typographie minimaliste et percutante. Un design pour les passionné·es. Idée cadeau parfaite, à porter ou offrir. Disponible sur t-shirt, sweat, sticker, mug, tote bag, poster et plus. #hobbies_craft #typographie","hobby gift, craft lover, reading, crochet, fishing, camping, ravelry, queue, projects, completed, knitting, hobbies & crafts, funny shirt, typography, minimalist, aesthetic, gift idea, trendy design, statement tee, for men, for women",produits/niches/kn_ravelry_en__dark.png | produits/niches/kn_ravelry_en__light.png
kn_second_sock_en,niches,hobbies_craft,Hobbies & Crafts,knitting,en,Second Sock Syndrome Is My Diagnosis - Hobbies & Crafts Design,"« Second Sock Syndrome Is My Diagnosis » en typographie minimaliste et percutante. Un design pour les passionné·es. Idée cadeau parfaite, à porter ou offrir. Disponible sur t-shirt, sweat, sticker, mug, tote bag, poster et plus. #hobbies_craft #typographie","hobby gift, craft lover, reading, crochet, fishing, camping, second, sock, syndrome, diagnosis, knitting, hobbies & crafts, funny shirt, typography, minimalist, aesthetic, gift idea, trendy design, statement tee, for men, for women",produits/niches/kn_second_sock_en__dark.png | produits/niches/kn_second_sock_en__light.png
kn_yarn_swift_en,niches,hobbies_craft,Hobbies & Crafts,knitting,en,Yarn Swift & No Regrets - Hobbies & Crafts Design,"« Yarn Swift & No Regrets » en typographie minimaliste et percutante. Un design pour les passionné·es. Idée cadeau parfaite, à porter ou offrir. Disponible sur t-shirt, sweat, sticker, mug, tote bag, poster et plus. #hobbies_craft #typographie","hobby gift, craft lover, reading, crochet, fishing, camping, yarn, swift, regrets, knitting, hobbies & crafts, funny shirt, typography, minimalist, aesthetic, gift idea, trendy design, statement tee, for men, for women",produits/niches/kn_yarn_swift_en__dark.png | produits/niches/kn_yarn_swift_en__light.png
lib_do_it_en,niches,gaming_geek,Gaming & Geek,librarians,en,Book Nerd & Loving It - Gaming & Geek Design,"« Book Nerd & Loving It » en typographie minimaliste et percutante. Un design pour les gamers et geeks. Idée cadeau parfaite, à porter ou offrir. Disponible sur t-shirt, sweat, sticker, mug, tote bag, poster et plus. #gaming_geek #typographie","gamer gift, gaming, nerd, geek, anime, dnd, book, loving, librarians, gaming & geek, funny shirt, typography, minimalist, aesthetic, gift idea, trendy design, statement tee, for men, for women",produits/niches/lib_do_it_en__dark.png | produits/niches/lib_do_it_en__light.png
lib_quiet_rebel_en,niches,humor,Funny & Sarcastic,librarians,en,Quietly Rebellious - Funny & Sarcastic Design,"« Quietly Rebellious » en typographie minimaliste et percutante. Un design pour tous ceux qui ont de l'humour. Idée cadeau parfaite, à porter ou offrir. Disponible sur t-shirt, sweat, sticker, mug, tote bag, poster et plus. #humor #typographie","funny saying, sarcastic, sarcasm, humor, meme shirt, funny quote, relatable, quietly, rebellious, librarians, funny & sarcastic, funny shirt, typography, minimalist, aesthetic, gift idea, trendy design, statement tee, for men, for women",produits/niches/lib_quiet_rebel_en__dark.png | produits/niches/lib_quiet_rebel_en__light.png
lib_reading_cardio_en,niches,hobbies_craft,Hobbies & Crafts,librarians,en,Reading Is My Cardio - Hobbies & Crafts Design,"« Reading Is My Cardio » en typographie minimaliste et percutante. Un design pour les passionné·es. Idée cadeau parfaite, à porter ou offrir. Disponible sur t-shirt, sweat, sticker, mug, tote bag, poster et plus. #hobbies_craft #typographie","hobby gift, craft lover, reading, crochet, fishing, camping, cardio, librarians, hobbies & crafts, funny shirt, typography, minimalist, aesthetic, gift idea, trendy design, statement tee, for men, for women",produits/niches/lib_reading_cardio_en__dark.png | produits/niches/lib_reading_cardio_en__light.png
lib_shh_en,niches,humor,Funny & Sarcastic,librarians,en,Shhh I'm a Librarian - Funny & Sarcastic Design,"« Shhh I'm a Librarian » en typographie minimaliste et percutante. Un design pour tous ceux qui ont de l'humour. Idée cadeau parfaite, à porter ou offrir. Disponible sur t-shirt, sweat, sticker, mug, tote bag, poster et plus. #humor #typographie","funny saying, sarcastic, sarcasm, humor, meme shirt, funny quote, relatable, shhh, librarian, librarians, funny & sarcastic, funny shirt, typography, minimalist, aesthetic, gift idea, trendy design, statement tee, for men, for women",produits/niches/lib_shh_en__dark.png | produits/niches/lib_shh_en__light.png
lift_gains_goblin_en,niches,fitness_sport,Sport & Fitness,lifting,en,Gains Goblin - Sport & Fitness Design,"« Gains Goblin » en typographie minimaliste et percutante. Un design pour les sportif·ves. Idée cadeau parfaite, à porter ou offrir. Disponible sur t-shirt, sweat, sticker, mug, tote bag, poster et plus. #fitness_sport #typographie","gym gift, fitness, running, yoga, sport, football, gains, goblin, lifting, sport & fitness, funny shirt, typography, minimalist, aesthetic, gift idea, trendy design, statement tee, for men, for women",produits/niches/lift_gains_goblin_en__dark.png | produits/niches/lift_gains_goblin_en__light.png
lift_sore_strong_en,niches,fitness_sport,Sport & Fitness,lifting,en,Sore Today Strong Tomorrow - Sport & Fitness Design,"« Sore Today Strong Tomorrow » en typographie minimaliste et percutante. Un design pour les sportif·ves. Idée cadeau parfaite, à porter ou offrir. Disponible sur t-shirt, sweat, sticker, mug, tote bag, poster et plus. #fitness_sport #typographie","gym gift, fitness, running, yoga, sport, football, sore, today, strong, tomorrow, lifting, sport & fitness, funny shirt, typography, minimalist, aesthetic, gift idea, trendy design, statement tee, for men, for women",produits/niches/lift_sore_strong_en__dark.png | produits/niches/lift_sore_strong_en__light.png
lift_squat_snacks_en,niches,food_drink,Food & Drink,lifting,en,Will Squat for Snacks - Food & Drink Design,"« Will Squat for Snacks » en typographie minimaliste et percutante. Un design pour les gourmand·es et accros au café. Idée cadeau parfaite, à porter ou offrir. Disponible sur t-shirt, sweat, sticker, mug, tote bag, poster et plus. #food_drink #typographie","foodie gift, coffee lover, food humor, caffeine, brunch, squat, snacks, lifting, food & drink, funny shirt, typography, minimalist, aesthetic, gift idea, trendy design, statement tee, for men, for women",produits/niches/lift_squat_snacks_en__dark.png | produits/niches/lift_squat_snacks_en__light.png
lift_up_down_en,niches,fitness_sport,Sport & Fitness,lifting,en,I Lift Things Up & Put Them Down - Sport & Fitness Design,"« I Lift Things Up & Put Them Down » en typographie minimaliste et percutante. Un design pour les sportif·ves. Idée cadeau parfaite, à porter ou offrir. Disponible sur t-shirt, sweat, sticker, mug, tote bag, poster et plus. #fitness_sport #typographie","gym gift, fitness, running, yoga, sport, football, lift, things, them, down, lifting, sport & fitness, funny shirt, typography, minimalist, aesthetic, gift idea, trendy design, statement tee, for men, for women",produits/niches/lift_up_down_en__dark.png | produits/niches/lift_up_down_en__light.png
mal_bh_en,niches,pets,Pets & Dog Lovers,malinois,en,He Passed His BH I Cried in the Ring - Pets & Dog Lovers Design,"« He Passed His BH I Cried in the Ring » en typographie minimaliste et percutante. Un design pour les maîtres d'animaux. Idée cadeau parfaite, à porter ou offrir. Disponible sur t-shirt, sweat, sticker, mug, tote bag, poster et plus. #pets #typographie","dog mom, pet lover, dog dad, reptile, animal parent, passed, cried, ring, malinois, pets & dog lovers, funny shirt, typography, minimalist, aesthetic, gift idea, trendy design, statement tee, for men, for women",produits/niches/mal_bh_en__dark.png | produits/niches/mal_bh_en__light.png
mal_bite_work_en,niches,pets,Pets & Dog Lovers,malinois,en,Bite Work Is Our Cardio. Both of Us. - Pets & Dog Lovers Design,"« Bite Work Is Our Cardio. Both of Us. » en typographie minimaliste et percutante. Un design pour les maîtres d'animaux. Idée cadeau parfaite, à porter ou offrir. Disponible sur t-shirt, sweat, sticker, mug, tote bag, poster et plus. #pets #typographie","dog mom, pet lover, dog dad, reptile, animal parent, bite, work, cardio, both, malinois, pets & dog lovers, funny shirt, typography, minimalist, aesthetic, gift idea, trendy design, statement tee, for men, for women",produits/niches/mal_bite_work_en__dark.png | produits/niches/mal_bite_work_en__light.png
mal_bosse_fr,niches,pets,Pets & Dog Lovers,malinois,fr,Mon Malinois Bosse Moi Non - Pets & Dog Lovers (French) Design,"« Mon Malinois Bosse Moi Non » en typographie minimaliste et percutante. Un design pour les maîtres d'animaux. Idée cadeau parfaite, à porter ou offrir. Disponible sur t-shirt, sweat, sticker, mug, tote bag, poster et plus. #pets #typographie","dog mom, pet lover, dog dad, reptile, animal parent, malinois, bosse, pets & dog lovers, funny shirt, typography, minimalist, aesthetic, gift idea, trendy design, statement tee, for men, for women",produits/niches/mal_bosse_fr__dark.png | produits/niches/mal_bosse_fr__light.png
mal_drive_en,niches,pets,Pets & Dog Lovers,malinois,en,My Mal Has More Drive Than My Car - Pets & Dog Lovers Design,"« My Mal Has More Drive Than My Car » en typographie minimaliste et percutante. Un design pour les maîtres d'animaux. Idée cadeau parfaite, à porter ou offrir. Disponible sur t-shirt, sweat, sticker, mug, tote bag, poster et plus. #pets #typographie","dog mom, pet lover, dog dad, reptile, animal parent, more, drive, than, malinois, pets & dog lovers, funny shirt, typography, minimalist, aesthetic, gift idea, trendy design, statement tee, for men, for women",produits/niches/mal_drive_en__dark.png | produits/niches/mal_drive_en__light.png
mal_esclave_fr,niches,pets,Pets & Dog Lovers,malinois,fr,Esclave de Mon Malinois - Pets & Dog Lovers (French) Design,"« Esclave de Mon Malinois » en typographie minimaliste et percutante. Un design pour les maîtres d'animaux. Idée cadeau parfaite, à porter ou offrir. Disponible sur t-shirt, sweat, sticker, mug, tote bag, poster et plus. #pets #typographie","dog mom, pet lover, dog dad, reptile, animal parent, esclave, malinois, pets & dog lovers, funny shirt, typography, minimalist, aesthetic, gift idea, trendy design, statement tee, for men, for women",produits/niches/mal_esclave_fr__dark.png | produits/niches/mal_esclave_fr__light.png
mal_igp_en,niches,food_drink,Food & Drink,malinois,en,IGP Trial This Weekend Send Coffee - Food & Drink Design,"« IGP Trial This Weekend Send Coffee » en typographie minimaliste et percutante. Un design pour les gourmand·es et accros au café. Idée cadeau parfaite, à porter ou offrir. Disponible sur t-shirt, sweat, sticker, mug, tote bag, poster et plus. #food_drink #typographie","foodie gift, coffee lover, food humor, caffeine, brunch, trial, weekend, send, coffee, malinois, food & drink, funny shirt, typography, minimalist, aesthetic, gift idea, trendy design, statement tee, for men, for women",produits/niches/mal_igp_en__dark.png | produits/niches/mal_igp_en__light.png
mal_knpv_en,niches,pets,Pets & Dog Lovers,malinois,en,KNPV Lines That's the Dream - Pets & Dog Lovers Design,"« KNPV Lines That's the Dream » en typographie minimaliste et percutante. Un design pour les maîtres d'animaux. Idée cadeau parfaite, à porter ou offrir. Disponible sur t-shirt, sweat, sticker, mug, tote bag, poster et plus. #pets #typographie","dog mom, pet lover, dog dad, reptile, animal parent, knpv, lines, that's, dream, malinois, pets & dog lovers, funny shirt, typography, minimalist, aesthetic, gift idea, trendy design, statement tee, for men, for women",produits/niches/mal_knpv_en__dark.png | produits/niches/mal_knpv_en__light.png
mal_maligator_en,niches,cats,Cats,malinois,en,Maligator Owner - Cats Design,"« Maligator Owner » en typographie minimaliste et percutante. Un design pour les fous et folles de chats. Idée cadeau parfaite, à porter ou offrir. Disponible sur t-shirt, sweat, sticker, mug, tote bag, poster et plus. #cats #typographie","cat lover, cat mom, cat dad, cat lady, crazy cat, kitten, maligator, owner, malinois, cats, funny shirt, typography, minimalist, aesthetic, gift idea, trendy design, statement tee, for men, for women",produits/niches/mal_maligator_en__dark.png | produits/niches/mal_maligator_en__light.png
matcha_but_first_en,niches,food_drink,Food & Drink,matcha,en,But First Matcha - Food & Drink Design,"« But First Matcha » en typographie minimaliste et percutante. Un design pour les gourmand·es et accros au café. Idée cadeau parfaite, à porter ou offrir. Disponible sur t-shirt, sweat, sticker, mug, tote bag, poster et plus. #food_drink #typographie","foodie gift, coffee lover, food humor, caffeine, brunch, first, matcha, food & drink, funny shirt, typography, minimalist, aesthetic, gift idea, trendy design, statement tee, for men, for women",produits/niches/matcha_but_first_en__dark.png | produits/niches/matcha_but_first_en__light.png
matcha_made_heaven_en,niches,food_drink,Food & Drink,matcha,en,Matcha Made in Heaven - Food & Drink Design,"« Matcha Made in Heaven » en typographie minimaliste et percutante. Un design pour les gourmand·es et accros au café. Idée cadeau parfaite, à porter ou offrir. Disponible sur t-shirt, sweat, sticker, mug, tote bag, poster et plus. #food_drink #typographie","foodie gift, coffee lover, food humor, caffeine, brunch, matcha, made, heaven, food & drink, funny shirt, typography, minimalist, aesthetic, gift idea, trendy design, statement tee, for men, for women",produits/niches/matcha_made_heaven_en__dark.png | produits/niches/matcha_made_heaven_en__light.png
matcha_spill_tea_en,niches,food_drink,Food & Drink,matcha,en,Spill the Tea Not the Matcha - Food & Drink Design,"« Spill the Tea Not the Matcha » en typographie minimaliste et percutante. Un design pour les gourmand·es et accros au café. Idée cadeau parfaite, à porter ou offrir. Disponible sur t-shirt, sweat, sticker, mug, tote bag, poster et plus. #food_drink #typographie","foodie gift, coffee lover, food humor, caffeine, brunch, spill, matcha, food & drink, funny shirt, typography, minimalist, aesthetic, gift idea, trendy design, statement tee, for men, for women",produits/niches/matcha_spill_tea_en__dark.png | produits/niches/matcha_spill_tea_en__light.png
matcha_terrific_en,niches,food_drink,Food & Drink,matcha,en,Tea-rrific & Caffeinated - Food & Drink Design,"« Tea-rrific & Caffeinated » en typographie minimaliste et percutante. Un design pour les gourmand·es et accros au café. Idée cadeau parfaite, à porter ou offrir. Disponible sur t-shirt, sweat, sticker, mug, tote bag, poster et plus. #food_drink #typographie","foodie gift, coffee lover, food humor, caffeine, brunch, rrific, caffeinated, matcha, food & drink, funny shirt, typography, minimalist, aesthetic, gift idea, trendy design, statement tee, for men, for women",produits/niches/matcha_terrific_en__dark.png | produits/niches/matcha_terrific_en__light.png
kb_group_buy_en,niches,professions,Jobs & Professions,mechanical_keyboards,en,Group Buy Shipping 18 Months and Counting - Jobs & Professions Design,"« Group Buy Shipping 18 Months and Counting » en typographie minimaliste et percutante. Un design pour celles et ceux qui assument leur métier. Idée cadeau parfaite, à porter ou offrir. Disponible sur t-shirt, sweat, sticker, mug, tote bag, poster et plus. #professions #typographie","nurse gift, teacher gift, coworker gift, job humor, profession, group, shipping, months, counting, mechanical keyboards, jobs & professions, funny shirt, typography, minimalist, aesthetic, gift idea, trendy design, statement tee, for men, for women",produits/niches/kb_group_buy_en__dark.png | produits/niches/kb_group_buy_en__light.png
kb_holy_panda_en,niches,professions,Jobs & Professions,mechanical_keyboards,en,Holy Pandas vs Boba U4 No Middle Ground - Jobs & Professions Design,"« Holy Pandas vs Boba U4 No Middle Ground » en typographie minimaliste et percutante. Un design pour celles et ceux qui assument leur métier. Idée cadeau parfaite, à porter ou offrir. Disponible sur t-shirt, sweat, sticker, mug, tote bag, poster et plus. #professions #typographie","nurse gift, teacher gift, coworker gift, job humor, profession, holy, pandas, boba, middle, ground, mechanical keyboards, jobs & professions, funny shirt, typography, minimalist, aesthetic, gift idea, trendy design, statement tee, for men, for women",produits/niches/kb_holy_panda_en__dark.png | produits/niches/kb_holy_panda_en__light.png
kb_hotswap_en,niches,professions,Jobs & Professions,mechanical_keyboards,en,Hotswap Board 47 Switch Sets Tried - Jobs & Professions Design,"« Hotswap Board 47 Switch Sets Tried » en typographie minimaliste et percutante. Un design pour celles et ceux qui assument leur métier. Idée cadeau parfaite, à porter ou offrir. Disponible sur t-shirt, sweat, sticker, mug, tote bag, poster et plus. #professions #typographie","nurse gift, teacher gift, coworker gift, job humor, profession, hotswap, board, switch, sets, tried, mechanical keyboards, jobs & professions, funny shirt, typography, minimalist, aesthetic, gift idea, trendy design, statement tee, for men, for women",produits/niches/kb_hotswap_en__dark.png | produits/niches/kb_hotswap_en__light.png
kb_keycaps_rent_en,niches,professions,Jobs & Professions,mechanical_keyboards,en,I Paid More for Keycaps Than My Rent - Jobs & Professions Design,"« I Paid More for Keycaps Than My Rent » en typographie minimaliste et percutante. Un design pour celles et ceux qui assument leur métier. Idée cadeau parfaite, à porter ou offrir. Disponible sur t-shirt, sweat, sticker, mug, tote bag, poster et plus. #professions #typographie","nurse gift, teacher gift, coworker gift, job humor, profession, paid, more, keycaps, than, rent, mechanical keyboards, jobs & professions, funny shirt, typography, minimalist, aesthetic, gift idea, trendy design, statement tee, for men, for women",produits/niches/kb_keycaps_rent_en__dark.png | produits/niches/kb_keycaps_rent_en__light.png
kb_lubed_2am_en,niches,professions,Jobs & Professions,mechanical_keyboards,en,Lubed My Switches at 2am. Worth It. - Jobs & Professions Design,"« Lubed My Switches at 2am. Worth It. » en typographie minimaliste et percutante. Un design pour celles et ceux qui assument leur métier. Idée cadeau parfaite, à porter ou offrir. Disponible sur t-shirt, sweat, sticker, mug, tote bag, poster et plus. #professions #typographie","nurse gift, teacher gift, coworker gift, job humor, profession, lubed, switches, worth, mechanical keyboards, jobs & professions, funny shirt, typography, minimalist, aesthetic, gift idea, trendy design, statement tee, for men, for women",produits/niches/kb_lubed_2am_en__dark.png | produits/niches/kb_lubed_2am_en__light.png
kb_membrane_sin_en,niches,professions,Jobs & Professions,mechanical_keyboards,en,Membrane Keyboards Are a Sin - Jobs & Professions Design,"« Membrane Keyboards Are a Sin » en typographie minimaliste et percutante. Un design pour celles et ceux qui assument leur métier. Idée cadeau parfaite, à porter ou offrir. Disponible sur t-shirt, sweat, sticker, mug, tote bag, poster et plus. #professions #typographie","nurse gift, teacher gift, coworker gift, job humor, profession, membrane, keyboards, mechanical keyboards, jobs & professions, funny shirt, typography, minimalist, aesthetic, gift idea, trendy design, statement tee, for men, for women",produits/niches/kb_membrane_sin_en__dark.png | produits/niches/kb_membrane_sin_en__light.png
kb_thock_en,niches,professions,Jobs & Professions,mechanical_keyboards,en,The Thock Is the Point - Jobs & Professions Design,"« The Thock Is the Point » en typographie minimaliste et percutante. Un design pour celles et ceux qui assument leur métier. Idée cadeau parfaite, à porter ou offrir. Disponible sur t-shirt, sweat, sticker, mug, tote bag, poster et plus. #professions #typographie","nurse gift, teacher gift, coworker gift, job humor, profession, thock, point, mechanical keyboards, jobs & professions, funny shirt, typography, minimalist, aesthetic, gift idea, trendy design, statement tee, for men, for women",produits/niches/kb_thock_en__dark.png | produits/niches/kb_thock_en__light.png
mechanic_car_therapy_en,niches,professions,Jobs & Professions,mechanics,en,Classic Car Therapy - Jobs & Professions Design,"« Classic Car Therapy » en typographie minimaliste et percutante. Un design pour celles et ceux qui assument leur métier. Idée cadeau parfaite, à porter ou offrir. Disponible sur t-shirt, sweat, sticker, mug, tote bag, poster et plus. #professions #typographie","nurse gift, teacher gift, coworker gift, job humor, profession, classic, therapy, mechanics, jobs & professions, funny shirt, typography, minimalist, aesthetic, gift idea, trendy design, statement tee, for men, for women",produits/niches/mechanic_car_therapy_en__dark.png | produits/niches/mechanic_car_therapy_en__light.png
mechanic_fix_break_en,niches,professions,Jobs & Professions,mechanics,en,I Fix What You Break - Jobs & Professions Design,"« I Fix What You Break » en typographie minimaliste et percutante. Un design pour celles et ceux qui assument leur métier. Idée cadeau parfaite, à porter ou offrir. Disponible sur t-shirt, sweat, sticker, mug, tote bag, poster et plus. #professions #typographie","nurse gift, teacher gift, coworker gift, job humor, profession, break, mechanics, jobs & professions, funny shirt, typography, minimalist, aesthetic, gift idea, trendy design, statement tee, for men, for women",produits/niches/mechanic_fix_break_en__dark.png | produits/niches/mechanic_fix_break_en__light.png
mechanic_garage_en,niches,professions,Jobs & Professions,mechanics,en,Sorry for What I Said in the Garage - Jobs & Professions Design,"« Sorry for What I Said in the Garage » en typographie minimaliste et percutante. Un design pour celles et ceux qui assument leur métier. Idée cadeau parfaite, à porter ou offrir. Disponible sur t-shirt, sweat, sticker, mug, tote bag, poster et plus. #professions #typographie","nurse gift, teacher gift, coworker gift, job humor, profession, sorry, said, garage, mechanics, jobs & professions, funny shirt, typography, minimalist, aesthetic, gift idea, trendy design, statement tee, for men, for women",produits/niches/mechanic_garage_en__dark.png | produits/niches/mechanic_garage_en__light.png
mechanic_grease_monkey_en,niches,professions,Jobs & Professions,mechanics,en,Grease Monkey & Proud - Jobs & Professions Design,"« Grease Monkey & Proud » en typographie minimaliste et percutante. Un design pour celles et ceux qui assument leur métier. Idée cadeau parfaite, à porter ou offrir. Disponible sur t-shirt, sweat, sticker, mug, tote bag, poster et plus. #professions #typographie","nurse gift, teacher gift, coworker gift, job humor, profession, grease, monkey, proud, mechanics, jobs & professions, funny shirt, typography, minimalist, aesthetic, gift idea, trendy design, statement tee, for men, for women",produits/niches/mechanic_grease_monkey_en__dark.png | produits/niches/mechanic_grease_monkey_en__light.png
medi_breathe_en,niches,humor,Funny & Sarcastic,meditation,en,Breathe Just Breathe - Funny & Sarcastic Design,"« Breathe Just Breathe » en typographie minimaliste et percutante. Un design pour tous ceux qui ont de l'humour. Idée cadeau parfaite, à porter ou offrir. Disponible sur t-shirt, sweat, sticker, mug, tote bag, poster et plus. #humor #typographie","funny saying, sarcastic, sarcasm, humor, meme shirt, funny quote, relatable, breathe, meditation, funny & sarcastic, funny shirt, typography, minimalist, aesthetic, gift idea, trendy design, statement tee, for men, for women",produits/niches/medi_breathe_en__dark.png | produits/niches/medi_breathe_en__light.png
medi_chaos_en,niches,humor,Funny & Sarcastic,meditation,en,Meditating My Way Through Chaos - Funny & Sarcastic Design,"« Meditating My Way Through Chaos » en typographie minimaliste et percutante. Un design pour tous ceux qui ont de l'humour. Idée cadeau parfaite, à porter ou offrir. Disponible sur t-shirt, sweat, sticker, mug, tote bag, poster et plus. #humor #typographie","funny saying, sarcastic, sarcasm, humor, meme shirt, funny quote, relatable, meditating, through, chaos, meditation, funny & sarcastic, funny shirt, typography, minimalist, aesthetic, gift idea, trendy design, statement tee, for men, for women",produits/niches/medi_chaos_en__dark.png | produits/niches/medi_chaos_en__light.png
medi_namaste_en,niches,humor,Funny & Sarcastic,meditation,en,Namaste (Or I'll Meditate on It) - Funny & Sarcastic Design,"« Namaste (Or I'll Meditate on It) » en typographie minimaliste et percutante. Un design pour tous ceux qui ont de l'humour. Idée cadeau parfaite, à porter ou offrir. Disponible sur t-shirt, sweat, sticker, mug, tote bag, poster et plus. #humor #typographie","funny saying, sarcastic, sarcasm, humor, meme shirt, funny quote, relatable, namaste, i'll, meditate, meditation, funny & sarcastic, funny shirt, typography, minimalist, aesthetic, gift idea, trendy design, statement tee, for men, for women",produits/niches/medi_namaste_en__dark.png | produits/niches/medi_namaste_en__light.png
mis_alone_en,niches,humor,Funny & Sarcastic,misanthropy,en,Not Antisocial Just Selectively Social - Funny & Sarcastic Design,"« Not Antisocial Just Selectively Social » en typographie minimaliste et percutante. Un design pour tous ceux qui ont de l'humour. Idée cadeau parfaite, à porter ou offrir. Disponible sur t-shirt, sweat, sticker, mug, tote bag, poster et plus. #humor #typographie","funny saying, sarcastic, sarcasm, humor, meme shirt, funny quote, relatable, antisocial, selectively, social, misanthropy, funny & sarcastic, funny shirt, typography, minimalist, aesthetic, gift idea, trendy design, statement tee, for men, for women",produits/niches/mis_alone_en__dark.png | produits/niches/mis_alone_en__light.png
mis_bonjour_fr,niches,humor,Funny & Sarcastic,misanthropy,fr,Bonjour (Je mens) - Funny & Sarcastic (French) Design,"« Bonjour (Je mens) » en typographie minimaliste et percutante. Un design pour tous ceux qui ont de l'humour. Idée cadeau parfaite, à porter ou offrir. Disponible sur t-shirt, sweat, sticker, mug, tote bag, poster et plus. #humor #typographie","funny saying, sarcastic, sarcasm, humor, meme shirt, funny quote, relatable, bonjour, mens, misanthropy, funny & sarcastic, funny shirt, typography, minimalist, aesthetic, gift idea, trendy design, statement tee, for men, for women",produits/niches/mis_bonjour_fr__dark.png | produits/niches/mis_bonjour_fr__light.png
mis_bruit_fr,niches,humor,Funny & Sarcastic,misanthropy,fr,Le silence est d'or Les gens sont du bruit - Funny & Sarcastic (French) Design,"« Le silence est d'or Les gens sont du bruit » en typographie minimaliste et percutante. Un design pour tous ceux qui ont de l'humour. Idée cadeau parfaite, à porter ou offrir. Disponible sur t-shirt, sweat, sticker, mug, tote bag, poster et plus. #humor #typographie","funny saying, sarcastic, sarcasm, humor, meme shirt, funny quote, relatable, silence, d'or, gens, bruit, misanthropy, funny & sarcastic, funny shirt, typography, minimalist, aesthetic, gift idea, trendy design, statement tee, for men, for women",produits/niches/mis_bruit_fr__dark.png | produits/niches/mis_bruit_fr__light.png
mis_cancel_en,niches,humor,Funny & Sarcastic,misanthropy,en,My Plans Got Cancelled I Cancelled Them Myself - Funny & Sarcastic Design,"« My Plans Got Cancelled I Cancelled Them Myself » en typographie minimaliste et percutante. Un design pour tous ceux qui ont de l'humour. Idée cadeau parfaite, à porter ou offrir. Disponible sur t-shirt, sweat, sticker, mug, tote bag, poster et plus. #humor #typographie","funny saying, sarcastic, sarcasm, humor, meme shirt, funny quote, relatable, plans, cancelled, them, myself, misanthropy, funny & sarcastic, funny shirt, typography, minimalist, aesthetic, gift idea, trendy design, statement tee, for men, for women",produits/niches/mis_cancel_en__dark.png | produits/niches/mis_cancel_en__light.png
mis_enfer_fr,niches,humor,Funny & Sarcastic,misanthropy,fr,L'enfer c'est les autres mais un peu moi quand même - Funny & Sarcastic (French) Design,"« L'enfer c'est les autres mais un peu moi quand même » en typographie minimaliste et percutante. Un design pour tous ceux qui ont de l'humour. Idée cadeau parfaite, à porter ou offrir. Disponible sur t-shirt, sweat, sticker, mug, tote bag, poster et plus. #humor #typographie","funny saying, sarcastic, sarcasm, humor, meme shirt, funny quote, relatable, l'enfer, c'est, autres, quand, même, misanthropy, funny & sarcastic, funny shirt, typography, minimalist, aesthetic, gift idea, trendy design, statement tee, for men, for women",produits/niches/mis_enfer_fr__dark.png | produits/niches/mis_enfer_fr__light.png
mis_fine_en,niches,humor,Funny & Sarcastic,misanthropy,en,I'm Fine (I'm Not Talking About It) - Funny & Sarcastic Design,"« I'm Fine (I'm Not Talking About It) » en typographie minimaliste et percutante. Un design pour tous ceux qui ont de l'humour. Idée cadeau parfaite, à porter ou offrir. Disponible sur t-shirt, sweat, sticker, mug, tote bag, poster et plus. #humor #typographie","funny saying, sarcastic, sarcasm, humor, meme shirt, funny quote, relatable, fine, talking, about, misanthropy, funny & sarcastic, funny shirt, typography, minimalist, aesthetic, gift idea, trendy design, statement tee, for men, for women",produits/niches/mis_fine_en__dark.png | produits/niches/mis_fine_en__light.png
mis_hell_en,niches,humor,Funny & Sarcastic,misanthropy,en,Hell Is Other People (And a Bit Me Too) - Funny & Sarcastic Design,"« Hell Is Other People (And a Bit Me Too) » en typographie minimaliste et percutante. Un design pour tous ceux qui ont de l'humour. Idée cadeau parfaite, à porter ou offrir. Disponible sur t-shirt, sweat, sticker, mug, tote bag, poster et plus. #humor #typographie","funny saying, sarcastic, sarcasm, humor, meme shirt, funny quote, relatable, hell, other, people, misanthropy, funny & sarcastic, funny shirt, typography, minimalist, aesthetic, gift idea, trendy design, statement tee, for men, for women",produits/niches/mis_hell_en__dark.png | produits/niches/mis_hell_en__light.png
mis_hoelle_de,niches,humor,Funny & Sarcastic,misanthropy,de,Die Hölle das sind die anderen Ein bisschen ich auch - Funny & Sarcastic (German) Design,"« Die Hölle das sind die anderen Ein bisschen ich auch » en typographie minimaliste et percutante. Un design pour tous ceux qui ont de l'humour. Idée cadeau parfaite, à porter ou offrir. Disponible sur t-shirt, sweat, sticker, mug, tote bag, poster et plus. #humor #typographie","funny saying, sarcastic, sarcasm, humor, meme shirt, funny quote, relatable, hölle, sind, anderen, bisschen, auch, misanthropy, funny & sarcastic, funny shirt, typography, minimalist, aesthetic, gift idea, trendy design, statement tee, for men, for women",produits/niches/mis_hoelle_de__dark.png | produits/niches/mis_hoelle_de__light.png
mis_infierno_es,niches,humor,Funny & Sarcastic,misanthropy,es,El infierno son los demás Y un poco yo también - Funny & Sarcastic (Spanish) Design,"« El infierno son los demás Y un poco yo también » en typographie minimaliste et percutante. Un design pour tous ceux qui ont de l'humour. Idée cadeau parfaite, à porter ou offrir. Disponible sur t-shirt, sweat, sticker, mug, tote bag, poster et plus. #humor #typographie","funny saying, sarcastic, sarcasm, humor, meme shirt, funny quote, relatable, infierno, demás, poco, también, misanthropy, funny & sarcastic, funny shirt, typography, minimalist, aesthetic, gift idea, trendy design, statement tee, for men, for women",produits/niches/mis_infierno_es__dark.png | produits/niches/mis_infierno_es__light.png
mis_monde_fr,niches,humor,Funny & Sarcastic,misanthropy,fr,Je ne déteste pas les gens Je déteste les foules - Funny & Sarcastic (French) Design,"« Je ne déteste pas les gens Je déteste les foules » en typographie minimaliste et percutante. Un design pour tous ceux qui ont de l'humour. Idée cadeau parfaite, à porter ou offrir. Disponible sur t-shirt, sweat, sticker, mug, tote bag, poster et plus. #humor #typographie","funny saying, sarcastic, sarcasm, humor, meme shirt, funny quote, relatable, déteste, gens, foules, misanthropy, funny & sarcastic, funny shirt, typography, minimalist, aesthetic, gift idea, trendy design, statement tee, for men, for women",produits/niches/mis_monde_fr__dark.png | produits/niches/mis_monde_fr__light.png
mis_morning_en,niches,humor,Funny & Sarcastic,misanthropy,en,Good Morning (I Don't Mean That) - Funny & Sarcastic Design,"« Good Morning (I Don't Mean That) » en typographie minimaliste et percutante. Un design pour tous ceux qui ont de l'humour. Idée cadeau parfaite, à porter ou offrir. Disponible sur t-shirt, sweat, sticker, mug, tote bag, poster et plus. #humor #typographie","funny saying, sarcastic, sarcasm, humor, meme shirt, funny quote, relatable, good, morning, don't, mean, misanthropy, funny & sarcastic, funny shirt, typography, minimalist, aesthetic, gift idea, trendy design, statement tee, for men, for women",produits/niches/mis_morning_en__dark.png | produits/niches/mis_morning_en__light.png
mis_plan_fr,niches,humor,Funny & Sarcastic,misanthropy,fr,J'ai annulé mes plans Ils n'étaient pas bons de toute façon - Funny & Sarcastic (French) Design,"« J'ai annulé mes plans Ils n'étaient pas bons de toute façon » en typographie minimaliste et percutante. Un design pour tous ceux qui ont de l'humour. Idée cadeau parfaite, à porter ou offrir. Disponible sur t-shirt, sweat, sticker, mug, tote bag, poster et plus. #humor #typographie","funny saying, sarcastic, sarcasm, humor, meme shirt, funny quote, relatable, j'ai, annulé, plans, n'étaient, bons, misanthropy, funny & sarcastic, funny shirt, typography, minimalist, aesthetic, gift idea, trendy design, statement tee, for men, for women",produits/niches/mis_plan_fr__dark.png | produits/niches/mis_plan_fr__light.png
mis_ruhe_de,niches,humor,Funny & Sarcastic,misanthropy,de,Ich brauche Ruhe Keine Menschen - Funny & Sarcastic (German) Design,"« Ich brauche Ruhe Keine Menschen » en typographie minimaliste et percutante. Un design pour tous ceux qui ont de l'humour. Idée cadeau parfaite, à porter ou offrir. Disponible sur t-shirt, sweat, sticker, mug, tote bag, poster et plus. #humor #typographie","funny saying, sarcastic, sarcasm, humor, meme shirt, funny quote, relatable, brauche, ruhe, keine, menschen, misanthropy, funny & sarcastic, funny shirt, typography, minimalist, aesthetic, gift idea, trendy design, statement tee, for men, for women",produits/niches/mis_ruhe_de__dark.png | produits/niches/mis_ruhe_de__light.png
mis_silenzio_it,niches,humor,Funny & Sarcastic,misanthropy,it,L'inferno sono gli altri E un po' anch'io - Funny & Sarcastic (Italian) Design,"« L'inferno sono gli altri E un po' anch'io » en typographie minimaliste et percutante. Un design pour tous ceux qui ont de l'humour. Idée cadeau parfaite, à porter ou offrir. Disponible sur t-shirt, sweat, sticker, mug, tote bag, poster et plus. #humor #typographie","funny saying, sarcastic, sarcasm, humor, meme shirt, funny quote, relatable, l'inferno, sono, altri, anch'io, misanthropy, funny & sarcastic, funny shirt, typography, minimalist, aesthetic, gift idea, trendy design, statement tee, for men, for women",produits/niches/mis_silenzio_it__dark.png | produits/niches/mis_silenzio_it__light.png
mis_sociable_fr,niches,humor,Funny & Sarcastic,misanthropy,fr,Je suis sociable Avec les gens qui ne me parlent pas - Funny & Sarcastic (French) Design,"« Je suis sociable Avec les gens qui ne me parlent pas » en typographie minimaliste et percutante. Un design pour tous ceux qui ont de l'humour. Idée cadeau parfaite, à porter ou offrir. Disponible sur t-shirt, sweat, sticker, mug, tote bag, poster et plus. #humor #typographie","funny saying, sarcastic, sarcasm, humor, meme shirt, funny quote, relatable, suis, sociable, gens, parlent, misanthropy, funny & sarcastic, funny shirt, typography, minimalist, aesthetic, gift idea, trendy design, statement tee, for men, for women",produits/niches/mis_sociable_fr__dark.png | produits/niches/mis_sociable_fr__light.png
mis_travail_fr,niches,humor,Funny & Sarcastic,misanthropy,fr,Le travail c'est la santé Vive les malades - Funny & Sarcastic (French) Design,"« Le travail c'est la santé Vive les malades » en typographie minimaliste et percutante. Un design pour tous ceux qui ont de l'humour. Idée cadeau parfaite, à porter ou offrir. Disponible sur t-shirt, sweat, sticker, mug, tote bag, poster et plus. #humor #typographie","funny saying, sarcastic, sarcasm, humor, meme shirt, funny quote, relatable, travail, c'est, santé, vive, malades, misanthropy, funny & sarcastic, funny shirt, typography, minimalist, aesthetic, gift idea, trendy design, statement tee, for men, for women",produits/niches/mis_travail_fr__dark.png | produits/niches/mis_travail_fr__light.png
moto_born_to_ride_en,niches,humor,Funny & Sarcastic,motorcycle,en,Born to Ride - Funny & Sarcastic Design,"« Born to Ride » en typographie minimaliste et percutante. Un design pour tous ceux qui ont de l'humour. Idée cadeau parfaite, à porter ou offrir. Disponible sur t-shirt, sweat, sticker, mug, tote bag, poster et plus. #humor #typographie","funny saying, sarcastic, sarcasm, humor, meme shirt, funny quote, relatable, born, ride, motorcycle, funny & sarcastic, funny shirt, typography, minimalist, aesthetic, gift idea, trendy design, statement tee, for men, for women",produits/niches/moto_born_to_ride_en__dark.png | produits/niches/moto_born_to_ride_en__light.png
moto_loud_pipes_en,niches,humor,Funny & Sarcastic,motorcycle,en,Loud Pipes Save Lives - Funny & Sarcastic Design,"« Loud Pipes Save Lives » en typographie minimaliste et percutante. Un design pour tous ceux qui ont de l'humour. Idée cadeau parfaite, à porter ou offrir. Disponible sur t-shirt, sweat, sticker, mug, tote bag, poster et plus. #humor #typographie","funny saying, sarcastic, sarcasm, humor, meme shirt, funny quote, relatable, loud, pipes, save, lives, motorcycle, funny & sarcastic, funny shirt, typography, minimalist, aesthetic, gift idea, trendy design, statement tee, for men, for women",produits/niches/moto_loud_pipes_en__dark.png | produits/niches/moto_loud_pipes_en__light.png
moto_ride_more_en,niches,humor,Funny & Sarcastic,motorcycle,en,Ride More Worry Less - Funny & Sarcastic Design,"« Ride More Worry Less » en typographie minimaliste et percutante. Un design pour tous ceux qui ont de l'humour. Idée cadeau parfaite, à porter ou offrir. Disponible sur t-shirt, sweat, sticker, mug, tote bag, poster et plus. #humor #typographie","funny saying, sarcastic, sarcasm, humor, meme shirt, funny quote, relatable, ride, more, worry, less, motorcycle, funny & sarcastic, funny shirt, typography, minimalist, aesthetic, gift idea, trendy design, statement tee, for men, for women",produits/niches/moto_ride_more_en__dark.png | produits/niches/moto_ride_more_en__light.png
moto_two_wheels_en,niches,humor,Funny & Sarcastic,motorcycle,en,Two Wheels One Love - Funny & Sarcastic Design,"« Two Wheels One Love » en typographie minimaliste et percutante. Un design pour tous ceux qui ont de l'humour. Idée cadeau parfaite, à porter ou offrir. Disponible sur t-shirt, sweat, sticker, mug, tote bag, poster et plus. #humor #typographie","funny saying, sarcastic, sarcasm, humor, meme shirt, funny quote, relatable, wheels, love, motorcycle, funny & sarcastic, funny shirt, typography, minimalist, aesthetic, gift idea, trendy design, statement tee, for men, for women",produits/niches/moto_two_wheels_en__dark.png | produits/niches/moto_two_wheels_en__light.png
mf_chanterelle_en,niches,food_drink,Food & Drink,mushroom_foraging,en,Found a Chanterelle Told No One - Food & Drink Design,"« Found a Chanterelle Told No One » en typographie minimaliste et percutante. Un design pour les gourmand·es et accros au café. Idée cadeau parfaite, à porter ou offrir. Disponible sur t-shirt, sweat, sticker, mug, tote bag, poster et plus. #food_drink #typographie","foodie gift, coffee lover, food humor, caffeine, brunch, found, chanterelle, told, mushroom foraging, food & drink, funny shirt, typography, minimalist, aesthetic, gift idea, trendy design, statement tee, for men, for women",produits/niches/mf_chanterelle_en__dark.png | produits/niches/mf_chanterelle_en__light.png
mf_galerina_en,niches,food_drink,Food & Drink,mushroom_foraging,en,Galerina Looks Like Honey Fungus Learn the Difference - Food & Drink Design,"« Galerina Looks Like Honey Fungus Learn the Difference » en typographie minimaliste et percutante. Un design pour les gourmand·es et accros au café. Idée cadeau parfaite, à porter ou offrir. Disponible sur t-shirt, sweat, sticker, mug, tote bag, poster et plus. #food_drink #typographie","foodie gift, coffee lover, food humor, caffeine, brunch, galerina, looks, honey, fungus, learn, mushroom foraging, food & drink, funny shirt, typography, minimalist, aesthetic, gift idea, trendy design, statement tee, for men, for women",produits/niches/mf_galerina_en__dark.png | produits/niches/mf_galerina_en__light.png
mf_inoculation_en,niches,food_drink,Food & Drink,mushroom_foraging,en,I Inoculate Logs on the Weekend - Food & Drink Design,"« I Inoculate Logs on the Weekend » en typographie minimaliste et percutante. Un design pour les gourmand·es et accros au café. Idée cadeau parfaite, à porter ou offrir. Disponible sur t-shirt, sweat, sticker, mug, tote bag, poster et plus. #food_drink #typographie","foodie gift, coffee lover, food humor, caffeine, brunch, inoculate, logs, weekend, mushroom foraging, food & drink, funny shirt, typography, minimalist, aesthetic, gift idea, trendy design, statement tee, for men, for women",produits/niches/mf_inoculation_en__dark.png | produits/niches/mf_inoculation_en__light.png
mf_spore_print_en,niches,food_drink,Food & Drink,mushroom_foraging,en,When in Doubt Take a Spore Print - Food & Drink Design,"« When in Doubt Take a Spore Print » en typographie minimaliste et percutante. Un design pour les gourmand·es et accros au café. Idée cadeau parfaite, à porter ou offrir. Disponible sur t-shirt, sweat, sticker, mug, tote bag, poster et plus. #food_drink #typographie","foodie gift, coffee lover, food humor, caffeine, brunch, doubt, take, spore, print, mushroom foraging, food & drink, funny shirt, typography, minimalist, aesthetic, gift idea, trendy design, statement tee, for men, for women",produits/niches/mf_spore_print_en__dark.png | produits/niches/mf_spore_print_en__light.png
mf_spot_en,niches,food_drink,Food & Drink,mushroom_foraging,en,I Never Reveal My Spot - Food & Drink Design,"« I Never Reveal My Spot » en typographie minimaliste et percutante. Un design pour les gourmand·es et accros au café. Idée cadeau parfaite, à porter ou offrir. Disponible sur t-shirt, sweat, sticker, mug, tote bag, poster et plus. #food_drink #typographie","foodie gift, coffee lover, food humor, caffeine, brunch, never, reveal, spot, mushroom foraging, food & drink, funny shirt, typography, minimalist, aesthetic, gift idea, trendy design, statement tee, for men, for women",produits/niches/mf_spot_en__dark.png | produits/niches/mf_spot_en__light.png
nurse_coffee_lives_en,niches,professions,Jobs & Professions,nurses,en,Powered by Coffee & Saving Lives - Jobs & Professions Design,"« Powered by Coffee & Saving Lives » en typographie minimaliste et percutante. Un design pour celles et ceux qui assument leur métier. Idée cadeau parfaite, à porter ou offrir. Disponible sur t-shirt, sweat, sticker, mug, tote bag, poster et plus. #professions #typographie","nurse gift, teacher gift, coworker gift, job humor, profession, powered, coffee, saving, lives, nurses, jobs & professions, funny shirt, typography, minimalist, aesthetic, gift idea, trendy design, statement tee, for men, for women",produits/niches/nurse_coffee_lives_en__dark.png | produits/niches/nurse_coffee_lives_en__light.png
nurse_mode_on_en,niches,professions,Jobs & Professions,nurses,en,Nurse Mode On - Jobs & Professions Design,"« Nurse Mode On » en typographie minimaliste et percutante. Un design pour celles et ceux qui assument leur métier. Idée cadeau parfaite, à porter ou offrir. Disponible sur t-shirt, sweat, sticker, mug, tote bag, poster et plus. #professions #typographie","nurse gift, teacher gift, coworker gift, job humor, profession, nurse, mode, nurses, jobs & professions, funny shirt, typography, minimalist, aesthetic, gift idea, trendy design, statement tee, for men, for women",produits/niches/nurse_mode_on_en__dark.png | produits/niches/nurse_mode_on_en__light.png
nurse_sedate_en,niches,professions,Jobs & Professions,nurses,en,Can't Fix Stupid But I Can Sedate It - Jobs & Professions Design,"« Can't Fix Stupid But I Can Sedate It » en typographie minimaliste et percutante. Un design pour celles et ceux qui assument leur métier. Idée cadeau parfaite, à porter ou offrir. Disponible sur t-shirt, sweat, sticker, mug, tote bag, poster et plus. #professions #typographie","nurse gift, teacher gift, coworker gift, job humor, profession, can't, stupid, sedate, nurses, jobs & professions, funny shirt, typography, minimalist, aesthetic, gift idea, trendy design, statement tee, for men, for women",produits/niches/nurse_sedate_en__dark.png | produits/niches/nurse_sedate_en__light.png
nurse_superhero_en,niches,professions,Jobs & Professions,nurses,en,Nurse: Because Superhero Isn't a Job - Jobs & Professions Design,"« Nurse: Because Superhero Isn't a Job » en typographie minimaliste et percutante. Un design pour celles et ceux qui assument leur métier. Idée cadeau parfaite, à porter ou offrir. Disponible sur t-shirt, sweat, sticker, mug, tote bag, poster et plus. #professions #typographie","nurse gift, teacher gift, coworker gift, job humor, profession, nurse, because, superhero, isn't, nurses, jobs & professions, funny shirt, typography, minimalist, aesthetic, gift idea, trendy design, statement tee, for men, for women",produits/niches/nurse_superhero_en__dark.png | produits/niches/nurse_superhero_en__light.png
padel_cant_en,niches,humor,Funny & Sarcastic,padel,en,Sorry I Can't I Have Padel - Funny & Sarcastic Design,"« Sorry I Can't I Have Padel » en typographie minimaliste et percutante. Un design pour tous ceux qui ont de l'humour. Idée cadeau parfaite, à porter ou offrir. Disponible sur t-shirt, sweat, sticker, mug, tote bag, poster et plus. #humor #typographie","funny saying, sarcastic, sarcasm, humor, meme shirt, funny quote, relatable, sorry, can't, padel, funny & sarcastic, funny shirt, typography, minimalist, aesthetic, gift idea, trendy design, statement tee, for men, for women",produits/niches/padel_cant_en__dark.png | produits/niches/padel_cant_en__light.png
padel_cant_fr,niches,humor,Funny & Sarcastic,padel,fr,Désolé Je Peux Pas J'ai Padel - Funny & Sarcastic (French) Design,"« Désolé Je Peux Pas J'ai Padel » en typographie minimaliste et percutante. Un design pour tous ceux qui ont de l'humour. Idée cadeau parfaite, à porter ou offrir. Disponible sur t-shirt, sweat, sticker, mug, tote bag, poster et plus. #humor #typographie","funny saying, sarcastic, sarcasm, humor, meme shirt, funny quote, relatable, désolé, peux, j'ai, padel, funny & sarcastic, funny shirt, typography, minimalist, aesthetic, gift idea, trendy design, statement tee, for men, for women",produits/niches/padel_cant_fr__dark.png | produits/niches/padel_cant_fr__light.png
padel_life_en,niches,humor,Funny & Sarcastic,padel,en,Padel Is Life - Funny & Sarcastic Design,"« Padel Is Life » en typographie minimaliste et percutante. Un design pour tous ceux qui ont de l'humour. Idée cadeau parfaite, à porter ou offrir. Disponible sur t-shirt, sweat, sticker, mug, tote bag, poster et plus. #humor #typographie","funny saying, sarcastic, sarcasm, humor, meme shirt, funny quote, relatable, padel, life, funny & sarcastic, funny shirt, typography, minimalist, aesthetic, gift idea, trendy design, statement tee, for men, for women",produits/niches/padel_life_en__dark.png | produits/niches/padel_life_en__light.png
paint_accidents_en,niches,humor,Funny & Sarcastic,painting,en,Happy Little Accidents - Funny & Sarcastic Design,"« Happy Little Accidents » en typographie minimaliste et percutante. Un design pour tous ceux qui ont de l'humour. Idée cadeau parfaite, à porter ou offrir. Disponible sur t-shirt, sweat, sticker, mug, tote bag, poster et plus. #humor #typographie","funny saying, sarcastic, sarcasm, humor, meme shirt, funny quote, relatable, happy, little, accidents, painting, funny & sarcastic, funny shirt, typography, minimalist, aesthetic, gift idea, trendy design, statement tee, for men, for women",produits/niches/paint_accidents_en__dark.png | produits/niches/paint_accidents_en__light.png
paint_mess_en,niches,humor,Funny & Sarcastic,painting,en,I Make Messes on Canvas - Funny & Sarcastic Design,"« I Make Messes on Canvas » en typographie minimaliste et percutante. Un design pour tous ceux qui ont de l'humour. Idée cadeau parfaite, à porter ou offrir. Disponible sur t-shirt, sweat, sticker, mug, tote bag, poster et plus. #humor #typographie","funny saying, sarcastic, sarcasm, humor, meme shirt, funny quote, relatable, make, messes, canvas, painting, funny & sarcastic, funny shirt, typography, minimalist, aesthetic, gift idea, trendy design, statement tee, for men, for women",produits/niches/paint_mess_en__dark.png | produits/niches/paint_mess_en__light.png
paint_therapy_en,niches,humor,Funny & Sarcastic,painting,en,Art Is My Therapy - Funny & Sarcastic Design,"« Art Is My Therapy » en typographie minimaliste et percutante. Un design pour tous ceux qui ont de l'humour. Idée cadeau parfaite, à porter ou offrir. Disponible sur t-shirt, sweat, sticker, mug, tote bag, poster et plus. #humor #typographie","funny saying, sarcastic, sarcasm, humor, meme shirt, funny quote, relatable, therapy, painting, funny & sarcastic, funny shirt, typography, minimalist, aesthetic, gift idea, trendy design, statement tee, for men, for women",produits/niches/paint_therapy_en__dark.png | produits/niches/paint_therapy_en__light.png
parr_flock_en,niches,pets,Pets & Dog Lovers,parrots,en,Flock This - Pets & Dog Lovers Design,"« Flock This » en typographie minimaliste et percutante. Un design pour les maîtres d'animaux. Idée cadeau parfaite, à porter ou offrir. Disponible sur t-shirt, sweat, sticker, mug, tote bag, poster et plus. #pets #typographie","dog mom, pet lover, dog dad, reptile, animal parent, flock, parrots, pets & dog lovers, funny shirt, typography, minimalist, aesthetic, gift idea, trendy design, statement tee, for men, for women",produits/niches/parr_flock_en__dark.png | produits/niches/parr_flock_en__light.png
parr_judges_en,niches,pets,Pets & Dog Lovers,parrots,en,My Parrot Judges You - Pets & Dog Lovers Design,"« My Parrot Judges You » en typographie minimaliste et percutante. Un design pour les maîtres d'animaux. Idée cadeau parfaite, à porter ou offrir. Disponible sur t-shirt, sweat, sticker, mug, tote bag, poster et plus. #pets #typographie","dog mom, pet lover, dog dad, reptile, animal parent, parrot, judges, parrots, pets & dog lovers, funny shirt, typography, minimalist, aesthetic, gift idea, trendy design, statement tee, for men, for women",produits/niches/parr_judges_en__dark.png | produits/niches/parr_judges_en__light.png
parr_polly_en,niches,pets,Pets & Dog Lovers,parrots,en,Polly Wants Everything - Pets & Dog Lovers Design,"« Polly Wants Everything » en typographie minimaliste et percutante. Un design pour les maîtres d'animaux. Idée cadeau parfaite, à porter ou offrir. Disponible sur t-shirt, sweat, sticker, mug, tote bag, poster et plus. #pets #typographie","dog mom, pet lover, dog dad, reptile, animal parent, polly, wants, everything, parrots, pets & dog lovers, funny shirt, typography, minimalist, aesthetic, gift idea, trendy design, statement tee, for men, for women",produits/niches/parr_polly_en__dark.png | produits/niches/parr_polly_en__light.png
bake_better_place_en,niches,humor,Funny & Sarcastic,pastry,en,Bake the World a Better Place - Funny & Sarcastic Design,"« Bake the World a Better Place » en typographie minimaliste et percutante. Un design pour tous ceux qui ont de l'humour. Idée cadeau parfaite, à porter ou offrir. Disponible sur t-shirt, sweat, sticker, mug, tote bag, poster et plus. #humor #typographie","funny saying, sarcastic, sarcasm, humor, meme shirt, funny quote, relatable, bake, world, better, place, pastry, funny & sarcastic, funny shirt, typography, minimalist, aesthetic, gift idea, trendy design, statement tee, for men, for women",produits/niches/bake_better_place_en__dark.png | produits/niches/bake_better_place_en__light.png
bake_butter_trust_en,niches,humor,Funny & Sarcastic,pastry,en,In Butter We Trust - Funny & Sarcastic Design,"« In Butter We Trust » en typographie minimaliste et percutante. Un design pour tous ceux qui ont de l'humour. Idée cadeau parfaite, à porter ou offrir. Disponible sur t-shirt, sweat, sticker, mug, tote bag, poster et plus. #humor #typographie","funny saying, sarcastic, sarcasm, humor, meme shirt, funny quote, relatable, butter, trust, pastry, funny & sarcastic, funny shirt, typography, minimalist, aesthetic, gift idea, trendy design, statement tee, for men, for women",produits/niches/bake_butter_trust_en__dark.png | produits/niches/bake_butter_trust_en__light.png
bake_messy_kitchen_en,niches,humor,Funny & Sarcastic,pastry,en,Messy Kitchen Delicious Results - Funny & Sarcastic Design,"« Messy Kitchen Delicious Results » en typographie minimaliste et percutante. Un design pour tous ceux qui ont de l'humour. Idée cadeau parfaite, à porter ou offrir. Disponible sur t-shirt, sweat, sticker, mug, tote bag, poster et plus. #humor #typographie","funny saying, sarcastic, sarcasm, humor, meme shirt, funny quote, relatable, messy, kitchen, delicious, results, pastry, funny & sarcastic, funny shirt, typography, minimalist, aesthetic, gift idea, trendy design, statement tee, for men, for women",produits/niches/bake_messy_kitchen_en__dark.png | produits/niches/bake_messy_kitchen_en__light.png
bake_whisked_en,niches,humor,Funny & Sarcastic,pastry,en,Whisked & Ready - Funny & Sarcastic Design,"« Whisked & Ready » en typographie minimaliste et percutante. Un design pour tous ceux qui ont de l'humour. Idée cadeau parfaite, à porter ou offrir. Disponible sur t-shirt, sweat, sticker, mug, tote bag, poster et plus. #humor #typographie","funny saying, sarcastic, sarcasm, humor, meme shirt, funny quote, relatable, whisked, ready, pastry, funny & sarcastic, funny shirt, typography, minimalist, aesthetic, gift idea, trendy design, statement tee, for men, for women",produits/niches/bake_whisked_en__dark.png | produits/niches/bake_whisked_en__light.png
phleb_find_veins_en,niches,humor,Funny & Sarcastic,phlebotomist,en,I Find Veins for a Living - Funny & Sarcastic Design,"« I Find Veins for a Living » en typographie minimaliste et percutante. Un design pour tous ceux qui ont de l'humour. Idée cadeau parfaite, à porter ou offrir. Disponible sur t-shirt, sweat, sticker, mug, tote bag, poster et plus. #humor #typographie","funny saying, sarcastic, sarcasm, humor, meme shirt, funny quote, relatable, find, veins, living, phlebotomist, funny & sarcastic, funny shirt, typography, minimalist, aesthetic, gift idea, trendy design, statement tee, for men, for women",produits/niches/phleb_find_veins_en__dark.png | produits/niches/phleb_find_veins_en__light.png
phleb_hard_stick_en,niches,humor,Funny & Sarcastic,phlebotomist,en,Hard Stick? Challenge Accepted - Funny & Sarcastic Design,"« Hard Stick? Challenge Accepted » en typographie minimaliste et percutante. Un design pour tous ceux qui ont de l'humour. Idée cadeau parfaite, à porter ou offrir. Disponible sur t-shirt, sweat, sticker, mug, tote bag, poster et plus. #humor #typographie","funny saying, sarcastic, sarcasm, humor, meme shirt, funny quote, relatable, hard, stick, challenge, accepted, phlebotomist, funny & sarcastic, funny shirt, typography, minimalist, aesthetic, gift idea, trendy design, statement tee, for men, for women",produits/niches/phleb_hard_stick_en__dark.png | produits/niches/phleb_hard_stick_en__light.png
phleb_here_for_veins_en,niches,humor,Funny & Sarcastic,phlebotomist,en,I'm Just Here for the Veins - Funny & Sarcastic Design,"« I'm Just Here for the Veins » en typographie minimaliste et percutante. Un design pour tous ceux qui ont de l'humour. Idée cadeau parfaite, à porter ou offrir. Disponible sur t-shirt, sweat, sticker, mug, tote bag, poster et plus. #humor #typographie","funny saying, sarcastic, sarcasm, humor, meme shirt, funny quote, relatable, here, veins, phlebotomist, funny & sarcastic, funny shirt, typography, minimalist, aesthetic, gift idea, trendy design, statement tee, for men, for women",produits/niches/phleb_here_for_veins_en__dark.png | produits/niches/phleb_here_for_veins_en__light.png
phleb_your_type_en,niches,humor,Funny & Sarcastic,phlebotomist,en,Whatever Your Type I'll Find It - Funny & Sarcastic Design,"« Whatever Your Type I'll Find It » en typographie minimaliste et percutante. Un design pour tous ceux qui ont de l'humour. Idée cadeau parfaite, à porter ou offrir. Disponible sur t-shirt, sweat, sticker, mug, tote bag, poster et plus. #humor #typographie","funny saying, sarcastic, sarcasm, humor, meme shirt, funny quote, relatable, whatever, type, i'll, find, phlebotomist, funny & sarcastic, funny shirt, typography, minimalist, aesthetic, gift idea, trendy design, statement tee, for men, for women",produits/niches/phleb_your_type_en__dark.png | produits/niches/phleb_your_type_en__light.png
photo_golden_hour_en,niches,hobbies_craft,Hobbies & Crafts,photography,en,Chasing Golden Hour - Hobbies & Crafts Design,"« Chasing Golden Hour » en typographie minimaliste et percutante. Un design pour les passionné·es. Idée cadeau parfaite, à porter ou offrir. Disponible sur t-shirt, sweat, sticker, mug, tote bag, poster et plus. #hobbies_craft #typographie","hobby gift, craft lover, reading, crochet, fishing, camping, chasing, golden, hour, photography, hobbies & crafts, funny shirt, typography, minimalist, aesthetic, gift idea, trendy design, statement tee, for men, for women",produits/niches/photo_golden_hour_en__dark.png | produits/niches/photo_golden_hour_en__light.png
photo_lens_en,niches,hobbies_craft,Hobbies & Crafts,photography,en,Life Through a Lens - Hobbies & Crafts Design,"« Life Through a Lens » en typographie minimaliste et percutante. Un design pour les passionné·es. Idée cadeau parfaite, à porter ou offrir. Disponible sur t-shirt, sweat, sticker, mug, tote bag, poster et plus. #hobbies_craft #typographie","hobby gift, craft lover, reading, crochet, fishing, camping, life, through, lens, photography, hobbies & crafts, funny shirt, typography, minimalist, aesthetic, gift idea, trendy design, statement tee, for men, for women",produits/niches/photo_lens_en__dark.png | produits/niches/photo_lens_en__light.png
photo_shoot_first_en,niches,hobbies_craft,Hobbies & Crafts,photography,en,Shoot First Ask Later - Hobbies & Crafts Design,"« Shoot First Ask Later » en typographie minimaliste et percutante. Un design pour les passionné·es. Idée cadeau parfaite, à porter ou offrir. Disponible sur t-shirt, sweat, sticker, mug, tote bag, poster et plus. #hobbies_craft #typographie","hobby gift, craft lover, reading, crochet, fishing, camping, shoot, first, later, photography, hobbies & crafts, funny shirt, typography, minimalist, aesthetic, gift idea, trendy design, statement tee, for men, for women",produits/niches/photo_shoot_first_en__dark.png | produits/niches/photo_shoot_first_en__light.png
pt_fix_people_en,niches,humor,Funny & Sarcastic,physical_therapist,en,I Fix People - Funny & Sarcastic Design,"« I Fix People » en typographie minimaliste et percutante. Un design pour tous ceux qui ont de l'humour. Idée cadeau parfaite, à porter ou offrir. Disponible sur t-shirt, sweat, sticker, mug, tote bag, poster et plus. #humor #typographie","funny saying, sarcastic, sarcasm, humor, meme shirt, funny quote, relatable, people, physical therapist, funny & sarcastic, funny shirt, typography, minimalist, aesthetic, gift idea, trendy design, statement tee, for men, for women",produits/niches/pt_fix_people_en__dark.png | produits/niches/pt_fix_people_en__light.png
pt_move_it_en,niches,humor,Funny & Sarcastic,physical_therapist,en,Move It or Lose It - Funny & Sarcastic Design,"« Move It or Lose It » en typographie minimaliste et percutante. Un design pour tous ceux qui ont de l'humour. Idée cadeau parfaite, à porter ou offrir. Disponible sur t-shirt, sweat, sticker, mug, tote bag, poster et plus. #humor #typographie","funny saying, sarcastic, sarcasm, humor, meme shirt, funny quote, relatable, move, lose, physical therapist, funny & sarcastic, funny shirt, typography, minimalist, aesthetic, gift idea, trendy design, statement tee, for men, for women",produits/niches/pt_move_it_en__dark.png | produits/niches/pt_move_it_en__light.png
pt_pain_tolerance_en,niches,humor,Funny & Sarcastic,physical_therapist,en,PT: Pain Tolerance Trainer - Funny & Sarcastic Design,"« PT: Pain Tolerance Trainer » en typographie minimaliste et percutante. Un design pour tous ceux qui ont de l'humour. Idée cadeau parfaite, à porter ou offrir. Disponible sur t-shirt, sweat, sticker, mug, tote bag, poster et plus. #humor #typographie","funny saying, sarcastic, sarcasm, humor, meme shirt, funny quote, relatable, pain, tolerance, trainer, physical therapist, funny & sarcastic, funny shirt, typography, minimalist, aesthetic, gift idea, trendy design, statement tee, for men, for women",produits/niches/pt_pain_tolerance_en__dark.png | produits/niches/pt_pain_tolerance_en__light.png
pickle_cardio_en,niches,food_drink,Food & Drink,pickleball,en,Pickleball Is My Cardio - Food & Drink Design,"« Pickleball Is My Cardio » en typographie minimaliste et percutante. Un design pour les gourmand·es et accros au café. Idée cadeau parfaite, à porter ou offrir. Disponible sur t-shirt, sweat, sticker, mug, tote bag, poster et plus. #food_drink #typographie","foodie gift, coffee lover, food humor, caffeine, brunch, pickleball, cardio, food & drink, funny shirt, typography, minimalist, aesthetic, gift idea, trendy design, statement tee, for men, for women",produits/niches/pickle_cardio_en__dark.png | produits/niches/pickle_cardio_en__light.png
pickle_dink_responsibly_en,niches,food_drink,Food & Drink,pickleball,en,Dink Responsibly - Food & Drink Design,"« Dink Responsibly » en typographie minimaliste et percutante. Un design pour les gourmand·es et accros au café. Idée cadeau parfaite, à porter ou offrir. Disponible sur t-shirt, sweat, sticker, mug, tote bag, poster et plus. #food_drink #typographie","foodie gift, coffee lover, food humor, caffeine, brunch, dink, responsibly, pickleball, food & drink, funny shirt, typography, minimalist, aesthetic, gift idea, trendy design, statement tee, for men, for women",produits/niches/pickle_dink_responsibly_en__dark.png | produits/niches/pickle_dink_responsibly_en__light.png
pickle_repeat_en,niches,food_drink,Food & Drink,pickleball,en,Eat. Sleep. Dink. Repeat. - Food & Drink Design,"« Eat. Sleep. Dink. Repeat. » en typographie minimaliste et percutante. Un design pour les gourmand·es et accros au café. Idée cadeau parfaite, à porter ou offrir. Disponible sur t-shirt, sweat, sticker, mug, tote bag, poster et plus. #food_drink #typographie","foodie gift, coffee lover, food humor, caffeine, brunch, sleep, dink, repeat, pickleball, food & drink, funny shirt, typography, minimalist, aesthetic, gift idea, trendy design, statement tee, for men, for women",produits/niches/pickle_repeat_en__dark.png | produits/niches/pickle_repeat_en__light.png
pickle_sorry_cant_en,niches,food_drink,Food & Drink,pickleball,en,Sorry I Can't I Have Pickleball - Food & Drink Design,"« Sorry I Can't I Have Pickleball » en typographie minimaliste et percutante. Un design pour les gourmand·es et accros au café. Idée cadeau parfaite, à porter ou offrir. Disponible sur t-shirt, sweat, sticker, mug, tote bag, poster et plus. #food_drink #typographie","foodie gift, coffee lover, food humor, caffeine, brunch, sorry, can't, pickleball, food & drink, funny shirt, typography, minimalist, aesthetic, gift idea, trendy design, statement tee, for men, for women",produits/niches/pickle_sorry_cant_en__dark.png | produits/niches/pickle_sorry_cant_en__light.png
pilates_core_en,niches,humor,Funny & Sarcastic,pilates,en,Core Values: Pilates - Funny & Sarcastic Design,"« Core Values: Pilates » en typographie minimaliste et percutante. Un design pour tous ceux qui ont de l'humour. Idée cadeau parfaite, à porter ou offrir. Disponible sur t-shirt, sweat, sticker, mug, tote bag, poster et plus. #humor #typographie","funny saying, sarcastic, sarcasm, humor, meme shirt, funny quote, relatable, core, values, pilates, funny & sarcastic, funny shirt, typography, minimalist, aesthetic, gift idea, trendy design, statement tee, for men, for women",produits/niches/pilates_core_en__dark.png | produits/niches/pilates_core_en__light.png
pilates_made_me_en,niches,humor,Funny & Sarcastic,pilates,en,Pilates Made Me Do It - Funny & Sarcastic Design,"« Pilates Made Me Do It » en typographie minimaliste et percutante. Un design pour tous ceux qui ont de l'humour. Idée cadeau parfaite, à porter ou offrir. Disponible sur t-shirt, sweat, sticker, mug, tote bag, poster et plus. #humor #typographie","funny saying, sarcastic, sarcasm, humor, meme shirt, funny quote, relatable, pilates, made, funny & sarcastic, funny shirt, typography, minimalist, aesthetic, gift idea, trendy design, statement tee, for men, for women",produits/niches/pilates_made_me_en__dark.png | produits/niches/pilates_made_me_en__light.png
pilates_reformer_en,niches,humor,Funny & Sarcastic,pilates,en,Reformer Girl - Funny & Sarcastic Design,"« Reformer Girl » en typographie minimaliste et percutante. Un design pour tous ceux qui ont de l'humour. Idée cadeau parfaite, à porter ou offrir. Disponible sur t-shirt, sweat, sticker, mug, tote bag, poster et plus. #humor #typographie","funny saying, sarcastic, sarcasm, humor, meme shirt, funny quote, relatable, reformer, girl, pilates, funny & sarcastic, funny shirt, typography, minimalist, aesthetic, gift idea, trendy design, statement tee, for men, for women",produits/niches/pilates_reformer_en__dark.png | produits/niches/pilates_reformer_en__light.png
aoh_nature_en,niches,plants_garden,Plants & Garden,plants_over_humans,en,Trees Don't Ghost You I'm Just Saying - Plants & Garden Design,"« Trees Don't Ghost You I'm Just Saying » en typographie minimaliste et percutante. Un design pour les accros aux plantes. Idée cadeau parfaite, à porter ou offrir. Disponible sur t-shirt, sweat, sticker, mug, tote bag, poster et plus. #plants_garden #typographie","plant lover, plant mom, gardening, botanical, succulent, trees, don't, ghost, saying, plants over humans, plants & garden, funny shirt, typography, minimalist, aesthetic, gift idea, trendy design, statement tee, for men, for women",produits/niches/aoh_nature_en__dark.png | produits/niches/aoh_nature_en__light.png
aoh_nature_fr,niches,plants_garden,Plants & Garden,plants_over_humans,fr,La forêt ne me juge pas Les gens oui - Plants & Garden (French) Design,"« La forêt ne me juge pas Les gens oui » en typographie minimaliste et percutante. Un design pour les accros aux plantes. Idée cadeau parfaite, à porter ou offrir. Disponible sur t-shirt, sweat, sticker, mug, tote bag, poster et plus. #plants_garden #typographie","plant lover, plant mom, gardening, botanical, succulent, forêt, juge, gens, plants over humans, plants & garden, funny shirt, typography, minimalist, aesthetic, gift idea, trendy design, statement tee, for men, for women",produits/niches/aoh_nature_fr__dark.png | produits/niches/aoh_nature_fr__light.png
aoh_plants_en,niches,plants_garden,Plants & Garden,plants_over_humans,en,My Plants Listen People Interrupt - Plants & Garden Design,"« My Plants Listen People Interrupt » en typographie minimaliste et percutante. Un design pour les accros aux plantes. Idée cadeau parfaite, à porter ou offrir. Disponible sur t-shirt, sweat, sticker, mug, tote bag, poster et plus. #plants_garden #typographie","plant lover, plant mom, gardening, botanical, succulent, plants, listen, people, interrupt, plants over humans, plants & garden, funny shirt, typography, minimalist, aesthetic, gift idea, trendy design, statement tee, for men, for women",produits/niches/aoh_plants_en__dark.png | produits/niches/aoh_plants_en__light.png
aoh_plants_fr,niches,plants_garden,Plants & Garden,plants_over_humans,fr,Mes plantes m'écoutent Les gens m'oublient - Plants & Garden (French) Design,"« Mes plantes m'écoutent Les gens m'oublient » en typographie minimaliste et percutante. Un design pour les accros aux plantes. Idée cadeau parfaite, à porter ou offrir. Disponible sur t-shirt, sweat, sticker, mug, tote bag, poster et plus. #plants_garden #typographie","plant lover, plant mom, gardening, botanical, succulent, plantes, m'écoutent, gens, m'oublient, plants over humans, plants & garden, funny shirt, typography, minimalist, aesthetic, gift idea, trendy design, statement tee, for men, for women",produits/niches/aoh_plants_fr__dark.png | produits/niches/aoh_plants_fr__light.png
aoh_wifi_fr,niches,plants_garden,Plants & Garden,plants_over_humans,fr,Mes plantes n'ont pas besoin de WiFi pour pousser - Plants & Garden (French) Design,"« Mes plantes n'ont pas besoin de WiFi pour pousser » en typographie minimaliste et percutante. Un design pour les accros aux plantes. Idée cadeau parfaite, à porter ou offrir. Disponible sur t-shirt, sweat, sticker, mug, tote bag, poster et plus. #plants_garden #typographie","plant lover, plant mom, gardening, botanical, succulent, plantes, n'ont, besoin, wifi, pousser, plants over humans, plants & garden, funny shirt, typography, minimalist, aesthetic, gift idea, trendy design, statement tee, for men, for women",produits/niches/aoh_wifi_fr__dark.png | produits/niches/aoh_wifi_fr__light.png
pott_center_en,niches,hobbies_craft,Hobbies & Crafts,pottery,en,Center or Die Trying - Hobbies & Crafts Design,"« Center or Die Trying » en typographie minimaliste et percutante. Un design pour les passionné·es. Idée cadeau parfaite, à porter ou offrir. Disponible sur t-shirt, sweat, sticker, mug, tote bag, poster et plus. #hobbies_craft #typographie","hobby gift, craft lover, reading, crochet, fishing, camping, center, trying, pottery, hobbies & crafts, funny shirt, typography, minimalist, aesthetic, gift idea, trendy design, statement tee, for men, for women",produits/niches/pott_center_en__dark.png | produits/niches/pott_center_en__light.png
pott_cone6_en,niches,hobbies_craft,Hobbies & Crafts,pottery,en,Cone 6 Not Negotiable - Hobbies & Crafts Design,"« Cone 6 Not Negotiable » en typographie minimaliste et percutante. Un design pour les passionné·es. Idée cadeau parfaite, à porter ou offrir. Disponible sur t-shirt, sweat, sticker, mug, tote bag, poster et plus. #hobbies_craft #typographie","hobby gift, craft lover, reading, crochet, fishing, camping, cone, negotiable, pottery, hobbies & crafts, funny shirt, typography, minimalist, aesthetic, gift idea, trendy design, statement tee, for men, for women",produits/niches/pott_cone6_en__dark.png | produits/niches/pott_cone6_en__light.png
pott_exploded_kiln_en,niches,hobbies_craft,Hobbies & Crafts,pottery,en,Exploded in the Kiln Character Building - Hobbies & Crafts Design,"« Exploded in the Kiln Character Building » en typographie minimaliste et percutante. Un design pour les passionné·es. Idée cadeau parfaite, à porter ou offrir. Disponible sur t-shirt, sweat, sticker, mug, tote bag, poster et plus. #hobbies_craft #typographie","hobby gift, craft lover, reading, crochet, fishing, camping, exploded, kiln, character, building, pottery, hobbies & crafts, funny shirt, typography, minimalist, aesthetic, gift idea, trendy design, statement tee, for men, for women",produits/niches/pott_exploded_kiln_en__dark.png | produits/niches/pott_exploded_kiln_en__light.png
pott_pull_en,niches,hobbies_craft,Hobbies & Crafts,pottery,en,Pulling Walls Finding Zen - Hobbies & Crafts Design,"« Pulling Walls Finding Zen » en typographie minimaliste et percutante. Un design pour les passionné·es. Idée cadeau parfaite, à porter ou offrir. Disponible sur t-shirt, sweat, sticker, mug, tote bag, poster et plus. #hobbies_craft #typographie","hobby gift, craft lover, reading, crochet, fishing, camping, pulling, walls, finding, pottery, hobbies & crafts, funny shirt, typography, minimalist, aesthetic, gift idea, trendy design, statement tee, for men, for women",produits/niches/pott_pull_en__dark.png | produits/niches/pott_pull_en__light.png
pott_reclaim_en,niches,hobbies_craft,Hobbies & Crafts,pottery,en,Reclaim the Clay Reclaim Your Soul - Hobbies & Crafts Design,"« Reclaim the Clay Reclaim Your Soul » en typographie minimaliste et percutante. Un design pour les passionné·es. Idée cadeau parfaite, à porter ou offrir. Disponible sur t-shirt, sweat, sticker, mug, tote bag, poster et plus. #hobbies_craft #typographie","hobby gift, craft lover, reading, crochet, fishing, camping, reclaim, clay, soul, pottery, hobbies & crafts, funny shirt, typography, minimalist, aesthetic, gift idea, trendy design, statement tee, for men, for women",produits/niches/pott_reclaim_en__dark.png | produits/niches/pott_reclaim_en__light.png
pott_scrack_en,niches,hobbies_craft,Hobbies & Crafts,pottery,en,S-Crack Again. Of Course. - Hobbies & Crafts Design,"« S-Crack Again. Of Course. » en typographie minimaliste et percutante. Un design pour les passionné·es. Idée cadeau parfaite, à porter ou offrir. Disponible sur t-shirt, sweat, sticker, mug, tote bag, poster et plus. #hobbies_craft #typographie","hobby gift, craft lover, reading, crochet, fishing, camping, crack, again, course, pottery, hobbies & crafts, funny shirt, typography, minimalist, aesthetic, gift idea, trendy design, statement tee, for men, for women",produits/niches/pott_scrack_en__dark.png | produits/niches/pott_scrack_en__light.png
pott_wedge_en,niches,hobbies_craft,Hobbies & Crafts,pottery,en,I Wedge So I Don't Have to Think - Hobbies & Crafts Design,"« I Wedge So I Don't Have to Think » en typographie minimaliste et percutante. Un design pour les passionné·es. Idée cadeau parfaite, à porter ou offrir. Disponible sur t-shirt, sweat, sticker, mug, tote bag, poster et plus. #hobbies_craft #typographie","hobby gift, craft lover, reading, crochet, fishing, camping, wedge, don't, think, pottery, hobbies & crafts, funny shirt, typography, minimalist, aesthetic, gift idea, trendy design, statement tee, for men, for women",produits/niches/pott_wedge_en__dark.png | produits/niches/pott_wedge_en__light.png
enc_ask_first_en,niches,humor,Funny & Sarcastic,pregnancy_notouch,en,Belly Belongs to Baby Not to You. Ask First. - Funny & Sarcastic Design,"« Belly Belongs to Baby Not to You. Ask First. » en typographie minimaliste et percutante. Un design pour tous ceux qui ont de l'humour. Idée cadeau parfaite, à porter ou offrir. Disponible sur t-shirt, sweat, sticker, mug, tote bag, poster et plus. #humor #typographie","funny saying, sarcastic, sarcasm, humor, meme shirt, funny quote, relatable, belly, belongs, baby, first, pregnancy notouch, funny & sarcastic, funny shirt, typography, minimalist, aesthetic, gift idea, trendy design, statement tee, for men, for women",produits/niches/enc_ask_first_en__dark.png | produits/niches/enc_ask_first_en__light.png
enc_barriga_es,niches,humor,Funny & Sarcastic,pregnancy_notouch,es,Embarazada No toques la barriga - Funny & Sarcastic (Spanish) Design,"« Embarazada No toques la barriga » en typographie minimaliste et percutante. Un design pour tous ceux qui ont de l'humour. Idée cadeau parfaite, à porter ou offrir. Disponible sur t-shirt, sweat, sticker, mug, tote bag, poster et plus. #humor #typographie","funny saying, sarcastic, sarcasm, humor, meme shirt, funny quote, relatable, embarazada, toques, barriga, pregnancy notouch, funny & sarcastic, funny shirt, typography, minimalist, aesthetic, gift idea, trendy design, statement tee, for men, for women",produits/niches/enc_barriga_es__dark.png | produits/niches/enc_barriga_es__light.png
enc_bauch_de,niches,humor,Funny & Sarcastic,pregnancy_notouch,de,Finger weg vom Bauch Das ist keine Einladung - Funny & Sarcastic (German) Design,"« Finger weg vom Bauch Das ist keine Einladung » en typographie minimaliste et percutante. Un design pour tous ceux qui ont de l'humour. Idée cadeau parfaite, à porter ou offrir. Disponible sur t-shirt, sweat, sticker, mug, tote bag, poster et plus. #humor #typographie","funny saying, sarcastic, sarcasm, humor, meme shirt, funny quote, relatable, finger, bauch, keine, einladung, pregnancy notouch, funny & sarcastic, funny shirt, typography, minimalist, aesthetic, gift idea, trendy design, statement tee, for men, for women",produits/niches/enc_bauch_de__dark.png | produits/niches/enc_bauch_de__light.png
enc_bump_en,niches,humor,Funny & Sarcastic,pregnancy_notouch,en,Touch the Bump Lose the Hand - Funny & Sarcastic Design,"« Touch the Bump Lose the Hand » en typographie minimaliste et percutante. Un design pour tous ceux qui ont de l'humour. Idée cadeau parfaite, à porter ou offrir. Disponible sur t-shirt, sweat, sticker, mug, tote bag, poster et plus. #humor #typographie","funny saying, sarcastic, sarcasm, humor, meme shirt, funny quote, relatable, touch, bump, lose, hand, pregnancy notouch, funny & sarcastic, funny shirt, typography, minimalist, aesthetic, gift idea, trendy design, statement tee, for men, for women",produits/niches/enc_bump_en__dark.png | produits/niches/enc_bump_en__light.png
enc_dare_en,niches,humor,Funny & Sarcastic,pregnancy_notouch,en,Pregnant Touch My Belly. I Dare You. - Funny & Sarcastic Design,"« Pregnant Touch My Belly. I Dare You. » en typographie minimaliste et percutante. Un design pour tous ceux qui ont de l'humour. Idée cadeau parfaite, à porter ou offrir. Disponible sur t-shirt, sweat, sticker, mug, tote bag, poster et plus. #humor #typographie","funny saying, sarcastic, sarcasm, humor, meme shirt, funny quote, relatable, pregnant, touch, belly, dare, pregnancy notouch, funny & sarcastic, funny shirt, typography, minimalist, aesthetic, gift idea, trendy design, statement tee, for men, for women",produits/niches/enc_dare_en__dark.png | produits/niches/enc_dare_en__light.png
enc_hands_en,niches,humor,Funny & Sarcastic,pregnancy_notouch,en,Baby Inside Hands Outside - Funny & Sarcastic Design,"« Baby Inside Hands Outside » en typographie minimaliste et percutante. Un design pour tous ceux qui ont de l'humour. Idée cadeau parfaite, à porter ou offrir. Disponible sur t-shirt, sweat, sticker, mug, tote bag, poster et plus. #humor #typographie","funny saying, sarcastic, sarcasm, humor, meme shirt, funny quote, relatable, baby, inside, hands, outside, pregnancy notouch, funny & sarcastic, funny shirt, typography, minimalist, aesthetic, gift idea, trendy design, statement tee, for men, for women",produits/niches/enc_hands_en__dark.png | produits/niches/enc_hands_en__light.png
enc_oblige_fr,niches,humor,Funny & Sarcastic,pregnancy_notouch,fr,"Enceinte, mais tu n'es vraiment pas obligé de toucher - Funny & Sarcastic (French) Design","« Enceinte, mais tu n'es vraiment pas obligé de toucher » en typographie minimaliste et percutante. Un design pour tous ceux qui ont de l'humour. Idée cadeau parfaite, à porter ou offrir. Disponible sur t-shirt, sweat, sticker, mug, tote bag, poster et plus. #humor #typographie","funny saying, sarcastic, sarcasm, humor, meme shirt, funny quote, relatable, enceinte, n'es, vraiment, obligé, toucher, pregnancy notouch, funny & sarcastic, funny shirt, typography, minimalist, aesthetic, gift idea, trendy design, statement tee, for men, for women",produits/niches/enc_oblige_fr__dark.png | produits/niches/enc_oblige_fr__light.png
enc_pas_petting_zoo_fr,niches,adult_humor,Adult & Rude Humor,pregnancy_notouch,fr,Je ne suis pas un zoo de contact - Adult & Rude Humor (French) Design,"« Je ne suis pas un zoo de contact » en typographie minimaliste et percutante. Un design pour les amateur·ices d'humour cru. Idée cadeau parfaite, à porter ou offrir. Disponible sur t-shirt, sweat, sticker, mug, tote bag, poster et plus. #adult_humor #typographie","rude shirt, offensive gift, sarcastic, adult humor, insult, suis, contact, pregnancy notouch, adult & rude humor, funny shirt, typography, minimalist, aesthetic, gift idea, trendy design, statement tee, for men, for women",produits/niches/enc_pas_petting_zoo_fr__dark.png | produits/niches/enc_pas_petting_zoo_fr__light.png
enc_permission_fr,niches,humor,Funny & Sarcastic,pregnancy_notouch,fr,Aucune permission de toucher N'a été accordée - Funny & Sarcastic (French) Design,"« Aucune permission de toucher N'a été accordée » en typographie minimaliste et percutante. Un design pour tous ceux qui ont de l'humour. Idée cadeau parfaite, à porter ou offrir. Disponible sur t-shirt, sweat, sticker, mug, tote bag, poster et plus. #humor #typographie","funny saying, sarcastic, sarcasm, humor, meme shirt, funny quote, relatable, aucune, permission, toucher, accordée, pregnancy notouch, funny & sarcastic, funny shirt, typography, minimalist, aesthetic, gift idea, trendy design, statement tee, for men, for women",produits/niches/enc_permission_fr__dark.png | produits/niches/enc_permission_fr__light.png
enc_petting_zoo_en,niches,humor,Funny & Sarcastic,pregnancy_notouch,en,Not a Petting Zoo I'm Just Pregnant - Funny & Sarcastic Design,"« Not a Petting Zoo I'm Just Pregnant » en typographie minimaliste et percutante. Un design pour tous ceux qui ont de l'humour. Idée cadeau parfaite, à porter ou offrir. Disponible sur t-shirt, sweat, sticker, mug, tote bag, poster et plus. #humor #typographie","funny saying, sarcastic, sarcasm, humor, meme shirt, funny quote, relatable, petting, pregnant, pregnancy notouch, funny & sarcastic, funny shirt, typography, minimalist, aesthetic, gift idea, trendy design, statement tee, for men, for women",produits/niches/enc_petting_zoo_en__dark.png | produits/niches/enc_petting_zoo_en__light.png
enc_pied_fr,niches,humor,Funny & Sarcastic,pregnancy_notouch,fr,Touche mon ventre et mon pied touche ton c - Funny & Sarcastic (French) Design,"« Touche mon ventre et mon pied touche ton c » en typographie minimaliste et percutante. Un design pour tous ceux qui ont de l'humour. Idée cadeau parfaite, à porter ou offrir. Disponible sur t-shirt, sweat, sticker, mug, tote bag, poster et plus. #humor #typographie","funny saying, sarcastic, sarcasm, humor, meme shirt, funny quote, relatable, touche, ventre, pied, pregnancy notouch, funny & sarcastic, funny shirt, typography, minimalist, aesthetic, gift idea, trendy design, statement tee, for men, for women",produits/niches/enc_pied_fr__dark.png | produits/niches/enc_pied_fr__light.png
enc_touche_fr,niches,humor,Funny & Sarcastic,pregnancy_notouch,fr,Enceinte Touche et vois ce qui arrive - Funny & Sarcastic (French) Design,"« Enceinte Touche et vois ce qui arrive » en typographie minimaliste et percutante. Un design pour tous ceux qui ont de l'humour. Idée cadeau parfaite, à porter ou offrir. Disponible sur t-shirt, sweat, sticker, mug, tote bag, poster et plus. #humor #typographie","funny saying, sarcastic, sarcasm, humor, meme shirt, funny quote, relatable, enceinte, touche, vois, arrive, pregnancy notouch, funny & sarcastic, funny shirt, typography, minimalist, aesthetic, gift idea, trendy design, statement tee, for men, for women",produits/niches/enc_touche_fr__dark.png | produits/niches/enc_touche_fr__light.png
bunny_fluff_en,niches,pets,Pets & Dog Lovers,rabbits,en,Fluff Addict - Pets & Dog Lovers Design,"« Fluff Addict » en typographie minimaliste et percutante. Un design pour les maîtres d'animaux. Idée cadeau parfaite, à porter ou offrir. Disponible sur t-shirt, sweat, sticker, mug, tote bag, poster et plus. #pets #typographie","dog mom, pet lover, dog dad, reptile, animal parent, fluff, addict, rabbits, pets & dog lovers, funny shirt, typography, minimalist, aesthetic, gift idea, trendy design, statement tee, for men, for women",produits/niches/bunny_fluff_en__dark.png | produits/niches/bunny_fluff_en__light.png
bunny_mom_en,niches,family,Family & Dad/Mom,rabbits,en,Bunny Mom & Loving It - Family & Dad/Mom Design,"« Bunny Mom & Loving It » en typographie minimaliste et percutante. Un design pour les papas, mamans et familles. Idée cadeau parfaite, à porter ou offrir. Disponible sur t-shirt, sweat, sticker, mug, tote bag, poster et plus. #family #typographie","dad gift, mom gift, fathers day, mothers day, family, grandma, bunny, loving, rabbits, family & dad/mom, funny shirt, typography, minimalist, aesthetic, gift idea, trendy design, statement tee, for men, for women",produits/niches/bunny_mom_en__dark.png | produits/niches/bunny_mom_en__light.png
bunny_runs_house_en,niches,pets,Pets & Dog Lovers,rabbits,en,My Rabbit Runs This House - Pets & Dog Lovers Design,"« My Rabbit Runs This House » en typographie minimaliste et percutante. Un design pour les maîtres d'animaux. Idée cadeau parfaite, à porter ou offrir. Disponible sur t-shirt, sweat, sticker, mug, tote bag, poster et plus. #pets #typographie","dog mom, pet lover, dog dad, reptile, animal parent, rabbit, runs, house, rabbits, pets & dog lovers, funny shirt, typography, minimalist, aesthetic, gift idea, trendy design, statement tee, for men, for women",produits/niches/bunny_runs_house_en__dark.png | produits/niches/bunny_runs_house_en__light.png
re_always_open_en,niches,travel,Travel & Places,real_estate,en,Real Estate Agent Always Open - Travel & Places Design,"« Real Estate Agent Always Open » en typographie minimaliste et percutante. Un design pour les voyageur·ses. Idée cadeau parfaite, à porter ou offrir. Disponible sur t-shirt, sweat, sticker, mug, tote bag, poster et plus. #travel #typographie","travel gift, wanderlust, adventure, usa states, outdoors, real, estate, agent, always, open, real estate, travel & places, funny shirt, typography, minimalist, aesthetic, gift idea, trendy design, statement tee, for men, for women",produits/niches/re_always_open_en__dark.png | produits/niches/re_always_open_en__light.png
re_dreams_en,niches,travel,Travel & Places,real_estate,en,I Don't Sell Homes I Sell Dreams - Travel & Places Design,"« I Don't Sell Homes I Sell Dreams » en typographie minimaliste et percutante. Un design pour les voyageur·ses. Idée cadeau parfaite, à porter ou offrir. Disponible sur t-shirt, sweat, sticker, mug, tote bag, poster et plus. #travel #typographie","travel gift, wanderlust, adventure, usa states, outdoors, don't, sell, homes, dreams, real estate, travel & places, funny shirt, typography, minimalist, aesthetic, gift idea, trendy design, statement tee, for men, for women",produits/niches/re_dreams_en__dark.png | produits/niches/re_dreams_en__light.png
re_sanity_en,niches,travel,Travel & Places,real_estate,en,For Sale: My Sanity - Travel & Places Design,"« For Sale: My Sanity » en typographie minimaliste et percutante. Un design pour les voyageur·ses. Idée cadeau parfaite, à porter ou offrir. Disponible sur t-shirt, sweat, sticker, mug, tote bag, poster et plus. #travel #typographie","travel gift, wanderlust, adventure, usa states, outdoors, sale, sanity, real estate, travel & places, funny shirt, typography, minimalist, aesthetic, gift idea, trendy design, statement tee, for men, for women",produits/niches/re_sanity_en__dark.png | produits/niches/re_sanity_en__light.png
reef_alk_crash_en,niches,humor,Funny & Sarcastic,reef_tank,en,Alk Crashed at 3am Classic Tuesday - Funny & Sarcastic Design,"« Alk Crashed at 3am Classic Tuesday » en typographie minimaliste et percutante. Un design pour tous ceux qui ont de l'humour. Idée cadeau parfaite, à porter ou offrir. Disponible sur t-shirt, sweat, sticker, mug, tote bag, poster et plus. #humor #typographie","funny saying, sarcastic, sarcasm, humor, meme shirt, funny quote, relatable, crashed, classic, tuesday, reef tank, funny & sarcastic, funny shirt, typography, minimalist, aesthetic, gift idea, trendy design, statement tee, for men, for women",produits/niches/reef_alk_crash_en__dark.png | produits/niches/reef_alk_crash_en__light.png
reef_big3_en,niches,humor,Funny & Sarcastic,reef_tank,en,Alk. Calc. Mag. The Holy Trinity - Funny & Sarcastic Design,"« Alk. Calc. Mag. The Holy Trinity » en typographie minimaliste et percutante. Un design pour tous ceux qui ont de l'humour. Idée cadeau parfaite, à porter ou offrir. Disponible sur t-shirt, sweat, sticker, mug, tote bag, poster et plus. #humor #typographie","funny saying, sarcastic, sarcasm, humor, meme shirt, funny quote, relatable, calc, holy, trinity, reef tank, funny & sarcastic, funny shirt, typography, minimalist, aesthetic, gift idea, trendy design, statement tee, for men, for women",produits/niches/reef_big3_en__dark.png | produits/niches/reef_big3_en__light.png
reef_frag_en,niches,humor,Funny & Sarcastic,reef_tank,en,I Frag My Corals They're Fine with It - Funny & Sarcastic Design,"« I Frag My Corals They're Fine with It » en typographie minimaliste et percutante. Un design pour tous ceux qui ont de l'humour. Idée cadeau parfaite, à porter ou offrir. Disponible sur t-shirt, sweat, sticker, mug, tote bag, poster et plus. #humor #typographie","funny saying, sarcastic, sarcasm, humor, meme shirt, funny quote, relatable, frag, corals, they're, fine, reef tank, funny & sarcastic, funny shirt, typography, minimalist, aesthetic, gift idea, trendy design, statement tee, for men, for women",produits/niches/reef_frag_en__dark.png | produits/niches/reef_frag_en__light.png
reef_rodi_en,niches,humor,Funny & Sarcastic,reef_tank,en,RODI or the Tank Dies. Simple. - Funny & Sarcastic Design,"« RODI or the Tank Dies. Simple. » en typographie minimaliste et percutante. Un design pour tous ceux qui ont de l'humour. Idée cadeau parfaite, à porter ou offrir. Disponible sur t-shirt, sweat, sticker, mug, tote bag, poster et plus. #humor #typographie","funny saying, sarcastic, sarcasm, humor, meme shirt, funny quote, relatable, rodi, tank, dies, simple, reef tank, funny & sarcastic, funny shirt, typography, minimalist, aesthetic, gift idea, trendy design, statement tee, for men, for women",produits/niches/reef_rodi_en__dark.png | produits/niches/reef_rodi_en__light.png
reef_skimmer_en,niches,humor,Funny & Sarcastic,reef_tank,en,Skimmer Overflowed Life Is Pain - Funny & Sarcastic Design,"« Skimmer Overflowed Life Is Pain » en typographie minimaliste et percutante. Un design pour tous ceux qui ont de l'humour. Idée cadeau parfaite, à porter ou offrir. Disponible sur t-shirt, sweat, sticker, mug, tote bag, poster et plus. #humor #typographie","funny saying, sarcastic, sarcasm, humor, meme shirt, funny quote, relatable, skimmer, overflowed, life, pain, reef tank, funny & sarcastic, funny shirt, typography, minimalist, aesthetic, gift idea, trendy design, statement tee, for men, for women",produits/niches/reef_skimmer_en__dark.png | produits/niches/reef_skimmer_en__light.png
reef_softies_en,niches,humor,Funny & Sarcastic,reef_tank,en,"SPS, LPS, Softies I Speak All Three - Funny & Sarcastic Design","« SPS, LPS, Softies I Speak All Three » en typographie minimaliste et percutante. Un design pour tous ceux qui ont de l'humour. Idée cadeau parfaite, à porter ou offrir. Disponible sur t-shirt, sweat, sticker, mug, tote bag, poster et plus. #humor #typographie","funny saying, sarcastic, sarcasm, humor, meme shirt, funny quote, relatable, softies, speak, three, reef tank, funny & sarcastic, funny shirt, typography, minimalist, aesthetic, gift idea, trendy design, statement tee, for men, for women",produits/niches/reef_softies_en__dark.png | produits/niches/reef_softies_en__light.png
reef_sps_flow_en,niches,humor,Funny & Sarcastic,reef_tank,en,My SPS Needs More Flow Than I Do - Funny & Sarcastic Design,"« My SPS Needs More Flow Than I Do » en typographie minimaliste et percutante. Un design pour tous ceux qui ont de l'humour. Idée cadeau parfaite, à porter ou offrir. Disponible sur t-shirt, sweat, sticker, mug, tote bag, poster et plus. #humor #typographie","funny saying, sarcastic, sarcasm, humor, meme shirt, funny quote, relatable, needs, more, flow, than, reef tank, funny & sarcastic, funny shirt, typography, minimalist, aesthetic, gift idea, trendy design, statement tee, for men, for women",produits/niches/reef_sps_flow_en__dark.png | produits/niches/reef_sps_flow_en__light.png
rept_lizard_mom_en,niches,family,Family & Dad/Mom,reptiles,en,Lizard Mom & Cold Blooded - Family & Dad/Mom Design,"« Lizard Mom & Cold Blooded » en typographie minimaliste et percutante. Un design pour les papas, mamans et familles. Idée cadeau parfaite, à porter ou offrir. Disponible sur t-shirt, sweat, sticker, mug, tote bag, poster et plus. #family #typographie","dad gift, mom gift, fathers day, mothers day, family, grandma, lizard, cold, blooded, reptiles, family & dad/mom, funny shirt, typography, minimalist, aesthetic, gift idea, trendy design, statement tee, for men, for women",produits/niches/rept_lizard_mom_en__dark.png | produits/niches/rept_lizard_mom_en__light.png
rept_scale_mom_en,niches,family,Family & Dad/Mom,reptiles,en,Scale Mom - Family & Dad/Mom Design,"« Scale Mom » en typographie minimaliste et percutante. Un design pour les papas, mamans et familles. Idée cadeau parfaite, à porter ou offrir. Disponible sur t-shirt, sweat, sticker, mug, tote bag, poster et plus. #family #typographie","dad gift, mom gift, fathers day, mothers day, family, grandma, scale, reptiles, family & dad/mom, funny shirt, typography, minimalist, aesthetic, gift idea, trendy design, statement tee, for men, for women",produits/niches/rept_scale_mom_en__dark.png | produits/niches/rept_scale_mom_en__light.png
rept_snek_en,niches,pets,Pets & Dog Lovers,reptiles,en,Danger Noodle Owner - Pets & Dog Lovers Design,"« Danger Noodle Owner » en typographie minimaliste et percutante. Un design pour les maîtres d'animaux. Idée cadeau parfaite, à porter ou offrir. Disponible sur t-shirt, sweat, sticker, mug, tote bag, poster et plus. #pets #typographie","dog mom, pet lover, dog dad, reptile, animal parent, danger, noodle, owner, reptiles, pets & dog lovers, funny shirt, typography, minimalist, aesthetic, gift idea, trendy design, statement tee, for men, for women",produits/niches/rept_snek_en__dark.png | produits/niches/rept_snek_en__light.png
retro_insert_coffee_en,niches,food_drink,Food & Drink,retro_gaming,en,Game Over? Insert Coffee - Food & Drink Design,"« Game Over? Insert Coffee » en typographie minimaliste et percutante. Un design pour les gourmand·es et accros au café. Idée cadeau parfaite, à porter ou offrir. Disponible sur t-shirt, sweat, sticker, mug, tote bag, poster et plus. #food_drink #typographie","foodie gift, coffee lover, food humor, caffeine, brunch, game, over, insert, coffee, retro gaming, food & drink, funny shirt, typography, minimalist, aesthetic, gift idea, trendy design, statement tee, for men, for women",produits/niches/retro_insert_coffee_en__dark.png | produits/niches/retro_insert_coffee_en__light.png
retro_modern_problems_en,niches,gaming_geek,Gaming & Geek,retro_gaming,en,Retro Gamer Modern Problems - Gaming & Geek Design,"« Retro Gamer Modern Problems » en typographie minimaliste et percutante. Un design pour les gamers et geeks. Idée cadeau parfaite, à porter ou offrir. Disponible sur t-shirt, sweat, sticker, mug, tote bag, poster et plus. #gaming_geek #typographie","gamer gift, gaming, nerd, geek, anime, dnd, retro, gamer, modern, problems, retro gaming, gaming & geek, funny shirt, typography, minimalist, aesthetic, gift idea, trendy design, statement tee, for men, for women",produits/niches/retro_modern_problems_en__dark.png | produits/niches/retro_modern_problems_en__light.png
retro_press_start_en,niches,gaming_geek,Gaming & Geek,retro_gaming,en,Press Start to Adult - Gaming & Geek Design,"« Press Start to Adult » en typographie minimaliste et percutante. Un design pour les gamers et geeks. Idée cadeau parfaite, à porter ou offrir. Disponible sur t-shirt, sweat, sticker, mug, tote bag, poster et plus. #gaming_geek #typographie","gamer gift, gaming, nerd, geek, anime, dnd, press, start, adult, retro gaming, gaming & geek, funny shirt, typography, minimalist, aesthetic, gift idea, trendy design, statement tee, for men, for women",produits/niches/retro_press_start_en__dark.png | produits/niches/retro_press_start_en__light.png
retro_save_point_en,niches,gaming_geek,Gaming & Geek,retro_gaming,en,Saved by the Save Point - Gaming & Geek Design,"« Saved by the Save Point » en typographie minimaliste et percutante. Un design pour les gamers et geeks. Idée cadeau parfaite, à porter ou offrir. Disponible sur t-shirt, sweat, sticker, mug, tote bag, poster et plus. #gaming_geek #typographie","gamer gift, gaming, nerd, geek, anime, dnd, saved, save, point, retro gaming, gaming & geek, funny shirt, typography, minimalist, aesthetic, gift idea, trendy design, statement tee, for men, for women",produits/niches/retro_save_point_en__dark.png | produits/niches/retro_save_point_en__light.png
run_26_2_en,niches,fitness_sport,Sport & Fitness,running,en,13.1 Halfway There - Sport & Fitness Design,"« 13.1 Halfway There » en typographie minimaliste et percutante. Un design pour les sportif·ves. Idée cadeau parfaite, à porter ou offrir. Disponible sur t-shirt, sweat, sticker, mug, tote bag, poster et plus. #fitness_sport #typographie","gym gift, fitness, running, yoga, sport, football, halfway, there, sport & fitness, funny shirt, typography, minimalist, aesthetic, gift idea, trendy design, statement tee, for men, for women",produits/niches/run_26_2_en__dark.png | produits/niches/run_26_2_en__light.png
run_5k_before_en,niches,fitness_sport,Sport & Fitness,running,en,5K Before Your 5K - Sport & Fitness Design,"« 5K Before Your 5K » en typographie minimaliste et percutante. Un design pour les sportif·ves. Idée cadeau parfaite, à porter ou offrir. Disponible sur t-shirt, sweat, sticker, mug, tote bag, poster et plus. #fitness_sport #typographie","gym gift, fitness, running, yoga, sport, football, before, sport & fitness, funny shirt, typography, minimalist, aesthetic, gift idea, trendy design, statement tee, for men, for women",produits/niches/run_5k_before_en__dark.png | produits/niches/run_5k_before_en__light.png
run_cardio_en,niches,fitness_sport,Sport & Fitness,running,en,Running Late Is My Cardio - Sport & Fitness Design,"« Running Late Is My Cardio » en typographie minimaliste et percutante. Un design pour les sportif·ves. Idée cadeau parfaite, à porter ou offrir. Disponible sur t-shirt, sweat, sticker, mug, tote bag, poster et plus. #fitness_sport #typographie","gym gift, fitness, running, yoga, sport, football, late, cardio, sport & fitness, funny shirt, typography, minimalist, aesthetic, gift idea, trendy design, statement tee, for men, for women",produits/niches/run_cardio_en__dark.png | produits/niches/run_cardio_en__light.png
run_faster_en,niches,fitness_sport,Sport & Fitness,running,en,I Run Faster Than My Problems - Sport & Fitness Design,"« I Run Faster Than My Problems » en typographie minimaliste et percutante. Un design pour les sportif·ves. Idée cadeau parfaite, à porter ou offrir. Disponible sur t-shirt, sweat, sticker, mug, tote bag, poster et plus. #fitness_sport #typographie","gym gift, fitness, running, yoga, sport, football, faster, than, problems, sport & fitness, funny shirt, typography, minimalist, aesthetic, gift idea, trendy design, statement tee, for men, for women",produits/niches/run_faster_en__dark.png | produits/niches/run_faster_en__light.png
sail_email_less_en,niches,humor,Funny & Sarcastic,sailing,en,Sail More Email Less - Funny & Sarcastic Design,"« Sail More Email Less » en typographie minimaliste et percutante. Un design pour tous ceux qui ont de l'humour. Idée cadeau parfaite, à porter ou offrir. Disponible sur t-shirt, sweat, sticker, mug, tote bag, poster et plus. #humor #typographie","funny saying, sarcastic, sarcasm, humor, meme shirt, funny quote, relatable, sail, more, email, less, sailing, funny & sarcastic, funny shirt, typography, minimalist, aesthetic, gift idea, trendy design, statement tee, for men, for women",produits/niches/sail_email_less_en__dark.png | produits/niches/sail_email_less_en__light.png
sail_prevails_en,niches,humor,Funny & Sarcastic,sailing,en,She Who Sails Prevails - Funny & Sarcastic Design,"« She Who Sails Prevails » en typographie minimaliste et percutante. Un design pour tous ceux qui ont de l'humour. Idée cadeau parfaite, à porter ou offrir. Disponible sur t-shirt, sweat, sticker, mug, tote bag, poster et plus. #humor #typographie","funny saying, sarcastic, sarcasm, humor, meme shirt, funny quote, relatable, sails, prevails, sailing, funny & sarcastic, funny shirt, typography, minimalist, aesthetic, gift idea, trendy design, statement tee, for men, for women",produits/niches/sail_prevails_en__dark.png | produits/niches/sail_prevails_en__light.png
sail_wind_en,niches,humor,Funny & Sarcastic,sailing,en,Wind in My Sails - Funny & Sarcastic Design,"« Wind in My Sails » en typographie minimaliste et percutante. Un design pour tous ceux qui ont de l'humour. Idée cadeau parfaite, à porter ou offrir. Disponible sur t-shirt, sweat, sticker, mug, tote bag, poster et plus. #humor #typographie","funny saying, sarcastic, sarcasm, humor, meme shirt, funny quote, relatable, wind, sails, sailing, funny & sarcastic, funny shirt, typography, minimalist, aesthetic, gift idea, trendy design, statement tee, for men, for women",produits/niches/sail_wind_en__dark.png | produits/niches/sail_wind_en__light.png
scuba_rather_underwater_en,niches,fitness_sport,Sport & Fitness,scuba,en,I'd Rather Be Underwater - Sport & Fitness Design,"« I'd Rather Be Underwater » en typographie minimaliste et percutante. Un design pour les sportif·ves. Idée cadeau parfaite, à porter ou offrir. Disponible sur t-shirt, sweat, sticker, mug, tote bag, poster et plus. #fitness_sport #typographie","gym gift, fitness, running, yoga, sport, football, rather, underwater, scuba, sport & fitness, funny shirt, typography, minimalist, aesthetic, gift idea, trendy design, statement tee, for men, for women",produits/niches/scuba_rather_underwater_en__dark.png | produits/niches/scuba_rather_underwater_en__light.png
scuba_repeat_en,niches,fitness_sport,Sport & Fitness,scuba,en,Eat. Sleep. Dive. Repeat. - Sport & Fitness Design,"« Eat. Sleep. Dive. Repeat. » en typographie minimaliste et percutante. Un design pour les sportif·ves. Idée cadeau parfaite, à porter ou offrir. Disponible sur t-shirt, sweat, sticker, mug, tote bag, poster et plus. #fitness_sport #typographie","gym gift, fitness, running, yoga, sport, football, sleep, dive, repeat, scuba, sport & fitness, funny shirt, typography, minimalist, aesthetic, gift idea, trendy design, statement tee, for men, for women",produits/niches/scuba_repeat_en__dark.png | produits/niches/scuba_repeat_en__light.png
sew_life_short_en,niches,hobbies_craft,Hobbies & Crafts,sewing,en,Life Is Too Short for Bad Fabric - Hobbies & Crafts Design,"« Life Is Too Short for Bad Fabric » en typographie minimaliste et percutante. Un design pour les passionné·es. Idée cadeau parfaite, à porter ou offrir. Disponible sur t-shirt, sweat, sticker, mug, tote bag, poster et plus. #hobbies_craft #typographie","hobby gift, craft lover, reading, crochet, fishing, camping, life, short, fabric, sewing, hobbies & crafts, funny shirt, typography, minimalist, aesthetic, gift idea, trendy design, statement tee, for men, for women",produits/niches/sew_life_short_en__dark.png | produits/niches/sew_life_short_en__light.png
sew_quilt_en,niches,hobbies_craft,Hobbies & Crafts,sewing,en,Quilts Are Just Fabric Hugs - Hobbies & Crafts Design,"« Quilts Are Just Fabric Hugs » en typographie minimaliste et percutante. Un design pour les passionné·es. Idée cadeau parfaite, à porter ou offrir. Disponible sur t-shirt, sweat, sticker, mug, tote bag, poster et plus. #hobbies_craft #typographie","hobby gift, craft lover, reading, crochet, fishing, camping, quilts, fabric, hugs, sewing, hobbies & crafts, funny shirt, typography, minimalist, aesthetic, gift idea, trendy design, statement tee, for men, for women",produits/niches/sew_quilt_en__dark.png | produits/niches/sew_quilt_en__light.png
sew_seam_stress_en,niches,hobbies_craft,Hobbies & Crafts,sewing,en,Seam Stress - Hobbies & Crafts Design,"« Seam Stress » en typographie minimaliste et percutante. Un design pour les passionné·es. Idée cadeau parfaite, à porter ou offrir. Disponible sur t-shirt, sweat, sticker, mug, tote bag, poster et plus. #hobbies_craft #typographie","hobby gift, craft lover, reading, crochet, fishing, camping, seam, stress, sewing, hobbies & crafts, funny shirt, typography, minimalist, aesthetic, gift idea, trendy design, statement tee, for men, for women",produits/niches/sew_seam_stress_en__dark.png | produits/niches/sew_seam_stress_en__light.png
sew_stitch_witch_en,niches,hobbies_craft,Hobbies & Crafts,sewing,en,Stitch Witch - Hobbies & Crafts Design,"« Stitch Witch » en typographie minimaliste et percutante. Un design pour les passionné·es. Idée cadeau parfaite, à porter ou offrir. Disponible sur t-shirt, sweat, sticker, mug, tote bag, poster et plus. #hobbies_craft #typographie","hobby gift, craft lover, reading, crochet, fishing, camping, stitch, witch, sewing, hobbies & crafts, funny shirt, typography, minimalist, aesthetic, gift idea, trendy design, statement tee, for men, for women",produits/niches/sew_stitch_witch_en__dark.png | produits/niches/sew_stitch_witch_en__light.png
ski_born_forced_en,niches,humor,Funny & Sarcastic,skiing,en,Born to Ski Forced to Work - Funny & Sarcastic Design,"« Born to Ski Forced to Work » en typographie minimaliste et percutante. Un design pour tous ceux qui ont de l'humour. Idée cadeau parfaite, à porter ou offrir. Disponible sur t-shirt, sweat, sticker, mug, tote bag, poster et plus. #humor #typographie","funny saying, sarcastic, sarcasm, humor, meme shirt, funny quote, relatable, born, forced, work, skiing, funny & sarcastic, funny shirt, typography, minimalist, aesthetic, gift idea, trendy design, statement tee, for men, for women",produits/niches/ski_born_forced_en__dark.png | produits/niches/ski_born_forced_en__light.png
ski_bum_en,niches,humor,Funny & Sarcastic,skiing,en,Ski Bum & Proud - Funny & Sarcastic Design,"« Ski Bum & Proud » en typographie minimaliste et percutante. Un design pour tous ceux qui ont de l'humour. Idée cadeau parfaite, à porter ou offrir. Disponible sur t-shirt, sweat, sticker, mug, tote bag, poster et plus. #humor #typographie","funny saying, sarcastic, sarcasm, humor, meme shirt, funny quote, relatable, proud, skiing, funny & sarcastic, funny shirt, typography, minimalist, aesthetic, gift idea, trendy design, statement tee, for men, for women",produits/niches/ski_bum_en__dark.png | produits/niches/ski_bum_en__light.png
ski_fresh_powder_en,niches,humor,Funny & Sarcastic,skiing,en,Fresh Powder Fresh Mindset - Funny & Sarcastic Design,"« Fresh Powder Fresh Mindset » en typographie minimaliste et percutante. Un design pour tous ceux qui ont de l'humour. Idée cadeau parfaite, à porter ou offrir. Disponible sur t-shirt, sweat, sticker, mug, tote bag, poster et plus. #humor #typographie","funny saying, sarcastic, sarcasm, humor, meme shirt, funny quote, relatable, fresh, powder, mindset, skiing, funny & sarcastic, funny shirt, typography, minimalist, aesthetic, gift idea, trendy design, statement tee, for men, for women",produits/niches/ski_fresh_powder_en__dark.png | produits/niches/ski_fresh_powder_en__light.png
ski_slopes_en,niches,humor,Funny & Sarcastic,skiing,en,Life Is Better on the Slopes - Funny & Sarcastic Design,"« Life Is Better on the Slopes » en typographie minimaliste et percutante. Un design pour tous ceux qui ont de l'humour. Idée cadeau parfaite, à porter ou offrir. Disponible sur t-shirt, sweat, sticker, mug, tote bag, poster et plus. #humor #typographie","funny saying, sarcastic, sarcasm, humor, meme shirt, funny quote, relatable, life, better, slopes, skiing, funny & sarcastic, funny shirt, typography, minimalist, aesthetic, gift idea, trendy design, statement tee, for men, for women",produits/niches/ski_slopes_en__dark.png | produits/niches/ski_slopes_en__light.png
snow_powder_en,niches,humor,Funny & Sarcastic,snowboarding,en,Powder Seeker - Funny & Sarcastic Design,"« Powder Seeker » en typographie minimaliste et percutante. Un design pour tous ceux qui ont de l'humour. Idée cadeau parfaite, à porter ou offrir. Disponible sur t-shirt, sweat, sticker, mug, tote bag, poster et plus. #humor #typographie","funny saying, sarcastic, sarcasm, humor, meme shirt, funny quote, relatable, powder, seeker, snowboarding, funny & sarcastic, funny shirt, typography, minimalist, aesthetic, gift idea, trendy design, statement tee, for men, for women",produits/niches/snow_powder_en__dark.png | produits/niches/snow_powder_en__light.png
snow_shred_en,niches,humor,Funny & Sarcastic,snowboarding,en,Shred the Gnar - Funny & Sarcastic Design,"« Shred the Gnar » en typographie minimaliste et percutante. Un design pour tous ceux qui ont de l'humour. Idée cadeau parfaite, à porter ou offrir. Disponible sur t-shirt, sweat, sticker, mug, tote bag, poster et plus. #humor #typographie","funny saying, sarcastic, sarcasm, humor, meme shirt, funny quote, relatable, shred, gnar, snowboarding, funny & sarcastic, funny shirt, typography, minimalist, aesthetic, gift idea, trendy design, statement tee, for men, for women",produits/niches/snow_shred_en__dark.png | produits/niches/snow_shred_en__light.png
snow_sideways_en,niches,humor,Funny & Sarcastic,snowboarding,en,Born Sideways - Funny & Sarcastic Design,"« Born Sideways » en typographie minimaliste et percutante. Un design pour tous ceux qui ont de l'humour. Idée cadeau parfaite, à porter ou offrir. Disponible sur t-shirt, sweat, sticker, mug, tote bag, poster et plus. #humor #typographie","funny saying, sarcastic, sarcasm, humor, meme shirt, funny quote, relatable, born, sideways, snowboarding, funny & sarcastic, funny shirt, typography, minimalist, aesthetic, gift idea, trendy design, statement tee, for men, for women",produits/niches/snow_sideways_en__dark.png | produits/niches/snow_sideways_en__light.png
sd_75_hydration_en,niches,food_drink,Food & Drink,sourdough,en,75% Hydration Was Hubris - Food & Drink Design,"« 75% Hydration Was Hubris » en typographie minimaliste et percutante. Un design pour les gourmand·es et accros au café. Idée cadeau parfaite, à porter ou offrir. Disponible sur t-shirt, sweat, sticker, mug, tote bag, poster et plus. #food_drink #typographie","foodie gift, coffee lover, food humor, caffeine, brunch, hydration, hubris, sourdough, food & drink, funny shirt, typography, minimalist, aesthetic, gift idea, trendy design, statement tee, for men, for women",produits/niches/sd_75_hydration_en__dark.png | produits/niches/sd_75_hydration_en__light.png
sd_alveolage_fr,niches,food_drink,Food & Drink,sourdough,fr,L'Alvéolage N'est Jamais Assez Ouvert - Food & Drink (French) Design,"« L'Alvéolage N'est Jamais Assez Ouvert » en typographie minimaliste et percutante. Un design pour les gourmand·es et accros au café. Idée cadeau parfaite, à porter ou offrir. Disponible sur t-shirt, sweat, sticker, mug, tote bag, poster et plus. #food_drink #typographie","foodie gift, coffee lover, food humor, caffeine, brunch, l'alvéolage, n'est, jamais, assez, ouvert, sourdough, food & drink, funny shirt, typography, minimalist, aesthetic, gift idea, trendy design, statement tee, for men, for women",produits/niches/sd_alveolage_fr__dark.png | produits/niches/sd_alveolage_fr__light.png
sd_bulk_one_more_hour_en,niches,food_drink,Food & Drink,sourdough,en,Bulk Ferment: Just One More Hour - Food & Drink Design,"« Bulk Ferment: Just One More Hour » en typographie minimaliste et percutante. Un design pour les gourmand·es et accros au café. Idée cadeau parfaite, à porter ou offrir. Disponible sur t-shirt, sweat, sticker, mug, tote bag, poster et plus. #food_drink #typographie","foodie gift, coffee lover, food humor, caffeine, brunch, bulk, ferment, more, hour, sourdough, food & drink, funny shirt, typography, minimalist, aesthetic, gift idea, trendy design, statement tee, for men, for women",produits/niches/sd_bulk_one_more_hour_en__dark.png | produits/niches/sd_bulk_one_more_hour_en__light.png
sd_discard_better_life_en,niches,food_drink,Food & Drink,sourdough,en,My Discard Has a Better Life Than Me - Food & Drink Design,"« My Discard Has a Better Life Than Me » en typographie minimaliste et percutante. Un design pour les gourmand·es et accros au café. Idée cadeau parfaite, à porter ou offrir. Disponible sur t-shirt, sweat, sticker, mug, tote bag, poster et plus. #food_drink #typographie","foodie gift, coffee lover, food humor, caffeine, brunch, discard, better, life, than, sourdough, food & drink, funny shirt, typography, minimalist, aesthetic, gift idea, trendy design, statement tee, for men, for women",produits/niches/sd_discard_better_life_en__dark.png | produits/niches/sd_discard_better_life_en__light.png
sd_fed_starter_first_en,niches,food_drink,Food & Drink,sourdough,en,Fed My Starter Before Myself. Again. - Food & Drink Design,"« Fed My Starter Before Myself. Again. » en typographie minimaliste et percutante. Un design pour les gourmand·es et accros au café. Idée cadeau parfaite, à porter ou offrir. Disponible sur t-shirt, sweat, sticker, mug, tote bag, poster et plus. #food_drink #typographie","foodie gift, coffee lover, food humor, caffeine, brunch, starter, before, myself, again, sourdough, food & drink, funny shirt, typography, minimalist, aesthetic, gift idea, trendy design, statement tee, for men, for women",produits/niches/sd_fed_starter_first_en__dark.png | produits/niches/sd_fed_starter_first_en__light.png
sd_float_test_en,niches,food_drink,Food & Drink,sourdough,en,My Float Test Lied Baked Anyway - Food & Drink Design,"« My Float Test Lied Baked Anyway » en typographie minimaliste et percutante. Un design pour les gourmand·es et accros au café. Idée cadeau parfaite, à porter ou offrir. Disponible sur t-shirt, sweat, sticker, mug, tote bag, poster et plus. #food_drink #typographie","foodie gift, coffee lover, food humor, caffeine, brunch, float, test, lied, baked, anyway, sourdough, food & drink, funny shirt, typography, minimalist, aesthetic, gift idea, trendy design, statement tee, for men, for women",produits/niches/sd_float_test_en__dark.png | produits/niches/sd_float_test_en__light.png
sd_levain_prenom_fr,niches,food_drink,Food & Drink,sourdough,fr,Mon Levain Se Prénomme Jean-Pierre - Food & Drink (French) Design,"« Mon Levain Se Prénomme Jean-Pierre » en typographie minimaliste et percutante. Un design pour les gourmand·es et accros au café. Idée cadeau parfaite, à porter ou offrir. Disponible sur t-shirt, sweat, sticker, mug, tote bag, poster et plus. #food_drink #typographie","foodie gift, coffee lover, food humor, caffeine, brunch, levain, prénomme, jean, pierre, sourdough, food & drink, funny shirt, typography, minimalist, aesthetic, gift idea, trendy design, statement tee, for men, for women",produits/niches/sd_levain_prenom_fr__dark.png | produits/niches/sd_levain_prenom_fr__light.png
sd_open_crumb_en,niches,food_drink,Food & Drink,sourdough,en,Open Crumb or Start Over - Food & Drink Design,"« Open Crumb or Start Over » en typographie minimaliste et percutante. Un design pour les gourmand·es et accros au café. Idée cadeau parfaite, à porter ou offrir. Disponible sur t-shirt, sweat, sticker, mug, tote bag, poster et plus. #food_drink #typographie","foodie gift, coffee lover, food humor, caffeine, brunch, open, crumb, start, over, sourdough, food & drink, funny shirt, typography, minimalist, aesthetic, gift idea, trendy design, statement tee, for men, for women",produits/niches/sd_open_crumb_en__dark.png | produits/niches/sd_open_crumb_en__light.png
slp_find_words_en,niches,humor,Funny & Sarcastic,speech_therapist,en,I Help People Find Their Words - Funny & Sarcastic Design,"« I Help People Find Their Words » en typographie minimaliste et percutante. Un design pour tous ceux qui ont de l'humour. Idée cadeau parfaite, à porter ou offrir. Disponible sur t-shirt, sweat, sticker, mug, tote bag, poster et plus. #humor #typographie","funny saying, sarcastic, sarcasm, humor, meme shirt, funny quote, relatable, help, people, find, their, words, speech therapist, funny & sarcastic, funny shirt, typography, minimalist, aesthetic, gift idea, trendy design, statement tee, for men, for women",produits/niches/slp_find_words_en__dark.png | produits/niches/slp_find_words_en__light.png
slp_proud_en,niches,humor,Funny & Sarcastic,speech_therapist,en,SLP & Proud - Funny & Sarcastic Design,"« SLP & Proud » en typographie minimaliste et percutante. Un design pour tous ceux qui ont de l'humour. Idée cadeau parfaite, à porter ou offrir. Disponible sur t-shirt, sweat, sticker, mug, tote bag, poster et plus. #humor #typographie","funny saying, sarcastic, sarcasm, humor, meme shirt, funny quote, relatable, proud, speech therapist, funny & sarcastic, funny shirt, typography, minimalist, aesthetic, gift idea, trendy design, statement tee, for men, for women",produits/niches/slp_proud_en__dark.png | produits/niches/slp_proud_en__light.png
slp_say_clearly_en,niches,humor,Funny & Sarcastic,speech_therapist,en,Keep Calm & Say It Clearly - Funny & Sarcastic Design,"« Keep Calm & Say It Clearly » en typographie minimaliste et percutante. Un design pour tous ceux qui ont de l'humour. Idée cadeau parfaite, à porter ou offrir. Disponible sur t-shirt, sweat, sticker, mug, tote bag, poster et plus. #humor #typographie","funny saying, sarcastic, sarcasm, humor, meme shirt, funny quote, relatable, keep, calm, clearly, speech therapist, funny & sarcastic, funny shirt, typography, minimalist, aesthetic, gift idea, trendy design, statement tee, for men, for women",produits/niches/slp_say_clearly_en__dark.png | produits/niches/slp_say_clearly_en__light.png
slp_word_nerd_en,niches,gaming_geek,Gaming & Geek,speech_therapist,en,Speech Therapist Word Nerd - Gaming & Geek Design,"« Speech Therapist Word Nerd » en typographie minimaliste et percutante. Un design pour les gamers et geeks. Idée cadeau parfaite, à porter ou offrir. Disponible sur t-shirt, sweat, sticker, mug, tote bag, poster et plus. #gaming_geek #typographie","gamer gift, gaming, nerd, geek, anime, dnd, speech, therapist, word, speech therapist, gaming & geek, funny shirt, typography, minimalist, aesthetic, gift idea, trendy design, statement tee, for men, for women",produits/niches/slp_word_nerd_en__dark.png | produits/niches/slp_word_nerd_en__light.png
succ_crazy_plant_lady_en,niches,plants_garden,Plants & Garden,succulents,en,Crazy Succulent Lady - Plants & Garden Design,"« Crazy Succulent Lady » en typographie minimaliste et percutante. Un design pour les accros aux plantes. Idée cadeau parfaite, à porter ou offrir. Disponible sur t-shirt, sweat, sticker, mug, tote bag, poster et plus. #plants_garden #typographie","plant lover, plant mom, gardening, botanical, succulent, crazy, lady, succulents, plants & garden, funny shirt, typography, minimalist, aesthetic, gift idea, trendy design, statement tee, for men, for women",produits/niches/succ_crazy_plant_lady_en__dark.png | produits/niches/succ_crazy_plant_lady_en__light.png
succ_looking_sharp_en,niches,plants_garden,Plants & Garden,succulents,en,Looking Sharp - Plants & Garden Design,"« Looking Sharp » en typographie minimaliste et percutante. Un design pour les accros aux plantes. Idée cadeau parfaite, à porter ou offrir. Disponible sur t-shirt, sweat, sticker, mug, tote bag, poster et plus. #plants_garden #typographie","plant lover, plant mom, gardening, botanical, succulent, looking, sharp, succulents, plants & garden, funny shirt, typography, minimalist, aesthetic, gift idea, trendy design, statement tee, for men, for women",produits/niches/succ_looking_sharp_en__dark.png | produits/niches/succ_looking_sharp_en__light.png
succ_no_water_en,niches,plants_garden,Plants & Garden,succulents,en,I Forget to Water Myself Too - Plants & Garden Design,"« I Forget to Water Myself Too » en typographie minimaliste et percutante. Un design pour les accros aux plantes. Idée cadeau parfaite, à porter ou offrir. Disponible sur t-shirt, sweat, sticker, mug, tote bag, poster et plus. #plants_garden #typographie","plant lover, plant mom, gardening, botanical, succulent, forget, water, myself, succulents, plants & garden, funny shirt, typography, minimalist, aesthetic, gift idea, trendy design, statement tee, for men, for women",produits/niches/succ_no_water_en__dark.png | produits/niches/succ_no_water_en__light.png
succ_prick_en,niches,plants_garden,Plants & Garden,succulents,en,A Little Prickly - Plants & Garden Design,"« A Little Prickly » en typographie minimaliste et percutante. Un design pour les accros aux plantes. Idée cadeau parfaite, à porter ou offrir. Disponible sur t-shirt, sweat, sticker, mug, tote bag, poster et plus. #plants_garden #typographie","plant lover, plant mom, gardening, botanical, succulent, little, prickly, succulents, plants & garden, funny shirt, typography, minimalist, aesthetic, gift idea, trendy design, statement tee, for men, for women",produits/niches/succ_prick_en__dark.png | produits/niches/succ_prick_en__light.png
surf_hair_dont_care_en,niches,fitness_sport,Sport & Fitness,surfing,en,Surf Hair Don't Care - Sport & Fitness Design,"« Surf Hair Don't Care » en typographie minimaliste et percutante. Un design pour les sportif·ves. Idée cadeau parfaite, à porter ou offrir. Disponible sur t-shirt, sweat, sticker, mug, tote bag, poster et plus. #fitness_sport #typographie","gym gift, fitness, running, yoga, sport, football, surf, hair, don't, care, surfing, sport & fitness, funny shirt, typography, minimalist, aesthetic, gift idea, trendy design, statement tee, for men, for women",produits/niches/surf_hair_dont_care_en__dark.png | produits/niches/surf_hair_dont_care_en__light.png
surf_sea_you_en,niches,fitness_sport,Sport & Fitness,surfing,en,Sea You Out There - Sport & Fitness Design,"« Sea You Out There » en typographie minimaliste et percutante. Un design pour les sportif·ves. Idée cadeau parfaite, à porter ou offrir. Disponible sur t-shirt, sweat, sticker, mug, tote bag, poster et plus. #fitness_sport #typographie","gym gift, fitness, running, yoga, sport, football, there, surfing, sport & fitness, funny shirt, typography, minimalist, aesthetic, gift idea, trendy design, statement tee, for men, for women",produits/niches/surf_sea_you_en__dark.png | produits/niches/surf_sea_you_en__light.png
swim_chlorine_en,niches,humor,Funny & Sarcastic,swimming,en,Chlorine Is My Perfume - Funny & Sarcastic Design,"« Chlorine Is My Perfume » en typographie minimaliste et percutante. Un design pour tous ceux qui ont de l'humour. Idée cadeau parfaite, à porter ou offrir. Disponible sur t-shirt, sweat, sticker, mug, tote bag, poster et plus. #humor #typographie","funny saying, sarcastic, sarcasm, humor, meme shirt, funny quote, relatable, chlorine, perfume, swimming, funny & sarcastic, funny shirt, typography, minimalist, aesthetic, gift idea, trendy design, statement tee, for men, for women",produits/niches/swim_chlorine_en__dark.png | produits/niches/swim_chlorine_en__light.png
swim_faster_en,niches,humor,Funny & Sarcastic,swimming,en,Swim Faster Than Yesterday - Funny & Sarcastic Design,"« Swim Faster Than Yesterday » en typographie minimaliste et percutante. Un design pour tous ceux qui ont de l'humour. Idée cadeau parfaite, à porter ou offrir. Disponible sur t-shirt, sweat, sticker, mug, tote bag, poster et plus. #humor #typographie","funny saying, sarcastic, sarcasm, humor, meme shirt, funny quote, relatable, swim, faster, than, yesterday, swimming, funny & sarcastic, funny shirt, typography, minimalist, aesthetic, gift idea, trendy design, statement tee, for men, for women",produits/niches/swim_faster_en__dark.png | produits/niches/swim_faster_en__light.png
swim_pool_office_en,niches,work,Work & Office Humor,swimming,en,The Pool Is My Office - Work & Office Humor Design,"« The Pool Is My Office » en typographie minimaliste et percutante. Un design pour les salarié·es fatigué·es. Idée cadeau parfaite, à porter ou offrir. Disponible sur t-shirt, sweat, sticker, mug, tote bag, poster et plus. #work #typographie","office humor, work shirt, coworker gift, monday, sarcastic work, pool, office, swimming, work & office humor, funny shirt, typography, minimalist, aesthetic, gift idea, trendy design, statement tee, for men, for women",produits/niches/swim_pool_office_en__dark.png | produits/niches/swim_pool_office_en__light.png
dnd_critical_hit_en,niches,gaming_geek,Gaming & Geek,tabletop,en,Critical Hit to My Free Time - Gaming & Geek Design,"« Critical Hit to My Free Time » en typographie minimaliste et percutante. Un design pour les gamers et geeks. Idée cadeau parfaite, à porter ou offrir. Disponible sur t-shirt, sweat, sticker, mug, tote bag, poster et plus. #gaming_geek #typographie","gamer gift, gaming, nerd, geek, anime, dnd, critical, free, time, tabletop, gaming & geek, funny shirt, typography, minimalist, aesthetic, gift idea, trendy design, statement tee, for men, for women",produits/niches/dnd_critical_hit_en__dark.png | produits/niches/dnd_critical_hit_en__light.png
dnd_initiative_en,niches,gaming_geek,Gaming & Geek,tabletop,en,Roll for Initiative - Gaming & Geek Design,"« Roll for Initiative » en typographie minimaliste et percutante. Un design pour les gamers et geeks. Idée cadeau parfaite, à porter ou offrir. Disponible sur t-shirt, sweat, sticker, mug, tote bag, poster et plus. #gaming_geek #typographie","gamer gift, gaming, nerd, geek, anime, dnd, roll, initiative, tabletop, gaming & geek, funny shirt, typography, minimalist, aesthetic, gift idea, trendy design, statement tee, for men, for women",produits/niches/dnd_initiative_en__dark.png | produits/niches/dnd_initiative_en__light.png
dnd_master_disaster_en,niches,gaming_geek,Gaming & Geek,tabletop,en,Dungeon Master of Disaster - Gaming & Geek Design,"« Dungeon Master of Disaster » en typographie minimaliste et percutante. Un design pour les gamers et geeks. Idée cadeau parfaite, à porter ou offrir. Disponible sur t-shirt, sweat, sticker, mug, tote bag, poster et plus. #gaming_geek #typographie","gamer gift, gaming, nerd, geek, anime, dnd, dungeon, master, disaster, tabletop, gaming & geek, funny shirt, typography, minimalist, aesthetic, gift idea, trendy design, statement tee, for men, for women",produits/niches/dnd_master_disaster_en__dark.png | produits/niches/dnd_master_disaster_en__light.png
dnd_rather_roll_en,niches,gaming_geek,Gaming & Geek,tabletop,en,I'd Rather Be Rolling Dice - Gaming & Geek Design,"« I'd Rather Be Rolling Dice » en typographie minimaliste et percutante. Un design pour les gamers et geeks. Idée cadeau parfaite, à porter ou offrir. Disponible sur t-shirt, sweat, sticker, mug, tote bag, poster et plus. #gaming_geek #typographie","gamer gift, gaming, nerd, geek, anime, dnd, rather, rolling, dice, tabletop, gaming & geek, funny shirt, typography, minimalist, aesthetic, gift idea, trendy design, statement tee, for men, for women",produits/niches/dnd_rather_roll_en__dark.png | produits/niches/dnd_rather_roll_en__light.png
tatt_draw_people_en,niches,humor,Funny & Sarcastic,tattoo_artists,en,I Draw on People for a Living - Funny & Sarcastic Design,"« I Draw on People for a Living » en typographie minimaliste et percutante. Un design pour tous ceux qui ont de l'humour. Idée cadeau parfaite, à porter ou offrir. Disponible sur t-shirt, sweat, sticker, mug, tote bag, poster et plus. #humor #typographie","funny saying, sarcastic, sarcasm, humor, meme shirt, funny quote, relatable, draw, people, living, tattoo artists, funny & sarcastic, funny shirt, typography, minimalist, aesthetic, gift idea, trendy design, statement tee, for men, for women",produits/niches/tatt_draw_people_en__dark.png | produits/niches/tatt_draw_people_en__light.png
tatt_ink_soul_en,niches,humor,Funny & Sarcastic,tattoo_artists,en,Ink & Soul - Funny & Sarcastic Design,"« Ink & Soul » en typographie minimaliste et percutante. Un design pour tous ceux qui ont de l'humour. Idée cadeau parfaite, à porter ou offrir. Disponible sur t-shirt, sweat, sticker, mug, tote bag, poster et plus. #humor #typographie","funny saying, sarcastic, sarcasm, humor, meme shirt, funny quote, relatable, soul, tattoo artists, funny & sarcastic, funny shirt, typography, minimalist, aesthetic, gift idea, trendy design, statement tee, for men, for women",produits/niches/tatt_ink_soul_en__dark.png | produits/niches/tatt_ink_soul_en__light.png
tatt_permanent_en,niches,humor,Funny & Sarcastic,tattoo_artists,en,Making Things Permanent Since Ever - Funny & Sarcastic Design,"« Making Things Permanent Since Ever » en typographie minimaliste et percutante. Un design pour tous ceux qui ont de l'humour. Idée cadeau parfaite, à porter ou offrir. Disponible sur t-shirt, sweat, sticker, mug, tote bag, poster et plus. #humor #typographie","funny saying, sarcastic, sarcasm, humor, meme shirt, funny quote, relatable, making, things, permanent, since, ever, tattoo artists, funny & sarcastic, funny shirt, typography, minimalist, aesthetic, gift idea, trendy design, statement tee, for men, for women",produits/niches/tatt_permanent_en__dark.png | produits/niches/tatt_permanent_en__light.png
tatt_story_en,niches,humor,Funny & Sarcastic,tattoo_artists,en,Wear Your Story - Funny & Sarcastic Design,"« Wear Your Story » en typographie minimaliste et percutante. Un design pour tous ceux qui ont de l'humour. Idée cadeau parfaite, à porter ou offrir. Disponible sur t-shirt, sweat, sticker, mug, tote bag, poster et plus. #humor #typographie","funny saying, sarcastic, sarcasm, humor, meme shirt, funny quote, relatable, wear, story, tattoo artists, funny & sarcastic, funny shirt, typography, minimalist, aesthetic, gift idea, trendy design, statement tee, for men, for women",produits/niches/tatt_story_en__dark.png | produits/niches/tatt_story_en__light.png
teacher_coffee_chaos_en,niches,food_drink,Food & Drink,teachers,en,Teacher: Fueled by Coffee & Chaos - Food & Drink Design,"« Teacher: Fueled by Coffee & Chaos » en typographie minimaliste et percutante. Un design pour les gourmand·es et accros au café. Idée cadeau parfaite, à porter ou offrir. Disponible sur t-shirt, sweat, sticker, mug, tote bag, poster et plus. #food_drink #typographie","foodie gift, coffee lover, food humor, caffeine, brunch, teacher, fueled, coffee, chaos, teachers, food & drink, funny shirt, typography, minimalist, aesthetic, gift idea, trendy design, statement tee, for men, for women",produits/niches/teacher_coffee_chaos_en__dark.png | produits/niches/teacher_coffee_chaos_en__light.png
teacher_my_jam_en,niches,professions,Jobs & Professions,teachers,en,Teaching Is My Jam - Jobs & Professions Design,"« Teaching Is My Jam » en typographie minimaliste et percutante. Un design pour celles et ceux qui assument leur métier. Idée cadeau parfaite, à porter ou offrir. Disponible sur t-shirt, sweat, sticker, mug, tote bag, poster et plus. #professions #typographie","nurse gift, teacher gift, coworker gift, job humor, profession, teaching, teachers, jobs & professions, funny shirt, typography, minimalist, aesthetic, gift idea, trendy design, statement tee, for men, for women",produits/niches/teacher_my_jam_en__dark.png | produits/niches/teacher_my_jam_en__light.png
teacher_sorry_late_en,niches,professions,Jobs & Professions,teachers,en,Sorry I'm Late I'm a Teacher - Jobs & Professions Design,"« Sorry I'm Late I'm a Teacher » en typographie minimaliste et percutante. Un design pour celles et ceux qui assument leur métier. Idée cadeau parfaite, à porter ou offrir. Disponible sur t-shirt, sweat, sticker, mug, tote bag, poster et plus. #professions #typographie","nurse gift, teacher gift, coworker gift, job humor, profession, sorry, late, teacher, teachers, jobs & professions, funny shirt, typography, minimalist, aesthetic, gift idea, trendy design, statement tee, for men, for women",produits/niches/teacher_sorry_late_en__dark.png | produits/niches/teacher_sorry_late_en__light.png
teacher_superpower_en,niches,professions,Jobs & Professions,teachers,en,I Teach What's Your Superpower? - Jobs & Professions Design,"« I Teach What's Your Superpower? » en typographie minimaliste et percutante. Un design pour celles et ceux qui assument leur métier. Idée cadeau parfaite, à porter ou offrir. Disponible sur t-shirt, sweat, sticker, mug, tote bag, poster et plus. #professions #typographie","nurse gift, teacher gift, coworker gift, job humor, profession, teach, what's, superpower, teachers, jobs & professions, funny shirt, typography, minimalist, aesthetic, gift idea, trendy design, statement tee, for men, for women",produits/niches/teacher_superpower_en__dark.png | produits/niches/teacher_superpower_en__light.png
tennis_deuce_en,niches,humor,Funny & Sarcastic,tennis,en,Deuce Me Up - Funny & Sarcastic Design,"« Deuce Me Up » en typographie minimaliste et percutante. Un design pour tous ceux qui ont de l'humour. Idée cadeau parfaite, à porter ou offrir. Disponible sur t-shirt, sweat, sticker, mug, tote bag, poster et plus. #humor #typographie","funny saying, sarcastic, sarcasm, humor, meme shirt, funny quote, relatable, deuce, tennis, funny & sarcastic, funny shirt, typography, minimalist, aesthetic, gift idea, trendy design, statement tee, for men, for women",produits/niches/tennis_deuce_en__dark.png | produits/niches/tennis_deuce_en__light.png
tennis_game_set_nap_en,niches,humor,Funny & Sarcastic,tennis,en,Game. Set. Match. Nap. - Funny & Sarcastic Design,"« Game. Set. Match. Nap. » en typographie minimaliste et percutante. Un design pour tous ceux qui ont de l'humour. Idée cadeau parfaite, à porter ou offrir. Disponible sur t-shirt, sweat, sticker, mug, tote bag, poster et plus. #humor #typographie","funny saying, sarcastic, sarcasm, humor, meme shirt, funny quote, relatable, game, match, tennis, funny & sarcastic, funny shirt, typography, minimalist, aesthetic, gift idea, trendy design, statement tee, for men, for women",produits/niches/tennis_game_set_nap_en__dark.png | produits/niches/tennis_game_set_nap_en__light.png
tennis_love_all_en,niches,work,Work & Office Humor,tennis,en,Love All (Except Mondays) - Work & Office Humor Design,"« Love All (Except Mondays) » en typographie minimaliste et percutante. Un design pour les salarié·es fatigué·es. Idée cadeau parfaite, à porter ou offrir. Disponible sur t-shirt, sweat, sticker, mug, tote bag, poster et plus. #work #typographie","office humor, work shirt, coworker gift, monday, sarcastic work, love, except, mondays, tennis, work & office humor, funny shirt, typography, minimalist, aesthetic, gift idea, trendy design, statement tee, for men, for women",produits/niches/tennis_love_all_en__dark.png | produits/niches/tennis_love_all_en__light.png
tennis_mom_en,niches,family,Family & Dad/Mom,tennis,en,Tennis Mom & Proud - Family & Dad/Mom Design,"« Tennis Mom & Proud » en typographie minimaliste et percutante. Un design pour les papas, mamans et familles. Idée cadeau parfaite, à porter ou offrir. Disponible sur t-shirt, sweat, sticker, mug, tote bag, poster et plus. #family #typographie","dad gift, mom gift, fathers day, mothers day, family, grandma, tennis, proud, family & dad/mom, funny shirt, typography, minimalist, aesthetic, gift idea, trendy design, statement tee, for men, for women",produits/niches/tennis_mom_en__dark.png | produits/niches/tennis_mom_en__light.png
thrift_born_en,niches,humor,Funny & Sarcastic,thrifting,en,Born to Thrift - Funny & Sarcastic Design,"« Born to Thrift » en typographie minimaliste et percutante. Un design pour tous ceux qui ont de l'humour. Idée cadeau parfaite, à porter ou offrir. Disponible sur t-shirt, sweat, sticker, mug, tote bag, poster et plus. #humor #typographie","funny saying, sarcastic, sarcasm, humor, meme shirt, funny quote, relatable, born, thrift, thrifting, funny & sarcastic, funny shirt, typography, minimalist, aesthetic, gift idea, trendy design, statement tee, for men, for women",produits/niches/thrift_born_en__dark.png | produits/niches/thrift_born_en__light.png
thrift_queen_en,niches,humor,Funny & Sarcastic,thrifting,en,Thrift Queen - Funny & Sarcastic Design,"« Thrift Queen » en typographie minimaliste et percutante. Un design pour tous ceux qui ont de l'humour. Idée cadeau parfaite, à porter ou offrir. Disponible sur t-shirt, sweat, sticker, mug, tote bag, poster et plus. #humor #typographie","funny saying, sarcastic, sarcasm, humor, meme shirt, funny quote, relatable, thrift, queen, thrifting, funny & sarcastic, funny shirt, typography, minimalist, aesthetic, gift idea, trendy design, statement tee, for men, for women",produits/niches/thrift_queen_en__dark.png | produits/niches/thrift_queen_en__light.png
thrift_treasure_en,niches,adult_humor,Adult & Rude Humor,thrifting,en,One Person's Trash Is My Treasure - Adult & Rude Humor Design,"« One Person's Trash Is My Treasure » en typographie minimaliste et percutante. Un design pour les amateur·ices d'humour cru. Idée cadeau parfaite, à porter ou offrir. Disponible sur t-shirt, sweat, sticker, mug, tote bag, poster et plus. #adult_humor #typographie","rude shirt, offensive gift, sarcastic, adult humor, insult, person's, trash, treasure, thrifting, adult & rude humor, funny shirt, typography, minimalist, aesthetic, gift idea, trendy design, statement tee, for men, for women",produits/niches/thrift_treasure_en__dark.png | produits/niches/thrift_treasure_en__light.png
thrift_vintage_soul_en,niches,humor,Funny & Sarcastic,thrifting,en,Vintage Soul Modern Problems - Funny & Sarcastic Design,"« Vintage Soul Modern Problems » en typographie minimaliste et percutante. Un design pour tous ceux qui ont de l'humour. Idée cadeau parfaite, à porter ou offrir. Disponible sur t-shirt, sweat, sticker, mug, tote bag, poster et plus. #humor #typographie","funny saying, sarcastic, sarcasm, humor, meme shirt, funny quote, relatable, vintage, soul, modern, problems, thrifting, funny & sarcastic, funny shirt, typography, minimalist, aesthetic, gift idea, trendy design, statement tee, for men, for women",produits/niches/thrift_vintage_soul_en__dark.png | produits/niches/thrift_vintage_soul_en__light.png
trail_over_treadmill_en,niches,fitness_sport,Sport & Fitness,trail_running,en,Trails Over Treadmills - Sport & Fitness Design,"« Trails Over Treadmills » en typographie minimaliste et percutante. Un design pour les sportif·ves. Idée cadeau parfaite, à porter ou offrir. Disponible sur t-shirt, sweat, sticker, mug, tote bag, poster et plus. #fitness_sport #typographie","gym gift, fitness, running, yoga, sport, football, trails, over, treadmills, trail running, sport & fitness, funny shirt, typography, minimalist, aesthetic, gift idea, trendy design, statement tee, for men, for women",produits/niches/trail_over_treadmill_en__dark.png | produits/niches/trail_over_treadmill_en__light.png
trail_repeat_en,niches,fitness_sport,Sport & Fitness,trail_running,en,Eat. Sleep. Run Trails. - Sport & Fitness Design,"« Eat. Sleep. Run Trails. » en typographie minimaliste et percutante. Un design pour les sportif·ves. Idée cadeau parfaite, à porter ou offrir. Disponible sur t-shirt, sweat, sticker, mug, tote bag, poster et plus. #fitness_sport #typographie","gym gift, fitness, running, yoga, sport, football, sleep, trails, trail running, sport & fitness, funny shirt, typography, minimalist, aesthetic, gift idea, trendy design, statement tee, for men, for women",produits/niches/trail_repeat_en__dark.png | produits/niches/trail_repeat_en__light.png
trail_stupid_far_en,niches,fitness_sport,Sport & Fitness,trail_running,en,I Run Stupid Far - Sport & Fitness Design,"« I Run Stupid Far » en typographie minimaliste et percutante. Un design pour les sportif·ves. Idée cadeau parfaite, à porter ou offrir. Disponible sur t-shirt, sweat, sticker, mug, tote bag, poster et plus. #fitness_sport #typographie","gym gift, fitness, running, yoga, sport, football, stupid, trail running, sport & fitness, funny shirt, typography, minimalist, aesthetic, gift idea, trendy design, statement tee, for men, for women",produits/niches/trail_stupid_far_en__dark.png | produits/niches/trail_stupid_far_en__light.png
trail_will_run_en,niches,fitness_sport,Sport & Fitness,trail_running,en,Will Run for Snacks - Sport & Fitness Design,"« Will Run for Snacks » en typographie minimaliste et percutante. Un design pour les sportif·ves. Idée cadeau parfaite, à porter ou offrir. Disponible sur t-shirt, sweat, sticker, mug, tote bag, poster et plus. #fitness_sport #typographie","gym gift, fitness, running, yoga, sport, football, snacks, trail running, sport & fitness, funny shirt, typography, minimalist, aesthetic, gift idea, trendy design, statement tee, for men, for women",produits/niches/trail_will_run_en__dark.png | produits/niches/trail_will_run_en__light.png
tc_bodies_en,niches,humor,Funny & Sarcastic,true_crime,en,I Know Where the Bodies Are Hidden - Funny & Sarcastic Design,"« I Know Where the Bodies Are Hidden » en typographie minimaliste et percutante. Un design pour tous ceux qui ont de l'humour. Idée cadeau parfaite, à porter ou offrir. Disponible sur t-shirt, sweat, sticker, mug, tote bag, poster et plus. #humor #typographie","funny saying, sarcastic, sarcasm, humor, meme shirt, funny quote, relatable, know, where, bodies, hidden, true crime, funny & sarcastic, funny shirt, typography, minimalist, aesthetic, gift idea, trendy design, statement tee, for men, for women",produits/niches/tc_bodies_en__dark.png | produits/niches/tc_bodies_en__light.png
tc_cereal_en,niches,humor,Funny & Sarcastic,true_crime,en,Murder Podcasts & Cereal - Funny & Sarcastic Design,"« Murder Podcasts & Cereal » en typographie minimaliste et percutante. Un design pour tous ceux qui ont de l'humour. Idée cadeau parfaite, à porter ou offrir. Disponible sur t-shirt, sweat, sticker, mug, tote bag, poster et plus. #humor #typographie","funny saying, sarcastic, sarcasm, humor, meme shirt, funny quote, relatable, murder, podcasts, cereal, true crime, funny & sarcastic, funny shirt, typography, minimalist, aesthetic, gift idea, trendy design, statement tee, for men, for women",produits/niches/tc_cereal_en__dark.png | produits/niches/tc_cereal_en__light.png
tc_junkie_en,niches,humor,Funny & Sarcastic,true_crime,en,True Crime Junkie - Funny & Sarcastic Design,"« True Crime Junkie » en typographie minimaliste et percutante. Un design pour tous ceux qui ont de l'humour. Idée cadeau parfaite, à porter ou offrir. Disponible sur t-shirt, sweat, sticker, mug, tote bag, poster et plus. #humor #typographie","funny saying, sarcastic, sarcasm, humor, meme shirt, funny quote, relatable, true, crime, junkie, true crime, funny & sarcastic, funny shirt, typography, minimalist, aesthetic, gift idea, trendy design, statement tee, for men, for women",produits/niches/tc_junkie_en__dark.png | produits/niches/tc_junkie_en__light.png
vl_boondocking_en,niches,hobbies_craft,Hobbies & Crafts,van_life,en,Boondocking Preferred Campgrounds Are for Tourists - Hobbies & Crafts Design,"« Boondocking Preferred Campgrounds Are for Tourists » en typographie minimaliste et percutante. Un design pour les passionné·es. Idée cadeau parfaite, à porter ou offrir. Disponible sur t-shirt, sweat, sticker, mug, tote bag, poster et plus. #hobbies_craft #typographie","hobby gift, craft lover, reading, crochet, fishing, camping, boondocking, preferred, campgrounds, tourists, van life, hobbies & crafts, funny shirt, typography, minimalist, aesthetic, gift idea, trendy design, statement tee, for men, for women",produits/niches/vl_boondocking_en__dark.png | produits/niches/vl_boondocking_en__light.png
vl_condensation_en,niches,adult_humor,Adult & Rude Humor,van_life,en,Condensation at Dawn Van Life's Dirty Secret - Adult & Rude Humor Design,"« Condensation at Dawn Van Life's Dirty Secret » en typographie minimaliste et percutante. Un design pour les amateur·ices d'humour cru. Idée cadeau parfaite, à porter ou offrir. Disponible sur t-shirt, sweat, sticker, mug, tote bag, poster et plus. #adult_humor #typographie","rude shirt, offensive gift, sarcastic, adult humor, insult, condensation, dawn, life's, dirty, secret, van life, adult & rude humor, funny shirt, typography, minimalist, aesthetic, gift idea, trendy design, statement tee, for men, for women",produits/niches/vl_condensation_en__dark.png | produits/niches/vl_condensation_en__light.png
vl_free_camping_en,niches,hobbies_craft,Hobbies & Crafts,van_life,en,Free Camping Only My App Is Freecampsites - Hobbies & Crafts Design,"« Free Camping Only My App Is Freecampsites » en typographie minimaliste et percutante. Un design pour les passionné·es. Idée cadeau parfaite, à porter ou offrir. Disponible sur t-shirt, sweat, sticker, mug, tote bag, poster et plus. #hobbies_craft #typographie","hobby gift, craft lover, reading, crochet, fishing, camping, free, freecampsites, van life, hobbies & crafts, funny shirt, typography, minimalist, aesthetic, gift idea, trendy design, statement tee, for men, for women",produits/niches/vl_free_camping_en__dark.png | produits/niches/vl_free_camping_en__light.png
vl_solar_en,niches,humor,Funny & Sarcastic,van_life,en,400 Watts Solar Still Not Enough - Funny & Sarcastic Design,"« 400 Watts Solar Still Not Enough » en typographie minimaliste et percutante. Un design pour tous ceux qui ont de l'humour. Idée cadeau parfaite, à porter ou offrir. Disponible sur t-shirt, sweat, sticker, mug, tote bag, poster et plus. #humor #typographie","funny saying, sarcastic, sarcasm, humor, meme shirt, funny quote, relatable, watts, solar, still, enough, van life, funny & sarcastic, funny shirt, typography, minimalist, aesthetic, gift idea, trendy design, statement tee, for men, for women",produits/niches/vl_solar_en__dark.png | produits/niches/vl_solar_en__light.png
vl_stealth_en,niches,hobbies_craft,Hobbies & Crafts,van_life,en,Stealth Camped Outside Your HOA - Hobbies & Crafts Design,"« Stealth Camped Outside Your HOA » en typographie minimaliste et percutante. Un design pour les passionné·es. Idée cadeau parfaite, à porter ou offrir. Disponible sur t-shirt, sweat, sticker, mug, tote bag, poster et plus. #hobbies_craft #typographie","hobby gift, craft lover, reading, crochet, fishing, camping, stealth, camped, outside, van life, hobbies & crafts, funny shirt, typography, minimalist, aesthetic, gift idea, trendy design, statement tee, for men, for women",produits/niches/vl_stealth_en__dark.png | produits/niches/vl_stealth_en__light.png
vegan_loud_en,niches,animals,Animal Rights & Vegan,vegan,en,Vegan & Loud About It - Animal Rights & Vegan Design,"« Vegan & Loud About It » en typographie minimaliste et percutante. Un design pour les vegans et défenseur·ses des animaux. Idée cadeau parfaite, à porter ou offrir. Disponible sur t-shirt, sweat, sticker, mug, tote bag, poster et plus. #animals #typographie","vegan, animal rights, vegan gift, save animals, plant based, cruelty free, loud, about, animal rights & vegan, funny shirt, typography, minimalist, aesthetic, gift idea, trendy design, statement tee, for men, for women",produits/niches/vegan_loud_en__dark.png | produits/niches/vegan_loud_en__light.png
vegan_powered_plants_en,niches,animals,Animal Rights & Vegan,vegan,en,Powered by Plants - Animal Rights & Vegan Design,"« Powered by Plants » en typographie minimaliste et percutante. Un design pour les vegans et défenseur·ses des animaux. Idée cadeau parfaite, à porter ou offrir. Disponible sur t-shirt, sweat, sticker, mug, tote bag, poster et plus. #animals #typographie","vegan, animal rights, vegan gift, save animals, plant based, cruelty free, powered, plants, animal rights & vegan, funny shirt, typography, minimalist, aesthetic, gift idea, trendy design, statement tee, for men, for women",produits/niches/vegan_powered_plants_en__dark.png | produits/niches/vegan_powered_plants_en__light.png
vegan_protein_en,niches,animals,Animal Rights & Vegan,vegan,en,But Where Do You Get Your Protein? - Animal Rights & Vegan Design,"« But Where Do You Get Your Protein? » en typographie minimaliste et percutante. Un design pour les vegans et défenseur·ses des animaux. Idée cadeau parfaite, à porter ou offrir. Disponible sur t-shirt, sweat, sticker, mug, tote bag, poster et plus. #animals #typographie","vegan, animal rights, vegan gift, save animals, plant based, cruelty free, where, protein, animal rights & vegan, funny shirt, typography, minimalist, aesthetic, gift idea, trendy design, statement tee, for men, for women",produits/niches/vegan_protein_en__dark.png | produits/niches/vegan_protein_en__light.png
vegan_turnip_beet_en,niches,climate,Climate & Ecology,vegan,en,Lettuce Turnip the Beet - Climate & Ecology Design,"« Lettuce Turnip the Beet » en typographie minimaliste et percutante. Un design pour les militant·es écolo. Idée cadeau parfaite, à porter ou offrir. Disponible sur t-shirt, sweat, sticker, mug, tote bag, poster et plus. #climate #typographie","climate change, save the planet, ecology, environment, climate activist, eco friendly, lettuce, turnip, beet, vegan, climate & ecology, funny shirt, typography, minimalist, aesthetic, gift idea, trendy design, statement tee, for men, for women",produits/niches/vegan_turnip_beet_en__dark.png | produits/niches/vegan_turnip_beet_en__light.png
vet_hug_animals_en,niches,humor,Funny & Sarcastic,vet_tech,en,I Hug Animals for a Living - Funny & Sarcastic Design,"« I Hug Animals for a Living » en typographie minimaliste et percutante. Un design pour tous ceux qui ont de l'humour. Idée cadeau parfaite, à porter ou offrir. Disponible sur t-shirt, sweat, sticker, mug, tote bag, poster et plus. #humor #typographie","funny saying, sarcastic, sarcasm, humor, meme shirt, funny quote, relatable, animals, living, vet tech, funny & sarcastic, funny shirt, typography, minimalist, aesthetic, gift idea, trendy design, statement tee, for men, for women",produits/niches/vet_hug_animals_en__dark.png | produits/niches/vet_hug_animals_en__light.png
vet_listen_harder_en,niches,humor,Funny & Sarcastic,vet_tech,en,My Patients Can't Speak I Listen Harder - Funny & Sarcastic Design,"« My Patients Can't Speak I Listen Harder » en typographie minimaliste et percutante. Un design pour tous ceux qui ont de l'humour. Idée cadeau parfaite, à porter ou offrir. Disponible sur t-shirt, sweat, sticker, mug, tote bag, poster et plus. #humor #typographie","funny saying, sarcastic, sarcasm, humor, meme shirt, funny quote, relatable, patients, can't, speak, listen, harder, vet tech, funny & sarcastic, funny shirt, typography, minimalist, aesthetic, gift idea, trendy design, statement tee, for men, for women",produits/niches/vet_listen_harder_en__dark.png | produits/niches/vet_listen_harder_en__light.png
vet_underrated_en,niches,humor,Funny & Sarcastic,vet_tech,en,"Underpaid, Overworked Totally Worth It - Funny & Sarcastic Design","« Underpaid, Overworked Totally Worth It » en typographie minimaliste et percutante. Un design pour tous ceux qui ont de l'humour. Idée cadeau parfaite, à porter ou offrir. Disponible sur t-shirt, sweat, sticker, mug, tote bag, poster et plus. #humor #typographie","funny saying, sarcastic, sarcasm, humor, meme shirt, funny quote, relatable, underpaid, overworked, totally, worth, vet tech, funny & sarcastic, funny shirt, typography, minimalist, aesthetic, gift idea, trendy design, statement tee, for men, for women",produits/niches/vet_underrated_en__dark.png | produits/niches/vet_underrated_en__light.png
vn_180g_en,niches,hobbies_craft,Hobbies & Crafts,vinyl,en,180g Pressing or I Wait for a Better Press - Hobbies & Crafts Design,"« 180g Pressing or I Wait for a Better Press » en typographie minimaliste et percutante. Un design pour les passionné·es. Idée cadeau parfaite, à porter ou offrir. Disponible sur t-shirt, sweat, sticker, mug, tote bag, poster et plus. #hobbies_craft #typographie","hobby gift, craft lover, reading, crochet, fishing, camping, pressing, wait, better, press, vinyl, hobbies & crafts, funny shirt, typography, minimalist, aesthetic, gift idea, trendy design, statement tee, for men, for women",produits/niches/vn_180g_en__dark.png | produits/niches/vn_180g_en__light.png
vn_clean_needle_en,niches,hobbies_craft,Hobbies & Crafts,vinyl,en,Clean Your Stylus It's Not That Hard - Hobbies & Crafts Design,"« Clean Your Stylus It's Not That Hard » en typographie minimaliste et percutante. Un design pour les passionné·es. Idée cadeau parfaite, à porter ou offrir. Disponible sur t-shirt, sweat, sticker, mug, tote bag, poster et plus. #hobbies_craft #typographie","hobby gift, craft lover, reading, crochet, fishing, camping, clean, stylus, it's, hard, vinyl, hobbies & crafts, funny shirt, typography, minimalist, aesthetic, gift idea, trendy design, statement tee, for men, for women",produits/niches/vn_clean_needle_en__dark.png | produits/niches/vn_clean_needle_en__light.png
vn_phono_stage_en,niches,hobbies_craft,Hobbies & Crafts,vinyl,en,My Phono Stage Costs More Than Your Streaming Year - Hobbies & Crafts Design,"« My Phono Stage Costs More Than Your Streaming Year » en typographie minimaliste et percutante. Un design pour les passionné·es. Idée cadeau parfaite, à porter ou offrir. Disponible sur t-shirt, sweat, sticker, mug, tote bag, poster et plus. #hobbies_craft #typographie","hobby gift, craft lover, reading, crochet, fishing, camping, phono, stage, costs, more, than, vinyl, hobbies & crafts, funny shirt, typography, minimalist, aesthetic, gift idea, trendy design, statement tee, for men, for women",produits/niches/vn_phono_stage_en__dark.png | produits/niches/vn_phono_stage_en__light.png
vn_pre_listening_en,niches,hobbies_craft,Hobbies & Crafts,vinyl,en,I Clean Records Before I Listen to Records - Hobbies & Crafts Design,"« I Clean Records Before I Listen to Records » en typographie minimaliste et percutante. Un design pour les passionné·es. Idée cadeau parfaite, à porter ou offrir. Disponible sur t-shirt, sweat, sticker, mug, tote bag, poster et plus. #hobbies_craft #typographie","hobby gift, craft lover, reading, crochet, fishing, camping, clean, records, before, listen, vinyl, hobbies & crafts, funny shirt, typography, minimalist, aesthetic, gift idea, trendy design, statement tee, for men, for women",produits/niches/vn_pre_listening_en__dark.png | produits/niches/vn_pre_listening_en__light.png
vn_vta_en,niches,hobbies_craft,Hobbies & Crafts,vinyl,en,VTA Set. Azimuth Dialed. Just Press Play Already. - Hobbies & Crafts Design,"« VTA Set. Azimuth Dialed. Just Press Play Already. » en typographie minimaliste et percutante. Un design pour les passionné·es. Idée cadeau parfaite, à porter ou offrir. Disponible sur t-shirt, sweat, sticker, mug, tote bag, poster et plus. #hobbies_craft #typographie","hobby gift, craft lover, reading, crochet, fishing, camping, azimuth, dialed, press, play, already, vinyl, hobbies & crafts, funny shirt, typography, minimalist, aesthetic, gift idea, trendy design, statement tee, for men, for women",produits/niches/vn_vta_en__dark.png | produits/niches/vn_vta_en__light.png
weld_metal_therapy_en,niches,professions,Jobs & Professions,welders,en,Metal Is My Therapy - Jobs & Professions Design,"« Metal Is My Therapy » en typographie minimaliste et percutante. Un design pour celles et ceux qui assument leur métier. Idée cadeau parfaite, à porter ou offrir. Disponible sur t-shirt, sweat, sticker, mug, tote bag, poster et plus. #professions #typographie","nurse gift, teacher gift, coworker gift, job humor, profession, metal, therapy, welders, jobs & professions, funny shirt, typography, minimalist, aesthetic, gift idea, trendy design, statement tee, for men, for women",produits/niches/weld_metal_therapy_en__dark.png | produits/niches/weld_metal_therapy_en__light.png
weld_professional_sparkler_en,niches,professions,Jobs & Professions,welders,en,Professional Sparkler - Jobs & Professions Design,"« Professional Sparkler » en typographie minimaliste et percutante. Un design pour celles et ceux qui assument leur métier. Idée cadeau parfaite, à porter ou offrir. Disponible sur t-shirt, sweat, sticker, mug, tote bag, poster et plus. #professions #typographie","nurse gift, teacher gift, coworker gift, job humor, profession, professional, sparkler, welders, jobs & professions, funny shirt, typography, minimalist, aesthetic, gift idea, trendy design, statement tee, for men, for women",produits/niches/weld_professional_sparkler_en__dark.png | produits/niches/weld_professional_sparkler_en__light.png
weld_sparks_fly_en,niches,professions,Jobs & Professions,welders,en,I Make Sparks Fly - Jobs & Professions Design,"« I Make Sparks Fly » en typographie minimaliste et percutante. Un design pour celles et ceux qui assument leur métier. Idée cadeau parfaite, à porter ou offrir. Disponible sur t-shirt, sweat, sticker, mug, tote bag, poster et plus. #professions #typographie","nurse gift, teacher gift, coworker gift, job humor, profession, make, sparks, welders, jobs & professions, funny shirt, typography, minimalist, aesthetic, gift idea, trendy design, statement tee, for men, for women",produits/niches/weld_sparks_fly_en__dark.png | produits/niches/weld_sparks_fly_en__light.png
weld_stick_with_me_en,niches,professions,Jobs & Professions,welders,en,Stick With Me I'm a Welder - Jobs & Professions Design,"« Stick With Me I'm a Welder » en typographie minimaliste et percutante. Un design pour celles et ceux qui assument leur métier. Idée cadeau parfaite, à porter ou offrir. Disponible sur t-shirt, sweat, sticker, mug, tote bag, poster et plus. #professions #typographie","nurse gift, teacher gift, coworker gift, job humor, profession, stick, welder, welders, jobs & professions, funny shirt, typography, minimalist, aesthetic, gift idea, trendy design, statement tee, for men, for women",produits/niches/weld_stick_with_me_en__dark.png | produits/niches/weld_stick_with_me_en__light.png
wine_cheaper_therapy_en,niches,food_drink,Food & Drink,wine,en,Wine Is Cheaper Than Therapy - Food & Drink Design,"« Wine Is Cheaper Than Therapy » en typographie minimaliste et percutante. Un design pour les gourmand·es et accros au café. Idée cadeau parfaite, à porter ou offrir. Disponible sur t-shirt, sweat, sticker, mug, tote bag, poster et plus. #food_drink #typographie","foodie gift, coffee lover, food humor, caffeine, brunch, wine, cheaper, than, therapy, food & drink, funny shirt, typography, minimalist, aesthetic, gift idea, trendy design, statement tee, for men, for women",produits/niches/wine_cheaper_therapy_en__dark.png | produits/niches/wine_cheaper_therapy_en__light.png
wine_not_en,niches,food_drink,Food & Drink,wine,en,Wine Not? - Food & Drink Design,"« Wine Not? » en typographie minimaliste et percutante. Un design pour les gourmand·es et accros au café. Idée cadeau parfaite, à porter ou offrir. Disponible sur t-shirt, sweat, sticker, mug, tote bag, poster et plus. #food_drink #typographie","foodie gift, coffee lover, food humor, caffeine, brunch, wine, food & drink, funny shirt, typography, minimalist, aesthetic, gift idea, trendy design, statement tee, for men, for women",produits/niches/wine_not_en__dark.png | produits/niches/wine_not_en__light.png
wine_rosé_all_day_en,niches,food_drink,Food & Drink,wine,en,Rosé All Day - Food & Drink Design,"« Rosé All Day » en typographie minimaliste et percutante. Un design pour les gourmand·es et accros au café. Idée cadeau parfaite, à porter ou offrir. Disponible sur t-shirt, sweat, sticker, mug, tote bag, poster et plus. #food_drink #typographie","foodie gift, coffee lover, food humor, caffeine, brunch, rosé, wine, food & drink, funny shirt, typography, minimalist, aesthetic, gift idea, trendy design, statement tee, for men, for women",produits/niches/wine_rosé_all_day_en__dark.png | produits/niches/wine_rosé_all_day_en__light.png
wine_wisdom_en,niches,food_drink,Food & Drink,wine,en,In Wine There Is Wisdom - Food & Drink Design,"« In Wine There Is Wisdom » en typographie minimaliste et percutante. Un design pour les gourmand·es et accros au café. Idée cadeau parfaite, à porter ou offrir. Disponible sur t-shirt, sweat, sticker, mug, tote bag, poster et plus. #food_drink #typographie","foodie gift, coffee lover, food humor, caffeine, brunch, wine, there, wisdom, food & drink, funny shirt, typography, minimalist, aesthetic, gift idea, trendy design, statement tee, for men, for women",produits/niches/wine_wisdom_en__dark.png | produits/niches/wine_wisdom_en__light.png
wood_confetti_en,niches,adult_humor,Adult & Rude Humor,woodworking,en,Shavings Are My Confetti - Adult & Rude Humor Design,"« Shavings Are My Confetti » en typographie minimaliste et percutante. Un design pour les amateur·ices d'humour cru. Idée cadeau parfaite, à porter ou offrir. Disponible sur t-shirt, sweat, sticker, mug, tote bag, poster et plus. #adult_humor #typographie","rude shirt, offensive gift, sarcastic, adult humor, insult, shavings, confetti, woodworking, adult & rude humor, funny shirt, typography, minimalist, aesthetic, gift idea, trendy design, statement tee, for men, for women",produits/niches/wood_confetti_en__dark.png | produits/niches/wood_confetti_en__light.png
wood_grain_en,niches,politics,Activist & Leftist,woodworking,en,Go Against the Grain - Activist & Leftist Design,"« Go Against the Grain » en typographie minimaliste et percutante. Un design pour les militant·es et engagé·es. Idée cadeau parfaite, à porter ou offrir. Disponible sur t-shirt, sweat, sticker, mug, tote bag, poster et plus. #politics #typographie","activist, eat the rich, anti capitalist, leftist, protest, revolution, against, grain, woodworking, activist & leftist, funny shirt, typography, minimalist, aesthetic, gift idea, trendy design, statement tee, for men, for women",produits/niches/wood_grain_en__dark.png | produits/niches/wood_grain_en__light.png
wood_sawdust_en,niches,humor,Funny & Sarcastic,woodworking,en,I Make Sawdust for Fun - Funny & Sarcastic Design,"« I Make Sawdust for Fun » en typographie minimaliste et percutante. Un design pour tous ceux qui ont de l'humour. Idée cadeau parfaite, à porter ou offrir. Disponible sur t-shirt, sweat, sticker, mug, tote bag, poster et plus. #humor #typographie","funny saying, sarcastic, sarcasm, humor, meme shirt, funny quote, relatable, make, sawdust, woodworking, funny & sarcastic, funny shirt, typography, minimalist, aesthetic, gift idea, trendy design, statement tee, for men, for women",produits/niches/wood_sawdust_en__dark.png | produits/niches/wood_sawdust_en__light.png
wood_would_you_en,niches,humor,Funny & Sarcastic,woodworking,en,Wood You Believe It? - Funny & Sarcastic Design,"« Wood You Believe It? » en typographie minimaliste et percutante. Un design pour tous ceux qui ont de l'humour. Idée cadeau parfaite, à porter ou offrir. Disponible sur t-shirt, sweat, sticker, mug, tote bag, poster et plus. #humor #typographie","funny saying, sarcastic, sarcasm, humor, meme shirt, funny quote, relatable, wood, believe, woodworking, funny & sarcastic, funny shirt, typography, minimalist, aesthetic, gift idea, trendy design, statement tee, for men, for women",produits/niches/wood_would_you_en__dark.png | produits/niches/wood_would_you_en__light.png
pun_bier_wort_de,niches,humor,Funny & Sarcastic,wordplay_de,de,Bier ist das wichtigste Wort - Funny & Sarcastic (German) Design,"« Bier ist das wichtigste Wort » en typographie minimaliste et percutante. Un design pour tous ceux qui ont de l'humour. Idée cadeau parfaite, à porter ou offrir. Disponible sur t-shirt, sweat, sticker, mug, tote bag, poster et plus. #humor #typographie","funny saying, sarcastic, sarcasm, humor, meme shirt, funny quote, relatable, bier, wichtigste, wort, wordplay de, funny & sarcastic, funny shirt, typography, minimalist, aesthetic, gift idea, trendy design, statement tee, for men, for women",produits/niches/pun_bier_wort_de__dark.png | produits/niches/pun_bier_wort_de__light.png
pun_butter_en,niches,humor,Funny & Sarcastic,wordplay_en,en,I'm on a Roll (Butter Side Up) - Funny & Sarcastic Design,"« I'm on a Roll (Butter Side Up) » en typographie minimaliste et percutante. Un design pour tous ceux qui ont de l'humour. Idée cadeau parfaite, à porter ou offrir. Disponible sur t-shirt, sweat, sticker, mug, tote bag, poster et plus. #humor #typographie","funny saying, sarcastic, sarcasm, humor, meme shirt, funny quote, relatable, roll, butter, side, wordplay en, funny & sarcastic, funny shirt, typography, minimalist, aesthetic, gift idea, trendy design, statement tee, for men, for women",produits/niches/pun_butter_en__dark.png | produits/niches/pun_butter_en__light.png
pun_espresso_en,niches,food_drink,Food & Drink,wordplay_en,en,I've Bean Thinking About Coffee - Food & Drink Design,"« I've Bean Thinking About Coffee » en typographie minimaliste et percutante. Un design pour les gourmand·es et accros au café. Idée cadeau parfaite, à porter ou offrir. Disponible sur t-shirt, sweat, sticker, mug, tote bag, poster et plus. #food_drink #typographie","foodie gift, coffee lover, food humor, caffeine, brunch, i've, bean, thinking, about, coffee, wordplay en, food & drink, funny shirt, typography, minimalist, aesthetic, gift idea, trendy design, statement tee, for men, for women",produits/niches/pun_espresso_en__dark.png | produits/niches/pun_espresso_en__light.png
pun_kale_en,niches,humor,Funny & Sarcastic,wordplay_en,en,Kale Yeah I'm Healthy - Funny & Sarcastic Design,"« Kale Yeah I'm Healthy » en typographie minimaliste et percutante. Un design pour tous ceux qui ont de l'humour. Idée cadeau parfaite, à porter ou offrir. Disponible sur t-shirt, sweat, sticker, mug, tote bag, poster et plus. #humor #typographie","funny saying, sarcastic, sarcasm, humor, meme shirt, funny quote, relatable, kale, yeah, healthy, wordplay en, funny & sarcastic, funny shirt, typography, minimalist, aesthetic, gift idea, trendy design, statement tee, for men, for women",produits/niches/pun_kale_en__dark.png | produits/niches/pun_kale_en__light.png
pun_knot_en,niches,hobbies_craft,Hobbies & Crafts,wordplay_en,en,Knot My Problem I'm Crocheting - Hobbies & Crafts Design,"« Knot My Problem I'm Crocheting » en typographie minimaliste et percutante. Un design pour les passionné·es. Idée cadeau parfaite, à porter ou offrir. Disponible sur t-shirt, sweat, sticker, mug, tote bag, poster et plus. #hobbies_craft #typographie","hobby gift, craft lover, reading, crochet, fishing, camping, knot, problem, crocheting, wordplay en, hobbies & crafts, funny shirt, typography, minimalist, aesthetic, gift idea, trendy design, statement tee, for men, for women",produits/niches/pun_knot_en__dark.png | produits/niches/pun_knot_en__light.png
pun_reel_en,niches,hobbies_craft,Hobbies & Crafts,wordplay_en,en,I'm Hooked (It's the Fishing) - Hobbies & Crafts Design,"« I'm Hooked (It's the Fishing) » en typographie minimaliste et percutante. Un design pour les passionné·es. Idée cadeau parfaite, à porter ou offrir. Disponible sur t-shirt, sweat, sticker, mug, tote bag, poster et plus. #hobbies_craft #typographie","hobby gift, craft lover, reading, crochet, fishing, camping, hooked, it's, wordplay en, hobbies & crafts, funny shirt, typography, minimalist, aesthetic, gift idea, trendy design, statement tee, for men, for women",produits/niches/pun_reel_en__dark.png | produits/niches/pun_reel_en__light.png
pun_wine_time_en,niches,food_drink,Food & Drink,wordplay_en,en,Wine Time Is Fine Time - Food & Drink Design,"« Wine Time Is Fine Time » en typographie minimaliste et percutante. Un design pour les gourmand·es et accros au café. Idée cadeau parfaite, à porter ou offrir. Disponible sur t-shirt, sweat, sticker, mug, tote bag, poster et plus. #food_drink #typographie","foodie gift, coffee lover, food humor, caffeine, brunch, wine, time, fine, wordplay en, food & drink, funny shirt, typography, minimalist, aesthetic, gift idea, trendy design, statement tee, for men, for women",produits/niches/pun_wine_time_en__dark.png | produits/niches/pun_wine_time_en__light.png
pun_gato_es,niches,cats,Cats,wordplay_es,es,Tengo un gato y muchos problemas - Cats (Spanish) Design,"« Tengo un gato y muchos problemas » en typographie minimaliste et percutante. Un design pour les fous et folles de chats. Idée cadeau parfaite, à porter ou offrir. Disponible sur t-shirt, sweat, sticker, mug, tote bag, poster et plus. #cats #typographie","cat lover, cat mom, cat dad, cat lady, crazy cat, kitten, tengo, gato, muchos, problemas, wordplay es, cats, funny shirt, typography, minimalist, aesthetic, gift idea, trendy design, statement tee, for men, for women",produits/niches/pun_gato_es__dark.png | produits/niches/pun_gato_es__light.png
pun_vino_es,niches,humor,Funny & Sarcastic,wordplay_es,es,El vino tiene la respuesta Cual era la pregunta? - Funny & Sarcastic (Spanish) Design,"« El vino tiene la respuesta Cual era la pregunta? » en typographie minimaliste et percutante. Un design pour tous ceux qui ont de l'humour. Idée cadeau parfaite, à porter ou offrir. Disponible sur t-shirt, sweat, sticker, mug, tote bag, poster et plus. #humor #typographie","funny saying, sarcastic, sarcasm, humor, meme shirt, funny quote, relatable, vino, tiene, respuesta, cual, pregunta, wordplay es, funny & sarcastic, funny shirt, typography, minimalist, aesthetic, gift idea, trendy design, statement tee, for men, for women",produits/niches/pun_vino_es__dark.png | produits/niches/pun_vino_es__light.png
pun_biere_peur_fr,niches,humor,Funny & Sarcastic,wordplay_fr,fr,Sans bière c'est sans pitié - Funny & Sarcastic (French) Design,"« Sans bière c'est sans pitié » en typographie minimaliste et percutante. Un design pour tous ceux qui ont de l'humour. Idée cadeau parfaite, à porter ou offrir. Disponible sur t-shirt, sweat, sticker, mug, tote bag, poster et plus. #humor #typographie","funny saying, sarcastic, sarcasm, humor, meme shirt, funny quote, relatable, sans, bière, c'est, pitié, wordplay fr, funny & sarcastic, funny shirt, typography, minimalist, aesthetic, gift idea, trendy design, statement tee, for men, for women",produits/niches/pun_biere_peur_fr__dark.png | produits/niches/pun_biere_peur_fr__light.png
pun_cafe_confiance_fr,niches,food_drink,Food & Drink,wordplay_fr,fr,Caféine le seul C que je valide - Food & Drink (French) Design,"« Caféine le seul C que je valide » en typographie minimaliste et percutante. Un design pour les gourmand·es et accros au café. Idée cadeau parfaite, à porter ou offrir. Disponible sur t-shirt, sweat, sticker, mug, tote bag, poster et plus. #food_drink #typographie","foodie gift, coffee lover, food humor, caffeine, brunch, caféine, seul, valide, wordplay fr, food & drink, funny shirt, typography, minimalist, aesthetic, gift idea, trendy design, statement tee, for men, for women",produits/niches/pun_cafe_confiance_fr__dark.png | produits/niches/pun_cafe_confiance_fr__light.png
pun_chat_chance_fr,niches,cats,Cats,wordplay_fr,fr,"Le chat de ma vie (pas de bol, c'est un chat) - Cats (French) Design","« Le chat de ma vie (pas de bol, c'est un chat) » en typographie minimaliste et percutante. Un design pour les fous et folles de chats. Idée cadeau parfaite, à porter ou offrir. Disponible sur t-shirt, sweat, sticker, mug, tote bag, poster et plus. #cats #typographie","cat lover, cat mom, cat dad, cat lady, crazy cat, kitten, chat, c'est, wordplay fr, cats, funny shirt, typography, minimalist, aesthetic, gift idea, trendy design, statement tee, for men, for women",produits/niches/pun_chat_chance_fr__dark.png | produits/niches/pun_chat_chance_fr__light.png
pun_pain_fr,niches,humor,Funny & Sarcastic,wordplay_fr,fr,Sans pain sans gain - Funny & Sarcastic (French) Design,"« Sans pain sans gain » en typographie minimaliste et percutante. Un design pour tous ceux qui ont de l'humour. Idée cadeau parfaite, à porter ou offrir. Disponible sur t-shirt, sweat, sticker, mug, tote bag, poster et plus. #humor #typographie","funny saying, sarcastic, sarcasm, humor, meme shirt, funny quote, relatable, sans, pain, gain, wordplay fr, funny & sarcastic, funny shirt, typography, minimalist, aesthetic, gift idea, trendy design, statement tee, for men, for women",produits/niches/pun_pain_fr__dark.png | produits/niches/pun_pain_fr__light.png
pun_retraite_fr,niches,humor,Funny & Sarcastic,wordplay_fr,fr,La retraite c'est travailler pour soi enfin - Funny & Sarcastic (French) Design,"« La retraite c'est travailler pour soi enfin » en typographie minimaliste et percutante. Un design pour tous ceux qui ont de l'humour. Idée cadeau parfaite, à porter ou offrir. Disponible sur t-shirt, sweat, sticker, mug, tote bag, poster et plus. #humor #typographie","funny saying, sarcastic, sarcasm, humor, meme shirt, funny quote, relatable, retraite, c'est, travailler, enfin, wordplay fr, funny & sarcastic, funny shirt, typography, minimalist, aesthetic, gift idea, trendy design, statement tee, for men, for women",produits/niches/pun_retraite_fr__dark.png | produits/niches/pun_retraite_fr__light.png
pun_soleil_fr,niches,humor,Funny & Sarcastic,wordplay_fr,fr,Après la pluie le bon vin - Funny & Sarcastic (French) Design,"« Après la pluie le bon vin » en typographie minimaliste et percutante. Un design pour tous ceux qui ont de l'humour. Idée cadeau parfaite, à porter ou offrir. Disponible sur t-shirt, sweat, sticker, mug, tote bag, poster et plus. #humor #typographie","funny saying, sarcastic, sarcasm, humor, meme shirt, funny quote, relatable, après, pluie, wordplay fr, funny & sarcastic, funny shirt, typography, minimalist, aesthetic, gift idea, trendy design, statement tee, for men, for women",produits/niches/pun_soleil_fr__dark.png | produits/niches/pun_soleil_fr__light.png
pun_vin_vingt_fr,niches,humor,Funny & Sarcastic,wordplay_fr,fr,J'ai vingt problèmes et le vin en règle vingt - Funny & Sarcastic (French) Design,"« J'ai vingt problèmes et le vin en règle vingt » en typographie minimaliste et percutante. Un design pour tous ceux qui ont de l'humour. Idée cadeau parfaite, à porter ou offrir. Disponible sur t-shirt, sweat, sticker, mug, tote bag, poster et plus. #humor #typographie","funny saying, sarcastic, sarcasm, humor, meme shirt, funny quote, relatable, j'ai, vingt, problèmes, règle, wordplay fr, funny & sarcastic, funny shirt, typography, minimalist, aesthetic, gift idea, trendy design, statement tee, for men, for women",produits/niches/pun_vin_vingt_fr__dark.png | produits/niches/pun_vin_vingt_fr__light.png
pun_vino_it,niches,humor,Funny & Sarcastic,wordplay_it,it,In vino veritas In acqua basta - Funny & Sarcastic (Italian) Design,"« In vino veritas In acqua basta » en typographie minimaliste et percutante. Un design pour tous ceux qui ont de l'humour. Idée cadeau parfaite, à porter ou offrir. Disponible sur t-shirt, sweat, sticker, mug, tote bag, poster et plus. #humor #typographie","funny saying, sarcastic, sarcasm, humor, meme shirt, funny quote, relatable, vino, veritas, acqua, basta, wordplay it, funny & sarcastic, funny shirt, typography, minimalist, aesthetic, gift idea, trendy design, statement tee, for men, for women",produits/niches/pun_vino_it__dark.png | produits/niches/pun_vino_it__light.png
yoga_bendy_zen_en,niches,fitness_sport,Sport & Fitness,yoga,en,Bendy & Zen - Sport & Fitness Design,"« Bendy & Zen » en typographie minimaliste et percutante. Un design pour les sportif·ves. Idée cadeau parfaite, à porter ou offrir. Disponible sur t-shirt, sweat, sticker, mug, tote bag, poster et plus. #fitness_sport #typographie","gym gift, fitness, running, yoga, sport, football, bendy, sport & fitness, funny shirt, typography, minimalist, aesthetic, gift idea, trendy design, statement tee, for men, for women",produits/niches/yoga_bendy_zen_en__dark.png | produits/niches/yoga_bendy_zen_en__light.png
yoga_find_balance_en,niches,fitness_sport,Sport & Fitness,yoga,en,Find Your Balance - Sport & Fitness Design,"« Find Your Balance » en typographie minimaliste et percutante. Un design pour les sportif·ves. Idée cadeau parfaite, à porter ou offrir. Disponible sur t-shirt, sweat, sticker, mug, tote bag, poster et plus. #fitness_sport #typographie","gym gift, fitness, running, yoga, sport, football, find, balance, sport & fitness, funny shirt, typography, minimalist, aesthetic, gift idea, trendy design, statement tee, for men, for women",produits/niches/yoga_find_balance_en__dark.png | produits/niches/yoga_find_balance_en__light.png
yoga_namastay_bed_en,niches,fitness_sport,Sport & Fitness,yoga,en,Namast'ay in Bed - Sport & Fitness Design,"« Namast'ay in Bed » en typographie minimaliste et percutante. Un design pour les sportif·ves. Idée cadeau parfaite, à porter ou offrir. Disponible sur t-shirt, sweat, sticker, mug, tote bag, poster et plus. #fitness_sport #typographie","gym gift, fitness, running, yoga, sport, football, namast'ay, sport & fitness, funny shirt, typography, minimalist, aesthetic, gift idea, trendy design, statement tee, for men, for women",produits/niches/yoga_namastay_bed_en__dark.png | produits/niches/yoga_namastay_bed_en__light.png
yoga_wine_later_en,niches,food_drink,Food & Drink,yoga,en,Yoga Now Wine Later - Food & Drink Design,"« Yoga Now Wine Later » en typographie minimaliste et percutante. Un design pour les gourmand·es et accros au café. Idée cadeau parfaite, à porter ou offrir. Disponible sur t-shirt, sweat, sticker, mug, tote bag, poster et plus. #food_drink #typographie","foodie gift, coffee lover, food humor, caffeine, brunch, yoga, wine, later, food & drink, funny shirt, typography, minimalist, aesthetic, gift idea, trendy design, statement tee, for men, for women",produits/niches/yoga_wine_later_en__dark.png | produits/niches/yoga_wine_later_en__light.png
